{
  "authorDailyContributionsMap": {
    "chlalstjr": [
      {
        "insertions": 24,
        "deletions": 8,
        "date": "2020-01-20",
        "commitResults": [
          {
            "hash": "b474b9f0d3469eb55b3b002138264f1daa2257bd",
            "messageTitle": "Greet, Echo, Exit",
            "messageBody": "",
            "tags": [
              "Level-1"
            ],
            "insertions": 12,
            "deletions": 6
          },
          {
            "hash": "bc698c97874febcf5b580f11e7d3d5c542448d97",
            "messageTitle": "Add, List",
            "messageBody": "",
            "insertions": 11,
            "deletions": 1
          },
          {
            "hash": "9619535b5b16b4113a8a52f24e01b2fd86207bd5",
            "messageTitle": "Add, List",
            "messageBody": "",
            "tags": [
              "Level-2"
            ],
            "insertions": 1,
            "deletions": 1
          }
        ]
      },
      {
        "insertions": 164,
        "deletions": 48,
        "date": "2020-01-21",
        "commitResults": [
          {
            "hash": "bb5000e3114fbc0a4b90d963008b96f1ce3158b6",
            "messageTitle": "Mark as Done",
            "messageBody": "",
            "tags": [
              "Level-3"
            ],
            "insertions": 31,
            "deletions": 3
          },
          {
            "hash": "1796b9c033d84485647a58c0bc3a04d41669b141",
            "messageTitle": "Added toString to Task, created subclasses of Task",
            "messageBody": "",
            "insertions": 63,
            "deletions": 27
          },
          {
            "hash": "d8a8a3ca15785b84a9872fc55d98136cb76ed1f6",
            "messageTitle": "ToDos, Events, Deadlines",
            "messageBody": "",
            "tags": [
              "Level-4"
            ],
            "insertions": 70,
            "deletions": 18
          }
        ]
      },
      {
        "insertions": 249,
        "deletions": 54,
        "date": "2020-01-22",
        "commitResults": [
          {
            "hash": "0b5e686764ea52e2fc6a603d8626aecb2d1b6bf1",
            "messageTitle": "Auto UI Handling",
            "messageBody": "",
            "tags": [
              "A-TextUiTesting"
            ],
            "insertions": 94,
            "deletions": 9
          },
          {
            "hash": "b39269585fe795c5609e2c7ef9a9c996ec2ca5f5",
            "messageTitle": "Exceptions Handled",
            "messageBody": "",
            "tags": [
              "Level-5"
            ],
            "insertions": 70,
            "deletions": 26
          },
          {
            "hash": "46ecdb8e5c114efee163432257b3caa320f1b21b",
            "messageTitle": "Delete",
            "messageBody": "",
            "tags": [
              "Level-6"
            ],
            "insertions": 85,
            "deletions": 19
          }
        ]
      },
      {
        "insertions": 36,
        "deletions": 5,
        "date": "2020-01-29",
        "commitResults": [
          {
            "hash": "94d48d0ea14aec221765a66feca0038334a21729",
            "messageTitle": "File to output task to",
            "messageBody": "",
            "insertions": 23,
            "deletions": 0
          },
          {
            "hash": "3ec97f21be5e8d7ed32e58a239973fd777b6a464",
            "messageTitle": "Level 7 Save",
            "messageBody": "",
            "tags": [
              "Level-7"
            ],
            "insertions": 1,
            "deletions": 1
          },
          {
            "hash": "e39b4271f3013450081e16868f6f8ec09ac05cd6",
            "messageTitle": "Level 8 Dates and Times",
            "messageBody": "",
            "tags": [
              "Level-8"
            ],
            "insertions": 12,
            "deletions": 1
          },
          {
            "hash": "06a1add7be78b92cdc338f7eedcada8bbed6b287",
            "messageTitle": "Merged with Level 8 Date Time",
            "messageBody": "",
            "insertions": 0,
            "deletions": 3
          }
        ]
      },
      {
        "insertions": 394,
        "deletions": 194,
        "date": "2020-01-30",
        "commitResults": [
          {
            "hash": "1882be58891bae2325f524d5cd01c18086eaa52c",
            "messageTitle": "Ui.java done",
            "messageBody": "",
            "insertions": 54,
            "deletions": 0
          },
          {
            "hash": "ce8c72eb328d656e7ef2acea98e8430551753530",
            "messageTitle": "Exception now with message",
            "messageBody": "",
            "insertions": 2,
            "deletions": 2
          },
          {
            "hash": "180e8a63e5e1ab0086cbab263579d882f14b24bb",
            "messageTitle": "Exception now with message",
            "messageBody": "",
            "insertions": 4,
            "deletions": 1
          },
          {
            "hash": "cb540653d9f087482cd40cfb08daeb3cd9b6e0ea",
            "messageTitle": "Exceptions now have message",
            "messageBody": "",
            "insertions": 4,
            "deletions": 4
          },
          {
            "hash": "05e6f3958622cc8884163af62a882024ef69272b",
            "messageTitle": "Parser done",
            "messageBody": "",
            "insertions": 75,
            "deletions": 0
          },
          {
            "hash": "a8bd712383b9743c2fabb4d25455341463c0c69b",
            "messageTitle": "With exception message getter",
            "messageBody": "",
            "insertions": 5,
            "deletions": 1
          },
          {
            "hash": "f90aee9938a1b8e6111e052927573241baeb8033",
            "messageTitle": "New constructor with isDone",
            "messageBody": "",
            "insertions": 20,
            "deletions": 1
          },
          {
            "hash": "231407e1fc9e3e87e46e89ba894dcc83c0c3ba09",
            "messageTitle": "commit",
            "messageBody": "",
            "insertions": 107,
            "deletions": 9
          },
          {
            "hash": "c5b23ff0b3feefb361793a843726dbdddb1b57da",
            "messageTitle": "Read from file undone",
            "messageBody": "",
            "insertions": 123,
            "deletions": 176
          }
        ]
      },
      {
        "insertions": 117,
        "deletions": 89,
        "date": "2020-01-31",
        "commitResults": [
          {
            "hash": "b14793190a6e85dbbd4ef645b0ee2fd761a7178b",
            "messageTitle": "Can read from file",
            "messageBody": "",
            "tags": [
              "A-MoreOOP"
            ],
            "insertions": 22,
            "deletions": 15
          },
          {
            "hash": "286d3c45596f7ff430da844e93a84b50e555338a",
            "messageTitle": "Exception Package created",
            "messageBody": "",
            "insertions": 24,
            "deletions": 0
          },
          {
            "hash": "14d525f28b9f478965bea85adb79ba2cf2987615",
            "messageTitle": "Renamed package to DukeException",
            "messageBody": "",
            "insertions": 0,
            "deletions": 35
          },
          {
            "hash": "003899da5f41fec8d8bfb7d0dd06dba24e9f2c65",
            "messageTitle": "Renamed package to DukeException",
            "messageBody": "",
            "insertions": 35,
            "deletions": 0
          },
          {
            "hash": "0f71e9ae0c26942fd02fb6be880f51da0b5187e5",
            "messageTitle": "Import DukeException Package",
            "messageBody": "",
            "insertions": 2,
            "deletions": 1
          },
          {
            "hash": "ca73f7980fde1c0c8dae638f24158efba2d29b43",
            "messageTitle": "cleaned up all the import of packages",
            "messageBody": "",
            "insertions": 3,
            "deletions": 4
          },
          {
            "hash": "ee3118d3d6cc9c9c43527fca35747d757acca19e",
            "messageTitle": "import individual DukeException",
            "messageBody": "",
            "insertions": 13,
            "deletions": 14
          },
          {
            "hash": "41b6939eb5c1476168bd2d5623885d64f218ef97",
            "messageTitle": "Made methods static",
            "messageBody": "",
            "insertions": 8,
            "deletions": 8
          },
          {
            "hash": "a4efbb48b4fecfc892c4b419b05fd034cadc2cd2",
            "messageTitle": "Parser methods now take in command param",
            "messageBody": "",
            "insertions": 10,
            "deletions": 12
          }
        ]
      },
      {
        "insertions": 47,
        "deletions": 11,
        "date": "2020-02-01",
        "commitResults": [
          {
            "hash": "3093532553c81c719c43b9e56a2fa02b72319dc9",
            "messageTitle": "Made methods static",
            "messageBody": "",
            "insertions": 4,
            "deletions": 4
          },
          {
            "hash": "582e8cb34d975af698cff5e3abc94b2c275e8748",
            "messageTitle": "import individual exceptions",
            "messageBody": "",
            "insertions": 10,
            "deletions": 3
          },
          {
            "hash": "77a5209c21f1c2428dadbde3e41e6adb4ee1b561",
            "messageTitle": "Test buildTask method with wrong code",
            "messageBody": "",
            "insertions": 15,
            "deletions": 0
          },
          {
            "hash": "37f0202c72473daa7f779b9008816daa86d784f3",
            "messageTitle": "ParserTest Done",
            "messageBody": "",
            "tags": [
              "v0.1.0",
              "A-JUnit"
            ],
            "insertions": 18,
            "deletions": 4
          }
        ]
      },
      {
        "insertions": 22,
        "deletions": 2,
        "date": "2020-02-02",
        "commitResults": [
          {
            "hash": "1c3425cb560b378c103db9748156fb6a846e6655",
            "messageTitle": "Gradle and Jar done",
            "messageBody": "",
            "insertions": 22,
            "deletions": 2
          }
        ]
      },
      {
        "insertions": 223,
        "deletions": 102,
        "date": "2020-02-03",
        "commitResults": [
          {
            "hash": "55a6e898475174ad7e603eeac1a57249c9d8833e",
            "messageTitle": "JavaDoc Done",
            "messageBody": "",
            "tags": [
              "A-JavaDoc"
            ],
            "insertions": 146,
            "deletions": 24
          },
          {
            "hash": "468f27ef16fa4f15ffc943e73ed6f7226b8dde3b",
            "messageTitle": "Follow Coding standards",
            "messageBody": "",
            "insertions": 40,
            "deletions": 40
          },
          {
            "hash": "eae75f2783628516e28e138c4b0f489c956b24c9",
            "messageTitle": "Matched coding standards",
            "messageBody": "",
            "tags": [
              "A-CodingStandard"
            ],
            "insertions": 37,
            "deletions": 38
          }
        ]
      },
      {
        "insertions": 45,
        "deletions": 4,
        "date": "2020-02-04",
        "commitResults": [
          {
            "hash": "e9486ef34b39adcf47359f7d3508d22c9bb30801",
            "messageTitle": "Level-9 Find",
            "messageBody": "",
            "tags": [
              "Level-9"
            ],
            "insertions": 45,
            "deletions": 1
          },
          {
            "hash": "ba462c79a4d22c7a4d1059c5daf72443137797f3",
            "messageTitle": "Merged with JavaDoc",
            "messageBody": "",
            "insertions": 0,
            "deletions": 3
          }
        ]
      },
      {
        "insertions": 136,
        "deletions": 54,
        "date": "2020-02-05",
        "commitResults": [
          {
            "hash": "8c1f195bccbf9e670ec32883dfbf62966e1ce5ae",
            "messageTitle": "Applied some reviews of coding standards",
            "messageBody": "",
            "insertions": 15,
            "deletions": 11
          },
          {
            "hash": "5937e521e18ead17e2fda5df1513a1b780fce142",
            "messageTitle": "Abstracted more Parser methods from Duke",
            "messageBody": "",
            "tags": [
              "A-gradle",
              "A-Checkstyle"
            ],
            "insertions": 38,
            "deletions": 33
          },
          {
            "hash": "d7ab2ad9fa5d4010abe0a9de8e6503f7983a9436",
            "messageTitle": "Created task package",
            "messageBody": "",
            "insertions": 83,
            "deletions": 10
          }
        ]
      },
      {
        "insertions": 308,
        "deletions": 6,
        "date": "2020-02-06",
        "commitResults": [
          {
            "hash": "44993e17bc8e64652235e1607abe576bdef7534c",
            "messageTitle": "Testing JavaFx undone",
            "messageBody": "",
            "insertions": 308,
            "deletions": 6
          }
        ]
      },
      {
        "insertions": 137,
        "deletions": 238,
        "date": "2020-02-11",
        "commitResults": [
          {
            "hash": "20bbac5c965ca4d7e3b3f05955a1a655cd02e54e",
            "messageTitle": "Level 10 GUI Done",
            "messageBody": "",
            "tags": [
              "Level-10"
            ],
            "insertions": 136,
            "deletions": 237
          },
          {
            "hash": "7b9cfaee238bac66a2c0ad8749dbde5c84ba4ba7",
            "messageTitle": "Cleaned up Ui.java messages",
            "messageBody": "",
            "insertions": 1,
            "deletions": 1
          }
        ]
      },
      {
        "insertions": 84,
        "deletions": 29,
        "date": "2020-02-12",
        "commitResults": [
          {
            "hash": "e10e01446ea30437f5f17c44b53342980c572b7a",
            "messageTitle": "Jar created from Launcher class",
            "messageBody": "",
            "insertions": 2,
            "deletions": 2
          },
          {
            "hash": "73d6cd2edbae2e6e0c3a6c9d5a88111efccec35a",
            "messageTitle": "Added assert",
            "messageBody": "",
            "tags": [
              "A-Assertions"
            ],
            "insertions": 4,
            "deletions": 0
          },
          {
            "hash": "5441021a3230dc1531d3f008c61805bdc620d538",
            "messageTitle": "Code quality improved",
            "messageBody": "",
            "tags": [
              "A-CodeQuality"
            ],
            "insertions": 78,
            "deletions": 27
          }
        ]
      },
      {
        "insertions": 131,
        "deletions": 20,
        "date": "2020-02-13",
        "commitResults": [
          {
            "hash": "d8b1c2d072e2511a5afd78d8603aa4ae0a753dd5",
            "messageTitle": "Update task done",
            "messageBody": "",
            "tags": [
              "C-Update",
              "A-Jar"
            ],
            "insertions": 131,
            "deletions": 20
          }
        ]
      },
      {
        "insertions": 280,
        "deletions": 65,
        "date": "2020-02-19",
        "commitResults": [
          {
            "hash": "39dcab7ba12ad13ff57b674e2304a60f95a50c70",
            "messageTitle": "Finalized code and ui",
            "messageBody": "",
            "insertions": 279,
            "deletions": 64
          },
          {
            "hash": "294259fdbdc2ae84b886591052a1490afedf1705",
            "messageTitle": "Ui.png and readme updated",
            "messageBody": "",
            "tags": [
              "A-UserGuide"
            ],
            "insertions": 1,
            "deletions": 1
          }
        ]
      },
      {
        "insertions": 19,
        "deletions": 3,
        "date": "2020-02-20",
        "commitResults": [
          {
            "hash": "0ab0c4f89dd3fd8ab96f7f552c435d084d5d8425",
            "messageTitle": "File path made relative",
            "messageBody": "",
            "tags": [
              "v0.2"
            ],
            "insertions": 18,
            "deletions": 2
          },
          {
            "hash": "c50c77bccef9043e98dbaf2ffcfab96f32bde3aa",
            "messageTitle": "Update README.md",
            "messageBody": "",
            "tags": [
              "A-Release"
            ],
            "insertions": 1,
            "deletions": 1
          }
        ]
      }
    ]
  },
  "authorFinalContributionMap": {
    "chlalstjr": 1517
  },
  "authorFileTypeContributionMap": {
    "chlalstjr": {
      "java": 1116,
      "md": 202,
      "fxml": 38,
      "sh": 0,
      "bat": 21,
      "gradle": 36,
      "txt": 104
    }
  },
  "authorContributionVariance": {
    "chlalstjr": 20066.434
  },
  "authorDisplayNameMap": {
    "chlalstjr": "CS2103-T09- 3 CHOI.. SUK"
  }
}
