{
  "authorDailyContributionsMap": {
    "don-tay": [
      {
        "insertions": 391,
        "deletions": 179,
        "date": "2020-01-23",
        "commitResults": [
          {
            "hash": "d17bc6b4ee737c2a1d68682b5dcbc2a733ebdf6a",
            "messageTitle": "Add echo input command and exit command",
            "messageBody": "",
            "tags": [
              "v1.2.0",
              "v1.1.0",
              "Level-2",
              "Level-1"
            ],
            "insertions": 9,
            "deletions": 0
          },
          {
            "hash": "f2ea497e3f251297deae7b5e41dcdc8a8c7a958e",
            "messageTitle": "Added add and list task",
            "messageBody": "",
            "tags": [
              "v1.3.0",
              "Level-3"
            ],
            "insertions": 33,
            "deletions": 3
          },
          {
            "hash": "989691c5c15f0c0a06e9a3e518c5d7e54d4c44e6",
            "messageTitle": "Add mark as done feature with code refactoring",
            "messageBody": "",
            "insertions": 31,
            "deletions": 8
          },
          {
            "hash": "4af3e39ce5477e3b561622111a6921a980cfb7ef",
            "messageTitle": "Added new interface Task, and classes ToDo, Deadline, Event. Implementation for Deadline and Event 50% completed.",
            "messageBody": "",
            "insertions": 55,
            "deletions": 26
          },
          {
            "hash": "dd2f4dfcaa797751bfd11bc8fc339e60c91b641c",
            "messageTitle": "Added 100% functionality for Deadline and Event",
            "messageBody": "",
            "tags": [
              "v1.4.1",
              "v1.4.0",
              "Level-4"
            ],
            "insertions": 54,
            "deletions": 9
          },
          {
            "hash": "33fb0eb3f22db354482bc7e5bf5132296fb7a73e",
            "messageTitle": "Refactor codebase",
            "messageBody": "",
            "insertions": 32,
            "deletions": 47
          },
          {
            "hash": "e0b9a214d747ba0c9f9783550083a191ad583926",
            "messageTitle": "Added semi-automated testing",
            "messageBody": "",
            "tags": [
              "TextUiTesting"
            ],
            "insertions": 66,
            "deletions": 12
          },
          {
            "hash": "d6fb8c312123554ea27ec3b00ded0a3b2e5ea3ec",
            "messageTitle": "Added error handling",
            "messageBody": "",
            "tags": [
              "v1.5.0",
              "Level-5"
            ],
            "insertions": 44,
            "deletions": 19
          },
          {
            "hash": "14dc448dda259f70bae724ddb23b72ecc778e2cd",
            "messageTitle": "Added delete task function. Error handling not fully functional.",
            "messageBody": "",
            "tags": [
              "v1.6.0"
            ],
            "insertions": 19,
            "deletions": 6
          },
          {
            "hash": "7e7127a0e1fbf3969de8d481ea866056197ce464",
            "messageTitle": "Fix error handling for delete.",
            "messageBody": "",
            "tags": [
              "v1.6.1"
            ],
            "insertions": 2,
            "deletions": 3
          },
          {
            "hash": "43555e5ca8eda7b503d2008278eff6de1a7b6cbb",
            "messageTitle": "Refactor codebase",
            "messageBody": "",
            "tags": [
              "v1.6.2"
            ],
            "insertions": 32,
            "deletions": 17
          },
          {
            "hash": "f49eb6f2f7ab929fa80dad4ebfe7c0ba4ba01a2c",
            "messageTitle": "Refactor code further",
            "messageBody": "",
            "tags": [
              "v1.6.3"
            ],
            "insertions": 13,
            "deletions": 28
          },
          {
            "hash": "f59d8a3fe4257b1ef121772ef57fdceb89791baa",
            "messageTitle": "Fix syntax issues",
            "messageBody": "",
            "tags": [
              "v1.6.4",
              "Level-6"
            ],
            "insertions": 1,
            "deletions": 1
          }
        ]
      },
      {
        "insertions": 1,
        "deletions": 1,
        "date": "2020-01-28",
        "commitResults": [
          {
            "hash": "f7245a3405c84a4b664e8cd87d80a5dbe4eb40f9",
            "messageTitle": "Add gradle, not fully implemented into Duke yet",
            "messageBody": "",
            "tags": [
              "GradleVer"
            ],
            "insertions": 1,
            "deletions": 1
          }
        ]
      },
      {
        "insertions": 372,
        "deletions": 166,
        "date": "2020-01-29",
        "commitResults": [
          {
            "hash": "b7a55de1a604f16a118515036612045ea00b23a6",
            "messageTitle": "Add save to disk and load from disk feature",
            "messageBody": "",
            "tags": [
              "Level-7"
            ],
            "insertions": 64,
            "deletions": 4
          },
          {
            "hash": "8be605a969e83777a83d93fde36111b91f88ccf2",
            "messageTitle": "Add LocalDate class to store date of tasks",
            "messageBody": "",
            "insertions": 38,
            "deletions": 10
          },
          {
            "hash": "ca36f10a0c550a5ea3ba5badb62e863b21b3be0c",
            "messageTitle": "Refactor code into Storage, Ui, Parser, and TaskList class respectively",
            "messageBody": "",
            "tags": [
              "A-MoreOOP"
            ],
            "insertions": 211,
            "deletions": 152
          },
          {
            "hash": "f2c393f85b8dba50ee308a81ec39cb2fff72a1d5",
            "messageTitle": "Add JUnit test for Event and ToDo class",
            "messageBody": "",
            "tags": [
              "A-JUnit"
            ],
            "insertions": 59,
            "deletions": 0
          }
        ]
      },
      {
        "insertions": 275,
        "deletions": 120,
        "date": "2020-02-04",
        "commitResults": [
          {
            "hash": "95b94833042ccba1a6933ebf49719e98b4a08a73",
            "messageTitle": "Refactor code and tests for all subclasses of Task",
            "messageBody": "",
            "insertions": 55,
            "deletions": 35
          },
          {
            "hash": "aa5b64e9f3fb7d47bafed70095639cbe1bedb466",
            "messageTitle": "Refactor code further. Exception handling for incorrect date and time input for Deadline and Event",
            "messageBody": "",
            "tags": [
              "A-Gradle"
            ],
            "insertions": 74,
            "deletions": 32
          },
          {
            "hash": "97596fab6ac96d7c7103b68e3f240b75b8fbfdbc",
            "messageTitle": "Added checkstyle plugin via gradle",
            "messageBody": "",
            "insertions": 25,
            "deletions": 2
          },
          {
            "hash": "2f620868339b84d8e4d2f97a7cf6a1c02ba0c467",
            "messageTitle": "Refactor code to meet checkstyle requirements",
            "messageBody": "",
            "tags": [
              "A-CheckStyle"
            ],
            "insertions": 121,
            "deletions": 51
          }
        ]
      },
      {
        "insertions": 636,
        "deletions": 150,
        "date": "2020-02-05",
        "commitResults": [
          {
            "hash": "9a7338fdcad78c75bbb466f85b44529e55e1b052",
            "messageTitle": "Added simple Hello World GUI with javaFX",
            "messageBody": "",
            "insertions": 33,
            "deletions": 1
          },
          {
            "hash": "e6071fc86fac74be02e32c667a41a75368dff0ce",
            "messageTitle": "Add user input and styling for GUI",
            "messageBody": "",
            "insertions": 55,
            "deletions": 5
          },
          {
            "hash": "8060ac314e31cef94b1be3e45f7020a3c9a1ca22",
            "messageTitle": "Add echo user command feature",
            "messageBody": "",
            "insertions": 28,
            "deletions": 0
          },
          {
            "hash": "7a087dd027013ff7237ae59f010c388c86274f1f",
            "messageTitle": "Add fully functioning GUI without backend Duke functionality",
            "messageBody": "",
            "insertions": 75,
            "deletions": 5
          },
          {
            "hash": "c974b400611eca5500a8d73727231041c9d4d176",
            "messageTitle": "Added partial code for Duke backend logic implementation",
            "messageBody": "",
            "tags": [
              "Level-10"
            ],
            "insertions": 277,
            "deletions": 133
          },
          {
            "hash": "912e561cf17c5e2a97e90d0f1a1b9de70afcda39",
            "messageTitle": "Add backend Duke logic implementation. Working 100%, pending Javadocs.",
            "messageBody": "",
            "insertions": 168,
            "deletions": 6
          }
        ]
      },
      {
        "insertions": 2,
        "deletions": 0,
        "date": "2020-02-09",
        "commitResults": [
          {
            "hash": "81f959fe463ce8e08676bbcea2a31aac4c726875",
            "messageTitle": "set list command to show all task and expand accordingly when number of task exceeds default region size",
            "messageBody": "",
            "insertions": 2,
            "deletions": 0
          }
        ]
      },
      {
        "insertions": 521,
        "deletions": 482,
        "date": "2020-02-10",
        "commitResults": [
          {
            "hash": "39d4c41d81837ec2d0cbe2794295ef2b6f1f49a2",
            "messageTitle": "Add startup message, handle exit command to close applicatiion, modified duke and user avatar to circular avatar",
            "messageBody": "",
            "insertions": 84,
            "deletions": 41
          },
          {
            "hash": "360a8524c5b6a06f20a4b97496e97b94621f5275",
            "messageTitle": "Add shadowjar plugin to gradle",
            "messageBody": "",
            "insertions": 7,
            "deletions": 0
          },
          {
            "hash": "197a0e9eb9cd94cecb2b42ef053f2869c76a51e8",
            "messageTitle": "Add assertions to parser, storage and tasklist classes",
            "messageBody": "",
            "tags": [
              "A-Assertions"
            ],
            "insertions": 12,
            "deletions": 4
          },
          {
            "hash": "78e25f4f67e86b837091e057049ac00f38531cbf",
            "messageTitle": "Rectify all checkstyle issues, added javadocs, and refactored code to have more class inheritance",
            "messageBody": "",
            "insertions": 225,
            "deletions": 174
          },
          {
            "hash": "5f1879fdae1a8c4c505eba91e4e4b05ec4897dee",
            "messageTitle": "Fix bug with leading spaces being considered valid in incomplete user input commands",
            "messageBody": "",
            "insertions": 7,
            "deletions": 1
          },
          {
            "hash": "e036e60e56cecf09779606ba844ee1e64637bdf1",
            "messageTitle": "Refactor code to include Command class to adhere to SRP",
            "messageBody": "",
            "insertions": 186,
            "deletions": 262
          }
        ]
      }
    ]
  },
  "authorFinalContributionMap": {
    "don-tay": 1102
  },
  "authorFileTypeContributionMap": {
    "don-tay": {
      "java": 966,
      "md": 0,
      "fxml": 43,
      "sh": 34,
      "bat": 0,
      "gradle": 40,
      "txt": 19
    }
  },
  "authorContributionVariance": {
    "don-tay": 69640.51
  },
  "authorDisplayNameMap": {
    "don-tay": "CS2103T-T10- 4 DON ..HENG"
  }
}
