{
  "authorDailyContributionsMap": {
    "leslieharland": [
      {
        "insertions": 32,
        "deletions": 0,
        "date": "2020-01-17",
        "commitResults": [
          {
            "hash": "9349a74073807dd39b7655daa943e5e59052b617",
            "messageTitle": "Add: Initial src file",
            "messageBody": "",
            "insertions": 32,
            "deletions": 0
          }
        ]
      },
      {
        "insertions": 287,
        "deletions": 59,
        "date": "2020-01-18",
        "commitResults": [
          {
            "hash": "01670e76c835e8ac83aa498d7269be5205b11d07",
            "messageTitle": "Enhancement: Chat UI",
            "messageBody": "",
            "insertions": 28,
            "deletions": 7
          },
          {
            "hash": "eeeda358da888d848f1d7fcd7fd6c05b276f6c16",
            "messageTitle": "Feature: Mark as done",
            "messageBody": "",
            "insertions": 33,
            "deletions": 18
          },
          {
            "hash": "0c9f451268a8be3bc382504b8fdfbc31eec8309f",
            "messageTitle": "Add: Data objects for to-do-list",
            "messageBody": "",
            "insertions": 162,
            "deletions": 31
          },
          {
            "hash": "5109aa1b7dab7e23872e58fac90efa0175f4cf02",
            "messageTitle": "Configure: Ui test",
            "messageBody": "",
            "insertions": 34,
            "deletions": 0
          },
          {
            "hash": "227738a76e314c086d9b63a21d4af019a6702baf",
            "messageTitle": "Add: Minimal Exceptions",
            "messageBody": "",
            "insertions": 30,
            "deletions": 3
          }
        ]
      },
      {
        "insertions": 336,
        "deletions": 101,
        "date": "2020-01-19",
        "commitResults": [
          {
            "hash": "056e9f120786c26c60d296ecb1cff572f5e6abfc",
            "messageTitle": "Feature: Allow deletion",
            "messageBody": "",
            "insertions": 42,
            "deletions": 25
          },
          {
            "hash": "244e697f0169faf25658adb3344f47d55ec3d685",
            "messageTitle": "Using: Enumerations",
            "messageBody": "",
            "insertions": 35,
            "deletions": 20
          },
          {
            "hash": "8f8707fd3e08473962b99848523ec21940f271fd",
            "messageTitle": "Feature: Save",
            "messageBody": "",
            "insertions": 208,
            "deletions": 45
          },
          {
            "hash": "ccab80c31c9ed5dd55a898ad0c0707f8956226a9",
            "messageTitle": "Add: Handles date input",
            "messageBody": "",
            "insertions": 51,
            "deletions": 11
          }
        ]
      },
      {
        "insertions": 495,
        "deletions": 281,
        "date": "2020-01-22",
        "commitResults": [
          {
            "hash": "a2d05080cb1e66568d65255954fbc5ca76d0267e",
            "messageTitle": "Minimal OOP",
            "messageBody": "",
            "insertions": 328,
            "deletions": 230
          },
          {
            "hash": "d07634b4497cd94209401df6d1b8292b91259905",
            "messageTitle": "Stretch goal: Added packages",
            "messageBody": "",
            "insertions": 56,
            "deletions": 24
          },
          {
            "hash": "26052a6691dc55b849b958800446655e2787e195",
            "messageTitle": "Added unit tests",
            "messageBody": "",
            "insertions": 111,
            "deletions": 27
          }
        ]
      },
      {
        "insertions": 1221,
        "deletions": 369,
        "date": "2020-01-23",
        "commitResults": [
          {
            "hash": "8de9eb91bb9305eb0dd2de2d0ff4205a4ee2e3c7",
            "messageTitle": "Add Javadocs",
            "messageBody": "",
            "insertions": 636,
            "deletions": 248
          },
          {
            "hash": "47e20f503bed32148930f719598553f32c2b12c7",
            "messageTitle": "Feature: Find tasks",
            "messageBody": "",
            "insertions": 585,
            "deletions": 121
          }
        ]
      },
      {
        "insertions": 529,
        "deletions": 254,
        "date": "2020-01-24",
        "commitResults": [
          {
            "hash": "49b34af8a3235f036f891760debb176841157b8b",
            "messageTitle": "Added javafx framework",
            "messageBody": "",
            "insertions": 486,
            "deletions": 138
          },
          {
            "hash": "c0ac4cff490d7163c7e64b8484deb8281967d213",
            "messageTitle": "Add: varargs",
            "messageBody": "",
            "insertions": 6,
            "deletions": 104
          },
          {
            "hash": "dc0a39b51b0a3730d26f32238bf651f1bcf3e2d0",
            "messageTitle": "Code quality",
            "messageBody": "",
            "insertions": 37,
            "deletions": 12
          }
        ]
      },
      {
        "insertions": 33,
        "deletions": 11,
        "date": "2020-02-01",
        "commitResults": [
          {
            "hash": "b1bd8796cb0aac9103bc77338b4c255ef99896c0",
            "messageTitle": "Resolve for CI build error",
            "messageBody": "",
            "insertions": 33,
            "deletions": 11
          }
        ]
      }
    ]
  },
  "authorFinalContributionMap": {
    "leslieharland": 1493
  },
  "authorFileTypeContributionMap": {
    "leslieharland": {
      "gitignore": 3,
      "yml": 2,
      "gradle": 28,
      "properties": 1,
      "properties": 3,
      "gradlew": 28,
      "java": 83,
      "java": 156,
      "java": 22,
      "java": 12,
      "java": 31,
      "java": 65,
      "java": 5,
      "java": 5,
      "java": 127,
      "java": 63,
      "java": 63,
      "java": 22,
      "java": 14,
      "java": 192,
      "java": 189,
      "java": 12,
      "java": 56,
      "java": 166,
      "fxml": 16,
      "fxml": 19,
      "fxml": 16,
      "java": 10,
      "java": 16,
      "java": 20,
      "java": 18,
      "sh": 30
    }
  },
  "authorContributionVariance": {
    "leslieharland": 120795.77
  },
  "authorDisplayNameMap": {
    "leslieharland": "CS2103T-F11- 3 LESL..LAND"
  }
}
