{
  "authorDailyContributionsMap": {
    "mario7lorenzo": [
      {
        "insertions": 186,
        "deletions": 29,
        "date": "2020-01-19",
        "commitResults": [
          {
            "hash": "111bc6157610303c1d3fbd20ed1d34cbc36be5c0",
            "messageTitle": "Project Duke Level 1 added",
            "messageBody": "",
            "tags": [
              "Level-1"
            ],
            "insertions": 40,
            "deletions": 8
          },
          {
            "hash": "276b0927fb1f5740ec572ff6739214862a62cb45",
            "messageTitle": "Driver: Revise readCommand method",
            "messageBody": "",
            "insertions": 1,
            "deletions": 1
          },
          {
            "hash": "9ee062b3b790a6e6bd86219c3cd962649b1842c0",
            "messageTitle": "Level 2: Add, List",
            "messageBody": "",
            "tags": [
              "Level-2"
            ],
            "insertions": 21,
            "deletions": 3
          },
          {
            "hash": "9d0e38f0ada1707407761d686aaea25e14fba622",
            "messageTitle": "Level 3: Mark as Done",
            "messageBody": "",
            "tags": [
              "Level-3",
              "A-Classes"
            ],
            "insertions": 16,
            "deletions": 3
          },
          {
            "hash": "d98df06545fc16d2861341a48f64418b664b8f1b",
            "messageTitle": "Add new Task class",
            "messageBody": "",
            "insertions": 22,
            "deletions": 0
          },
          {
            "hash": "a393be4b81201d1a992203826f8282a3bea3a8e3",
            "messageTitle": "Add level 4: ToDo, Deadline, and Event",
            "messageBody": "",
            "tags": [
              "Level-4"
            ],
            "insertions": 86,
            "deletions": 14
          }
        ]
      },
      {
        "insertions": 40,
        "deletions": 17,
        "date": "2020-01-20",
        "commitResults": [
          {
            "hash": "f993c00248c038e42a6a3a4542b439829732daf5",
            "messageTitle": "Add Command enum and DukeException class",
            "messageBody": "",
            "tags": [
              "A-Exceptions",
              "A-Enums"
            ],
            "insertions": 40,
            "deletions": 17
          }
        ]
      },
      {
        "insertions": 101,
        "deletions": 44,
        "date": "2020-01-21",
        "commitResults": [
          {
            "hash": "ca9cc39f379de24537b8b22684fd35d2facaf192",
            "messageTitle": "Add Level 5: Error handling",
            "messageBody": "",
            "tags": [
              "Level-5"
            ],
            "insertions": 72,
            "deletions": 42
          },
          {
            "hash": "38515fa36925efb958a3f591a322e8ab159b421a",
            "messageTitle": "Add level 6: Delete tasks",
            "messageBody": "",
            "insertions": 29,
            "deletions": 2
          }
        ]
      },
      {
        "insertions": 341,
        "deletions": 17,
        "date": "2020-01-22",
        "commitResults": [
          {
            "hash": "69bef5914d776cdcd81abc63fc8d9d20851ed76f",
            "messageTitle": "Add javadocs",
            "messageBody": "",
            "insertions": 341,
            "deletions": 17
          }
        ]
      },
      {
        "insertions": 430,
        "deletions": 134,
        "date": "2020-01-23",
        "commitResults": [
          {
            "hash": "43152f1b6aa9a31b12061ff0e98b573b4aa8a7e6",
            "messageTitle": "Add Argument class",
            "messageBody": "",
            "insertions": 63,
            "deletions": 38
          },
          {
            "hash": "17db73e62d818382ec760e8f31b969d399cfc92b",
            "messageTitle": "Add Pair class",
            "messageBody": "",
            "tags": [
              "Level-6"
            ],
            "insertions": 219,
            "deletions": 54
          },
          {
            "hash": "d54081fee73174c421c676fb3aa5ee2c52a4c288",
            "messageTitle": "Add text-ui-test",
            "messageBody": "",
            "tags": [
              "A-TextUiTesting"
            ],
            "insertions": 42,
            "deletions": 0
          },
          {
            "hash": "5a65a203975bf8fc2d108e35faa3167bbdb2522f",
            "messageTitle": "Add DukeInvalidArgumentFormatException and DukeUnknownKeywordException",
            "messageBody": "",
            "insertions": 106,
            "deletions": 42
          }
        ]
      },
      {
        "insertions": 1473,
        "deletions": 781,
        "date": "2020-01-27",
        "commitResults": [
          {
            "hash": "203dea6a59fc54a9a9f9c73dc5e39b07414b6d82",
            "messageTitle": "Add Level 7: Save",
            "messageBody": "",
            "insertions": 459,
            "deletions": 61
          },
          {
            "hash": "f5895f7d7b117dc6a9da73e397dc20c329fce428",
            "messageTitle": "Add classes: DukeInvalidDateFormatException, TaskSchedule",
            "messageBody": "",
            "insertions": 33,
            "deletions": 0
          },
          {
            "hash": "dbc74301e37ed3c4025436f0d349d9f3e73259c9",
            "messageTitle": "src/main/java/Duke: implements the date validation",
            "messageBody": "",
            "insertions": 97,
            "deletions": 15
          },
          {
            "hash": "656f8f5d63a511d0882e4631ba90f219f784e74f",
            "messageTitle": "resolve merge conflict",
            "messageBody": "",
            "tags": [
              "Level-8"
            ],
            "insertions": 4,
            "deletions": 4
          },
          {
            "hash": "4f994437e70165845c53fb8c9d571ed8222a241f",
            "messageTitle": "Add class: Ui",
            "messageBody": "",
            "insertions": 91,
            "deletions": 60
          },
          {
            "hash": "25f1f865b575ed8bd3f7ef7b6b5a0cd03c1c308d",
            "messageTitle": "Add classes: Storage",
            "messageBody": "",
            "insertions": 77,
            "deletions": 38
          },
          {
            "hash": "ce2136b28330bb1661135f4dbab304088b297676",
            "messageTitle": "Delete class: Argument",
            "messageBody": "",
            "insertions": 0,
            "deletions": 220
          },
          {
            "hash": "b910d9a6720eb737a55bb02b80d98b39958ad7a3",
            "messageTitle": "Add classes: Command, AddCommand, DeleteCommand, DoneCommand",
            "messageBody": "",
            "insertions": 290,
            "deletions": 42
          },
          {
            "hash": "103e1c9704bd7be4415f3d5a128c6ca26f5d0e75",
            "messageTitle": "Add class: TaskList",
            "messageBody": "",
            "insertions": 104,
            "deletions": 2
          },
          {
            "hash": "cd134eb32db1014d29c7fa6406d0e4a9338f130c",
            "messageTitle": "A-MoreOOP",
            "messageBody": "",
            "tags": [
              "A-MoreOOP"
            ],
            "insertions": 206,
            "deletions": 294
          },
          {
            "hash": "b697c430449c941b5a19ad926f94b11a2bf6a470",
            "messageTitle": "A-Packages",
            "messageBody": "",
            "tags": [
              "A-Packages"
            ],
            "insertions": 98,
            "deletions": 45
          },
          {
            "hash": "8baedefd8d8ebab7537ad4567acfba3e839d4164",
            "messageTitle": "A-JUnit",
            "messageBody": "",
            "insertions": 14,
            "deletions": 0
          }
        ]
      },
      {
        "insertions": 139,
        "deletions": 28,
        "date": "2020-01-28",
        "commitResults": [
          {
            "hash": "41016851594af0f97300c960954ec46016756aa9",
            "messageTitle": "A-JUnit",
            "messageBody": "",
            "insertions": 38,
            "deletions": 2
          },
          {
            "hash": "c9a319777651bc359ee0c135a0a3b1b2d8e0f03a",
            "messageTitle": "Complete: A-JUnit",
            "messageBody": "",
            "tags": [
              "A-Jar",
              "A-JUnit"
            ],
            "insertions": 76,
            "deletions": 26
          },
          {
            "hash": "6dd920ea3eaab7871c2c400b6a17e6af87e6c9ed",
            "messageTitle": "build.gradle: Add shadowJar",
            "messageBody": "",
            "insertions": 25,
            "deletions": 0
          }
        ]
      },
      {
        "insertions": 599,
        "deletions": 72,
        "date": "2020-01-29",
        "commitResults": [
          {
            "hash": "001452f5763f6d2069112898d81e725c2862240b",
            "messageTitle": "Completed JavaDocs",
            "messageBody": "",
            "insertions": 375,
            "deletions": 29
          },
          {
            "hash": "8ecca3f9b582919e30fb667f4b5bf6b00d319d8d",
            "messageTitle": "A-CodingStyle",
            "messageBody": "",
            "insertions": 15,
            "deletions": 14
          },
          {
            "hash": "770b66578dbc9e814e99881066f83092f5121772",
            "messageTitle": "Level-9: Find",
            "messageBody": "",
            "insertions": 93,
            "deletions": 2
          },
          {
            "hash": "f960c8b226c92c3e80785e4b6fe79356b9d75270",
            "messageTitle": "Level-9: Find",
            "messageBody": "",
            "insertions": 115,
            "deletions": 23
          },
          {
            "hash": "bd3b96697375fa1b4eef4db968c29cc9ffb188f7",
            "messageTitle": "FindCommand: Fix bug",
            "messageBody": "",
            "tags": [
              "A-Gradle"
            ],
            "insertions": 1,
            "deletions": 4
          }
        ]
      },
      {
        "insertions": 227,
        "deletions": 84,
        "date": "2020-01-30",
        "commitResults": [
          {
            "hash": "9ac2a1072d0229f304bc6b1b69dc0087258bb60d",
            "messageTitle": "build.gradle: Add checkstyle plugin",
            "messageBody": "",
            "insertions": 5,
            "deletions": 0
          },
          {
            "hash": "a263edbf9997018cb05f6e6e64d553ddd6be9147",
            "messageTitle": "duke.exception.DukeException: Resolve checkstyle",
            "messageBody": "",
            "insertions": 1,
            "deletions": 1
          },
          {
            "hash": "1cddd20ec8bc4121375eb0cb1f86b5633d3618c3",
            "messageTitle": "A-CheckStyle: Fix all the checkstyle violations",
            "messageBody": "",
            "insertions": 86,
            "deletions": 75
          },
          {
            "hash": "967c16134e4761be0d7f9dfb1a81d3da7ccaee29",
            "messageTitle": "build.gradle: Add JavaFX plugin",
            "messageBody": "",
            "insertions": 6,
            "deletions": 0
          },
          {
            "hash": "1268f914176530bef682014eb8e047380cc45c20",
            "messageTitle": "Add class: Launcher",
            "messageBody": "",
            "insertions": 23,
            "deletions": 2
          },
          {
            "hash": "991df3c070195dd5b1ee9e748bd0d1d777e09e77",
            "messageTitle": "Iteration 1: Echoing the User",
            "messageBody": "",
            "insertions": 65,
            "deletions": 2
          },
          {
            "hash": "8d9ffa77d444e108fdda537aa7664395217d40bd",
            "messageTitle": "Iteration 2: Adding Dialog Boxes",
            "messageBody": "",
            "insertions": 41,
            "deletions": 4
          }
        ]
      },
      {
        "insertions": 263,
        "deletions": 132,
        "date": "2020-01-31",
        "commitResults": [
          {
            "hash": "a375ec6eae9e255f225c8a4b8083c6d384fad731",
            "messageTitle": "DialogBox: Adjust the User\u0027s text position",
            "messageBody": "",
            "insertions": 32,
            "deletions": 8
          },
          {
            "hash": "eeb8c9492cab206f07b16f0452e345078460f4e6",
            "messageTitle": "src/main/resources/view/: Add MainWindow.fxml, DialogBox.fxml",
            "messageBody": "",
            "insertions": 35,
            "deletions": 0
          },
          {
            "hash": "95f24aa10bb06f84d51c038e361ecdc590f49979",
            "messageTitle": "Change filename: DIalogBox.fxml to DialogBox.fxml",
            "messageBody": "",
            "insertions": 0,
            "deletions": 0
          },
          {
            "hash": "7a5f8460a3e625977f9dff53b9c87e966f032974",
            "messageTitle": "Change filename: MainWIndow.fxml to MainWindow.fxml",
            "messageBody": "",
            "insertions": 0,
            "deletions": 0
          },
          {
            "hash": "9b715877f12008732832b5c8961b00fbdef9672f",
            "messageTitle": "Add class: MainWindow",
            "messageBody": "",
            "insertions": 58,
            "deletions": 0
          },
          {
            "hash": "b80556e384ed7a13ee2d478e8730e124e11a2c51",
            "messageTitle": "Integrate Duke with GUI",
            "messageBody": "",
            "insertions": 35,
            "deletions": 73
          },
          {
            "hash": "537e0a9c67756b083b55022d311289c9ab958dbc",
            "messageTitle": "Add background color to DialogBox",
            "messageBody": "",
            "insertions": 28,
            "deletions": 51
          },
          {
            "hash": "247e0ace90d44526d109a487c7839a9dee02bc43",
            "messageTitle": "Add JavaDoc",
            "messageBody": "",
            "insertions": 75,
            "deletions": 0
          }
        ]
      },
      {
        "insertions": 6,
        "deletions": 6,
        "date": "2020-02-02",
        "commitResults": [
          {
            "hash": "8d374ac682a12402bc08724b9332d9fc9d7cffaa",
            "messageTitle": "Clips display picture to a circle",
            "messageBody": "",
            "insertions": 6,
            "deletions": 6
          }
        ]
      },
      {
        "insertions": 298,
        "deletions": 16,
        "date": "2020-02-06",
        "commitResults": [
          {
            "hash": "1aeb153084132950f979618bfae2084e0ca154ed",
            "messageTitle": "build.gradle: change duke version to 0.1.1",
            "messageBody": "",
            "insertions": 1,
            "deletions": 1
          },
          {
            "hash": "544ba48c3560b961b716e7a636324ec5f31475eb",
            "messageTitle": "Add class: ByeCommand",
            "messageBody": "",
            "insertions": 113,
            "deletions": 0
          },
          {
            "hash": "b3dd4496f7d4cbac50e86644c9d01f2d9fd91920",
            "messageTitle": "Finalize ByeCommand",
            "messageBody": "",
            "insertions": 26,
            "deletions": 2
          },
          {
            "hash": "71fabe09ca810ed1449f9dc01c09385d400555ca",
            "messageTitle": "Applies assert to file reading",
            "messageBody": "",
            "insertions": 4,
            "deletions": 0
          },
          {
            "hash": "a3de3c2467c53c409543198c037b6dd19d6cd595",
            "messageTitle": "Revert by one commit",
            "messageBody": "",
            "insertions": 0,
            "deletions": 3
          },
          {
            "hash": "b485882e4cb89b2510e60e4bf4898d00f3da0b25",
            "messageTitle": "A-Assertions: Applies assert for reading files and storing tasks",
            "messageBody": "",
            "insertions": 3,
            "deletions": 0
          },
          {
            "hash": "eddcf9054a2a4896f4b7d8e2c5198046ff324492",
            "messageTitle": "Refactor task icon",
            "messageBody": "",
            "insertions": 10,
            "deletions": 7
          },
          {
            "hash": "82c69d9dbf3e1b3aa99bbf29582cbdfb88136ef9",
            "messageTitle": "Add ReminderCommand class",
            "messageBody": "",
            "insertions": 55,
            "deletions": 0
          },
          {
            "hash": "7985ab489c483163d786a5fc5a435fb3a3ba3788",
            "messageTitle": "Parser: Add reminder feature to parser",
            "messageBody": "",
            "insertions": 17,
            "deletions": 1
          },
          {
            "hash": "f8f0b800cac18c98d4d8eeb8a87afcd2d499442c",
            "messageTitle": "Shows top 3 nearest deadline and event",
            "messageBody": "",
            "insertions": 3,
            "deletions": 0
          },
          {
            "hash": "7d95c983a59ba0283c8a3713dc2336a1b8b087c1",
            "messageTitle": "Add welcome message and remind tasks upon starting the app",
            "messageBody": "",
            "insertions": 66,
            "deletions": 2
          }
        ]
      },
      {
        "insertions": 512,
        "deletions": 88,
        "date": "2020-02-07",
        "commitResults": [
          {
            "hash": "72e2815fd0415ae69c1a9177ae5d08a30a642173",
            "messageTitle": "Add ArchiveList class",
            "messageBody": "",
            "insertions": 106,
            "deletions": 0
          },
          {
            "hash": "07e34a98076b2f70097dfe8cd1b62d9b8dc6630f",
            "messageTitle": "add ArchiveList and ArchiveStorage variable",
            "messageBody": "",
            "insertions": 32,
            "deletions": 15
          },
          {
            "hash": "8ed0448f4b01489b5e8de76c7dbe28830ccd7a30",
            "messageTitle": "Add ArchiveListCommand class",
            "messageBody": "",
            "insertions": 53,
            "deletions": 0
          },
          {
            "hash": "e0ed9792054b20e553f85622f63bd64dc2e132ef",
            "messageTitle": "Add ArchiveAddCommand class",
            "messageBody": "",
            "insertions": 68,
            "deletions": 5
          },
          {
            "hash": "5a63f4590c61f25df69be9965911535edea9485b",
            "messageTitle": "Arr ArchiveDeleteCommand class",
            "messageBody": "",
            "insertions": 79,
            "deletions": 0
          },
          {
            "hash": "78311a95184f4757b5b3117493ff927fc98d42e9",
            "messageTitle": "Integrates archive commands with Duke",
            "messageBody": "",
            "insertions": 136,
            "deletions": 31
          },
          {
            "hash": "87d76b2d9f7271c1b4ba27df0fe12783b7f9e406",
            "messageTitle": "Add archive.txt",
            "messageBody": "",
            "insertions": 0,
            "deletions": 0
          },
          {
            "hash": "4bc15122c22b61c3cb77085427d5eb2e636f9cef",
            "messageTitle": "Fix archive-add bug",
            "messageBody": "",
            "insertions": 1,
            "deletions": 1
          },
          {
            "hash": "fa23d32c2fb1511e515c2291c63460bf53d5a105",
            "messageTitle": "Fix checkstyle issues",
            "messageBody": "",
            "insertions": 37,
            "deletions": 36
          }
        ]
      },
      {
        "insertions": 881,
        "deletions": 68,
        "date": "2020-02-08",
        "commitResults": [
          {
            "hash": "a9174bd20df51ed2ef2e576f3e902f3102d0c774",
            "messageTitle": "Add Note class",
            "messageBody": "",
            "insertions": 31,
            "deletions": 0
          },
          {
            "hash": "34c8639806a47301f2d21f99e79582b7765420e3",
            "messageTitle": "Add IReader interface",
            "messageBody": "",
            "insertions": 39,
            "deletions": 3
          },
          {
            "hash": "bc29e75869e50c735a93e92f2fac9ca53a1db881",
            "messageTitle": "Add IWriter interface",
            "messageBody": "",
            "insertions": 41,
            "deletions": 4
          },
          {
            "hash": "89cf1e7e9e6a90afa792c4d6c19ff2b719e49e7d",
            "messageTitle": "Add IList interface",
            "messageBody": "",
            "insertions": 9,
            "deletions": 9
          },
          {
            "hash": "af5ea9a1ba8569543f44a5ecc3d59f7557bec512",
            "messageTitle": "Add NoteReader class",
            "messageBody": "",
            "insertions": 99,
            "deletions": 2
          },
          {
            "hash": "1d1390ff79f7c0bfb45b59ea5c3263dd1c9ca127",
            "messageTitle": "Add NoteWriter class",
            "messageBody": "",
            "insertions": 100,
            "deletions": 0
          },
          {
            "hash": "618c13196203951a54be22072109d41d1b5af7ea",
            "messageTitle": "Add IStorage interface",
            "messageBody": "",
            "insertions": 63,
            "deletions": 8
          },
          {
            "hash": "cf453564420a3d5a985b8ac3df586ae94be1fdd4",
            "messageTitle": "Add NoteStorage Interface",
            "messageBody": "",
            "insertions": 91,
            "deletions": 0
          },
          {
            "hash": "b640c8765a212d698b460254874edf5a8354cf4d",
            "messageTitle": "Add NoteList class",
            "messageBody": "",
            "insertions": 110,
            "deletions": 5
          },
          {
            "hash": "ccea5c0741278bf87202cb701bca76fec78a0571",
            "messageTitle": "Add Note Command classes",
            "messageBody": "",
            "insertions": 200,
            "deletions": 12
          },
          {
            "hash": "4ec36fdea595ef2dad668316854947e92a1bf3e5",
            "messageTitle": "Fix note features bug",
            "messageBody": "",
            "insertions": 79,
            "deletions": 6
          },
          {
            "hash": "69e68962abfac5ae316918a2bcd23a3499d369e9",
            "messageTitle": "Fix checkstyle",
            "messageBody": "",
            "insertions": 15,
            "deletions": 5
          },
          {
            "hash": "c44466dc2583d4cd602ef499857ad0bf1d394ff9",
            "messageTitle": "Fix unit test conflict",
            "messageBody": "",
            "insertions": 2,
            "deletions": 14
          },
          {
            "hash": "7f9f64e483b5dcf46c538ac72bbf6525cabb9224",
            "messageTitle": "Fix chcekstyle",
            "messageBody": "",
            "insertions": 2,
            "deletions": 0
          }
        ]
      }
    ]
  },
  "authorFinalContributionMap": {
    "mario7lorenzo": 3936
  },
  "authorFileTypeContributionMap": {
    "mario7lorenzo": {
      "java": 3806,
      "md": 0,
      "fxml": 42,
      "sh": 34,
      "bat": 0,
      "gradle": 44,
      "txt": 10
    }
  },
  "authorContributionVariance": {
    "mario7lorenzo": 217275.89
  },
  "authorDisplayNameMap": {
    "mario7lorenzo": "CS2103-W15- 2 MARI..ENZO"
  }
}
