{
  "authorDailyContributionsMap": {
    "firzanarmani": [
      {
        "insertions": 463,
        "deletions": 104,
        "date": "2020-01-23",
        "commitResults": [
          {
            "hash": "f7fca80041effe5dbf542f008f32ddb60ef8f608",
            "messageTitle": "build.gradle: Change mainClassName taget and add checkstyle",
            "messageBody": "",
            "tags": [
              "A-CheckStyle"
            ],
            "insertions": 6,
            "deletions": 1
          },
          {
            "hash": "7e4deb9e1615688da938604a302fb9ac23033fd3",
            "messageTitle": "Add greet, echo and exit functionality",
            "messageBody": "",
            "tags": [
              "Level-1"
            ],
            "insertions": 51,
            "deletions": 7
          },
          {
            "hash": "a317464f9b07d603478a148ad5fa29c92632ed23",
            "messageTitle": "Add ability to store user input, list the items and to end with bye",
            "messageBody": "",
            "tags": [
              "Level-2"
            ],
            "insertions": 18,
            "deletions": 4
          },
          {
            "hash": "5f5500e7f1541047044139fb8c3279d9a285c6fa",
            "messageTitle": "Create Task class",
            "messageBody": "",
            "tags": [
              "A-Classes"
            ],
            "insertions": 34,
            "deletions": 0
          },
          {
            "hash": "ac947cb4d0c986026a555e549ba70937071d4946",
            "messageTitle": "Duke.java: Use Task class and add ability to mark task as done",
            "messageBody": "",
            "tags": [
              "Level-3"
            ],
            "insertions": 20,
            "deletions": 6
          },
          {
            "hash": "0c930a8373161eabdd97aa445f334d75f61419f5",
            "messageTitle": "Create Deadline, Event and ToDo classes",
            "messageBody": "",
            "insertions": 66,
            "deletions": 0
          },
          {
            "hash": "7addf1fdb1245600d266544a93af5f7d01a42e87",
            "messageTitle": "Duke.java: Implement use of ToDos, Deadlines and Events as Tasks",
            "messageBody": "",
            "tags": [
              "Level-4"
            ],
            "insertions": 42,
            "deletions": 12
          },
          {
            "hash": "12c65c69448e63b86d634e47b9707f59081a9e6b",
            "messageTitle": "Add automated text UI test",
            "messageBody": "",
            "tags": [
              "A-TextUiTesting"
            ],
            "insertions": 74,
            "deletions": 0
          },
          {
            "hash": "9b7308f13a5bdc5b53c76fb9c1467d431d746ee5",
            "messageTitle": "Create DukeException class",
            "messageBody": "",
            "insertions": 40,
            "deletions": 0
          },
          {
            "hash": "a057c0618bb194621dcc985c97d54da430df9b84",
            "messageTitle": "Add basic error handling using DukeException",
            "messageBody": "",
            "tags": [
              "Level-5"
            ],
            "insertions": 72,
            "deletions": 47
          },
          {
            "hash": "743f706a6696692546916ffb412163580470434a",
            "messageTitle": "Update text UI test expected output",
            "messageBody": "",
            "insertions": 1,
            "deletions": 1
          },
          {
            "hash": "25f58fe4f4666c2abe24270934d3b7284433b957",
            "messageTitle": "Duke.java: Use ArrayList to store the tasks",
            "messageBody": "",
            "tags": [
              "A-Collections"
            ],
            "insertions": 18,
            "deletions": 21
          },
          {
            "hash": "cba20663da5284eb4a04745a1c9cd3efec5b6971",
            "messageTitle": "Duke.java: Add task delete functionality",
            "messageBody": "",
            "tags": [
              "Level-6"
            ],
            "insertions": 21,
            "deletions": 5
          }
        ]
      },
      {
        "insertions": 108,
        "deletions": 5,
        "date": "2020-01-28",
        "commitResults": [
          {
            "hash": "14cc13c670bf0cd03b6b35648198a1134b89bcbc",
            "messageTitle": "Add ability to save tasks to a text file and load the tasks on start",
            "messageBody": "",
            "insertions": 83,
            "deletions": 3
          },
          {
            "hash": "133d320cd444dc31cb04f616132fe50351fc3523",
            "messageTitle": "Add basic date/time functionality",
            "messageBody": "",
            "insertions": 22,
            "deletions": 2
          },
          {
            "hash": "e49013ca8a90efd63292fb0c3ee3b21ee07522f7",
            "messageTitle": "duke.txt: Fix seed data to be compatible with LocalDate",
            "messageBody": "",
            "tags": [
              "Level-8"
            ],
            "insertions": 3,
            "deletions": 0
          }
        ]
      },
      {
        "insertions": 593,
        "deletions": 249,
        "date": "2020-01-30",
        "commitResults": [
          {
            "hash": "6e8f296307358be429f3bea00ad2769f228d280d",
            "messageTitle": "Create ErrorCode and TaskTypes enum classes",
            "messageBody": "",
            "tags": [
              "A-Enums"
            ],
            "insertions": 20,
            "deletions": 0
          },
          {
            "hash": "8bfb8c95d86a53d30b3711f02c14429f578731e4",
            "messageTitle": "Refactor code to be more OOP",
            "messageBody": "",
            "tags": [
              "A-Packages",
              "A-MoreOOP"
            ],
            "insertions": 556,
            "deletions": 248
          },
          {
            "hash": "073fa9221ad6afc7b9bb95d2edd65fcac3f7c395",
            "messageTitle": "build.gradle: Add Shadow plugin and JUnit dependency",
            "messageBody": "",
            "tags": [
              "A-Gradle"
            ],
            "insertions": 17,
            "deletions": 1
          }
        ]
      },
      {
        "insertions": 323,
        "deletions": 76,
        "date": "2020-01-31",
        "commitResults": [
          {
            "hash": "8e9c3c979133f77e9eb401d1ce77aeb6a1f5609d",
            "messageTitle": "Add Storage and DoneCommand tests",
            "messageBody": "",
            "tags": [
              "A-Jar",
              "A-JUnit"
            ],
            "insertions": 82,
            "deletions": 0
          },
          {
            "hash": "c8ade0e87297aaf35e30726c23956a845df27db4",
            "messageTitle": "Parser.java: Fix incorrect DukeException for unknown commands",
            "messageBody": "",
            "insertions": 1,
            "deletions": 1
          },
          {
            "hash": "a8dde9a4ad4828fa2f06e011d9377144b2288162",
            "messageTitle": "Add Javadoc comments to non-trivial methods",
            "messageBody": "",
            "insertions": 111,
            "deletions": 0
          },
          {
            "hash": "4163e2165d8115cc26bb3fd4242ac205ac5d16b9",
            "messageTitle": "Fix checkstyle errors",
            "messageBody": "",
            "insertions": 79,
            "deletions": 75
          },
          {
            "hash": "89b67d321683465d34c62b8e50a9023992b5dceb",
            "messageTitle": "Add task find functionality",
            "messageBody": "",
            "insertions": 50,
            "deletions": 0
          }
        ]
      },
      {
        "insertions": 31,
        "deletions": 15,
        "date": "2020-02-01",
        "commitResults": [
          {
            "hash": "2d45f6887de53e0a6041386f3c841a62315e762c",
            "messageTitle": "Fix checkstyle errors and missing javadoc comments after adding delete functionality",
            "messageBody": "",
            "insertions": 14,
            "deletions": 8
          },
          {
            "hash": "688a3459dfef63a4717cd50f7983f601c0ace6dc",
            "messageTitle": "StorageTest.java: Add package declaration and cleanup unused lines",
            "messageBody": "",
            "insertions": 2,
            "deletions": 7
          },
          {
            "hash": "21958f9e56060508a105e891c38239fa6944e92f",
            "messageTitle": "build.gradle: Add JavaFX 11 dependencies",
            "messageBody": "",
            "insertions": 15,
            "deletions": 0
          }
        ]
      },
      {
        "insertions": 251,
        "deletions": 8,
        "date": "2020-02-04",
        "commitResults": [
          {
            "hash": "f9491e8336547c543646cd019ee0ffcb929469ee",
            "messageTitle": "Setup basic GUI using JavaFX",
            "messageBody": "",
            "insertions": 251,
            "deletions": 8
          }
        ]
      }
    ]
  },
  "authorFinalContributionMap": {
    "firzanarmani": 1320
  },
  "authorFileTypeContributionMap": {
    "firzanarmani": {
      "java": 1174,
      "md": 0,
      "fxml": 35,
      "sh": 34,
      "bat": 0,
      "gradle": 34,
      "txt": 43
    }
  },
  "authorContributionVariance": {
    "firzanarmani": 45920.957
  },
  "authorDisplayNameMap": {
    "firzanarmani": "CS2103T-W17- 2 FIRZ..ZMAN"
  }
}
