{
  "authorDailyContributionsMap": {
    "kschiew": [
      {
        "insertions": 29,
        "deletions": 7,
        "date": "2020-01-22",
        "commitResults": [
          {
            "hash": "853112111c63bf2dbc9fc7827d13067eb69dc9c6",
            "messageTitle": "Created and set \u0027Out\u0027 folder as the explicit output directory",
            "messageBody": "",
            "insertions": 3,
            "deletions": 0
          },
          {
            "hash": "c5db478f6a668797311bb7cf67132e16850b0229",
            "messageTitle": "Implement greet and echo feature for Duke bot",
            "messageBody": "",
            "insertions": 25,
            "deletions": 6
          },
          {
            "hash": "fa3f3ee23c6d3fd3e4b9c5d4b3b6f5b668db10bb",
            "messageTitle": "Delete unnecessary class files",
            "messageBody": "",
            "insertions": 0,
            "deletions": 0
          },
          {
            "hash": "c32dcda6d51a039ab09f554cd965b152108de357",
            "messageTitle": "Fix scanner to read whole line of user input",
            "messageBody": "",
            "insertions": 1,
            "deletions": 1
          }
        ]
      },
      {
        "insertions": 387,
        "deletions": 131,
        "date": "2020-01-23",
        "commitResults": [
          {
            "hash": "f77520912b74e1215c6af689dcaf401beef0b5ba",
            "messageTitle": "Create Task class",
            "messageBody": "",
            "insertions": 15,
            "deletions": 0
          },
          {
            "hash": "5e37469ceb7634adb5a3332657b8e2b0100c4f53",
            "messageTitle": "Add feature: add tasks to list and print them",
            "messageBody": "",
            "insertions": 32,
            "deletions": 6
          },
          {
            "hash": "cf45753471b6884383e3863ccc306df779b616b4",
            "messageTitle": "remove test file",
            "messageBody": "",
            "insertions": 0,
            "deletions": 5
          },
          {
            "hash": "c62068891ea370ace8b70120967c861bab991262",
            "messageTitle": "Add completion status for tasks",
            "messageBody": "",
            "insertions": 22,
            "deletions": 4
          },
          {
            "hash": "e1e1a8e33a87ddfe65faae27987488e811952ae0",
            "messageTitle": "Add subclasses for different types of tasks",
            "messageBody": "",
            "insertions": 149,
            "deletions": 36
          },
          {
            "hash": "bff1c42eaddbacb4743dcb1bfb7aa4a09a14786b",
            "messageTitle": "Improve IO style",
            "messageBody": "",
            "insertions": 21,
            "deletions": 17
          },
          {
            "hash": "ac72976221dec9633dac1d195413a9ba1f1ab6c1",
            "messageTitle": "add shell script to automate text test",
            "messageBody": "",
            "insertions": 51,
            "deletions": 0
          },
          {
            "hash": "441b2c03beda6ad1d58fea5fb88a1764df8752eb",
            "messageTitle": "Fix script file that does not take in input correctly",
            "messageBody": "",
            "insertions": 13,
            "deletions": 5
          },
          {
            "hash": "dd0b985e23ff58e6a7ce24d54f7c9c27dfd4471a",
            "messageTitle": "Remove unnecessary comments",
            "messageBody": "",
            "insertions": 0,
            "deletions": 2
          },
          {
            "hash": "dade6c22ef685b9ff331b007548cc066d66e447c",
            "messageTitle": "create io exception class for duke",
            "messageBody": "",
            "insertions": 72,
            "deletions": 56
          },
          {
            "hash": "fa79531afb9c74d73d083932faca949dda7d166f",
            "messageTitle": "Add feature to delete tasks from list",
            "messageBody": "",
            "insertions": 12,
            "deletions": 0
          }
        ]
      },
      {
        "insertions": 46,
        "deletions": 4,
        "date": "2020-01-31",
        "commitResults": [
          {
            "hash": "5464c8623a53ea418be3359ee595e12cc4d89ea1",
            "messageTitle": "Enable storing of list as .txt file",
            "messageBody": "",
            "insertions": 41,
            "deletions": 4
          },
          {
            "hash": "f95d9873d15ead296210100ea576dbedac9826dc",
            "messageTitle": "Add storing functions to all commands",
            "messageBody": "",
            "insertions": 5,
            "deletions": 0
          }
        ]
      },
      {
        "insertions": 104,
        "deletions": 94,
        "date": "2020-02-01",
        "commitResults": [
          {
            "hash": "dabdf554034d53589182a52e38fb61978d61f32d",
            "messageTitle": "Indent switch statements correctly",
            "messageBody": "",
            "insertions": 79,
            "deletions": 79
          },
          {
            "hash": "9063556268adf68c487fdeab4cbc985954438b33",
            "messageTitle": "Add date feature to tasks",
            "messageBody": "",
            "insertions": 25,
            "deletions": 15
          }
        ]
      },
      {
        "insertions": 388,
        "deletions": 86,
        "date": "2020-02-02",
        "commitResults": [
          {
            "hash": "da968b2568a7903ef77bedacf1526684d17fc16e",
            "messageTitle": "Refactor out the UI and Task list class",
            "messageBody": "",
            "insertions": 103,
            "deletions": 40
          },
          {
            "hash": "525046f8539c54c28258013f35bb03ebf0e5b95b",
            "messageTitle": "Package all classes into duke package",
            "messageBody": "",
            "insertions": 25,
            "deletions": 12
          },
          {
            "hash": "03480a052ec67bf1f70fe4846937e32ef87b5e5e",
            "messageTitle": "Move classes into correct path",
            "messageBody": "",
            "insertions": 10,
            "deletions": 10
          },
          {
            "hash": "cada5382b6b3ecb3b65a82bfb5e54f8ebebed218",
            "messageTitle": "Build gradle",
            "messageBody": "",
            "insertions": 2,
            "deletions": 1
          },
          {
            "hash": "371d923b446a570b0a8144a7311cd39817c33105",
            "messageTitle": "Add unit tests for TaskList and Task",
            "messageBody": "",
            "insertions": 99,
            "deletions": 6
          },
          {
            "hash": "ecf770d97772f38bbcb39bd0b8d474c198bbe023",
            "messageTitle": "Create jar file",
            "messageBody": "",
            "insertions": 8,
            "deletions": 0
          },
          {
            "hash": "712b1e5085fdad2c93ce461cf38e5abdbb614a1c",
            "messageTitle": "Add javadoc comments",
            "messageBody": "",
            "insertions": 141,
            "deletions": 17
          }
        ]
      },
      {
        "insertions": 166,
        "deletions": 81,
        "date": "2020-02-03",
        "commitResults": [
          {
            "hash": "138a37879af2738e5fc0d0c00bb7ea20501d1bcd",
            "messageTitle": "Extract UI further for more OOP",
            "messageBody": "",
            "insertions": 91,
            "deletions": 49
          },
          {
            "hash": "05bf8b5fd85aa3f4e15286f1da0078d755538362",
            "messageTitle": "Add search keyword function",
            "messageBody": "",
            "insertions": 12,
            "deletions": 3
          },
          {
            "hash": "2c7a3bcc9d523aae14b581ebde340bdb9520e36a",
            "messageTitle": "Conform to coding standard",
            "messageBody": "",
            "insertions": 2,
            "deletions": 2
          },
          {
            "hash": "b63836d8f93a2c3ec07695ad955fb136da7c5688",
            "messageTitle": "Conform to coding standard",
            "messageBody": "",
            "insertions": 7,
            "deletions": 3
          },
          {
            "hash": "f45074af53f8320a5fee331d7ec5152f873ef32e",
            "messageTitle": "Add checkstyle plugin.",
            "messageBody": "",
            "insertions": 54,
            "deletions": 24
          }
        ]
      },
      {
        "insertions": 335,
        "deletions": 147,
        "date": "2020-02-04",
        "commitResults": [
          {
            "hash": "44639c52731d2ffe029f41956251062aee7f3658",
            "messageTitle": "Add parser to Duke.",
            "messageBody": "",
            "insertions": 277,
            "deletions": 119
          },
          {
            "hash": "1798ed6786d58aef9d13dc62b29c11b0ed1f4bb1",
            "messageTitle": "Add javafx gui",
            "messageBody": "",
            "insertions": 46,
            "deletions": 17
          },
          {
            "hash": "3de7eed2d6ab5cf20a12bb577812e1f413ad60cf",
            "messageTitle": "Add welcome message to GUI",
            "messageBody": "",
            "insertions": 11,
            "deletions": 10
          },
          {
            "hash": "e56b8f10c4f48c9f457dd35bd6da88aef3ea1a9e",
            "messageTitle": "Change user image in GUI",
            "messageBody": "",
            "insertions": 1,
            "deletions": 1
          }
        ]
      }
    ]
  },
  "authorFinalContributionMap": {
    "kschiew": 927
  },
  "authorFileTypeContributionMap": {
    "kschiew": {
      "md": 2,
      "gradle": 36,
      "properties": 1,
      "properties": 3,
      "java": 41,
      "java": 26,
      "java": 180,
      "java": 10,
      "java": 90,
      "java": 48,
      "java": 13,
      "java": 105,
      "java": 47,
      "java": 77,
      "java": 87,
      "java": 31,
      "java": 59,
      "java": 22,
      "txt": 15,
      "sh": 34
    }
  },
  "authorContributionVariance": {
    "kschiew": 21990.852
  },
  "authorDisplayNameMap": {
    "kschiew": "CS2103T-W17- 1 CHIE..SENG"
  }
}
