{
  "authorDailyContributionsMap": {
    "lth08091998": [
      {
        "insertions": 172,
        "deletions": 15,
        "date": "2020-01-26",
        "commitResults": [
          {
            "hash": "5d3952a13825ee2d47964aeb683a58e9a46506ea",
            "messageTitle": "Simple bot echoing command",
            "messageBody": "",
            "tags": [
              "Level-1"
            ],
            "insertions": 49,
            "deletions": 2
          },
          {
            "hash": "5022df870045763d43b52d0a6ef4f387a161bd8e",
            "messageTitle": "Add commandProcessor for listing",
            "messageBody": "",
            "tags": [
              "Level-2"
            ],
            "insertions": 21,
            "deletions": 1
          },
          {
            "hash": "fccc5ea16f3e54e873952dc07b99e9e34028e605",
            "messageTitle": "Mark done task",
            "messageBody": "",
            "tags": [
              "Level-3"
            ],
            "insertions": 39,
            "deletions": 6
          },
          {
            "hash": "d55ee0fc8aef01a91615bc4077987df360fe088b",
            "messageTitle": "Split Task",
            "messageBody": "",
            "tags": [
              "Level-4"
            ],
            "insertions": 63,
            "deletions": 6
          }
        ]
      },
      {
        "insertions": 22,
        "deletions": 0,
        "date": "2020-02-08",
        "commitResults": [
          {
            "hash": "f683750abfdfee4294e67d079c89be68dc32abd3",
            "messageTitle": "Framework for TextUITesting",
            "messageBody": "",
            "tags": [
              "A-TextUITesting"
            ],
            "insertions": 22,
            "deletions": 0
          }
        ]
      },
      {
        "insertions": 748,
        "deletions": 219,
        "date": "2020-02-09",
        "commitResults": [
          {
            "hash": "64d07753c28aad539d054f5c6729a5ab4b5445a0",
            "messageTitle": "Refactor",
            "messageBody": "",
            "tags": [
              "Level-5"
            ],
            "insertions": 70,
            "deletions": 38
          },
          {
            "hash": "1eb0d6731668f658b0f6d119078be066678117b3",
            "messageTitle": "Add delete",
            "messageBody": "",
            "tags": [
              "Level-6"
            ],
            "insertions": 10,
            "deletions": 2
          },
          {
            "hash": "8b1f1ae15fe9311c12485eaa8827bcb0b1fc57ac",
            "messageTitle": "Implement Observer Model and abstract out Task Collection",
            "messageBody": "",
            "insertions": 83,
            "deletions": 13
          },
          {
            "hash": "ec2f8134aa8deedebd6acadae6477606be88e48e",
            "messageTitle": "Serialize and save disk file",
            "messageBody": "",
            "tags": [
              "Level-7"
            ],
            "insertions": 37,
            "deletions": 3
          },
          {
            "hash": "39e3d90f04740ccd3c139b240b048e8dd1dab93c",
            "messageTitle": "Add date",
            "messageBody": "",
            "insertions": 100,
            "deletions": 44
          },
          {
            "hash": "0da8f128ff53d7eed868fdcffd3dad6b016dcfd0",
            "messageTitle": "Abstract OOP",
            "messageBody": "",
            "tags": [
              "A-MoreOOP"
            ],
            "insertions": 54,
            "deletions": 43
          },
          {
            "hash": "8aec625d4d5f2a638d2f53c6402ebf5b33843892",
            "messageTitle": "Refactor  packages",
            "messageBody": "",
            "tags": [
              "A-Packages"
            ],
            "insertions": 135,
            "deletions": 68
          },
          {
            "hash": "fc43cf81f7ca4ea44c0f98ba76352870e58a6119",
            "messageTitle": "Add unit test",
            "messageBody": "",
            "tags": [
              "A-JavaDoc",
              "A-Jar",
              "A-JUnit",
              "A-CodingStandard"
            ],
            "insertions": 30,
            "deletions": 0
          },
          {
            "hash": "61d7ceb6a918da74c0a81d42e1f85565f26cb3e6",
            "messageTitle": "Add find func",
            "messageBody": "",
            "tags": [
              "v0.1",
              "Level-9",
              "A-Gradle",
              "A-CheckStyle"
            ],
            "insertions": 25,
            "deletions": 2
          },
          {
            "hash": "48f4300356441c86a56440c6deeb84fe8f9a8fea",
            "messageTitle": "Logic for GUI",
            "messageBody": "",
            "tags": [
              "Level-10"
            ],
            "insertions": 204,
            "deletions": 6
          }
        ]
      },
      {
        "insertions": 226,
        "deletions": 27,
        "date": "2020-02-10",
        "commitResults": [
          {
            "hash": "e1d00e5e7cf04a97305659735684a9db53b2ba3c",
            "messageTitle": "Add server for reminder check send",
            "messageBody": "",
            "tags": [
              "B-DoWithinPeriodTasks"
            ],
            "insertions": 226,
            "deletions": 27
          }
        ]
      },
      {
        "insertions": 204,
        "deletions": 144,
        "date": "2020-02-11",
        "commitResults": [
          {
            "hash": "4baecfeebc04841d5240e30c09692696548d5a06",
            "messageTitle": "Refactor GUI",
            "messageBody": "",
            "insertions": 197,
            "deletions": 143
          },
          {
            "hash": "04b5fa404201754968dd460da0750d63bb551414",
            "messageTitle": "Small improve to make test deterministic",
            "messageBody": "",
            "insertions": 7,
            "deletions": 1
          }
        ]
      },
      {
        "insertions": 1,
        "deletions": 1,
        "date": "2020-03-02",
        "commitResults": [
          {
            "hash": "b4e4035551cc31b8986aee1526bb6ac94cbc8517",
            "messageTitle": "Update",
            "messageBody": "",
            "insertions": 1,
            "deletions": 1
          }
        ]
      }
    ]
  },
  "authorFinalContributionMap": {
    "lth08091998": 965
  },
  "authorFileTypeContributionMap": {
    "lth08091998": {
      "java": 872,
      "md": 0,
      "fxml": 35,
      "sh": 0,
      "bat": 21,
      "gradle": 36,
      "txt": 1
    }
  },
  "authorContributionVariance": {
    "lth08091998": 21847.22
  },
  "authorDisplayNameMap": {
    "lth08091998": "CS2103-W14- 1 LE T..HIEU"
  }
}
