{
  "authorDailyContributionsMap": {
    "chuayijing": [
      {
        "insertions": 80,
        "deletions": 11,
        "date": "2020-01-21",
        "commitResults": [
          {
            "hash": "68538b893c54e577bc67b665ca41d1541f217035",
            "messageTitle": "level-2",
            "messageBody": "",
            "tags": [
              "level-3"
            ],
            "insertions": 41,
            "deletions": 2
          },
          {
            "hash": "d942f520b0465b7d581b488c4176e932794f41e2",
            "messageTitle": "level3",
            "messageBody": "",
            "insertions": 39,
            "deletions": 9
          }
        ]
      },
      {
        "insertions": 105,
        "deletions": 19,
        "date": "2020-01-22",
        "commitResults": [
          {
            "hash": "cc5a21b2e6b67de2eaa8643224a9ea5b7f743ca9",
            "messageTitle": "level4",
            "messageBody": "",
            "tags": [
              "level5",
              "level4"
            ],
            "insertions": 70,
            "deletions": 7
          },
          {
            "hash": "fcff4d4751a2a2f85c90c49d979751052b1d0a3d",
            "messageTitle": "level5",
            "messageBody": "",
            "tags": [
              "level6"
            ],
            "insertions": 26,
            "deletions": 9
          },
          {
            "hash": "b1164a86b1632b0c36e14441a40cbd73be84d832",
            "messageTitle": "level6",
            "messageBody": "",
            "tags": [
              "level7"
            ],
            "insertions": 9,
            "deletions": 3
          }
        ]
      },
      {
        "insertions": 48,
        "deletions": 1,
        "date": "2020-01-28",
        "commitResults": [
          {
            "hash": "bf86c20caf6dd7036dcef6fce35d804185a76279",
            "messageTitle": "branch-level-7",
            "messageBody": "",
            "tags": [
              "level8"
            ],
            "insertions": 48,
            "deletions": 1
          }
        ]
      },
      {
        "insertions": 81,
        "deletions": 45,
        "date": "2020-01-29",
        "commitResults": [
          {
            "hash": "1d2a2f8a5b93bca55877daf4beb13c0a8b728586",
            "messageTitle": "level8",
            "messageBody": "",
            "insertions": 39,
            "deletions": 3
          },
          {
            "hash": "1dfdb54fe884538a4c1e422d25e59dc2c73272d8",
            "messageTitle": "Revert \"level8\"",
            "messageBody": "This reverts commit 1d2a2f8a5b93bca55877daf4beb13c0a8b728586.\n",
            "insertions": 3,
            "deletions": 39
          },
          {
            "hash": "ea5084013b889f6a55d5612a46da3515d6c62113",
            "messageTitle": "level8",
            "messageBody": "",
            "insertions": 39,
            "deletions": 3
          }
        ]
      },
      {
        "insertions": 330,
        "deletions": 115,
        "date": "2020-01-31",
        "commitResults": [
          {
            "hash": "301fd466ac171c2272b7594f4a3f7a4a76796a7f",
            "messageTitle": "A-moreOOP",
            "messageBody": "",
            "tags": [
              "A-moreOOP"
            ],
            "insertions": 296,
            "deletions": 115
          },
          {
            "hash": "11304bf9e7e9ae1a242d766c6d65b468a30c1022",
            "messageTitle": "A-JUnit",
            "messageBody": "",
            "tags": [
              "A-Jar",
              "A-JUnit"
            ],
            "insertions": 34,
            "deletions": 0
          }
        ]
      },
      {
        "insertions": 110,
        "deletions": 39,
        "date": "2020-02-01",
        "commitResults": [
          {
            "hash": "8c767775541f83b76dddeea3d18ff53111b159d3",
            "messageTitle": "branch-A-JavaDoc",
            "messageBody": "",
            "insertions": 55,
            "deletions": 10
          },
          {
            "hash": "e35d34968b094fa829e9ce83ee93a0eb37ba1eb9",
            "messageTitle": "coding standard",
            "messageBody": "",
            "insertions": 36,
            "deletions": 28
          },
          {
            "hash": "483dab42d9c21589ec1e83e96a551263cd5dc237",
            "messageTitle": "level 9",
            "messageBody": "",
            "insertions": 19,
            "deletions": 1
          }
        ]
      },
      {
        "insertions": 22,
        "deletions": 1,
        "date": "2020-02-02",
        "commitResults": [
          {
            "hash": "f6f752fbf916b616fa50a2e6bf8ae4782748acc3",
            "messageTitle": "A-Gradle",
            "messageBody": "",
            "tags": [
              "Level-10",
              "A-Gradle"
            ],
            "insertions": 22,
            "deletions": 1
          }
        ]
      },
      {
        "insertions": 272,
        "deletions": 79,
        "date": "2020-02-05",
        "commitResults": [
          {
            "hash": "bc69bcb5d0f1b62efe14444c1e05e908c3d0cbf1",
            "messageTitle": "gui",
            "messageBody": "",
            "tags": [
              "A-Assertions"
            ],
            "insertions": 272,
            "deletions": 79
          }
        ]
      },
      {
        "insertions": 98,
        "deletions": 30,
        "date": "2020-02-07",
        "commitResults": [
          {
            "hash": "304ddb69bc534160e606e3199b2adee0d9d3bdbf",
            "messageTitle": "A-assertions",
            "messageBody": "",
            "tags": [
              "A-CodeQuality"
            ],
            "insertions": 12,
            "deletions": 0
          },
          {
            "hash": "557d90dff2fa53bfb6142574e088117afd2aa19e",
            "messageTitle": "A-CodeQuality",
            "messageBody": "",
            "tags": [
              "A-Streams"
            ],
            "insertions": 86,
            "deletions": 30
          }
        ]
      },
      {
        "insertions": 8,
        "deletions": 10,
        "date": "2020-02-08",
        "commitResults": [
          {
            "hash": "9e247e950327e4abe9ff7655112abf528b3ae8ad",
            "messageTitle": "A-Streams",
            "messageBody": "",
            "tags": [
              "B-ViewSchedules"
            ],
            "insertions": 8,
            "deletions": 10
          }
        ]
      },
      {
        "insertions": 99,
        "deletions": 15,
        "date": "2020-02-10",
        "commitResults": [
          {
            "hash": "8d80ea3a2a05de99dc90f0292ccf1767503f10cc",
            "messageTitle": "B-ViewSchedules view all your tasks in either todo/ event/ deadline using command \"view todo\" / \"view event\"/ \"view deadline\". returns all the tasks on inputted date using command \"date dd/mm/YYY\"",
            "messageBody": "",
            "insertions": 99,
            "deletions": 15
          }
        ]
      }
    ]
  },
  "authorFinalContributionMap": {
    "chuayijing": 900
  },
  "authorFileTypeContributionMap": {
    "chuayijing": {
      "java": 835,
      "md": 0,
      "fxml": 35,
      "sh": 0,
      "bat": 0,
      "gradle": 30,
      "txt": 0
    }
  },
  "authorContributionVariance": {
    "chuayijing": 11217.958
  },
  "authorDisplayNameMap": {
    "chuayijing": "CS2103T-W17- 4 CHUA..JING"
  }
}
