{
  "authorDailyContributionsMap": {
    "ailanthustng": [
      {
        "insertions": 120,
        "deletions": 20,
        "date": "2020-01-22",
        "commitResults": [
          {
            "hash": "19d798151894bb8928f8764055a53bb087cb8a0c",
            "messageTitle": "Added Gradle support",
            "messageBody": "",
            "insertions": 22,
            "deletions": 1
          },
          {
            "hash": "9b907e1812efcaaee35b64645b5fb70f6795fc29",
            "messageTitle": "Level-1",
            "messageBody": "",
            "insertions": 31,
            "deletions": 6
          },
          {
            "hash": "6312ad0fe4122aea79b368e7f8aac1e2b25d7cce",
            "messageTitle": "Level-1",
            "messageBody": "",
            "insertions": 1,
            "deletions": 3
          },
          {
            "hash": "0ebab41dd7c8b7088a406745b5420c6aa5b57210",
            "messageTitle": "Level-2",
            "messageBody": "",
            "insertions": 20,
            "deletions": 4
          },
          {
            "hash": "141d000c20015b14ea5f0c4c13084960f2956f01",
            "messageTitle": "Level-3 Mark as Done:",
            "messageBody": "",
            "insertions": 46,
            "deletions": 6
          }
        ]
      },
      {
        "insertions": 233,
        "deletions": 79,
        "date": "2020-01-23",
        "commitResults": [
          {
            "hash": "b42d2f7003d5cf5bc6891ee29cf74697f789d799",
            "messageTitle": "Level-4: Todo Event Deadline",
            "messageBody": "",
            "insertions": 64,
            "deletions": 9
          },
          {
            "hash": "a0b00a2bd99ce4217a01265f9b9a332c3f50c898",
            "messageTitle": "Added Automated Text UI Testing",
            "messageBody": "",
            "insertions": 41,
            "deletions": 0
          },
          {
            "hash": "64bf41eb1805c22d04aae4f1d24d5d789bdaf5e1",
            "messageTitle": "Level-5 Handle errors",
            "messageBody": "",
            "insertions": 49,
            "deletions": 25
          },
          {
            "hash": "11afb6f1d6e068bc70485b87b9043e9379df24de",
            "messageTitle": "Level 6. Added delete events",
            "messageBody": "",
            "insertions": 44,
            "deletions": 10
          },
          {
            "hash": "a63d14f674fc505407c40e3aa3c97757d7a7c4ea",
            "messageTitle": "Made some customizations",
            "messageBody": "",
            "insertions": 35,
            "deletions": 35
          }
        ]
      },
      {
        "insertions": 1254,
        "deletions": 785,
        "date": "2020-01-28",
        "commitResults": [
          {
            "hash": "a93817838811ac2ac764c908124f15f1b45a150b",
            "messageTitle": "Level 7",
            "messageBody": "",
            "insertions": 147,
            "deletions": 19
          },
          {
            "hash": "58ae317d165ecfe4ae706087a3ec83e20a8f4435",
            "messageTitle": "Level 8",
            "messageBody": "",
            "insertions": 1,
            "deletions": 1
          },
          {
            "hash": "6f2daa51c9563fb2bd54c319aa4c5328be8896f1",
            "messageTitle": "A-MoreOOP: Made code more OOP",
            "messageBody": "",
            "insertions": 275,
            "deletions": 169
          },
          {
            "hash": "d8420402e29a3fc32f005352995675b128b83f67",
            "messageTitle": "Added text-ui-test folder",
            "messageBody": "",
            "insertions": 1,
            "deletions": 1
          },
          {
            "hash": "f15335c2f1aea7a1337ff4958775c2d49a29b0ab",
            "messageTitle": "Made changes to runtest.sh",
            "messageBody": "",
            "insertions": 1,
            "deletions": 7
          },
          {
            "hash": "8798ba0230bf3df29727dcd22077da902260a023",
            "messageTitle": "Added JUnit Tests",
            "messageBody": "",
            "tags": [
              "v0.1"
            ],
            "insertions": 55,
            "deletions": 0
          },
          {
            "hash": "21656e1ab080cab75879306e6e512d3e3552c0f8",
            "messageTitle": "Minor changes",
            "messageBody": "",
            "insertions": 3,
            "deletions": 1
          },
          {
            "hash": "f36920756845cf72362a8a90f0d7b820eb7c3ced",
            "messageTitle": "Added Java Docs",
            "messageBody": "",
            "insertions": 164,
            "deletions": 10
          },
          {
            "hash": "c782433adc201480e287e4544e3a21b77e8e3767",
            "messageTitle": "Added Google Style Check via Gradle and ran the checker",
            "messageBody": "",
            "insertions": 526,
            "deletions": 534
          },
          {
            "hash": "bbb398ed7cd1a190a9f7c3a66e6ee6847bf46efd",
            "messageTitle": "A-CodingStandard",
            "messageBody": "",
            "insertions": 12,
            "deletions": 12
          },
          {
            "hash": "242923210edcd3adaf77da076dfe9ae4f54c99b6",
            "messageTitle": "Added Find task feature:",
            "messageBody": "",
            "insertions": 37,
            "deletions": 2
          },
          {
            "hash": "ec99e789deffef9f72d0baac209a09d08ff1b6a1",
            "messageTitle": "Applied Google Java Format checkstyle",
            "messageBody": "",
            "insertions": 32,
            "deletions": 29
          }
        ]
      },
      {
        "insertions": 3,
        "deletions": 3,
        "date": "2020-01-29",
        "commitResults": [
          {
            "hash": "46cba5adbc80bb85beeee56e79d1afe61dfce3de",
            "messageTitle": "Made minor changes to removeAction",
            "messageBody": "",
            "insertions": 3,
            "deletions": 3
          }
        ]
      },
      {
        "insertions": 610,
        "deletions": 564,
        "date": "2020-02-03",
        "commitResults": [
          {
            "hash": "26e76e8b1248ad9004a2aab4f3bf8582bec4de60",
            "messageTitle": "Added some JavaDocs",
            "messageBody": "",
            "insertions": 552,
            "deletions": 518
          },
          {
            "hash": "1ad72cbb1e122fe02ae87e3d04614cceaaf194bc",
            "messageTitle": "Fixed checkstyle",
            "messageBody": "",
            "insertions": 58,
            "deletions": 46
          }
        ]
      }
    ]
  },
  "authorFinalContributionMap": {
    "ailanthustng": 775
  },
  "authorFileTypeContributionMap": {
    "ailanthustng": {
      "java": 713,
      "md": 0,
      "fxml": 0,
      "sh": 34,
      "bat": 0,
      "gradle": 22,
      "txt": 6
    }
  },
  "authorContributionVariance": {
    "ailanthustng": 229100.94
  },
  "authorDisplayNameMap": {
    "ailanthustng": "CS2103T-W13- 1 TNG ..THUS"
  }
}
