{
  "authorDailyContributionsMap": {
    "IYVVVVV": [
      {
        "insertions": 62,
        "deletions": 0,
        "date": "2020-01-22",
        "commitResults": [
          {
            "hash": "cbd24a6b7a4010e68136daba22b89486c50b5608",
            "messageTitle": "Add text-ui-test",
            "messageBody": "",
            "insertions": 21,
            "deletions": 0
          },
          {
            "hash": "80689f0441f59afaa5b7348f4d46ee586ee0f7f6",
            "messageTitle": "Add Greet, Echo and Exit",
            "messageBody": "",
            "tags": [
              "level-1"
            ],
            "insertions": 41,
            "deletions": 0
          }
        ]
      },
      {
        "insertions": 336,
        "deletions": 45,
        "date": "2020-01-23",
        "commitResults": [
          {
            "hash": "52f38b1771d13a75aaf9d54e56edb79d25b11505",
            "messageTitle": "update Add and List function.",
            "messageBody": "",
            "tags": [
              "level-2"
            ],
            "insertions": 24,
            "deletions": 2
          },
          {
            "hash": "64cd694956ef757e5f94496726347f1ba6dc55d8",
            "messageTitle": "Add Task class.",
            "messageBody": "",
            "insertions": 13,
            "deletions": 0
          },
          {
            "hash": "f97f278dbe01eb6c21a9b4850421ce6376f925f7",
            "messageTitle": "Add getDescription.",
            "messageBody": "",
            "insertions": 4,
            "deletions": 0
          },
          {
            "hash": "cf444ad31df4e4db32ee90b85a970e86ab2f9e63",
            "messageTitle": "Store tasks in Arraylist. Change list display.",
            "messageBody": "",
            "insertions": 15,
            "deletions": 10
          },
          {
            "hash": "d7767c5450687b965035cb9ae500cd4a8d9fc794",
            "messageTitle": "Add MarkAsDone function to tasks.",
            "messageBody": "",
            "tags": [
              "level-3"
            ],
            "insertions": 25,
            "deletions": 5
          },
          {
            "hash": "850f5fbeea082b4e019dbcb05b5a2ee36e0c877f",
            "messageTitle": "Add Todo, Deadline and Event as sub-class of Task.",
            "messageBody": "",
            "tags": [
              "level-4"
            ],
            "insertions": 75,
            "deletions": 9
          },
          {
            "hash": "1f9f4162e2e07e4aa0965b86a64ff991af6969f1",
            "messageTitle": "Handle errors for empty todo task name and wrong task input format.",
            "messageBody": "",
            "tags": [
              "level-5"
            ],
            "insertions": 11,
            "deletions": 10
          },
          {
            "hash": "ca70ddf99b04c5b00c724706f34caeddbf7f4b28",
            "messageTitle": "Add delete function.",
            "messageBody": "",
            "insertions": 12,
            "deletions": 0
          },
          {
            "hash": "ff107e0c84f86a5a19849bfd0216173561a358c5",
            "messageTitle": "Add comments to each method. Handle error of delete/done nonexistent tasks and incorrect input for Deadline and Event.",
            "messageBody": "",
            "tags": [
              "level-6"
            ],
            "insertions": 157,
            "deletions": 9
          }
        ]
      },
      {
        "insertions": 84,
        "deletions": 18,
        "date": "2020-01-29",
        "commitResults": [
          {
            "hash": "c46b387e869716735b7b01f10dd98051eefdfaa6",
            "messageTitle": "Save user task list into a txt file under \u0027data\u0027 directory.",
            "messageBody": "",
            "insertions": 32,
            "deletions": 0
          },
          {
            "hash": "605a149a3fc56912239111ebf35372ea20a917f6",
            "messageTitle": "Define task format when store in txt file.",
            "messageBody": "",
            "insertions": 19,
            "deletions": 0
          },
          {
            "hash": "edc525e9d1d80d67bc5a3fcbaad05b4871b48450",
            "messageTitle": "Change date format.",
            "messageBody": "",
            "insertions": 21,
            "deletions": 10
          },
          {
            "hash": "c89a3be28d89f985015dfc4716a8cbc4b39bb33b",
            "messageTitle": "Change import order to avoid merge conflicts.",
            "messageBody": "",
            "insertions": 1,
            "deletions": 1
          },
          {
            "hash": "0f23e439ca3f629e47b8c7dca4121a16faf67ba0",
            "messageTitle": "Specify exceptions to avoid merge conflicts.",
            "messageBody": "",
            "insertions": 10,
            "deletions": 2
          },
          {
            "hash": "a31b1c9732fd6a3973f0c57ec6bace99e12e67cb",
            "messageTitle": "Change to update data file after user\u0027s every input.",
            "messageBody": "",
            "insertions": 1,
            "deletions": 5
          }
        ]
      },
      {
        "insertions": 431,
        "deletions": 217,
        "date": "2020-01-30",
        "commitResults": [
          {
            "hash": "837bff322475c8e53d43ff6948ef171c5c124ee4",
            "messageTitle": "Add Ui class to read user input and give output.",
            "messageBody": "",
            "insertions": 82,
            "deletions": 0
          },
          {
            "hash": "27782c5e0f8b6e303e0814a820649195a99e0a10",
            "messageTitle": "Add Storage class to load and save tasks data file.",
            "messageBody": "",
            "insertions": 79,
            "deletions": 0
          },
          {
            "hash": "2af31bf8c382f89a9eacf485cf399e3d56081d3a",
            "messageTitle": "Add TaskList class to handle tasks.",
            "messageBody": "",
            "insertions": 29,
            "deletions": 0
          },
          {
            "hash": "bb9ec6174bc28df675d178380e4e27dda629c5b8",
            "messageTitle": "Make Duke more OOP.",
            "messageBody": "",
            "tags": [
              "A-MoreOOP"
            ],
            "insertions": 41,
            "deletions": 195
          },
          {
            "hash": "efec51a7093fe89c953bec8e363848c14cc114bf",
            "messageTitle": "Use Gradle to test Todo class.",
            "messageBody": "",
            "tags": [
              "v.0.1",
              "A-JUnit"
            ],
            "insertions": 25,
            "deletions": 1
          },
          {
            "hash": "9bd88dfeb838b277eafb871416a32c12d6c66751",
            "messageTitle": "Use Gradle to create Jar file.",
            "messageBody": "",
            "tags": [
              "A-Jar"
            ],
            "insertions": 8,
            "deletions": 0
          },
          {
            "hash": "95896c95389f3a131f4d6387f44fd9e47d336537",
            "messageTitle": "Update messages when File Error happens.",
            "messageBody": "",
            "insertions": 1,
            "deletions": 1
          },
          {
            "hash": "d5d8809535a2d0d4280f95005f54a269aead947d",
            "messageTitle": "Add JavaDoc comments to the code.",
            "messageBody": "",
            "insertions": 112,
            "deletions": 1
          },
          {
            "hash": "2c289c35937c711e30389ab9c75fa51078110079",
            "messageTitle": "Use Gradle-checkstyle to correct code to stantard.",
            "messageBody": "",
            "insertions": 28,
            "deletions": 19
          },
          {
            "hash": "a8d7edcd96bc546c1509a661a5edaa524b0e2a99",
            "messageTitle": "Add find to find tasks by given key words.",
            "messageBody": "",
            "insertions": 26,
            "deletions": 0
          }
        ]
      },
      {
        "insertions": 66,
        "deletions": 63,
        "date": "2020-02-03",
        "commitResults": [
          {
            "hash": "0c03674608325c92c2cabcb931db39b13573ad18",
            "messageTitle": "Uses Gradle Checkstyle to correct style error.",
            "messageBody": "",
            "insertions": 66,
            "deletions": 63
          }
        ]
      },
      {
        "insertions": 430,
        "deletions": 151,
        "date": "2020-02-04",
        "commitResults": [
          {
            "hash": "1ad436768c915921defda120bd6ffe3636e23571",
            "messageTitle": "Add a GUI to Duke.",
            "messageBody": "",
            "insertions": 430,
            "deletions": 151
          }
        ]
      },
      {
        "insertions": 163,
        "deletions": 18,
        "date": "2020-02-05",
        "commitResults": [
          {
            "hash": "4cf616732a31a855854694d550b9db4d73eedcc2",
            "messageTitle": "Adds Java Doc comments.",
            "messageBody": "",
            "insertions": 20,
            "deletions": 0
          },
          {
            "hash": "9f4318b2d3ff032583f2702c6c39f0280fec6070",
            "messageTitle": "Organizes classes into Packages and fixes checkstyle errors.",
            "messageBody": "",
            "tags": [
              "Level-10",
              "A-Packages"
            ],
            "insertions": 143,
            "deletions": 18
          }
        ]
      },
      {
        "insertions": 169,
        "deletions": 44,
        "date": "2020-02-11",
        "commitResults": [
          {
            "hash": "0c23fa69ac9de5407d92d6d5e2230fdb11162009",
            "messageTitle": "Adds assertions.",
            "messageBody": "",
            "insertions": 7,
            "deletions": 0
          },
          {
            "hash": "6c4fffef9710b8299fc1d22aff9ab2218ce5a339",
            "messageTitle": "Improve Code Quality.",
            "messageBody": "",
            "insertions": 31,
            "deletions": 8
          },
          {
            "hash": "2230aaea9e558a0cebd4d853627208c826c8b793",
            "messageTitle": "Adds Tagging function.",
            "messageBody": "",
            "insertions": 131,
            "deletions": 36
          }
        ]
      },
      {
        "insertions": 137,
        "deletions": 45,
        "date": "2020-02-19",
        "commitResults": [
          {
            "hash": "23135570ae41154de923c869f80e4fff8cc74c62",
            "messageTitle": "Set project title.",
            "messageBody": "",
            "insertions": 1,
            "deletions": 0
          },
          {
            "hash": "cc46a4ec68450fe4220a8e28770f0c8ae2973ec4",
            "messageTitle": "Add comments.",
            "messageBody": "",
            "insertions": 16,
            "deletions": 0
          },
          {
            "hash": "98bf7dbe64be888ed8106ac322dd482ac32477be",
            "messageTitle": "Fix dialogbox height limit bug.",
            "messageBody": "",
            "insertions": 1,
            "deletions": 1
          },
          {
            "hash": "6af5cbecefe076a892aa2cbbd1205ee730812a58",
            "messageTitle": "fix wrong help message bug.",
            "messageBody": "",
            "insertions": 1,
            "deletions": 1
          },
          {
            "hash": "cd455937613a52577120394be4c77270b9ed04c5",
            "messageTitle": "Changes screen size.",
            "messageBody": "",
            "insertions": 5,
            "deletions": 5
          },
          {
            "hash": "6282add1f963781baf8bdbbaa12b8848f1512ee3",
            "messageTitle": "Updates User Guide.",
            "messageBody": "",
            "insertions": 92,
            "deletions": 11
          },
          {
            "hash": "e3e772110383a4420359ea249657ece8222e0cfe",
            "messageTitle": "Fix hyperlink bugs in UG.",
            "messageBody": "",
            "insertions": 2,
            "deletions": 4
          },
          {
            "hash": "4796015454f8e75bd9c367bb03da836949313d38",
            "messageTitle": "Finish v0.2.",
            "messageBody": "",
            "tags": [
              "duke-0,2",
              "A-UserGuide",
              "A-Release"
            ],
            "insertions": 19,
            "deletions": 23
          }
        ]
      },
      {
        "insertions": 2,
        "deletions": 2,
        "date": "2020-02-24",
        "commitResults": [
          {
            "hash": "172a0761325acfe02e198d1cb0e8439404c7a30c",
            "messageTitle": "Fix Jar file main class error.",
            "messageBody": "",
            "insertions": 2,
            "deletions": 2
          }
        ]
      },
      {
        "insertions": 13,
        "deletions": 7,
        "date": "2020-02-28",
        "commitResults": [
          {
            "hash": "1653dcecbe49a29a1f4733cad7a582a80efc6440",
            "messageTitle": "Handle empty list and empty tag.",
            "messageBody": "",
            "insertions": 13,
            "deletions": 7
          }
        ]
      },
      {
        "insertions": 1,
        "deletions": 4,
        "date": "2020-03-01",
        "commitResults": [
          {
            "hash": "01d4a1cb0cc63579eb923fe22802afb9e6dffef6",
            "messageTitle": "Update readme and corresponding image.",
            "messageBody": "",
            "tags": [
              "duke-0.2.2"
            ],
            "insertions": 1,
            "deletions": 4
          }
        ]
      }
    ]
  },
  "authorFinalContributionMap": {
    "IYVVVVV": 1298
  },
  "authorFileTypeContributionMap": {
    "IYVVVVV": {
      "java": 1119,
      "md": 87,
      "fxml": 35,
      "sh": 0,
      "bat": 21,
      "gradle": 36,
      "txt": 0
    }
  },
  "authorContributionVariance": {
    "IYVVVVV": 18711.041
  },
  "authorDisplayNameMap": {
    "IYVVVVV": "CS2103-T09- 4 YE C..CHEN"
  }
}
