{
  "authorDailyContributionsMap": {
    "alcen": [
      {
        "insertions": 871,
        "deletions": 154,
        "date": "2020-01-23",
        "commitResults": [
          {
            "hash": "e995624e18122eb455344c1ffbb4a5007c36b54e",
            "messageTitle": "ASCII for bot, added CommandParser",
            "messageBody": "",
            "insertions": 27,
            "deletions": 6
          },
          {
            "hash": "33ebaaccde91982a587ee9d8276939a11f9381ae",
            "messageTitle": "Added Instruction, logic for CommandParser",
            "messageBody": "",
            "insertions": 54,
            "deletions": 2
          },
          {
            "hash": "34b6a2a80fef10c20dc92cbf087f0d7c148611da",
            "messageTitle": "Goodbye message, awaiting message added (Level 1)",
            "messageBody": "",
            "tags": [
              "Level-1"
            ],
            "insertions": 20,
            "deletions": 3
          },
          {
            "hash": "bbdb6384e0b86d41232a3a5aeeab279a3c048884",
            "messageTitle": "Added Storage to CommandParser, to be moved to Storage in future",
            "messageBody": "",
            "insertions": 38,
            "deletions": 3
          },
          {
            "hash": "5421454a5c3d97aa14ddacf4ded43e549a0b7bc4",
            "messageTitle": "Completed Storage.java, some miscellaneous fixes",
            "messageBody": "",
            "insertions": 35,
            "deletions": 31
          },
          {
            "hash": "57c9b8cd40e2eb1ac0444d7f2f14827fc16c95c6",
            "messageTitle": "Added message for storing (Level 2)",
            "messageBody": "",
            "tags": [
              "Level-2"
            ],
            "insertions": 3,
            "deletions": 0
          },
          {
            "hash": "ce24bef4cac03aa456b220295ba34d52394e5c01",
            "messageTitle": "Fixed stored text being added one word at a time",
            "messageBody": "",
            "insertions": 1,
            "deletions": 1
          },
          {
            "hash": "e8f6370b1c4cbad978f7c29234f2cf5d99bbe249",
            "messageTitle": "Added functionality to mark tasks as \"done\" (Level 3)",
            "messageBody": "",
            "tags": [
              "Level-3"
            ],
            "insertions": 66,
            "deletions": 13
          },
          {
            "hash": "a5c5a8e79ddc99b46ccb542828c5d7dc9898a6a8",
            "messageTitle": "Refactored Tasks to be represented by its own class",
            "messageBody": "",
            "insertions": 45,
            "deletions": 6
          },
          {
            "hash": "cc8bebc31a0a98aec2434d2de58020819275ed14",
            "messageTitle": "Initial addition of Todo, Deadlines, Events",
            "messageBody": "",
            "insertions": 43,
            "deletions": 24
          },
          {
            "hash": "a95c6c090c2b3c7e0007cf03e40e3891e0eada90",
            "messageTitle": "Todo, Deadlines, Events implemented",
            "messageBody": "",
            "insertions": 78,
            "deletions": 16
          },
          {
            "hash": "372030d64cc4f207e093c16fff3a2bd8e02723a8",
            "messageTitle": "Refactor: Commands now stored in Command enum",
            "messageBody": "",
            "insertions": 24,
            "deletions": 6
          },
          {
            "hash": "855364a03938a16c8c47862f56ddd6814fa3780e",
            "messageTitle": "Proper formatting for Deadline, Event, Todo (Level 4)",
            "messageBody": "",
            "tags": [
              "Level-4"
            ],
            "insertions": 78,
            "deletions": 6
          },
          {
            "hash": "a782a04b377bf04b07c499e9bbef5cb5c0ce3d54",
            "messageTitle": "Set up test scripts",
            "messageBody": "",
            "tags": [
              "A-TextUiTesting"
            ],
            "insertions": 156,
            "deletions": 0
          },
          {
            "hash": "04abfdc2d8d6a6db5adffc6332e1b36cce548d4e",
            "messageTitle": "Added Exceptions for invalid inputs (Level 5)",
            "messageBody": "",
            "tags": [
              "Level-5"
            ],
            "insertions": 136,
            "deletions": 17
          },
          {
            "hash": "3c3382fda9fc18bbc53b07dd70ead3aa1cec867a",
            "messageTitle": "Fix for extra space in list display",
            "messageBody": "",
            "insertions": 12,
            "deletions": 9
          },
          {
            "hash": "597245a115eb769927de5b84b9bfd136db0221c7",
            "messageTitle": "Added functionality to delete items from list (Level 6)",
            "messageBody": "",
            "tags": [
              "Level-6",
              "A-Enums"
            ],
            "insertions": 55,
            "deletions": 11
          }
        ]
      },
      {
        "insertions": 1257,
        "deletions": 323,
        "date": "2020-01-29",
        "commitResults": [
          {
            "hash": "c30d1f040aa69f56c9fcf27b3e042ce7eec15bf1",
            "messageTitle": "Documentation",
            "messageBody": "",
            "insertions": 21,
            "deletions": 3
          },
          {
            "hash": "9d05891e63da53cec29e8844053d61aaaa1b9a95",
            "messageTitle": "Renamed ArrayList storage to storedTasks",
            "messageBody": "",
            "insertions": 29,
            "deletions": 7
          },
          {
            "hash": "1707976e98f4d9d9c69dfe94c48fc33721f8449f",
            "messageTitle": "Initial implementation of Storage disk save/load",
            "messageBody": "",
            "insertions": 164,
            "deletions": 9
          },
          {
            "hash": "87784a761b466c4483ed502f5673bb11d75caaac",
            "messageTitle": "Fixed issue: To-do Tasks not loaded properly",
            "messageBody": "",
            "insertions": 32,
            "deletions": 8
          },
          {
            "hash": "a9dd1b117da995d62840896a3714790c424d1088",
            "messageTitle": "Fixed issue: Task done status not loaded properly",
            "messageBody": "",
            "insertions": 18,
            "deletions": 3
          },
          {
            "hash": "4c777035cd3c15124cbfdc2a2a5a702fe7775ac1",
            "messageTitle": "Changed storage location (Level 7)",
            "messageBody": "",
            "tags": [
              "Level-7"
            ],
            "insertions": 37,
            "deletions": 13
          },
          {
            "hash": "a638bd6f11ae7890de985505e41ec8dbf86fcf8b",
            "messageTitle": "PrettyTime class",
            "messageBody": "",
            "insertions": 76,
            "deletions": 0
          },
          {
            "hash": "add9eb0de114a9fcba1583fc2044674adc101343",
            "messageTitle": "PrettyTime compareTo and equals",
            "messageBody": "",
            "insertions": 31,
            "deletions": 1
          },
          {
            "hash": "3eea56404725089261055df146ea08588f0c5659",
            "messageTitle": "Tasks now use PrettyTime instead of String",
            "messageBody": "",
            "insertions": 52,
            "deletions": 15
          },
          {
            "hash": "0de1b5aa5af08e1e0faa474535558f183b3c0a09",
            "messageTitle": "Search functionality added",
            "messageBody": "",
            "insertions": 73,
            "deletions": 6
          },
          {
            "hash": "03870e5c6edb1f9bbc7cce1d2699f0a4a192f74d",
            "messageTitle": "Time added to PrettyTime (Level 8)",
            "messageBody": "",
            "tags": [
              "Level-8"
            ],
            "insertions": 94,
            "deletions": 9
          },
          {
            "hash": "ca15f121cf3cec1eb60c1333eaf07a58c4434b59",
            "messageTitle": "Fixed PrettyTimes to be properly saved to disk",
            "messageBody": "",
            "insertions": 37,
            "deletions": 21
          },
          {
            "hash": "a54d4baa26dc1e40f35a586836761a35ba4e9c79",
            "messageTitle": "New class Ui for interface",
            "messageBody": "",
            "insertions": 176,
            "deletions": 78
          },
          {
            "hash": "342830d5376c8c90a25cdeea11d23231d396c3f2",
            "messageTitle": "New classes LoadAndSave and TaskToDisk (A-MoreOOP)",
            "messageBody": "",
            "tags": [
              "A-MoreOOP"
            ],
            "insertions": 340,
            "deletions": 143
          },
          {
            "hash": "547314132cbdc8bb35c08fb62b9eb6e304a0dc2c",
            "messageTitle": "Moved classes into various packages (A-Packages)",
            "messageBody": "",
            "tags": [
              "A-Packages"
            ],
            "insertions": 77,
            "deletions": 7
          }
        ]
      },
      {
        "insertions": 478,
        "deletions": 183,
        "date": "2020-01-30",
        "commitResults": [
          {
            "hash": "fac4f210552364eed7c891f09c2b7d78459f6d06",
            "messageTitle": "JUnit tests for Todo, CommandParser (A-JUnit)",
            "messageBody": "",
            "tags": [
              "A-JUnit"
            ],
            "insertions": 55,
            "deletions": 0
          },
          {
            "hash": "a0f233744138183cb48ac39d93873616d282486a",
            "messageTitle": "Version 0.1.0",
            "messageBody": "",
            "tags": [
              "v0.1.0"
            ],
            "insertions": 1,
            "deletions": 1
          },
          {
            "hash": "3fec58ab883bba84ba2a69686d912db42a85ef55",
            "messageTitle": "JavaDoc comments (A-JavaDoc)",
            "messageBody": "",
            "tags": [
              "A-JavaDoc"
            ],
            "insertions": 34,
            "deletions": 0
          },
          {
            "hash": "946f39a12c5d8bbd628930787378f04eefe17179",
            "messageTitle": "Added instructions \"find\" and \"exit\"",
            "messageBody": "",
            "insertions": 8,
            "deletions": 2
          },
          {
            "hash": "c53edfc4ad16d93c2d83045175641536db75e2b8",
            "messageTitle": "Style changes: import in alphabetical order",
            "messageBody": "",
            "insertions": 42,
            "deletions": 25
          },
          {
            "hash": "05b69fd60bfef91b6b072f55034d8b2421199d21",
            "messageTitle": "Consistency in wrapping of long lines",
            "messageBody": "",
            "insertions": 73,
            "deletions": 71
          },
          {
            "hash": "a4aac9fe389aa19ac875669f79b8ddd44378beee",
            "messageTitle": "Verbs, consistency across method names (A-CodingStandard)",
            "messageBody": "",
            "tags": [
              "A-CodingStandard"
            ],
            "insertions": 77,
            "deletions": 75
          },
          {
            "hash": "a3efe561227536d05678afb0b09bbfef4ed6ad63",
            "messageTitle": "Find instruction implementation (Level-9)",
            "messageBody": "",
            "tags": [
              "Level-9"
            ],
            "insertions": 43,
            "deletions": 0
          },
          {
            "hash": "45e88f90d1579e72767b5019ba47f9b5b9855359",
            "messageTitle": "Added tests for \"find\"",
            "messageBody": "",
            "insertions": 11,
            "deletions": 2
          },
          {
            "hash": "3116dd2927fbde9a71bbbf5f533cc9c61d7107ba",
            "messageTitle": "Fixed depreciated method names for botUi",
            "messageBody": "",
            "insertions": 3,
            "deletions": 3
          },
          {
            "hash": "f59c3e1c4563792d7ce78cf4a3ba45ef11d420f0",
            "messageTitle": "Added \"help\" instruction",
            "messageBody": "",
            "insertions": 18,
            "deletions": 0
          },
          {
            "hash": "4d13bcfee6c4581a2baa2fd9336cb9f7402a8886",
            "messageTitle": "Added \"help\" message",
            "messageBody": "",
            "insertions": 56,
            "deletions": 1
          },
          {
            "hash": "68df70e5a23cdcc3d10bda6cba07064cde80bd10",
            "messageTitle": "Added \"notdone\", \"ex\", \"exi\"",
            "messageBody": "",
            "insertions": 57,
            "deletions": 3
          }
        ]
      },
      {
        "insertions": 28,
        "deletions": 1,
        "date": "2020-01-31",
        "commitResults": [
          {
            "hash": "12f95e41980bbb113a895a6980864d7587ccb80e",
            "messageTitle": "Added \"hello\" instruction",
            "messageBody": "",
            "insertions": 18,
            "deletions": 0
          },
          {
            "hash": "d2aef7efc521b821c79ed8e2487dfa86e04cf1a2",
            "messageTitle": "Wave icon for hello",
            "messageBody": "",
            "insertions": 10,
            "deletions": 1
          }
        ]
      },
      {
        "insertions": 1224,
        "deletions": 526,
        "date": "2020-02-01",
        "commitResults": [
          {
            "hash": "296c71e738921c787bd5878de3b646b051297b8f",
            "messageTitle": "Refactor: Command parsing and executing logic (A-Varargs)",
            "messageBody": "",
            "tags": [
              "A-Varargs"
            ],
            "insertions": 1224,
            "deletions": 526
          }
        ]
      },
      {
        "insertions": 293,
        "deletions": 57,
        "date": "2020-02-02",
        "commitResults": [
          {
            "hash": "6307a233bea1a6ac5430c6b550d4ba1f58b21735",
            "messageTitle": "Gradle initial setup",
            "messageBody": "",
            "insertions": 2,
            "deletions": 1
          },
          {
            "hash": "e187792c2359c2b43b84f41ffa1e2890d6287dd8",
            "messageTitle": "Set up Gradle for tests (A-Gradle)",
            "messageBody": "",
            "tags": [
              "A-Gradle"
            ],
            "insertions": 10,
            "deletions": 1
          },
          {
            "hash": "e900f59693fb718cf6246f3aa462906ae131b3c0",
            "messageTitle": "Style fixes (A-CheckStyle)",
            "messageBody": "",
            "tags": [
              "A-CheckStyle"
            ],
            "insertions": 37,
            "deletions": 41
          },
          {
            "hash": "a911c1ef956a835acd89367181f59293ac1c950f",
            "messageTitle": "Add Java FX to Gradle",
            "messageBody": "",
            "insertions": 6,
            "deletions": 0
          },
          {
            "hash": "672800e99e91559fb1fd7532108aed98a9a6d306",
            "messageTitle": "Java FX test",
            "messageBody": "",
            "insertions": 49,
            "deletions": 9
          },
          {
            "hash": "2ba0c38297a0443cd754566720a501c451513ea5",
            "messageTitle": "Mock chat window test",
            "messageBody": "",
            "insertions": 47,
            "deletions": 1
          },
          {
            "hash": "31001fbc505242e3ee04c2d8df6073a8b8d65fa7",
            "messageTitle": "Chat window with images test",
            "messageBody": "",
            "insertions": 142,
            "deletions": 4
          }
        ]
      },
      {
        "insertions": 100,
        "deletions": 43,
        "date": "2020-02-04",
        "commitResults": [
          {
            "hash": "4760c6af3e9ee804326985d52b9e7b62a3acff32",
            "messageTitle": "FXML test",
            "messageBody": "",
            "insertions": 35,
            "deletions": 1
          },
          {
            "hash": "d03de2443f68a2a2f87cfd9d1b5e296eda20bc8b",
            "messageTitle": "Modify Executor.execute to use ParsedInstruction",
            "messageBody": "",
            "insertions": 26,
            "deletions": 13
          },
          {
            "hash": "72b51eb74b4341d4f589410826f19b1ccb08868c",
            "messageTitle": "Use FXML in bot GUI",
            "messageBody": "",
            "insertions": 39,
            "deletions": 29
          }
        ]
      },
      {
        "insertions": 441,
        "deletions": 161,
        "date": "2020-02-05",
        "commitResults": [
          {
            "hash": "240faedef45f340a214fd47c7099b23380f0cb23",
            "messageTitle": "Re-implement parsing, execution of commands in GUI",
            "messageBody": "",
            "insertions": 311,
            "deletions": 80
          },
          {
            "hash": "9a9098ee1aa41e978e11c19f21f1207c7362a7e8",
            "messageTitle": "Fix all commands to work in GUI",
            "messageBody": "",
            "insertions": 121,
            "deletions": 73
          },
          {
            "hash": "69852ed91716480d71385119f0aa3bee8a525c56",
            "messageTitle": "Use Text instead of Label (Level-10)",
            "messageBody": "",
            "tags": [
              "Level-10"
            ],
            "insertions": 9,
            "deletions": 8
          }
        ]
      },
      {
        "insertions": 399,
        "deletions": 205,
        "date": "2020-02-06",
        "commitResults": [
          {
            "hash": "7f984f98f20636aa20296bcbb41f3faaef504908",
            "messageTitle": "Fix missing Main.java and MainWindow.java",
            "messageBody": "",
            "insertions": 318,
            "deletions": 170
          },
          {
            "hash": "4f0131d176ad8ecef618e0bc90952e59d2efb1b2",
            "messageTitle": "Fix search instruction",
            "messageBody": "",
            "insertions": 11,
            "deletions": 11
          },
          {
            "hash": "8b1d029fbfb8db7a554813848347aa5b5a2ceae8",
            "messageTitle": "Thanks instruction",
            "messageBody": "",
            "insertions": 70,
            "deletions": 24
          }
        ]
      },
      {
        "insertions": 9,
        "deletions": 4,
        "date": "2020-02-07",
        "commitResults": [
          {
            "hash": "5d9232f543451019b18f9291ddbea9b76230155f",
            "messageTitle": "Use Gradle Shadow for creating JAR files",
            "messageBody": "",
            "insertions": 9,
            "deletions": 4
          }
        ]
      },
      {
        "insertions": 15,
        "deletions": 64,
        "date": "2020-02-10",
        "commitResults": [
          {
            "hash": "7fef966aecc71b4246a881338c46c85b19250b09",
            "messageTitle": "Remove unused methods in TaskStorage",
            "messageBody": "",
            "insertions": 0,
            "deletions": 63
          },
          {
            "hash": "e5d4449d095d6fc7de85142948148916958ae189",
            "messageTitle": "Add comment in execute method",
            "messageBody": "",
            "insertions": 1,
            "deletions": 0
          },
          {
            "hash": "6249f957cd0fccdd81ab4c76082e91f6399c8b52",
            "messageTitle": "Add explicit \"else if\" statement, error messages",
            "messageBody": "",
            "insertions": 9,
            "deletions": 1
          },
          {
            "hash": "73e15880af05727f37491e41a98286a9c2811bd2",
            "messageTitle": "Add assert statements for Executor",
            "messageBody": "",
            "insertions": 5,
            "deletions": 0
          }
        ]
      },
      {
        "insertions": 6,
        "deletions": 15,
        "date": "2020-02-11",
        "commitResults": [
          {
            "hash": "fb2f53051a66bff03ca02144a400caab5d7a99b6",
            "messageTitle": "Use Streams for ListInstruction (A-Streams)",
            "messageBody": "",
            "tags": [
              "A-Streams"
            ],
            "insertions": 6,
            "deletions": 15
          }
        ]
      },
      {
        "insertions": 50,
        "deletions": 26,
        "date": "2020-02-12",
        "commitResults": [
          {
            "hash": "3408f3c97f1f6fdcd5c1aef9c650adb0108b827a",
            "messageTitle": "Use Optional and Lambdas for FileReader (A-Lambdas)",
            "messageBody": "",
            "tags": [
              "A-Lambdas"
            ],
            "insertions": 24,
            "deletions": 7
          },
          {
            "hash": "8ad4781ae033866905fc343cde436598421c856d",
            "messageTitle": "Assertions for program exit (A-Assertions)",
            "messageBody": "",
            "tags": [
              "A-Assertions"
            ],
            "insertions": 9,
            "deletions": 0
          },
          {
            "hash": "9874db47091e84e1f6fbe676648f5a388da3bd7f",
            "messageTitle": "Remove redundant properties in Baron (A-CodeQuality)",
            "messageBody": "",
            "tags": [
              "A-CodeQuality"
            ],
            "insertions": 2,
            "deletions": 6
          },
          {
            "hash": "53022bad29c27d84262157955907538bd639da9d",
            "messageTitle": "Fix Checkstyle errors",
            "messageBody": "",
            "insertions": 15,
            "deletions": 13
          }
        ]
      },
      {
        "insertions": 674,
        "deletions": 186,
        "date": "2020-02-13",
        "commitResults": [
          {
            "hash": "81152e269dd71af3096211955ecd09071a66a50f",
            "messageTitle": "Add new Exception, new Instruction type",
            "messageBody": "",
            "insertions": 54,
            "deletions": 1
          },
          {
            "hash": "fabb6e948afd6d37488f899e655dca8fce8ec24a",
            "messageTitle": "Fix import spacing in Instructions",
            "messageBody": "",
            "insertions": 3,
            "deletions": 26
          },
          {
            "hash": "288aa32c8116bf1ccf5fccca7468ec9ac7b46c5e",
            "messageTitle": "New package bot.store",
            "messageBody": "",
            "insertions": 19,
            "deletions": 19
          },
          {
            "hash": "eeceb0980a6dd0425d7d69ae24ff0a42c8b61b01",
            "messageTitle": "Fix imports",
            "messageBody": "",
            "insertions": 3,
            "deletions": 11
          },
          {
            "hash": "0096e25dc1a71136b700bd67653b91a6a4dc98bc",
            "messageTitle": "AliasInstruction, Pair",
            "messageBody": "",
            "insertions": 79,
            "deletions": 0
          },
          {
            "hash": "6f6f286b7e43b20eba87b015dd3f08620f3a2340",
            "messageTitle": "Public maps in CommandParser",
            "messageBody": "",
            "insertions": 14,
            "deletions": 9
          },
          {
            "hash": "fefc22b9b9a150b51400ba41d2a7c98022f78aa7",
            "messageTitle": "Convert Command to class",
            "messageBody": "",
            "insertions": 22,
            "deletions": 20
          },
          {
            "hash": "93c138efedc2bb528b9f8e2c7302ba27ec143c9e",
            "messageTitle": "Implement alias logic in AliasInstruction",
            "messageBody": "",
            "insertions": 25,
            "deletions": 4
          },
          {
            "hash": "37e3c297806cec6aedd9374fe5cc3d3143e64926",
            "messageTitle": "New classes AliasLoader, AliasStorage",
            "messageBody": "",
            "insertions": 237,
            "deletions": 35
          },
          {
            "hash": "ddf4a2b67da374ba08814cb0d6e7316e8e5c627c",
            "messageTitle": "Working alias instruction",
            "messageBody": "",
            "insertions": 146,
            "deletions": 46
          },
          {
            "hash": "d91d268c97325e1d9e39296b9d1b2916d19e7ed3",
            "messageTitle": "Alias message",
            "messageBody": "",
            "insertions": 31,
            "deletions": 8
          },
          {
            "hash": "8a6961e0f6d96e1bc5062662a844d94742a5cabb",
            "messageTitle": "Update help with alias",
            "messageBody": "",
            "insertions": 10,
            "deletions": 0
          },
          {
            "hash": "fbdbc5479b02b7b54a0458323afcb258f6c457e9",
            "messageTitle": "Fix aliases not loading properly",
            "messageBody": "",
            "insertions": 4,
            "deletions": 1
          },
          {
            "hash": "2b0c70d266e5125d1c4ad60c6f247ed9e6bf000f",
            "messageTitle": "Fix alias in GUI",
            "messageBody": "",
            "insertions": 3,
            "deletions": 2
          },
          {
            "hash": "4d0c7726baea041d4f2d2bd54b661b7bbbd448a6",
            "messageTitle": "Change storage directory",
            "messageBody": "",
            "insertions": 1,
            "deletions": 1
          },
          {
            "hash": "f95021860279a93f5f700ef51e9e8eef6da00b6c",
            "messageTitle": "Add default aliases (C-FriendlierSyntax)",
            "messageBody": "",
            "tags": [
              "C-FriendlierSyntax"
            ],
            "insertions": 23,
            "deletions": 3
          }
        ]
      },
      {
        "insertions": 26,
        "deletions": 0,
        "date": "2020-02-20",
        "commitResults": [
          {
            "hash": "50749d1c2da42da9ff4e34e34b7d1aec7252278d",
            "messageTitle": "Include credits for JavaFX tutorial",
            "messageBody": "",
            "insertions": 26,
            "deletions": 0
          }
        ]
      }
    ]
  },
  "authorFinalContributionMap": {
    "alcen": 3938
  },
  "authorFileTypeContributionMap": {
    "alcen": {
      "java": 3696,
      "md": 0,
      "fxml": 43,
      "sh": 41,
      "bat": 0,
      "gradle": 26,
      "txt": 132
    }
  },
  "authorContributionVariance": {
    "alcen": 182121.75
  },
  "authorDisplayNameMap": {
    "alcen": "CS2103T-F09- 1 TAN ..LDEN"
  }
}
