{
  "authorDailyContributionsMap": {
    "khsc96": [
      {
        "insertions": 519,
        "deletions": 92,
        "date": "2020-01-22",
        "commitResults": [
          {
            "hash": "5ed2958dfe8baef4431339e7e0d0834b9b0e07be",
            "messageTitle": "Level 1-1 completed",
            "messageBody": "",
            "insertions": 112,
            "deletions": 7
          },
          {
            "hash": "dceb3a4aefb57359c277faac87f470be165039c6",
            "messageTitle": "Level 2 Completed",
            "messageBody": "",
            "tags": [
              "Level-2"
            ],
            "insertions": 73,
            "deletions": 10
          },
          {
            "hash": "5a0e5faada62b8c4d4fa6e6c6aff53ba3a9e8bb5",
            "messageTitle": "Level 3 Completed",
            "messageBody": "",
            "tags": [
              "Level-3"
            ],
            "insertions": 55,
            "deletions": 11
          },
          {
            "hash": "f623ef604177f3d47f4747585697d059a6171ee3",
            "messageTitle": "Level 4 Completed",
            "messageBody": "",
            "insertions": 217,
            "deletions": 43
          },
          {
            "hash": "8515419adb41918c1fbaa17f3a0ca1695b27b248",
            "messageTitle": "Edited formatting, deleted unwanted print line",
            "messageBody": "",
            "insertions": 9,
            "deletions": 10
          },
          {
            "hash": "84cc1e404885c344ee473a42c9ca3ab935f790df",
            "messageTitle": "Text-UI-Testing Completed",
            "messageBody": "",
            "tags": [
              "A-TextUiTesting"
            ],
            "insertions": 53,
            "deletions": 11
          }
        ]
      },
      {
        "insertions": 155,
        "deletions": 38,
        "date": "2020-01-23",
        "commitResults": [
          {
            "hash": "88076d1d430bd119bb76b96ba99b78a07c7cc8fd",
            "messageTitle": "Edited formatting: Level 4 Updated",
            "messageBody": "",
            "tags": [
              "Level-4"
            ],
            "insertions": 2,
            "deletions": 2
          },
          {
            "hash": "7fca1e18a47057068c4ff071e8b994d2cda14901",
            "messageTitle": "Edited EXPECTED.txt accordingly",
            "messageBody": "",
            "insertions": 5,
            "deletions": 5
          },
          {
            "hash": "c1995aba504b14d3b973138b8a6fb8983a447b1b",
            "messageTitle": "Level 5 Completed",
            "messageBody": "",
            "tags": [
              "Level-5"
            ],
            "insertions": 112,
            "deletions": 12
          },
          {
            "hash": "6d421f34f9cedb28d0c2808d20e7a2608cf1e748",
            "messageTitle": "Level 6 Completed",
            "messageBody": "",
            "insertions": 22,
            "deletions": 6
          },
          {
            "hash": "feb728489b0d3b9393c5c4aff9e22fddad0f090f",
            "messageTitle": "Duke: Changed exception to print to stdout, changed new line use for greeting",
            "messageBody": "",
            "tags": [
              "Level-6"
            ],
            "insertions": 14,
            "deletions": 13
          }
        ]
      },
      {
        "insertions": 240,
        "deletions": 34,
        "date": "2020-01-28",
        "commitResults": [
          {
            "hash": "ede2673a3366221efa3500db4d272bb7056dc096",
            "messageTitle": "Added getter method for Event and Deadline time details",
            "messageBody": "",
            "insertions": 12,
            "deletions": 0
          },
          {
            "hash": "2a0e3d978fedcc08ff64c50014a6e29ec24f1a17",
            "messageTitle": "Storage: Added Storage class for saving and loading tasks",
            "messageBody": "",
            "insertions": 108,
            "deletions": 1
          },
          {
            "hash": "3907934b471842672995511a8db108e4f4e85daf",
            "messageTitle": "Level 7 Completed",
            "messageBody": "",
            "tags": [
              "Level-7"
            ],
            "insertions": 77,
            "deletions": 17
          },
          {
            "hash": "1d15ff476154519fb5a529fa72774655ebe145c3",
            "messageTitle": "Event: Updated time from String object to LocalDate object",
            "messageBody": "",
            "insertions": 10,
            "deletions": 5
          },
          {
            "hash": "9a6674fcb87c0a6738af4f419ec4f39dc62efdbf",
            "messageTitle": "Deadline: Updated time from String object to LocalDate object",
            "messageBody": "",
            "insertions": 8,
            "deletions": 3
          },
          {
            "hash": "6378ca291dd66e11c637d14cb60bf78d7d6ae859",
            "messageTitle": "Duke: Added DateTimeException handling and format, Level 8 completed",
            "messageBody": "",
            "insertions": 25,
            "deletions": 8
          }
        ]
      },
      {
        "insertions": 524,
        "deletions": 250,
        "date": "2020-01-29",
        "commitResults": [
          {
            "hash": "75d88fd9cbe9ba8b3074cdeb88b9b1c25fc99ff2",
            "messageTitle": "Refactor: Used more OOP",
            "messageBody": "",
            "tags": [
              "A-MoreOOP"
            ],
            "insertions": 378,
            "deletions": 235
          },
          {
            "hash": "3eb543749d9c491cf60fe6b37314a672218ad482",
            "messageTitle": "Parser: Added else loop in EVENT",
            "messageBody": "",
            "insertions": 2,
            "deletions": 1
          },
          {
            "hash": "2d6010455d8fa131a633d0c2701c015520f3d31d",
            "messageTitle": "Build jar file",
            "messageBody": "",
            "insertions": 6,
            "deletions": 11
          },
          {
            "hash": "3be17fe4b16208a3e606bb998c6263723f521e11",
            "messageTitle": "test/java: Added JUnit test to Deadline, Event, ToDo and Task class",
            "messageBody": "",
            "tags": [
              "A-JUnit"
            ],
            "insertions": 138,
            "deletions": 3
          }
        ]
      },
      {
        "insertions": 460,
        "deletions": 57,
        "date": "2020-01-30",
        "commitResults": [
          {
            "hash": "8c9e80c17748623306eb23c4ee14a43d94a46fb0",
            "messageTitle": "JavaDoc: Added JavaDoc for Command, Duke, Storage, TaskList and Ui class",
            "messageBody": "",
            "insertions": 238,
            "deletions": 33
          },
          {
            "hash": "3030f8817a2f939fc27c07c3c5f1a0099f58f1b0",
            "messageTitle": "JavaDoc: Added JavaDoc for all Task classes, Enum class and DukeException class",
            "messageBody": "",
            "tags": [
              "A-JavaDoc"
            ],
            "insertions": 165,
            "deletions": 15
          },
          {
            "hash": "bb685f437d5b294f9f1e6a0a090956847888ef22",
            "messageTitle": "Coding standard: Updated code to abide by coding standard",
            "messageBody": "",
            "tags": [
              "A-CodingStandard"
            ],
            "insertions": 14,
            "deletions": 8
          },
          {
            "hash": "3dcf275644e5467cc7e2e249b57c717e7f55ab08",
            "messageTitle": "TaskList: Added findTask method Level-9 completed",
            "messageBody": "",
            "insertions": 20,
            "deletions": 0
          },
          {
            "hash": "467d966fd120162f5d74b79a2f86105abe8bd410",
            "messageTitle": "TaskListTest: Added JUnit test method testing findTask",
            "messageBody": "",
            "tags": [
              "Level-9",
              "A-Jar"
            ],
            "insertions": 23,
            "deletions": 1
          }
        ]
      },
      {
        "insertions": 109,
        "deletions": 106,
        "date": "2020-01-31",
        "commitResults": [
          {
            "hash": "6328ef5ed9bc189af3138b4a07625d733d567f7c",
            "messageTitle": "Coding Standard: Edit switch cases and comments",
            "messageBody": "",
            "insertions": 108,
            "deletions": 106
          },
          {
            "hash": "4d8a97a35d29b1df1fd8ecd7d6512966951e819c",
            "messageTitle": "Storage: Close scanner in load method",
            "messageBody": "",
            "tags": [
              "A-Gradle"
            ],
            "insertions": 1,
            "deletions": 0
          }
        ]
      },
      {
        "insertions": 376,
        "deletions": 164,
        "date": "2020-02-03",
        "commitResults": [
          {
            "hash": "4dae223bb5b513360f3b3e0985658c4c19fddade",
            "messageTitle": "Tutorial-1: Set-up JavaFx",
            "messageBody": "",
            "insertions": 43,
            "deletions": 3
          },
          {
            "hash": "20a7e45f304f8bdad3328c251685fbf7e4191814",
            "messageTitle": "Tutorial 1: Add another stage and scene",
            "messageBody": "",
            "insertions": 8,
            "deletions": 0
          },
          {
            "hash": "0b9f244d546c8f6bc527007e49d8a6c6ad0a817d",
            "messageTitle": "Tutorial 2: Design the layout",
            "messageBody": "",
            "insertions": 30,
            "deletions": 9
          },
          {
            "hash": "70b6fa4e64da66649a2913ee57c76ed07d2919f6",
            "messageTitle": "Tutorial 2: Style the controls",
            "messageBody": "",
            "insertions": 33,
            "deletions": 1
          },
          {
            "hash": "9ddeee8dc167bb7196d75ea40c85d4370d83c028",
            "messageTitle": "Tutorial 3: Echo user",
            "messageBody": "",
            "insertions": 28,
            "deletions": 4
          },
          {
            "hash": "428860da8b90f5c03edb577f84b0aab4e491cc73",
            "messageTitle": "Add dialog box",
            "messageBody": "",
            "insertions": 58,
            "deletions": 0
          },
          {
            "hash": "ac1d976706ccb7543b1216b1d236425c01fd4098",
            "messageTitle": "Tutorial 3: Add custom behavior to DialogBox",
            "messageBody": "",
            "insertions": 25,
            "deletions": 2
          },
          {
            "hash": "fa8bda34101efdf03b2bb295d725d7b16412a750",
            "messageTitle": "Tutorial 4: Add FXML",
            "messageBody": "",
            "insertions": 151,
            "deletions": 145
          }
        ]
      },
      {
        "insertions": 348,
        "deletions": 163,
        "date": "2020-02-04",
        "commitResults": [
          {
            "hash": "c36f0aebc7c15adf5d473a71e16cbcd940dc6968",
            "messageTitle": "Add JavaFx to Duke",
            "messageBody": "",
            "insertions": 104,
            "deletions": 63
          },
          {
            "hash": "8f85fab1dbbef2c460db5a6d66c8f61ecded1357",
            "messageTitle": "Add package duke, command, gui and task: error encountered",
            "messageBody": "",
            "insertions": 191,
            "deletions": 86
          },
          {
            "hash": "2503188b15d358981047ed082eee90dc3c54c332",
            "messageTitle": "JavaFx: Add exit message",
            "messageBody": "",
            "insertions": 22,
            "deletions": 3
          },
          {
            "hash": "798c845b196bcd0d8121c370b72dc71446be311f",
            "messageTitle": "JavaFx: Update Ui",
            "messageBody": "",
            "insertions": 12,
            "deletions": 4
          },
          {
            "hash": "b6dc5e6551d81ff5b4d357dca1c0fe9ea319c160",
            "messageTitle": "Parser: Update error handling for Deadline and Event command",
            "messageBody": "",
            "insertions": 12,
            "deletions": 4
          },
          {
            "hash": "df465c0b8f6497f82f36d0fdd7812fbc0b98bf9a",
            "messageTitle": "Parser: Add spaces according to feedback received",
            "messageBody": "",
            "tags": [
              "Level-10"
            ],
            "insertions": 7,
            "deletions": 3
          }
        ]
      },
      {
        "insertions": 101,
        "deletions": 50,
        "date": "2020-02-08",
        "commitResults": [
          {
            "hash": "15247c42fd2287700aaaa7f7153c4a89ca28b3f1",
            "messageTitle": "build.gradle: Change application main class name to launcher",
            "messageBody": "",
            "insertions": 1,
            "deletions": 1
          },
          {
            "hash": "54e7bdc0920c1c8cf6695bee093843a7cabad57a",
            "messageTitle": "build.gradle: Enable assertion",
            "messageBody": "",
            "insertions": 1,
            "deletions": 0
          },
          {
            "hash": "1672b17b3e4c802a5f165286dd595cb74724b536",
            "messageTitle": "Add assertions check",
            "messageBody": "",
            "tags": [
              "A-Assertions"
            ],
            "insertions": 29,
            "deletions": 4
          },
          {
            "hash": "9eb98de8b8948044d1ad5e773b7af19d224ea8a4",
            "messageTitle": "Parser: Improve parser method readability",
            "messageBody": "",
            "insertions": 70,
            "deletions": 45
          }
        ]
      },
      {
        "insertions": 192,
        "deletions": 62,
        "date": "2020-02-10",
        "commitResults": [
          {
            "hash": "a67044632d68ace334af52c860b964723daddb06",
            "messageTitle": "Improve save method code readability",
            "messageBody": "",
            "insertions": 59,
            "deletions": 24
          },
          {
            "hash": "6d3795082e9d7505a0bf56c490cf9db02e2e1e40",
            "messageTitle": "Storage: Improve load method code readability and exception handling",
            "messageBody": "",
            "insertions": 133,
            "deletions": 38
          }
        ]
      },
      {
        "insertions": 178,
        "deletions": 18,
        "date": "2020-02-11",
        "commitResults": [
          {
            "hash": "2e8b1ed0c1e3a6bfe578d2e752fd1166af57bb8a",
            "messageTitle": "Add feature help",
            "messageBody": "",
            "tags": [
              "C-Help"
            ],
            "insertions": 174,
            "deletions": 17
          },
          {
            "hash": "d1147f8a36ed1ca1ec104bc1718c52bdbfdddfa1",
            "messageTitle": "Ui: Add guide to help message on start-up",
            "messageBody": "",
            "insertions": 4,
            "deletions": 1
          }
        ]
      },
      {
        "insertions": 34,
        "deletions": 38,
        "date": "2020-02-17",
        "commitResults": [
          {
            "hash": "65ddd8caba4de4887257b4f688a7de4a89817e92",
            "messageTitle": "Ui: Remove indentation, improve on UI",
            "messageBody": "",
            "insertions": 30,
            "deletions": 32
          },
          {
            "hash": "4705a12854ee49b9b4beb57f8ddf47519d7d473d",
            "messageTitle": "DialogBox.fxml: Add bubble speech",
            "messageBody": "",
            "insertions": 1,
            "deletions": 1
          },
          {
            "hash": "72144f54ce51c91145d456d96e62b385c4d5f842",
            "messageTitle": "Ui: Improve Ui and add Ui.png",
            "messageBody": "",
            "insertions": 3,
            "deletions": 5
          }
        ]
      },
      {
        "insertions": 291,
        "deletions": 116,
        "date": "2020-02-18",
        "commitResults": [
          {
            "hash": "ae36d11a8b703c7947f8ea9096008ef91fae9ca4",
            "messageTitle": "README.md: Add User Guide",
            "messageBody": "",
            "insertions": 180,
            "deletions": 12
          },
          {
            "hash": "2c110818b7bde5aea2021a479533e83987793ad9",
            "messageTitle": "README: Fix user guide",
            "messageBody": "",
            "insertions": 39,
            "deletions": 50
          },
          {
            "hash": "6228b05366055631bd3253481283d4a55f031aa5",
            "messageTitle": "README: Fix headers",
            "messageBody": "",
            "insertions": 20,
            "deletions": 20
          },
          {
            "hash": "d4d302989eccaeb316c6cace9a9119d64f58618d",
            "messageTitle": "README: Add table of contents",
            "messageBody": "",
            "insertions": 26,
            "deletions": 4
          },
          {
            "hash": "1b6ce56e83de4490ddc317f8b360e1f11b6674cb",
            "messageTitle": "Fix dead links and improve Ui",
            "messageBody": "",
            "tags": [
              "v0.2",
              "A-UserGuide",
              "A-Release"
            ],
            "insertions": 25,
            "deletions": 25
          },
          {
            "hash": "fec8cbfd6735f6b8d6b9770bda25cfbef6143591",
            "messageTitle": "build.gradle: delete javafx",
            "messageBody": "",
            "insertions": 1,
            "deletions": 5
          }
        ]
      }
    ]
  },
  "authorFinalContributionMap": {
    "khsc96": 2327
  },
  "authorFileTypeContributionMap": {
    "khsc96": {
      "java": 1969,
      "md": 182,
      "fxml": 38,
      "sh": 0,
      "bat": 22,
      "gradle": 40,
      "txt": 76
    }
  },
  "authorContributionVariance": {
    "khsc96": 44504.832
  },
  "authorDisplayNameMap": {
    "khsc96": "CS2103T-W12- 1 HO S..ENNY"
  }
}
