{
  "authorDailyContributionsMap": {
    "dinhnhobao": [
      {
        "insertions": 313,
        "deletions": 78,
        "date": "2020-01-21",
        "commitResults": [
          {
            "hash": "3548e43273783cdd3201efd2bd6f5ce770ef664b",
            "messageTitle": "update bot greetings",
            "messageBody": "",
            "tags": [
              "Level-1"
            ],
            "insertions": 10,
            "deletions": 0
          },
          {
            "hash": "59c15307f204d6a9b62d01f43031b313f2080784",
            "messageTitle": "update bot add, list",
            "messageBody": "",
            "insertions": 18,
            "deletions": 5
          },
          {
            "hash": "a74891ad354d603ae98dae6b8c8e7906c992674d",
            "messageTitle": "update bot add, list styling",
            "messageBody": "",
            "tags": [
              "Level-2"
            ],
            "insertions": 0,
            "deletions": 2
          },
          {
            "hash": "c0d7283ba52fafd948e1681b3869cebd1c2938bf",
            "messageTitle": "create Task class with operations",
            "messageBody": "",
            "tags": [
              "Level-3",
              "A-Classes"
            ],
            "insertions": 31,
            "deletions": 3
          },
          {
            "hash": "70a836f6f7a9516c7144f9e74e29280ac32ef7c8",
            "messageTitle": "extend Task class",
            "messageBody": "",
            "tags": [
              "Level-4",
              "A-Inheritance"
            ],
            "insertions": 66,
            "deletions": 4
          },
          {
            "hash": "ccc307b92fa9947a93080742f897f280ca3a2297",
            "messageTitle": "implement testing",
            "messageBody": "",
            "tags": [
              "A-TextUiTesting"
            ],
            "insertions": 71,
            "deletions": 0
          },
          {
            "hash": "fad511add7c027ea1fb9b38cd679f2485069e0e8",
            "messageTitle": "add ChatBot class",
            "messageBody": "",
            "insertions": 4,
            "deletions": 0
          },
          {
            "hash": "700800992444920c6f64668ee26ef9553a4eaa54",
            "messageTitle": "handle errors and exceptions",
            "messageBody": "",
            "tags": [
              "Level-5",
              "A-Exceptions"
            ],
            "insertions": 99,
            "deletions": 58
          },
          {
            "hash": "c27b58c33b4ddd73951473fe1a97985cc078b1e1",
            "messageTitle": "update delete operation",
            "messageBody": "",
            "tags": [
              "Level-6"
            ],
            "insertions": 11,
            "deletions": 5
          },
          {
            "hash": "67cd9559e9ccee43fff6fa60d5d9ff399b47e7ef",
            "messageTitle": "update testing scripts",
            "messageBody": "",
            "insertions": 3,
            "deletions": 1
          }
        ]
      },
      {
        "insertions": 143,
        "deletions": 20,
        "date": "2020-02-03",
        "commitResults": [
          {
            "hash": "80cb0aa37de75ee9aa7981594545cb2592e8c296",
            "messageTitle": "save in database, Level-7",
            "messageBody": "",
            "tags": [
              "Level-7"
            ],
            "insertions": 143,
            "deletions": 20
          }
        ]
      },
      {
        "insertions": 348,
        "deletions": 146,
        "date": "2020-02-04",
        "commitResults": [
          {
            "hash": "a66bfd019a31733e48b2c44709004f46808828d2",
            "messageTitle": "update dates and times, Level-8",
            "messageBody": "",
            "tags": [
              "Level-8"
            ],
            "insertions": 86,
            "deletions": 16
          },
          {
            "hash": "9a08dba90aee6c19de15629780db91d248a4d405",
            "messageTitle": "update database with Dates",
            "messageBody": "",
            "insertions": 4,
            "deletions": 4
          },
          {
            "hash": "c2b42fa3785d64cf8bbb2df506738fae09af02a1",
            "messageTitle": "remodularise, create Storage and TaskList class",
            "messageBody": "",
            "insertions": 115,
            "deletions": 74
          },
          {
            "hash": "8010e5c6a1a84d7a8e9b227a025450f361a41911",
            "messageTitle": "create Ui class for println, A-MoreOOP",
            "messageBody": "",
            "tags": [
              "A-MoreOOP"
            ],
            "insertions": 86,
            "deletions": 49
          },
          {
            "hash": "c24e83b88fefd2d364303c8d73b1da091062efd9",
            "messageTitle": "add JUnit tests, A-JUnit",
            "messageBody": "",
            "tags": [
              "A-Jar",
              "A-JUnit"
            ],
            "insertions": 57,
            "deletions": 3
          }
        ]
      },
      {
        "insertions": 528,
        "deletions": 110,
        "date": "2020-02-06",
        "commitResults": [
          {
            "hash": "451acf5bed717f9bf22972b3c3eb967b9d9646b8",
            "messageTitle": "add find tasks, Level-9",
            "messageBody": "",
            "insertions": 16,
            "deletions": 3
          },
          {
            "hash": "a03565708aafdb5033baae721c480c0d96a3d9c7",
            "messageTitle": "fix styling and indentations, A-CodingStandard",
            "messageBody": "",
            "insertions": 88,
            "deletions": 87
          },
          {
            "hash": "3202d2ea55ee66454b11cea6111cb956be6f1a3a",
            "messageTitle": "update some JavaDoc documentations",
            "messageBody": "",
            "insertions": 158,
            "deletions": 12
          },
          {
            "hash": "3c4b74070b35a827967ec49729f16c5c89ae92e3",
            "messageTitle": "build using Gradle, A-Gradle, A-Checkstyle",
            "messageBody": "",
            "tags": [
              "A-Gradle",
              "A-Checkstyle"
            ],
            "insertions": 26,
            "deletions": 3
          },
          {
            "hash": "c10001e79c99fd857ffe4d6dc7c45ba44e333b42",
            "messageTitle": "add GUI using JavaFx, Level-10, A-JavaFx",
            "messageBody": "",
            "tags": [
              "A-JavaFx"
            ],
            "insertions": 240,
            "deletions": 5
          }
        ]
      },
      {
        "insertions": 386,
        "deletions": 338,
        "date": "2020-02-18",
        "commitResults": [
          {
            "hash": "324e85c03b1836eaa6b5e2bcb73a5e7cbdeb11c5",
            "messageTitle": "change Ui messages to String",
            "messageBody": "",
            "insertions": 108,
            "deletions": 126
          },
          {
            "hash": "a9551e39f1945ae225a5edaf5c53161813b222fb",
            "messageTitle": "change TaskList messages to String, remove ChatBot class",
            "messageBody": "",
            "insertions": 20,
            "deletions": 26
          },
          {
            "hash": "9379bf187f321dd39d84a2bc790ac4aeba84919a",
            "messageTitle": "display messages in chatBot UI",
            "messageBody": "",
            "tags": [
              "Level-10",
              "A-Streams",
              "A-Lambdas",
              "A-JavaFX"
            ],
            "insertions": 28,
            "deletions": 24
          },
          {
            "hash": "3b405c36899236fd936e975bab9432f3d7d8488e",
            "messageTitle": "add assertions for Duke class",
            "messageBody": "",
            "tags": [
              "A-Assertions"
            ],
            "insertions": 0,
            "deletions": 28
          },
          {
            "hash": "141b4f2d7a2883f3f502472d00d90a3921e988ea",
            "messageTitle": "improve code quality from PRs, part 1",
            "messageBody": "",
            "insertions": 64,
            "deletions": 55
          },
          {
            "hash": "4dc7b8fdb4d5c85e6d4241a9139956b4562eddc8",
            "messageTitle": "redesign Todo for Date, part 2",
            "messageBody": "",
            "tags": [
              "A-CodeQuality"
            ],
            "insertions": 130,
            "deletions": 69
          },
          {
            "hash": "10e4ca6210953cb3ae917df3eb8ac046f7e59b0f",
            "messageTitle": "C-Sort",
            "messageBody": "",
            "tags": [
              "C-Sort"
            ],
            "insertions": 30,
            "deletions": 9
          },
          {
            "hash": "43ad740f452bf7a44f154132f058b04c6ecf93fc",
            "messageTitle": "add UI screenshot",
            "messageBody": "",
            "tags": [
              "A-UserGuide",
              "A-Release"
            ],
            "insertions": 6,
            "deletions": 1
          }
        ]
      },
      {
        "insertions": 5,
        "deletions": 4,
        "date": "2020-02-20",
        "commitResults": [
          {
            "hash": "d35c6ceeb4b32a55c64ff78020830649443707c0",
            "messageTitle": "update docs",
            "messageBody": "",
            "tags": [
              "v0.2"
            ],
            "insertions": 5,
            "deletions": 4
          }
        ]
      },
      {
        "insertions": 20,
        "deletions": 7,
        "date": "2020-02-29",
        "commitResults": [
          {
            "hash": "cc66979c6b1dc6acd5fb050fad741d55023dca1b",
            "messageTitle": "Add Welcome message, closing when bye",
            "messageBody": "",
            "insertions": 20,
            "deletions": 7
          }
        ]
      },
      {
        "insertions": 200,
        "deletions": 85,
        "date": "2020-03-01",
        "commitResults": [
          {
            "hash": "2e63fd5c22909133532376f04a71560f824a66bc",
            "messageTitle": "Bug fixes for File I/O",
            "messageBody": "",
            "tags": [
              "Level-7-updates"
            ],
            "insertions": 51,
            "deletions": 24
          },
          {
            "hash": "3fb0d3e1dba5695f2f56c6850cd185021afaf63d",
            "messageTitle": "Update UI and README",
            "messageBody": "",
            "insertions": 81,
            "deletions": 22
          },
          {
            "hash": "a1d93c766d8a2387f6f6756209f2e098a9ec7e11",
            "messageTitle": "Update edge cases for Tasks input",
            "messageBody": "",
            "tags": [
              "A-UserGuide-updates",
              "A-Release-updates"
            ],
            "insertions": 9,
            "deletions": 9
          },
          {
            "hash": "7732dbe38f97dbeb7a4f9ad41ddf8ad5d632724d",
            "messageTitle": "Update README.md",
            "messageBody": "",
            "insertions": 3,
            "deletions": 2
          },
          {
            "hash": "ca10ef5dfed5aef2af40b25350ddfa47477bf9cb",
            "messageTitle": "Update README, caution",
            "messageBody": "",
            "insertions": 2,
            "deletions": 1
          },
          {
            "hash": "d31bc881af9150f47b40de9444f3f6ddcaf334e2",
            "messageTitle": "Comply with Ant checkstyle for Gradle",
            "messageBody": "",
            "insertions": 54,
            "deletions": 27
          }
        ]
      }
    ]
  },
  "authorFinalContributionMap": {
    "dinhnhobao": 1149
  },
  "authorFileTypeContributionMap": {
    "dinhnhobao": {
      "java": 934,
      "md": 73,
      "fxml": 35,
      "sh": 0,
      "bat": 23,
      "gradle": 27,
      "txt": 57
    }
  },
  "authorContributionVariance": {
    "dinhnhobao": 26214.898
  },
  "authorDisplayNameMap": {
    "dinhnhobao": "CS2103T-F10- 4 DINH.. BAO"
  }
}
