{
  "authorDailyContributionsMap": {
    "zsoh97": [
      {
        "insertions": 150,
        "deletions": 29,
        "date": "2020-01-19",
        "commitResults": [
          {
            "hash": "d1322564584344a2e7002f5a6c8a51da8fdb21a8",
            "messageTitle": "level-1 commit",
            "messageBody": "",
            "tags": [
              "level-1"
            ],
            "insertions": 17,
            "deletions": 1
          },
          {
            "hash": "03c4f5cacb75b3477326aca8150130f6aa202346",
            "messageTitle": "level-2 commit",
            "messageBody": "",
            "tags": [
              "level-2"
            ],
            "insertions": 15,
            "deletions": 2
          },
          {
            "hash": "90cfa7bc8453bd4fe23021b642d0e77cd2a5e775",
            "messageTitle": "level-3 commit",
            "messageBody": "",
            "tags": [
              "level-3"
            ],
            "insertions": 36,
            "deletions": 8
          },
          {
            "hash": "910235a94c27322f76973bac6f5f02d8bc4f3824",
            "messageTitle": "level-4 commit",
            "messageBody": "",
            "tags": [
              "level-4"
            ],
            "insertions": 82,
            "deletions": 18
          }
        ]
      },
      {
        "insertions": 109,
        "deletions": 43,
        "date": "2020-01-21",
        "commitResults": [
          {
            "hash": "a839254b76caba8a7bfd3cd062408dd99e61e07f",
            "messageTitle": "A-TextUiTesting commit",
            "messageBody": "",
            "tags": [
              "A-TextUiTesting"
            ],
            "insertions": 22,
            "deletions": 0
          },
          {
            "hash": "4277dddb0fc2e2a822f41dc77bf6670a0bc492ab",
            "messageTitle": "level 5 commit",
            "messageBody": "",
            "tags": [
              "level-5"
            ],
            "insertions": 59,
            "deletions": 38
          },
          {
            "hash": "8d0c50fc274b85816a2c03ad1a224b768c5b2905",
            "messageTitle": "level 6 commit",
            "messageBody": "",
            "tags": [
              "level-6",
              "A-Enums"
            ],
            "insertions": 28,
            "deletions": 5
          }
        ]
      },
      {
        "insertions": 56,
        "deletions": 9,
        "date": "2020-01-22",
        "commitResults": [
          {
            "hash": "930a078844469d563a0548ca65cd57b42ebb95c6",
            "messageTitle": "A-Enums commit",
            "messageBody": "",
            "insertions": 56,
            "deletions": 9
          }
        ]
      },
      {
        "insertions": 152,
        "deletions": 67,
        "date": "2020-01-25",
        "commitResults": [
          {
            "hash": "7dcb78025309b74c2d0de80d18d06c057048c59b",
            "messageTitle": "level-7 commit",
            "messageBody": "",
            "tags": [
              "level-7"
            ],
            "insertions": 152,
            "deletions": 67
          }
        ]
      },
      {
        "insertions": 46,
        "deletions": 31,
        "date": "2020-01-26",
        "commitResults": [
          {
            "hash": "ed40c2bc0da9caa4a8982208bad3fc07969b24e2",
            "messageTitle": "level-7 commit",
            "messageBody": "",
            "insertions": 6,
            "deletions": 0
          },
          {
            "hash": "7ebbba12160e7b1b012f5fc36ae8adae37d38eed",
            "messageTitle": "Revert \"level-7 commit\"",
            "messageBody": "This reverts commit ed40c2bc\n",
            "insertions": 0,
            "deletions": 6
          },
          {
            "hash": "2a01069ed16d0a4c71e05e686899e5457808b1f3",
            "messageTitle": "level-8 commit",
            "messageBody": "",
            "insertions": 21,
            "deletions": 15
          },
          {
            "hash": "df062a999801d03dbb03f8ec257b3a298ae7abc8",
            "messageTitle": "A-MoreOOP commit",
            "messageBody": "",
            "insertions": 19,
            "deletions": 10
          }
        ]
      },
      {
        "insertions": 71,
        "deletions": 39,
        "date": "2020-01-29",
        "commitResults": [
          {
            "hash": "e7bd9199cb134a3041f16ec9ee776a2037f70ea6",
            "messageTitle": "A-JUnit commit",
            "messageBody": "",
            "tags": [
              "v0.1",
              "A-JUnit"
            ],
            "insertions": 71,
            "deletions": 39
          }
        ]
      },
      {
        "insertions": 302,
        "deletions": 166,
        "date": "2020-01-30",
        "commitResults": [
          {
            "hash": "a1a0f1446424b64243a80057a25f05a75b8343d0",
            "messageTitle": "A-MoreOOP commit",
            "messageBody": "",
            "insertions": 302,
            "deletions": 166
          }
        ]
      },
      {
        "insertions": 317,
        "deletions": 253,
        "date": "2020-01-31",
        "commitResults": [
          {
            "hash": "be3ffa179cdd073ba4f34567e549de6f6b03dc3d",
            "messageTitle": "A-MoreOOP commit",
            "messageBody": "",
            "tags": [
              "A-MoreOOP"
            ],
            "insertions": 41,
            "deletions": 73
          },
          {
            "hash": "ebb04c49e937201788fe74d0ee5e00772830c665",
            "messageTitle": "Revert \"A-JUnit commit\"",
            "messageBody": "This reverts commit e7bd9199cb134a3041f16ec9ee776a2037f70ea6.\n\n# Conflicts:\n#\tdata/duke.txt\n",
            "insertions": 49,
            "deletions": 71
          },
          {
            "hash": "f03e731ed0bb2e4964f42985bf5262619c2c1d9d",
            "messageTitle": "A-JUnit commit",
            "messageBody": "",
            "insertions": 40,
            "deletions": 4
          },
          {
            "hash": "ba3194c30ee6dcf50923d804ed8c3c989d74dc59",
            "messageTitle": "A-JavaDoc commit",
            "messageBody": "",
            "tags": [
              "A-JavaDoc"
            ],
            "insertions": 187,
            "deletions": 105
          }
        ]
      },
      {
        "insertions": 290,
        "deletions": 145,
        "date": "2020-02-01",
        "commitResults": [
          {
            "hash": "b7749ce32dc08410fc88d112963804c137fbdfc6",
            "messageTitle": "A-CodingStandard commit",
            "messageBody": "",
            "tags": [
              "A-CodingStandard"
            ],
            "insertions": 237,
            "deletions": 144
          },
          {
            "hash": "7636cc57c310b14aa6d9b96f7e5a5fcb0ef79436",
            "messageTitle": "A-Level 9 commit",
            "messageBody": "",
            "tags": [
              "A-Level9"
            ],
            "insertions": 53,
            "deletions": 1
          }
        ]
      },
      {
        "insertions": 60,
        "deletions": 33,
        "date": "2020-02-03",
        "commitResults": [
          {
            "hash": "ba3af757b1c0018f2e33a85318f3be0342d2ba5f",
            "messageTitle": "Fixed deadline and event crashing when loaded from save file.",
            "messageBody": "",
            "insertions": 60,
            "deletions": 33
          }
        ]
      },
      {
        "insertions": 442,
        "deletions": 14,
        "date": "2020-02-06",
        "commitResults": [
          {
            "hash": "538006a3231553fdf9e8a8375e826038d577ae77",
            "messageTitle": "A-JavaFx Commit",
            "messageBody": "",
            "insertions": 442,
            "deletions": 14
          }
        ]
      }
    ]
  },
  "authorFinalContributionMap": {
    "zsoh97": 1185
  },
  "authorFileTypeContributionMap": {
    "zsoh97": {
      "java": 1092,
      "md": 0,
      "fxml": 42,
      "sh": 0,
      "bat": 21,
      "gradle": 25,
      "txt": 5
    }
  },
  "authorContributionVariance": {
    "zsoh97": 30243.795
  },
  "authorDisplayNameMap": {
    "zsoh97": "CS2103T-F09- 4 SOH ..ZEKE"
  }
}
