{
  "authorDailyContributionsMap": {
    "dargohzy": [
      {
        "insertions": 265,
        "deletions": 0,
        "date": "2020-01-26",
        "commitResults": [
          {
            "hash": "110346d5882384e3903fb8a17b936e7ab2ec0394",
            "messageTitle": "Misread the assignment and forgot to use git commit at different levels. Was wondering why I only needed to tag at each stage. I did everything according to the page please give chance :(",
            "messageBody": "",
            "insertions": 265,
            "deletions": 0
          }
        ]
      },
      {
        "insertions": 85,
        "deletions": 16,
        "date": "2020-02-01",
        "commitResults": [
          {
            "hash": "1fb7f75076ff6a45502ea6ec998d5ad0da2c808e",
            "messageTitle": "Added classes Deadline, Event, Todo to practice inheritance",
            "messageBody": "",
            "insertions": 10,
            "deletions": 0
          },
          {
            "hash": "51ed8ac648fb281b25a5fbd3209d95315bb3a20c",
            "messageTitle": "Added new files with proper git add command",
            "messageBody": "",
            "insertions": 52,
            "deletions": 13
          },
          {
            "hash": "fc589a30691d5a774235ce43c50f1ddb72db072e",
            "messageTitle": "git commit git push git tag branch-Level-7",
            "messageBody": "",
            "insertions": 23,
            "deletions": 3
          }
        ]
      },
      {
        "insertions": 93,
        "deletions": 9,
        "date": "2020-02-03",
        "commitResults": [
          {
            "hash": "dbe7770d8795b2ded4c95b86913ea1c8dfff1218",
            "messageTitle": "Added Date \u0026 Time functionality to Deadline and Java. Updated DukeException to include error for wrong dateTime input.",
            "messageBody": "",
            "insertions": 89,
            "deletions": 5
          },
          {
            "hash": "bad146aebedb206b2fd95e22be5f2ff243d3e9ee",
            "messageTitle": "Updated filepath to be relative instead of absolute.",
            "messageBody": "",
            "insertions": 2,
            "deletions": 2
          },
          {
            "hash": "fb123ded64ad188a4450fc4fc337a515e7505a44",
            "messageTitle": "Revert \"Updated filepath to be relative instead of absolute.\"",
            "messageBody": "This reverts commit bad146aebedb206b2fd95e22be5f2ff243d3e9ee.\n",
            "insertions": 2,
            "deletions": 2
          }
        ]
      },
      {
        "insertions": 322,
        "deletions": 183,
        "date": "2020-02-04",
        "commitResults": [
          {
            "hash": "70dfa6da58121c7f0ca3e86031477e4a8176e3b3",
            "messageTitle": "Added more classes for A-UseMoreOOP: 1. DukeUserInterface class 2. Storage class 3. TaskList class 4. Parser class Updated Duke.java to incorporate new classes.",
            "messageBody": "",
            "insertions": 250,
            "deletions": 143
          },
          {
            "hash": "925d1ab61931bb098ac534aef8545425411adaab",
            "messageTitle": "Packaged classes into duke class. Separated task classes into inner package duke.task Separated command class into innter package duke.command Made minor changes to code for checkstyle purposes. (Eg. Final Variables)",
            "messageBody": "",
            "insertions": 72,
            "deletions": 40
          }
        ]
      }
    ]
  },
  "authorFinalContributionMap": {
    "dargohzy": 563
  },
  "authorFileTypeContributionMap": {
    "dargohzy": {
      "java": 500,
      "txt": 42,
      "bat": 21
    }
  },
  "authorContributionVariance": {
    "dargohzy": 9883.429
  },
  "authorDisplayNameMap": {
    "dargohzy": "CS2103T-F09- 3 DARY..YUAN"
  }
}
