{
  "authorDailyContributionsMap": {
    "dawidjaja": [
      {
        "insertions": 546,
        "deletions": 210,
        "date": "2020-01-23",
        "commitResults": [
          {
            "hash": "a956b7aa82a3681b425b37515067a265eb050c95",
            "messageTitle": "first-tutorial",
            "messageBody": "",
            "fileTypesAndContributionMap": {
              "gradle": {
                "insertions": 7,
                "deletions": 3
              },
              "java": {
                "insertions": 163,
                "deletions": 1
              },
              "bat": {
                "insertions": 84,
                "deletions": 84
              },
              "sh": {
                "insertions": 34,
                "deletions": 0
              }
            }
          },
          {
            "hash": "a3eb6c757d469e3b772cf43f209f5ff7740b136d",
            "messageTitle": "greet-echo-exit",
            "messageBody": "",
            "fileTypesAndContributionMap": {
              "java": {
                "insertions": 25,
                "deletions": 34
              }
            }
          },
          {
            "hash": "b9075efecab471d09a23a804e7ee8b45c90c0569",
            "messageTitle": "bugfix add handleUserInput",
            "messageBody": "",
            "tags": [
              "Level-1"
            ],
            "fileTypesAndContributionMap": {
              "java": {
                "insertions": 16,
                "deletions": 22
              }
            }
          },
          {
            "hash": "c546bf25aab70a133caba09451f29ad0582a5ebc",
            "messageTitle": "add listing",
            "messageBody": "",
            "tags": [
              "Level-2"
            ],
            "fileTypesAndContributionMap": {
              "java": {
                "insertions": 12,
                "deletions": 1
              }
            }
          },
          {
            "hash": "6282f363d9ff7f42ab2f60759ddaf024968de304",
            "messageTitle": "add Task Class",
            "messageBody": "",
            "tags": [
              "Level-3"
            ],
            "fileTypesAndContributionMap": {
              "java": {
                "insertions": 29,
                "deletions": 2
              }
            }
          },
          {
            "hash": "d54e30532d886d14151203e80207d2d550bd6314",
            "messageTitle": "add event and deadline",
            "messageBody": "",
            "tags": [
              "Level-4"
            ],
            "fileTypesAndContributionMap": {
              "java": {
                "insertions": 76,
                "deletions": 6
              }
            }
          },
          {
            "hash": "4686a0e34607a24d60072388935e52cc6c2cb116",
            "messageTitle": "add exception for input",
            "messageBody": "",
            "tags": [
              "Level-5"
            ],
            "fileTypesAndContributionMap": {
              "java": {
                "insertions": 80,
                "deletions": 54
              }
            }
          },
          {
            "hash": "db4ddd2e0861fc36d43824fb317061676094921a",
            "messageTitle": "add delete",
            "messageBody": "",
            "tags": [
              "Level-6"
            ],
            "fileTypesAndContributionMap": {
              "java": {
                "insertions": 20,
                "deletions": 3
              }
            }
          }
        ]
      },
      {
        "insertions": 92,
        "deletions": 16,
        "date": "2020-02-03",
        "commitResults": [
          {
            "hash": "d2e28463c87b025129de77198e78302eb1243723",
            "messageTitle": "Add save tasks",
            "messageBody": "",
            "tags": [
              "Level-7"
            ],
            "fileTypesAndContributionMap": {
              "java": {
                "insertions": 92,
                "deletions": 16
              }
            }
          }
        ]
      },
      {
        "insertions": 57,
        "deletions": 9,
        "date": "2020-02-04",
        "commitResults": [
          {
            "hash": "af38dc69dd0cd041887a2df23182ffb89987aafe",
            "messageTitle": "add datetime format",
            "messageBody": "",
            "tags": [
              "Level-8"
            ],
            "fileTypesAndContributionMap": {
              "java": {
                "insertions": 19,
                "deletions": 6
              }
            }
          },
          {
            "hash": "f0eb999e754239b9e1b642886ac1be17654721ee",
            "messageTitle": "A-JUnit",
            "messageBody": "",
            "tags": [
              "v0.1",
              "A-JUnit"
            ],
            "fileTypesAndContributionMap": {
              "java": {
                "insertions": 24,
                "deletions": 0
              }
            }
          },
          {
            "hash": "bfc14c831f1efbc3baa381de7c536003f0ed00ca",
            "messageTitle": "add description and gui",
            "messageBody": "",
            "tags": [
              "Level-10"
            ],
            "fileTypesAndContributionMap": {
              "java": {
                "insertions": 8,
                "deletions": 0
              }
            }
          },
          {
            "hash": "2a62489623b71b63ba3a1345a3aebe8093db9131",
            "messageTitle": "change build.gradle",
            "messageBody": "",
            "tags": [
              "A-Gradle"
            ],
            "fileTypesAndContributionMap": {
              "gradle": {
                "insertions": 1,
                "deletions": 1
              }
            }
          },
          {
            "hash": "c511aea6ccb2992a5843f150a6018eb3d6978d23",
            "messageTitle": "change style",
            "messageBody": "",
            "tags": [
              "A-CheckStyle"
            ],
            "fileTypesAndContributionMap": {
              "java": {
                "insertions": 4,
                "deletions": 2
              }
            }
          },
          {
            "hash": "7c8f4ce36adb31137a543295c20168c9422d3278",
            "messageTitle": "fix style",
            "messageBody": "",
            "tags": [
              "A-JavaFx"
            ],
            "fileTypesAndContributionMap": {
              "java": {
                "insertions": 1,
                "deletions": 0
              }
            }
          }
        ]
      },
      {
        "insertions": 86,
        "deletions": 35,
        "date": "2020-02-05",
        "commitResults": [
          {
            "hash": "309224dc9fcb64bd8dbe8de9bcf84f27a31abd11",
            "messageTitle": "fix gradle version",
            "messageBody": "",
            "fileTypesAndContributionMap": {
              "gradle": {
                "insertions": 6,
                "deletions": 0
              },
              "java": {
                "insertions": 0,
                "deletions": 1
              }
            }
          },
          {
            "hash": "63a98f37d3c38c66a485e892a40a6f3361ed60ef",
            "messageTitle": "add images",
            "messageBody": "",
            "fileTypesAndContributionMap": {
              "java": {
                "insertions": 80,
                "deletions": 34
              }
            }
          }
        ]
      },
      {
        "insertions": 630,
        "deletions": 316,
        "date": "2020-02-11",
        "commitResults": [
          {
            "hash": "b3b2ade27716c08316f15b8b3b1e5d435de542ac",
            "messageTitle": "add UI, Parser, and Handler class",
            "messageBody": "",
            "fileTypesAndContributionMap": {
              "java": {
                "insertions": 337,
                "deletions": 270
              }
            }
          },
          {
            "hash": "b4a89ee20edd65122623758a8f4c141677b0ea95",
            "messageTitle": "move parser and handler",
            "messageBody": "",
            "fileTypesAndContributionMap": {
              "java": {
                "insertions": 22,
                "deletions": 5
              }
            }
          },
          {
            "hash": "f271e61cf2fcf241e6fb6b583191b022754c1731",
            "messageTitle": "add assertions in parser",
            "messageBody": "",
            "tags": [
              "A-Assertions"
            ],
            "fileTypesAndContributionMap": {
              "java": {
                "insertions": 3,
                "deletions": 1
              }
            }
          },
          {
            "hash": "437255a888feb9ba54c8f3800552c7dec8da414d",
            "messageTitle": "add documentation",
            "messageBody": "",
            "tags": [
              "A-CodeQuality"
            ],
            "fileTypesAndContributionMap": {
              "java": {
                "insertions": 255,
                "deletions": 32
              }
            }
          },
          {
            "hash": "ca39e0337604c3393c991312eac8d54f9d57157a",
            "messageTitle": "add priority",
            "messageBody": "",
            "tags": [
              "C-Priority"
            ],
            "fileTypesAndContributionMap": {
              "java": {
                "insertions": 13,
                "deletions": 8
              }
            }
          }
        ]
      },
      {
        "insertions": 56,
        "deletions": 17,
        "date": "2020-02-12",
        "commitResults": [
          {
            "hash": "2bb7d59245e44b87d72f3410be51a6fcdac14641",
            "messageTitle": "fix priority",
            "messageBody": "",
            "fileTypesAndContributionMap": {
              "java": {
                "insertions": 56,
                "deletions": 17
              }
            }
          }
        ]
      },
      {
        "insertions": 58,
        "deletions": 8,
        "date": "2020-02-18",
        "commitResults": [
          {
            "hash": "5fe72423463c602aac2c8e54b58cd4413fc3c048",
            "messageTitle": "add instruction",
            "messageBody": "",
            "fileTypesAndContributionMap": {
              "java": {
                "insertions": 20,
                "deletions": 1
              }
            }
          },
          {
            "hash": "0479ac23ec93496b4c3272d4802fcc67265e6fba",
            "messageTitle": "add user guide",
            "messageBody": "",
            "fileTypesAndContributionMap": {
              "java": {
                "insertions": 1,
                "deletions": 1
              }
            }
          },
          {
            "hash": "9599af083158fd485172d010265ad2e15cc50a94",
            "messageTitle": "update readme",
            "messageBody": "",
            "fileTypesAndContributionMap": {
              "md": {
                "insertions": 13,
                "deletions": 5
              }
            }
          },
          {
            "hash": "8d0afe549c646166e92a7c4ca9785d58a785144e",
            "messageTitle": "add help",
            "messageBody": "",
            "tags": [
              "v0.2"
            ],
            "fileTypesAndContributionMap": {
              "java": {
                "insertions": 11,
                "deletions": 1
              }
            }
          },
          {
            "hash": "896072b626556abe0f91bb781913a14bbbed5f53",
            "messageTitle": "add gradle build jar file",
            "messageBody": "",
            "tags": [
              "A-Release"
            ],
            "fileTypesAndContributionMap": {
              "gradle": {
                "insertions": 13,
                "deletions": 0
              }
            }
          }
        ]
      },
      {
        "insertions": 156,
        "deletions": 13,
        "date": "2020-02-25",
        "commitResults": [
          {
            "hash": "9f4d027dd48ce05c4fafda147b6b51dd29b9450a",
            "messageTitle": "bug fig file path",
            "messageBody": "",
            "fileTypesAndContributionMap": {
              "java": {
                "insertions": 20,
                "deletions": 1
              },
              "md": {
                "insertions": 63,
                "deletions": 3
              }
            }
          },
          {
            "hash": "37d79a9da205a6d827336e3a401e536b56a242aa",
            "messageTitle": "update user doc",
            "messageBody": "",
            "fileTypesAndContributionMap": {
              "md": {
                "insertions": 73,
                "deletions": 9
              }
            }
          }
        ]
      },
      {
        "insertions": 46,
        "deletions": 24,
        "date": "2020-03-24",
        "commitResults": [
          {
            "hash": "70f2bc8f9eb5e16f200f728ac6ec8c66e1af1a75",
            "messageTitle": "update build.gradle",
            "messageBody": "",
            "tags": [
              "v0.2.1"
            ],
            "fileTypesAndContributionMap": {
              "gradle": {
                "insertions": 46,
                "deletions": 24
              }
            }
          }
        ]
      }
    ]
  },
  "authorFinalContributionMap": {
    "dawidjaja": 1093
  },
  "authorFileTypeContributionMap": {
    "dawidjaja": {
      "java": 876,
      "md": 135,
      "fxml": 0,
      "sh": 34,
      "bat": 1,
      "gradle": 47,
      "txt": 0
    }
  },
  "authorContributionVariance": {
    "dawidjaja": 20304.42
  },
  "authorDisplayNameMap": {
    "dawidjaja": "CS2103T-W13- 2 DANI..JAJA"
  }
}
