[
  {
    "path": "src/main/java/Deadline.java",
    "fileType": "java",
    "lines": [
      {
        "lineNumber": 1,
        "author": {
          "gitId": "l2ejected"
        },
        "content": "import java.time.LocalTime;"
      },
      {
        "lineNumber": 2,
        "author": {
          "gitId": "l2ejected"
        },
        "content": "import java.time.format.DateTimeFormatter;"
      },
      {
        "lineNumber": 3,
        "author": {
          "gitId": "l2ejected"
        },
        "content": "import java.time.LocalDate;"
      },
      {
        "lineNumber": 4,
        "author": {
          "gitId": "l2ejected"
        },
        "content": ""
      },
      {
        "lineNumber": 5,
        "author": {
          "gitId": "l2ejected"
        },
        "content": "public class Deadline extends Task{"
      },
      {
        "lineNumber": 6,
        "author": {
          "gitId": "l2ejected"
        },
        "content": "    protected LocalDate date;"
      },
      {
        "lineNumber": 7,
        "author": {
          "gitId": "l2ejected"
        },
        "content": ""
      },
      {
        "lineNumber": 8,
        "author": {
          "gitId": "l2ejected"
        },
        "content": "    public Deadline(String description, String by) {"
      },
      {
        "lineNumber": 9,
        "author": {
          "gitId": "l2ejected"
        },
        "content": "        super(description);"
      },
      {
        "lineNumber": 10,
        "author": {
          "gitId": "l2ejected"
        },
        "content": "        this.date \u003d LocalDate.parse(by);"
      },
      {
        "lineNumber": 11,
        "author": {
          "gitId": "l2ejected"
        },
        "content": "    }"
      },
      {
        "lineNumber": 12,
        "author": {
          "gitId": "l2ejected"
        },
        "content": ""
      },
      {
        "lineNumber": 13,
        "author": {
          "gitId": "l2ejected"
        },
        "content": "    public static String getDesc(char[] input) {"
      },
      {
        "lineNumber": 14,
        "author": {
          "gitId": "l2ejected"
        },
        "content": "        int marker \u003d 0;"
      },
      {
        "lineNumber": 15,
        "author": {
          "gitId": "l2ejected"
        },
        "content": "        String desc \u003d \"\";"
      },
      {
        "lineNumber": 16,
        "author": {
          "gitId": "l2ejected"
        },
        "content": "        for (int i \u003d input.length - 1; (input[i] !\u003d \u0027/\u0027); i--) {"
      },
      {
        "lineNumber": 17,
        "author": {
          "gitId": "l2ejected"
        },
        "content": "            marker \u003d i;"
      },
      {
        "lineNumber": 18,
        "author": {
          "gitId": "l2ejected"
        },
        "content": "        }"
      },
      {
        "lineNumber": 19,
        "author": {
          "gitId": "l2ejected"
        },
        "content": "        for (int i \u003d 9; i \u003c marker - 2; i++) {"
      },
      {
        "lineNumber": 20,
        "author": {
          "gitId": "l2ejected"
        },
        "content": "            desc +\u003d input[i];"
      },
      {
        "lineNumber": 21,
        "author": {
          "gitId": "l2ejected"
        },
        "content": "        }"
      },
      {
        "lineNumber": 22,
        "author": {
          "gitId": "l2ejected"
        },
        "content": "        return desc;"
      },
      {
        "lineNumber": 23,
        "author": {
          "gitId": "l2ejected"
        },
        "content": "    }"
      },
      {
        "lineNumber": 24,
        "author": {
          "gitId": "l2ejected"
        },
        "content": ""
      },
      {
        "lineNumber": 25,
        "author": {
          "gitId": "l2ejected"
        },
        "content": "    public static String getDate(String input) {"
      },
      {
        "lineNumber": 26,
        "author": {
          "gitId": "l2ejected"
        },
        "content": "        String[] tmp \u003d input.split(\" /by \");"
      },
      {
        "lineNumber": 27,
        "author": {
          "gitId": "l2ejected"
        },
        "content": "        String[] inputs \u003d tmp[1].split(\" \");"
      },
      {
        "lineNumber": 28,
        "author": {
          "gitId": "l2ejected"
        },
        "content": "        return inputs[0];"
      },
      {
        "lineNumber": 29,
        "author": {
          "gitId": "l2ejected"
        },
        "content": "    }"
      },
      {
        "lineNumber": 30,
        "author": {
          "gitId": "l2ejected"
        },
        "content": ""
      },
      {
        "lineNumber": 31,
        "author": {
          "gitId": "l2ejected"
        },
        "content": "    public String formatDate() {"
      },
      {
        "lineNumber": 32,
        "author": {
          "gitId": "l2ejected"
        },
        "content": "        return date.format(DateTimeFormatter.ofPattern(\"d-MMM-yyyy\"));"
      },
      {
        "lineNumber": 33,
        "author": {
          "gitId": "l2ejected"
        },
        "content": "    }"
      },
      {
        "lineNumber": 34,
        "author": {
          "gitId": "l2ejected"
        },
        "content": ""
      },
      {
        "lineNumber": 35,
        "author": {
          "gitId": "l2ejected"
        },
        "content": "    @Override"
      },
      {
        "lineNumber": 36,
        "author": {
          "gitId": "l2ejected"
        },
        "content": "    public String saveToText() {"
      },
      {
        "lineNumber": 37,
        "author": {
          "gitId": "l2ejected"
        },
        "content": "        String output;"
      },
      {
        "lineNumber": 38,
        "author": {
          "gitId": "l2ejected"
        },
        "content": "        if(this.isDone) {"
      },
      {
        "lineNumber": 39,
        "author": {
          "gitId": "l2ejected"
        },
        "content": "            output \u003d \"D - 1 - \" + this.getDescription() + \" - \" + formatDate();"
      },
      {
        "lineNumber": 40,
        "author": {
          "gitId": "l2ejected"
        },
        "content": "        } else {"
      },
      {
        "lineNumber": 41,
        "author": {
          "gitId": "l2ejected"
        },
        "content": "            output \u003d \"D - 0 - \" + this.getDescription() + \" - \" + formatDate();"
      },
      {
        "lineNumber": 42,
        "author": {
          "gitId": "l2ejected"
        },
        "content": "        }"
      },
      {
        "lineNumber": 43,
        "author": {
          "gitId": "l2ejected"
        },
        "content": "        return output;"
      },
      {
        "lineNumber": 44,
        "author": {
          "gitId": "l2ejected"
        },
        "content": "    }"
      },
      {
        "lineNumber": 45,
        "author": {
          "gitId": "l2ejected"
        },
        "content": ""
      },
      {
        "lineNumber": 46,
        "author": {
          "gitId": "l2ejected"
        },
        "content": "    @Override"
      },
      {
        "lineNumber": 47,
        "author": {
          "gitId": "l2ejected"
        },
        "content": "    public String toString(){"
      },
      {
        "lineNumber": 48,
        "author": {
          "gitId": "l2ejected"
        },
        "content": "        return \"[D][\" + this.getStatusIcon() + \"] \" + this.getDescription() + \" (by: \" + formatDate() + \")\";"
      },
      {
        "lineNumber": 49,
        "author": {
          "gitId": "l2ejected"
        },
        "content": "    }"
      },
      {
        "lineNumber": 50,
        "author": {
          "gitId": "l2ejected"
        },
        "content": "}"
      }
    ],
    "authorContributionMap": {
      "l2ejected": 50
    }
  },
  {
    "path": "src/main/java/Duke.java",
    "fileType": "java",
    "lines": [
      {
        "lineNumber": 1,
        "author": {
          "gitId": "l2ejected"
        },
        "content": "import java.io.*;"
      },
      {
        "lineNumber": 2,
        "author": {
          "gitId": "l2ejected"
        },
        "content": "import java.util.*;"
      },
      {
        "lineNumber": 3,
        "author": {
          "gitId": "l2ejected"
        },
        "content": ""
      },
      {
        "lineNumber": 4,
        "author": {
          "gitId": "-"
        },
        "content": "public class Duke {"
      },
      {
        "lineNumber": 5,
        "author": {
          "gitId": "l2ejected"
        },
        "content": "    public static void main(String[] args) throws IOException {"
      },
      {
        "lineNumber": 6,
        "author": {
          "gitId": "l2ejected"
        },
        "content": "        Scanner sc \u003d new Scanner(System.in);"
      },
      {
        "lineNumber": 7,
        "author": {
          "gitId": "l2ejected"
        },
        "content": "        Task[] arr \u003d new Task[100];"
      },
      {
        "lineNumber": 8,
        "author": {
          "gitId": "-"
        },
        "content": "        String logo \u003d \" ____        _        \\n\""
      },
      {
        "lineNumber": 9,
        "author": {
          "gitId": "-"
        },
        "content": "                + \"|  _ \\\\ _   _| | _____ \\n\""
      },
      {
        "lineNumber": 10,
        "author": {
          "gitId": "-"
        },
        "content": "                + \"| | | | | | | |/ / _ \\\\\\n\""
      },
      {
        "lineNumber": 11,
        "author": {
          "gitId": "-"
        },
        "content": "                + \"| |_| | |_| |   \u003c  __/\\n\""
      },
      {
        "lineNumber": 12,
        "author": {
          "gitId": "-"
        },
        "content": "                + \"|____/ \\\\__,_|_|\\\\_\\\\___|\\n\";"
      },
      {
        "lineNumber": 13,
        "author": {
          "gitId": "-"
        },
        "content": "        System.out.println(\"Hello from\\n\" + logo);"
      },
      {
        "lineNumber": 14,
        "author": {
          "gitId": "l2ejected"
        },
        "content": "        System.out.println(\"    Hello! I\u0027m Duke\\n\" + \"  What can I do for you?\");"
      },
      {
        "lineNumber": 15,
        "author": {
          "gitId": "l2ejected"
        },
        "content": "        Task.loadSavedData(); //check if there is previous list avail and load if avail"
      },
      {
        "lineNumber": 16,
        "author": {
          "gitId": "l2ejected"
        },
        "content": "        while (sc.hasNext()) {"
      },
      {
        "lineNumber": 17,
        "author": {
          "gitId": "l2ejected"
        },
        "content": "            try {"
      },
      {
        "lineNumber": 18,
        "author": {
          "gitId": "l2ejected"
        },
        "content": "                String input \u003d sc.nextLine();"
      },
      {
        "lineNumber": 19,
        "author": {
          "gitId": "l2ejected"
        },
        "content": "                String[] inputs \u003d input.split(\" \",2);"
      },
      {
        "lineNumber": 20,
        "author": {
          "gitId": "l2ejected"
        },
        "content": "                String command \u003d inputs[0];"
      },
      {
        "lineNumber": 21,
        "author": {
          "gitId": "l2ejected"
        },
        "content": "                char[] inputArr \u003d input.toCharArray();"
      },
      {
        "lineNumber": 22,
        "author": {
          "gitId": "l2ejected"
        },
        "content": "                if (command.equals(\"todo\")) { //create todo"
      },
      {
        "lineNumber": 23,
        "author": {
          "gitId": "l2ejected"
        },
        "content": "                    if (inputs.length \u003d\u003d 1) {"
      },
      {
        "lineNumber": 24,
        "author": {
          "gitId": "l2ejected"
        },
        "content": "                        throw new EmptyDescriptionException();"
      },
      {
        "lineNumber": 25,
        "author": {
          "gitId": "l2ejected"
        },
        "content": "                    };"
      },
      {
        "lineNumber": 26,
        "author": {
          "gitId": "l2ejected"
        },
        "content": "                    String info \u003d Todo.generateTodoDesc(inputArr);"
      },
      {
        "lineNumber": 27,
        "author": {
          "gitId": "l2ejected"
        },
        "content": "                    Todo task \u003d new Todo(info);"
      },
      {
        "lineNumber": 28,
        "author": {
          "gitId": "l2ejected"
        },
        "content": "                    Task.addTask(task);"
      },
      {
        "lineNumber": 29,
        "author": {
          "gitId": "l2ejected"
        },
        "content": "                } else if (command.equals(\"event\")) { //create event"
      },
      {
        "lineNumber": 30,
        "author": {
          "gitId": "l2ejected"
        },
        "content": "                    if (inputs.length \u003d\u003d 1) {"
      },
      {
        "lineNumber": 31,
        "author": {
          "gitId": "l2ejected"
        },
        "content": "                        throw new EmptyDescriptionException();"
      },
      {
        "lineNumber": 32,
        "author": {
          "gitId": "l2ejected"
        },
        "content": "                    };"
      },
      {
        "lineNumber": 33,
        "author": {
          "gitId": "l2ejected"
        },
        "content": "                    String date, desc;"
      },
      {
        "lineNumber": 34,
        "author": {
          "gitId": "l2ejected"
        },
        "content": "                    date \u003d Event.getEventDate(inputs[1]);"
      },
      {
        "lineNumber": 35,
        "author": {
          "gitId": "l2ejected"
        },
        "content": "                    desc \u003d Event.getEventDesc(inputArr);"
      },
      {
        "lineNumber": 36,
        "author": {
          "gitId": "l2ejected"
        },
        "content": "                    Event task \u003d new Event(desc, date);"
      },
      {
        "lineNumber": 37,
        "author": {
          "gitId": "l2ejected"
        },
        "content": "                    Task.addTask(task);"
      },
      {
        "lineNumber": 38,
        "author": {
          "gitId": "l2ejected"
        },
        "content": "                } else if (command.equals(\"deadline\")) { //create deadline"
      },
      {
        "lineNumber": 39,
        "author": {
          "gitId": "l2ejected"
        },
        "content": "                    if (inputs.length \u003d\u003d 1) {"
      },
      {
        "lineNumber": 40,
        "author": {
          "gitId": "l2ejected"
        },
        "content": "                        throw new EmptyDescriptionException();"
      },
      {
        "lineNumber": 41,
        "author": {
          "gitId": "l2ejected"
        },
        "content": "                    };"
      },
      {
        "lineNumber": 42,
        "author": {
          "gitId": "l2ejected"
        },
        "content": "                    String by, desc;"
      },
      {
        "lineNumber": 43,
        "author": {
          "gitId": "l2ejected"
        },
        "content": "                    by \u003d Deadline.getDate(inputs[1]);"
      },
      {
        "lineNumber": 44,
        "author": {
          "gitId": "l2ejected"
        },
        "content": "                    desc \u003d Deadline.getDesc(inputArr);"
      },
      {
        "lineNumber": 45,
        "author": {
          "gitId": "l2ejected"
        },
        "content": "                    Deadline task \u003d new Deadline(desc, by);"
      },
      {
        "lineNumber": 46,
        "author": {
          "gitId": "l2ejected"
        },
        "content": "                    Task.addTask(task);"
      },
      {
        "lineNumber": 47,
        "author": {
          "gitId": "l2ejected"
        },
        "content": "                } else if (command.equals(\"list\")) { //list command"
      },
      {
        "lineNumber": 48,
        "author": {
          "gitId": "l2ejected"
        },
        "content": "                    Task.showTasks();"
      },
      {
        "lineNumber": 49,
        "author": {
          "gitId": "l2ejected"
        },
        "content": "                } else if (command.equals(\"done\")){ //done command"
      },
      {
        "lineNumber": 50,
        "author": {
          "gitId": "l2ejected"
        },
        "content": "                    Task.taskDone(input);"
      },
      {
        "lineNumber": 51,
        "author": {
          "gitId": "l2ejected"
        },
        "content": "                } else if (command.equals(\"bye\")) { //bye command"
      },
      {
        "lineNumber": 52,
        "author": {
          "gitId": "l2ejected"
        },
        "content": "                    Task.saveToFile();"
      },
      {
        "lineNumber": 53,
        "author": {
          "gitId": "l2ejected"
        },
        "content": "                    System.out.println(\"Bye. Hope to see you again soon!\");"
      },
      {
        "lineNumber": 54,
        "author": {
          "gitId": "l2ejected"
        },
        "content": "                    break;"
      },
      {
        "lineNumber": 55,
        "author": {
          "gitId": "l2ejected"
        },
        "content": "                } else if(command.equals(\"delete\")) { //delete command"
      },
      {
        "lineNumber": 56,
        "author": {
          "gitId": "l2ejected"
        },
        "content": "                    Task.deleteTask(inputs[1]);"
      },
      {
        "lineNumber": 57,
        "author": {
          "gitId": "l2ejected"
        },
        "content": "                } else {"
      },
      {
        "lineNumber": 58,
        "author": {
          "gitId": "l2ejected"
        },
        "content": "                    throw new InvalidCommandException();"
      },
      {
        "lineNumber": 59,
        "author": {
          "gitId": "l2ejected"
        },
        "content": "                }"
      },
      {
        "lineNumber": 60,
        "author": {
          "gitId": "l2ejected"
        },
        "content": "            } catch (DukeException e) {"
      },
      {
        "lineNumber": 61,
        "author": {
          "gitId": "l2ejected"
        },
        "content": "                System.out.println(e);"
      },
      {
        "lineNumber": 62,
        "author": {
          "gitId": "l2ejected"
        },
        "content": "            }"
      },
      {
        "lineNumber": 63,
        "author": {
          "gitId": "l2ejected"
        },
        "content": "        }"
      },
      {
        "lineNumber": 64,
        "author": {
          "gitId": "-"
        },
        "content": "    }"
      },
      {
        "lineNumber": 65,
        "author": {
          "gitId": "-"
        },
        "content": "}"
      }
    ],
    "authorContributionMap": {
      "l2ejected": 56,
      "-": 9
    }
  },
  {
    "path": "src/main/java/DukeException.java",
    "fileType": "java",
    "lines": [
      {
        "lineNumber": 1,
        "author": {
          "gitId": "l2ejected"
        },
        "content": "import java.io.*;"
      },
      {
        "lineNumber": 2,
        "author": {
          "gitId": "l2ejected"
        },
        "content": ""
      },
      {
        "lineNumber": 3,
        "author": {
          "gitId": "l2ejected"
        },
        "content": "public class DukeException extends Exception {"
      },
      {
        "lineNumber": 4,
        "author": {
          "gitId": "l2ejected"
        },
        "content": ""
      },
      {
        "lineNumber": 5,
        "author": {
          "gitId": "l2ejected"
        },
        "content": "}"
      }
    ],
    "authorContributionMap": {
      "l2ejected": 5
    }
  },
  {
    "path": "src/main/java/EmptyDescriptionException.java",
    "fileType": "java",
    "lines": [
      {
        "lineNumber": 1,
        "author": {
          "gitId": "l2ejected"
        },
        "content": "public class EmptyDescriptionException extends DukeException {"
      },
      {
        "lineNumber": 2,
        "author": {
          "gitId": "l2ejected"
        },
        "content": ""
      },
      {
        "lineNumber": 3,
        "author": {
          "gitId": "l2ejected"
        },
        "content": "    @Override"
      },
      {
        "lineNumber": 4,
        "author": {
          "gitId": "l2ejected"
        },
        "content": "    public String toString() {"
      },
      {
        "lineNumber": 5,
        "author": {
          "gitId": "l2ejected"
        },
        "content": "        return \"The description of a task cannot be empty.\";"
      },
      {
        "lineNumber": 6,
        "author": {
          "gitId": "l2ejected"
        },
        "content": "    }"
      },
      {
        "lineNumber": 7,
        "author": {
          "gitId": "l2ejected"
        },
        "content": "}"
      }
    ],
    "authorContributionMap": {
      "l2ejected": 7
    }
  },
  {
    "path": "src/main/java/Event.java",
    "fileType": "java",
    "lines": [
      {
        "lineNumber": 1,
        "author": {
          "gitId": "l2ejected"
        },
        "content": "import java.io.IOException;"
      },
      {
        "lineNumber": 2,
        "author": {
          "gitId": "l2ejected"
        },
        "content": "import java.time.format.DateTimeFormatter;"
      },
      {
        "lineNumber": 3,
        "author": {
          "gitId": "l2ejected"
        },
        "content": "import java.time.LocalDate;"
      },
      {
        "lineNumber": 4,
        "author": {
          "gitId": "l2ejected"
        },
        "content": ""
      },
      {
        "lineNumber": 5,
        "author": {
          "gitId": "l2ejected"
        },
        "content": "public class Event extends Task{"
      },
      {
        "lineNumber": 6,
        "author": {
          "gitId": "l2ejected"
        },
        "content": "    protected LocalDate date;"
      },
      {
        "lineNumber": 7,
        "author": {
          "gitId": "l2ejected"
        },
        "content": ""
      },
      {
        "lineNumber": 8,
        "author": {
          "gitId": "l2ejected"
        },
        "content": "    public Event(String description, String date) {"
      },
      {
        "lineNumber": 9,
        "author": {
          "gitId": "l2ejected"
        },
        "content": "        super(description);"
      },
      {
        "lineNumber": 10,
        "author": {
          "gitId": "l2ejected"
        },
        "content": "        this.date \u003d LocalDate.parse(date);"
      },
      {
        "lineNumber": 11,
        "author": {
          "gitId": "l2ejected"
        },
        "content": "    }"
      },
      {
        "lineNumber": 12,
        "author": {
          "gitId": "l2ejected"
        },
        "content": ""
      },
      {
        "lineNumber": 13,
        "author": {
          "gitId": "l2ejected"
        },
        "content": "    public static String getEventDate(String input) {"
      },
      {
        "lineNumber": 14,
        "author": {
          "gitId": "l2ejected"
        },
        "content": "        String[] tmp \u003d input.split(\" /at \");"
      },
      {
        "lineNumber": 15,
        "author": {
          "gitId": "l2ejected"
        },
        "content": "        String[] inputs \u003d tmp[1].split(\" \");"
      },
      {
        "lineNumber": 16,
        "author": {
          "gitId": "l2ejected"
        },
        "content": "        return inputs[0];"
      },
      {
        "lineNumber": 17,
        "author": {
          "gitId": "l2ejected"
        },
        "content": "    }"
      },
      {
        "lineNumber": 18,
        "author": {
          "gitId": "l2ejected"
        },
        "content": ""
      },
      {
        "lineNumber": 19,
        "author": {
          "gitId": "l2ejected"
        },
        "content": "    public static String getEventDesc(char[] input) {"
      },
      {
        "lineNumber": 20,
        "author": {
          "gitId": "l2ejected"
        },
        "content": "        String desc \u003d \"\";"
      },
      {
        "lineNumber": 21,
        "author": {
          "gitId": "l2ejected"
        },
        "content": "        int marker \u003d 0;"
      },
      {
        "lineNumber": 22,
        "author": {
          "gitId": "l2ejected"
        },
        "content": "        for (int i \u003d input.length - 1; (input[i] !\u003d \u0027/\u0027); i--) {"
      },
      {
        "lineNumber": 23,
        "author": {
          "gitId": "l2ejected"
        },
        "content": "            marker \u003d i;"
      },
      {
        "lineNumber": 24,
        "author": {
          "gitId": "l2ejected"
        },
        "content": "        }"
      },
      {
        "lineNumber": 25,
        "author": {
          "gitId": "l2ejected"
        },
        "content": "        for (int i \u003d 6; i \u003c marker - 2; i++) {"
      },
      {
        "lineNumber": 26,
        "author": {
          "gitId": "l2ejected"
        },
        "content": "            desc +\u003d input[i];"
      },
      {
        "lineNumber": 27,
        "author": {
          "gitId": "l2ejected"
        },
        "content": "        }"
      },
      {
        "lineNumber": 28,
        "author": {
          "gitId": "l2ejected"
        },
        "content": "        return desc;"
      },
      {
        "lineNumber": 29,
        "author": {
          "gitId": "l2ejected"
        },
        "content": "    }"
      },
      {
        "lineNumber": 30,
        "author": {
          "gitId": "l2ejected"
        },
        "content": ""
      },
      {
        "lineNumber": 31,
        "author": {
          "gitId": "l2ejected"
        },
        "content": "    public String formatDate() {"
      },
      {
        "lineNumber": 32,
        "author": {
          "gitId": "l2ejected"
        },
        "content": "        return date.format(DateTimeFormatter.ofPattern(\"d-MMM-yyyy\"));"
      },
      {
        "lineNumber": 33,
        "author": {
          "gitId": "l2ejected"
        },
        "content": "    }"
      },
      {
        "lineNumber": 34,
        "author": {
          "gitId": "l2ejected"
        },
        "content": ""
      },
      {
        "lineNumber": 35,
        "author": {
          "gitId": "l2ejected"
        },
        "content": "    @Override"
      },
      {
        "lineNumber": 36,
        "author": {
          "gitId": "l2ejected"
        },
        "content": "    public String saveToText() {"
      },
      {
        "lineNumber": 37,
        "author": {
          "gitId": "l2ejected"
        },
        "content": "        String output;"
      },
      {
        "lineNumber": 38,
        "author": {
          "gitId": "l2ejected"
        },
        "content": "        if(this.isDone) {"
      },
      {
        "lineNumber": 39,
        "author": {
          "gitId": "l2ejected"
        },
        "content": "            output \u003d \"E - 1 - \" + this.getDescription() + \" - \" + formatDate();"
      },
      {
        "lineNumber": 40,
        "author": {
          "gitId": "l2ejected"
        },
        "content": "        } else {"
      },
      {
        "lineNumber": 41,
        "author": {
          "gitId": "l2ejected"
        },
        "content": "            output \u003d \"E - 0 - \" + this.getDescription() + \" - \" + formatDate();"
      },
      {
        "lineNumber": 42,
        "author": {
          "gitId": "l2ejected"
        },
        "content": "        }"
      },
      {
        "lineNumber": 43,
        "author": {
          "gitId": "l2ejected"
        },
        "content": "        return output;"
      },
      {
        "lineNumber": 44,
        "author": {
          "gitId": "l2ejected"
        },
        "content": "    }"
      },
      {
        "lineNumber": 45,
        "author": {
          "gitId": "l2ejected"
        },
        "content": ""
      },
      {
        "lineNumber": 46,
        "author": {
          "gitId": "l2ejected"
        },
        "content": "    @Override"
      },
      {
        "lineNumber": 47,
        "author": {
          "gitId": "l2ejected"
        },
        "content": "    public String toString(){"
      },
      {
        "lineNumber": 48,
        "author": {
          "gitId": "l2ejected"
        },
        "content": "        return \"[E][\" + this.getStatusIcon() + \"] \" + this.getDescription() + \" (at: \" + formatDate() + \")\";"
      },
      {
        "lineNumber": 49,
        "author": {
          "gitId": "l2ejected"
        },
        "content": "    }"
      },
      {
        "lineNumber": 50,
        "author": {
          "gitId": "l2ejected"
        },
        "content": ""
      },
      {
        "lineNumber": 51,
        "author": {
          "gitId": "l2ejected"
        },
        "content": "}"
      }
    ],
    "authorContributionMap": {
      "l2ejected": 51
    }
  },
  {
    "path": "src/main/java/InvalidCommandException.java",
    "fileType": "java",
    "lines": [
      {
        "lineNumber": 1,
        "author": {
          "gitId": "l2ejected"
        },
        "content": "public class InvalidCommandException extends DukeException{"
      },
      {
        "lineNumber": 2,
        "author": {
          "gitId": "l2ejected"
        },
        "content": ""
      },
      {
        "lineNumber": 3,
        "author": {
          "gitId": "l2ejected"
        },
        "content": "    @Override"
      },
      {
        "lineNumber": 4,
        "author": {
          "gitId": "l2ejected"
        },
        "content": "    public String toString() {"
      },
      {
        "lineNumber": 5,
        "author": {
          "gitId": "l2ejected"
        },
        "content": "        return \"OOPS!!! I\u0027m sorry, but I don\u0027t know what that means.\";"
      },
      {
        "lineNumber": 6,
        "author": {
          "gitId": "l2ejected"
        },
        "content": "    }"
      },
      {
        "lineNumber": 7,
        "author": {
          "gitId": "l2ejected"
        },
        "content": "}"
      }
    ],
    "authorContributionMap": {
      "l2ejected": 7
    }
  },
  {
    "path": "src/main/java/Task.java",
    "fileType": "java",
    "lines": [
      {
        "lineNumber": 1,
        "author": {
          "gitId": "l2ejected"
        },
        "content": "import java.io.FileNotFoundException;"
      },
      {
        "lineNumber": 2,
        "author": {
          "gitId": "l2ejected"
        },
        "content": "import java.io.FileOutputStream;"
      },
      {
        "lineNumber": 3,
        "author": {
          "gitId": "l2ejected"
        },
        "content": "import java.io.PrintStream;"
      },
      {
        "lineNumber": 4,
        "author": {
          "gitId": "l2ejected"
        },
        "content": "import java.io.Serializable;"
      },
      {
        "lineNumber": 5,
        "author": {
          "gitId": "l2ejected"
        },
        "content": "import java.io.IOException;"
      },
      {
        "lineNumber": 6,
        "author": {
          "gitId": "l2ejected"
        },
        "content": "import java.io.File;"
      },
      {
        "lineNumber": 7,
        "author": {
          "gitId": "l2ejected"
        },
        "content": "import java.time.format.DateTimeFormatter;"
      },
      {
        "lineNumber": 8,
        "author": {
          "gitId": "l2ejected"
        },
        "content": "import java.util.ArrayList;"
      },
      {
        "lineNumber": 9,
        "author": {
          "gitId": "l2ejected"
        },
        "content": "import java.time.LocalDate;"
      },
      {
        "lineNumber": 10,
        "author": {
          "gitId": "l2ejected"
        },
        "content": "import java.util.Scanner;"
      },
      {
        "lineNumber": 11,
        "author": {
          "gitId": "l2ejected"
        },
        "content": ""
      },
      {
        "lineNumber": 12,
        "author": {
          "gitId": "l2ejected"
        },
        "content": "public class Task implements Serializable {"
      },
      {
        "lineNumber": 13,
        "author": {
          "gitId": "l2ejected"
        },
        "content": "    protected String description;"
      },
      {
        "lineNumber": 14,
        "author": {
          "gitId": "l2ejected"
        },
        "content": "    protected boolean isDone;"
      },
      {
        "lineNumber": 15,
        "author": {
          "gitId": "l2ejected"
        },
        "content": "    protected static int taskCounter \u003d 0;"
      },
      {
        "lineNumber": 16,
        "author": {
          "gitId": "l2ejected"
        },
        "content": "    protected static ArrayList\u003cTask\u003e taskArrList \u003d new ArrayList\u003c\u003e();"
      },
      {
        "lineNumber": 17,
        "author": {
          "gitId": "l2ejected"
        },
        "content": ""
      },
      {
        "lineNumber": 18,
        "author": {
          "gitId": "l2ejected"
        },
        "content": "    public Task(String description) {"
      },
      {
        "lineNumber": 19,
        "author": {
          "gitId": "l2ejected"
        },
        "content": "        this.description \u003d description;"
      },
      {
        "lineNumber": 20,
        "author": {
          "gitId": "l2ejected"
        },
        "content": "        this.isDone \u003d false;"
      },
      {
        "lineNumber": 21,
        "author": {
          "gitId": "l2ejected"
        },
        "content": "    }"
      },
      {
        "lineNumber": 22,
        "author": {
          "gitId": "l2ejected"
        },
        "content": ""
      },
      {
        "lineNumber": 23,
        "author": {
          "gitId": "l2ejected"
        },
        "content": "    public String getStatusIcon() {"
      },
      {
        "lineNumber": 24,
        "author": {
          "gitId": "l2ejected"
        },
        "content": "        if(isDone) {"
      },
      {
        "lineNumber": 25,
        "author": {
          "gitId": "l2ejected"
        },
        "content": "            return \"\\u2713\";"
      },
      {
        "lineNumber": 26,
        "author": {
          "gitId": "l2ejected"
        },
        "content": "        } else {"
      },
      {
        "lineNumber": 27,
        "author": {
          "gitId": "l2ejected"
        },
        "content": "            return \"\\u2718\";"
      },
      {
        "lineNumber": 28,
        "author": {
          "gitId": "l2ejected"
        },
        "content": "        }"
      },
      {
        "lineNumber": 29,
        "author": {
          "gitId": "l2ejected"
        },
        "content": "    }"
      },
      {
        "lineNumber": 30,
        "author": {
          "gitId": "l2ejected"
        },
        "content": ""
      },
      {
        "lineNumber": 31,
        "author": {
          "gitId": "l2ejected"
        },
        "content": "    public String getDescription() {"
      },
      {
        "lineNumber": 32,
        "author": {
          "gitId": "l2ejected"
        },
        "content": "        return this.description;"
      },
      {
        "lineNumber": 33,
        "author": {
          "gitId": "l2ejected"
        },
        "content": "    }"
      },
      {
        "lineNumber": 34,
        "author": {
          "gitId": "l2ejected"
        },
        "content": ""
      },
      {
        "lineNumber": 35,
        "author": {
          "gitId": "l2ejected"
        },
        "content": "    public static void addTask(Task t) {"
      },
      {
        "lineNumber": 36,
        "author": {
          "gitId": "l2ejected"
        },
        "content": "        taskArrList.add(t);"
      },
      {
        "lineNumber": 37,
        "author": {
          "gitId": "l2ejected"
        },
        "content": "        System.out.println(\"Got it. I\u0027ve added this task:\");"
      },
      {
        "lineNumber": 38,
        "author": {
          "gitId": "l2ejected"
        },
        "content": "        System.out.println(\"  \" + t.toString());"
      },
      {
        "lineNumber": 39,
        "author": {
          "gitId": "l2ejected"
        },
        "content": "        taskCounter++;"
      },
      {
        "lineNumber": 40,
        "author": {
          "gitId": "l2ejected"
        },
        "content": "        if (taskCounter \u003d\u003d 1) {"
      },
      {
        "lineNumber": 41,
        "author": {
          "gitId": "l2ejected"
        },
        "content": "            System.out.println(\"Now you have \" + taskCounter + \" task in the list.\");"
      },
      {
        "lineNumber": 42,
        "author": {
          "gitId": "l2ejected"
        },
        "content": "        } else {"
      },
      {
        "lineNumber": 43,
        "author": {
          "gitId": "l2ejected"
        },
        "content": "            System.out.println(\"Now you have \" + taskCounter + \" tasks in the list.\");"
      },
      {
        "lineNumber": 44,
        "author": {
          "gitId": "l2ejected"
        },
        "content": "        }"
      },
      {
        "lineNumber": 45,
        "author": {
          "gitId": "l2ejected"
        },
        "content": "    }"
      },
      {
        "lineNumber": 46,
        "author": {
          "gitId": "l2ejected"
        },
        "content": ""
      },
      {
        "lineNumber": 47,
        "author": {
          "gitId": "l2ejected"
        },
        "content": "    public static void showTasks(){"
      },
      {
        "lineNumber": 48,
        "author": {
          "gitId": "l2ejected"
        },
        "content": "        if (taskCounter \u003d\u003d 1) {"
      },
      {
        "lineNumber": 49,
        "author": {
          "gitId": "l2ejected"
        },
        "content": "            System.out.println(\"Here is the task in your list: \");"
      },
      {
        "lineNumber": 50,
        "author": {
          "gitId": "l2ejected"
        },
        "content": "        } else if (taskCounter \u003d\u003d 0) {"
      },
      {
        "lineNumber": 51,
        "author": {
          "gitId": "l2ejected"
        },
        "content": "            System.out.println(\"You have no tasks in your list :(\");"
      },
      {
        "lineNumber": 52,
        "author": {
          "gitId": "l2ejected"
        },
        "content": "        } else {"
      },
      {
        "lineNumber": 53,
        "author": {
          "gitId": "l2ejected"
        },
        "content": "            System.out.println(\"Here are the tasks in your list: \");"
      },
      {
        "lineNumber": 54,
        "author": {
          "gitId": "l2ejected"
        },
        "content": "        }"
      },
      {
        "lineNumber": 55,
        "author": {
          "gitId": "l2ejected"
        },
        "content": "        int i \u003d 1;"
      },
      {
        "lineNumber": 56,
        "author": {
          "gitId": "l2ejected"
        },
        "content": "        for (Task t : taskArrList) {"
      },
      {
        "lineNumber": 57,
        "author": {
          "gitId": "l2ejected"
        },
        "content": "            System.out.println((i) + \".\" + taskArrList.get(i-1).toString());"
      },
      {
        "lineNumber": 58,
        "author": {
          "gitId": "l2ejected"
        },
        "content": "            i +\u003d 1;"
      },
      {
        "lineNumber": 59,
        "author": {
          "gitId": "l2ejected"
        },
        "content": "        }"
      },
      {
        "lineNumber": 60,
        "author": {
          "gitId": "l2ejected"
        },
        "content": "    }"
      },
      {
        "lineNumber": 61,
        "author": {
          "gitId": "l2ejected"
        },
        "content": ""
      },
      {
        "lineNumber": 62,
        "author": {
          "gitId": "l2ejected"
        },
        "content": "    public static void taskDone(String input) {"
      },
      {
        "lineNumber": 63,
        "author": {
          "gitId": "l2ejected"
        },
        "content": "        char charArr[] \u003d input.toCharArray();"
      },
      {
        "lineNumber": 64,
        "author": {
          "gitId": "l2ejected"
        },
        "content": "        String taskNum \u003d \"\";"
      },
      {
        "lineNumber": 65,
        "author": {
          "gitId": "l2ejected"
        },
        "content": "        for (int i \u003d 5; i \u003c charArr.length; i++) {"
      },
      {
        "lineNumber": 66,
        "author": {
          "gitId": "l2ejected"
        },
        "content": "            taskNum +\u003d charArr[i];"
      },
      {
        "lineNumber": 67,
        "author": {
          "gitId": "l2ejected"
        },
        "content": "        }"
      },
      {
        "lineNumber": 68,
        "author": {
          "gitId": "l2ejected"
        },
        "content": "        int taskInt \u003d Integer.parseInt(taskNum);"
      },
      {
        "lineNumber": 69,
        "author": {
          "gitId": "l2ejected"
        },
        "content": "        taskInt -\u003d 1;"
      },
      {
        "lineNumber": 70,
        "author": {
          "gitId": "l2ejected"
        },
        "content": "        taskArrList.get(taskInt).isDone \u003d true;"
      },
      {
        "lineNumber": 71,
        "author": {
          "gitId": "l2ejected"
        },
        "content": "        System.out.println(\"Nice! I\u0027ve marked this task as done:\");"
      },
      {
        "lineNumber": 72,
        "author": {
          "gitId": "l2ejected"
        },
        "content": "        System.out.println(\"  [\" + taskArrList.get(taskInt).getStatusIcon() + \"] \" + taskArrList.get(taskInt).getDescription());"
      },
      {
        "lineNumber": 73,
        "author": {
          "gitId": "l2ejected"
        },
        "content": "    }"
      },
      {
        "lineNumber": 74,
        "author": {
          "gitId": "l2ejected"
        },
        "content": ""
      },
      {
        "lineNumber": 75,
        "author": {
          "gitId": "l2ejected"
        },
        "content": "    public static void deleteTask(String input) {"
      },
      {
        "lineNumber": 76,
        "author": {
          "gitId": "l2ejected"
        },
        "content": "        int taskInt \u003d Integer.parseInt(input);"
      },
      {
        "lineNumber": 77,
        "author": {
          "gitId": "l2ejected"
        },
        "content": "        taskInt -\u003d 1;"
      },
      {
        "lineNumber": 78,
        "author": {
          "gitId": "l2ejected"
        },
        "content": "        Task task \u003d taskArrList.get(taskInt);"
      },
      {
        "lineNumber": 79,
        "author": {
          "gitId": "l2ejected"
        },
        "content": "        taskCounter--;"
      },
      {
        "lineNumber": 80,
        "author": {
          "gitId": "l2ejected"
        },
        "content": "        System.out.println(\"Noted. I\u0027ve removed this task:\");"
      },
      {
        "lineNumber": 81,
        "author": {
          "gitId": "l2ejected"
        },
        "content": "        System.out.println(\"  [\" + taskArrList.get(taskInt).getStatusIcon() + \"] \" + taskArrList.get(taskInt).getDescription());"
      },
      {
        "lineNumber": 82,
        "author": {
          "gitId": "l2ejected"
        },
        "content": "        if (taskCounter \u003d\u003d 1) {"
      },
      {
        "lineNumber": 83,
        "author": {
          "gitId": "l2ejected"
        },
        "content": "            System.out.println(\"Now you have \" + taskCounter + \" task in the list.\");"
      },
      {
        "lineNumber": 84,
        "author": {
          "gitId": "l2ejected"
        },
        "content": "        } else {"
      },
      {
        "lineNumber": 85,
        "author": {
          "gitId": "l2ejected"
        },
        "content": "            System.out.println(\"Now you have \" + taskCounter + \" tasks in the list.\");"
      },
      {
        "lineNumber": 86,
        "author": {
          "gitId": "l2ejected"
        },
        "content": "        }"
      },
      {
        "lineNumber": 87,
        "author": {
          "gitId": "l2ejected"
        },
        "content": "        taskArrList.remove(taskInt);"
      },
      {
        "lineNumber": 88,
        "author": {
          "gitId": "l2ejected"
        },
        "content": "    }"
      },
      {
        "lineNumber": 89,
        "author": {
          "gitId": "l2ejected"
        },
        "content": ""
      },
      {
        "lineNumber": 90,
        "author": {
          "gitId": "l2ejected"
        },
        "content": "    public static void saveToFile() throws FileNotFoundException {"
      },
      {
        "lineNumber": 91,
        "author": {
          "gitId": "l2ejected"
        },
        "content": "        StringBuilder sb \u003d new StringBuilder();"
      },
      {
        "lineNumber": 92,
        "author": {
          "gitId": "l2ejected"
        },
        "content": "        for(Task t : taskArrList) {"
      },
      {
        "lineNumber": 93,
        "author": {
          "gitId": "l2ejected"
        },
        "content": "            sb.append(t.saveToText() + \"\\n\");"
      },
      {
        "lineNumber": 94,
        "author": {
          "gitId": "l2ejected"
        },
        "content": "        }"
      },
      {
        "lineNumber": 95,
        "author": {
          "gitId": "l2ejected"
        },
        "content": "        try (PrintStream out \u003d new PrintStream(new FileOutputStream(\"data/saved.txt\"))) {"
      },
      {
        "lineNumber": 96,
        "author": {
          "gitId": "l2ejected"
        },
        "content": "            out.print(sb.toString());"
      },
      {
        "lineNumber": 97,
        "author": {
          "gitId": "l2ejected"
        },
        "content": "            System.out.println(\"Your tasks have been saved to the hard disk\");"
      },
      {
        "lineNumber": 98,
        "author": {
          "gitId": "l2ejected"
        },
        "content": "        } catch (IOException e){"
      },
      {
        "lineNumber": 99,
        "author": {
          "gitId": "l2ejected"
        },
        "content": "            System.out.println(e);"
      },
      {
        "lineNumber": 100,
        "author": {
          "gitId": "l2ejected"
        },
        "content": "        }"
      },
      {
        "lineNumber": 101,
        "author": {
          "gitId": "l2ejected"
        },
        "content": "    }"
      },
      {
        "lineNumber": 102,
        "author": {
          "gitId": "l2ejected"
        },
        "content": ""
      },
      {
        "lineNumber": 103,
        "author": {
          "gitId": "l2ejected"
        },
        "content": "    public static void loadSavedData() throws IOException {"
      },
      {
        "lineNumber": 104,
        "author": {
          "gitId": "l2ejected"
        },
        "content": "        File tmpDir \u003d new File(\"data/saved.txt\");"
      },
      {
        "lineNumber": 105,
        "author": {
          "gitId": "l2ejected"
        },
        "content": "        String absolutePath;"
      },
      {
        "lineNumber": 106,
        "author": {
          "gitId": "l2ejected"
        },
        "content": "        if(tmpDir.exists()) {"
      },
      {
        "lineNumber": 107,
        "author": {
          "gitId": "l2ejected"
        },
        "content": "            absolutePath \u003d tmpDir.getAbsolutePath();"
      },
      {
        "lineNumber": 108,
        "author": {
          "gitId": "l2ejected"
        },
        "content": "            System.out.println(\"Using previously saved list from: \" + absolutePath);"
      },
      {
        "lineNumber": 109,
        "author": {
          "gitId": "l2ejected"
        },
        "content": "            Scanner sc \u003d new Scanner(tmpDir);"
      },
      {
        "lineNumber": 110,
        "author": {
          "gitId": "l2ejected"
        },
        "content": "            while(sc.hasNext()) {"
      },
      {
        "lineNumber": 111,
        "author": {
          "gitId": "l2ejected"
        },
        "content": "                String input \u003d sc.nextLine();"
      },
      {
        "lineNumber": 112,
        "author": {
          "gitId": "l2ejected"
        },
        "content": "                String[] inputs \u003d input.split(\" - \");"
      },
      {
        "lineNumber": 113,
        "author": {
          "gitId": "l2ejected"
        },
        "content": "                String command \u003d inputs[0];"
      },
      {
        "lineNumber": 114,
        "author": {
          "gitId": "l2ejected"
        },
        "content": "                String status \u003d inputs[1];"
      },
      {
        "lineNumber": 115,
        "author": {
          "gitId": "l2ejected"
        },
        "content": "                DateTimeFormatter formatter \u003d DateTimeFormatter.ofPattern(\"d-MMM-yyyy\");"
      },
      {
        "lineNumber": 116,
        "author": {
          "gitId": "l2ejected"
        },
        "content": "                if (command.equals(\"D\")) {"
      },
      {
        "lineNumber": 117,
        "author": {
          "gitId": "l2ejected"
        },
        "content": "                    LocalDate date \u003d LocalDate.parse(inputs[3], formatter);"
      },
      {
        "lineNumber": 118,
        "author": {
          "gitId": "l2ejected"
        },
        "content": "                    Task t \u003d new Deadline(inputs[2], date.toString());"
      },
      {
        "lineNumber": 119,
        "author": {
          "gitId": "l2ejected"
        },
        "content": "                    taskArrList.add(t);"
      },
      {
        "lineNumber": 120,
        "author": {
          "gitId": "l2ejected"
        },
        "content": "                    taskCounter++;"
      },
      {
        "lineNumber": 121,
        "author": {
          "gitId": "l2ejected"
        },
        "content": "                    if (status.equals(\"1\")) {"
      },
      {
        "lineNumber": 122,
        "author": {
          "gitId": "l2ejected"
        },
        "content": "                        t.isDone \u003d true;"
      },
      {
        "lineNumber": 123,
        "author": {
          "gitId": "l2ejected"
        },
        "content": "                    }"
      },
      {
        "lineNumber": 124,
        "author": {
          "gitId": "l2ejected"
        },
        "content": "                } else if (command.equals(\"E\")) {"
      },
      {
        "lineNumber": 125,
        "author": {
          "gitId": "l2ejected"
        },
        "content": "                    LocalDate date \u003d LocalDate.parse(inputs[3], formatter);"
      },
      {
        "lineNumber": 126,
        "author": {
          "gitId": "l2ejected"
        },
        "content": "                    Task t \u003d new Event(inputs[2], date.toString());"
      },
      {
        "lineNumber": 127,
        "author": {
          "gitId": "l2ejected"
        },
        "content": "                    taskArrList.add(t);"
      },
      {
        "lineNumber": 128,
        "author": {
          "gitId": "l2ejected"
        },
        "content": "                    taskCounter++;"
      },
      {
        "lineNumber": 129,
        "author": {
          "gitId": "l2ejected"
        },
        "content": "                    if (status.equals(\"1\")) {"
      },
      {
        "lineNumber": 130,
        "author": {
          "gitId": "l2ejected"
        },
        "content": "                        t.isDone \u003d true;"
      },
      {
        "lineNumber": 131,
        "author": {
          "gitId": "l2ejected"
        },
        "content": "                    }"
      },
      {
        "lineNumber": 132,
        "author": {
          "gitId": "l2ejected"
        },
        "content": "                } else if (command.equals(\"T\")) {"
      },
      {
        "lineNumber": 133,
        "author": {
          "gitId": "l2ejected"
        },
        "content": "                    Task t \u003d new Todo(inputs[2]);"
      },
      {
        "lineNumber": 134,
        "author": {
          "gitId": "l2ejected"
        },
        "content": "                    taskArrList.add(t);"
      },
      {
        "lineNumber": 135,
        "author": {
          "gitId": "l2ejected"
        },
        "content": "                    taskCounter++;"
      },
      {
        "lineNumber": 136,
        "author": {
          "gitId": "l2ejected"
        },
        "content": "                    if (status.equals(\"1\")) {"
      },
      {
        "lineNumber": 137,
        "author": {
          "gitId": "l2ejected"
        },
        "content": "                        t.isDone \u003d true;"
      },
      {
        "lineNumber": 138,
        "author": {
          "gitId": "l2ejected"
        },
        "content": "                    }"
      },
      {
        "lineNumber": 139,
        "author": {
          "gitId": "l2ejected"
        },
        "content": "                }"
      },
      {
        "lineNumber": 140,
        "author": {
          "gitId": "l2ejected"
        },
        "content": "            }"
      },
      {
        "lineNumber": 141,
        "author": {
          "gitId": "l2ejected"
        },
        "content": "        } else {"
      },
      {
        "lineNumber": 142,
        "author": {
          "gitId": "l2ejected"
        },
        "content": "            System.out.println(\"Starting fresh task list.\");"
      },
      {
        "lineNumber": 143,
        "author": {
          "gitId": "l2ejected"
        },
        "content": "        }"
      },
      {
        "lineNumber": 144,
        "author": {
          "gitId": "l2ejected"
        },
        "content": "    }"
      },
      {
        "lineNumber": 145,
        "author": {
          "gitId": "l2ejected"
        },
        "content": ""
      },
      {
        "lineNumber": 146,
        "author": {
          "gitId": "l2ejected"
        },
        "content": "    public String saveToText() {"
      },
      {
        "lineNumber": 147,
        "author": {
          "gitId": "l2ejected"
        },
        "content": "        String output \u003d \"\";"
      },
      {
        "lineNumber": 148,
        "author": {
          "gitId": "l2ejected"
        },
        "content": "        return output;"
      },
      {
        "lineNumber": 149,
        "author": {
          "gitId": "l2ejected"
        },
        "content": "    }"
      },
      {
        "lineNumber": 150,
        "author": {
          "gitId": "l2ejected"
        },
        "content": "}"
      }
    ],
    "authorContributionMap": {
      "l2ejected": 150
    }
  },
  {
    "path": "src/main/java/Todo.java",
    "fileType": "java",
    "lines": [
      {
        "lineNumber": 1,
        "author": {
          "gitId": "l2ejected"
        },
        "content": "import java.util.*;"
      },
      {
        "lineNumber": 2,
        "author": {
          "gitId": "l2ejected"
        },
        "content": ""
      },
      {
        "lineNumber": 3,
        "author": {
          "gitId": "l2ejected"
        },
        "content": "public class Todo extends Task{"
      },
      {
        "lineNumber": 4,
        "author": {
          "gitId": "l2ejected"
        },
        "content": ""
      },
      {
        "lineNumber": 5,
        "author": {
          "gitId": "l2ejected"
        },
        "content": "    public Todo(String description) {"
      },
      {
        "lineNumber": 6,
        "author": {
          "gitId": "l2ejected"
        },
        "content": "        super(description);"
      },
      {
        "lineNumber": 7,
        "author": {
          "gitId": "l2ejected"
        },
        "content": "    }"
      },
      {
        "lineNumber": 8,
        "author": {
          "gitId": "l2ejected"
        },
        "content": ""
      },
      {
        "lineNumber": 9,
        "author": {
          "gitId": "l2ejected"
        },
        "content": "    public static String generateTodoDesc(char[] input) {"
      },
      {
        "lineNumber": 10,
        "author": {
          "gitId": "l2ejected"
        },
        "content": "        String desc \u003d \"\";"
      },
      {
        "lineNumber": 11,
        "author": {
          "gitId": "l2ejected"
        },
        "content": "        for (int i \u003d 5; i \u003c input.length; i++) {"
      },
      {
        "lineNumber": 12,
        "author": {
          "gitId": "l2ejected"
        },
        "content": "            desc +\u003d input[i];"
      },
      {
        "lineNumber": 13,
        "author": {
          "gitId": "l2ejected"
        },
        "content": "        }"
      },
      {
        "lineNumber": 14,
        "author": {
          "gitId": "l2ejected"
        },
        "content": "        return desc;"
      },
      {
        "lineNumber": 15,
        "author": {
          "gitId": "l2ejected"
        },
        "content": "    }"
      },
      {
        "lineNumber": 16,
        "author": {
          "gitId": "l2ejected"
        },
        "content": ""
      },
      {
        "lineNumber": 17,
        "author": {
          "gitId": "l2ejected"
        },
        "content": "    @Override"
      },
      {
        "lineNumber": 18,
        "author": {
          "gitId": "l2ejected"
        },
        "content": "    public String saveToText() {"
      },
      {
        "lineNumber": 19,
        "author": {
          "gitId": "l2ejected"
        },
        "content": "        String output;"
      },
      {
        "lineNumber": 20,
        "author": {
          "gitId": "l2ejected"
        },
        "content": "        if(this.isDone) {"
      },
      {
        "lineNumber": 21,
        "author": {
          "gitId": "l2ejected"
        },
        "content": "            output \u003d \"T - 1 - \" + this.getDescription();"
      },
      {
        "lineNumber": 22,
        "author": {
          "gitId": "l2ejected"
        },
        "content": "        } else {"
      },
      {
        "lineNumber": 23,
        "author": {
          "gitId": "l2ejected"
        },
        "content": "            output \u003d \"T - 0 - \" + this.getDescription();"
      },
      {
        "lineNumber": 24,
        "author": {
          "gitId": "l2ejected"
        },
        "content": "        }"
      },
      {
        "lineNumber": 25,
        "author": {
          "gitId": "l2ejected"
        },
        "content": "        return output;"
      },
      {
        "lineNumber": 26,
        "author": {
          "gitId": "l2ejected"
        },
        "content": "    }"
      },
      {
        "lineNumber": 27,
        "author": {
          "gitId": "l2ejected"
        },
        "content": ""
      },
      {
        "lineNumber": 28,
        "author": {
          "gitId": "l2ejected"
        },
        "content": "    @Override"
      },
      {
        "lineNumber": 29,
        "author": {
          "gitId": "l2ejected"
        },
        "content": "    public String toString(){"
      },
      {
        "lineNumber": 30,
        "author": {
          "gitId": "l2ejected"
        },
        "content": "        return \"[T][\" + this.getStatusIcon() + \"] \" + this.getDescription();"
      },
      {
        "lineNumber": 31,
        "author": {
          "gitId": "l2ejected"
        },
        "content": "    }"
      },
      {
        "lineNumber": 32,
        "author": {
          "gitId": "l2ejected"
        },
        "content": "}"
      }
    ],
    "authorContributionMap": {
      "l2ejected": 32
    }
  },
  {
    "path": "text-ui-test/ACTUAL.TXT",
    "fileType": "TXT",
    "lines": [
      {
        "lineNumber": 1,
        "author": {
          "gitId": "l2ejected"
        },
        "content": "Hello from"
      },
      {
        "lineNumber": 2,
        "author": {
          "gitId": "l2ejected"
        },
        "content": " ____        _        "
      },
      {
        "lineNumber": 3,
        "author": {
          "gitId": "l2ejected"
        },
        "content": "|  _ \\ _   _| | _____ "
      },
      {
        "lineNumber": 4,
        "author": {
          "gitId": "l2ejected"
        },
        "content": "| | | | | | | |/ / _ \\"
      },
      {
        "lineNumber": 5,
        "author": {
          "gitId": "l2ejected"
        },
        "content": "| |_| | |_| |   \u003c  __/"
      },
      {
        "lineNumber": 6,
        "author": {
          "gitId": "l2ejected"
        },
        "content": "|____/ \\__,_|_|\\_\\___|"
      },
      {
        "lineNumber": 7,
        "author": {
          "gitId": "l2ejected"
        },
        "content": ""
      },
      {
        "lineNumber": 8,
        "author": {
          "gitId": "l2ejected"
        },
        "content": "    Hello! I\u0027m Duke"
      },
      {
        "lineNumber": 9,
        "author": {
          "gitId": "l2ejected"
        },
        "content": "  What can I do for you?"
      },
      {
        "lineNumber": 10,
        "author": {
          "gitId": "l2ejected"
        },
        "content": "OOPS!!! I\u0027m sorry, but I don\u0027t know what that means."
      },
      {
        "lineNumber": 11,
        "author": {
          "gitId": "l2ejected"
        },
        "content": "OOPS!!! I\u0027m sorry, but I don\u0027t know what that means."
      },
      {
        "lineNumber": 12,
        "author": {
          "gitId": "l2ejected"
        },
        "content": "Bye. Hope to see you again soon!"
      }
    ],
    "authorContributionMap": {
      "l2ejected": 12
    }
  },
  {
    "path": "text-ui-test/EXPECTED.txt",
    "fileType": "txt",
    "lines": [
      {
        "lineNumber": 1,
        "author": {
          "gitId": "l2ejected"
        },
        "content": "Hello from"
      },
      {
        "lineNumber": 2,
        "author": {
          "gitId": "l2ejected"
        },
        "content": " ____        _        "
      },
      {
        "lineNumber": 3,
        "author": {
          "gitId": "l2ejected"
        },
        "content": "|  _ \\ _   _| | _____ "
      },
      {
        "lineNumber": 4,
        "author": {
          "gitId": "l2ejected"
        },
        "content": "| | | | | | | |/ / _ \\"
      },
      {
        "lineNumber": 5,
        "author": {
          "gitId": "l2ejected"
        },
        "content": "| |_| | |_| |   \u003c  __/"
      },
      {
        "lineNumber": 6,
        "author": {
          "gitId": "l2ejected"
        },
        "content": "|____/ \\__,_|_|\\_\\___|"
      },
      {
        "lineNumber": 7,
        "author": {
          "gitId": "l2ejected"
        },
        "content": ""
      },
      {
        "lineNumber": 8,
        "author": {
          "gitId": "l2ejected"
        },
        "content": "    Hello! I\u0027m Duke"
      },
      {
        "lineNumber": 9,
        "author": {
          "gitId": "l2ejected"
        },
        "content": "  What can I do for you?"
      },
      {
        "lineNumber": 10,
        "author": {
          "gitId": "l2ejected"
        },
        "content": "OOPS!!! I\u0027m sorry, but I don\u0027t know what that means."
      },
      {
        "lineNumber": 11,
        "author": {
          "gitId": "l2ejected"
        },
        "content": "OOPS!!! I\u0027m sorry, but I don\u0027t know what that means."
      },
      {
        "lineNumber": 12,
        "author": {
          "gitId": "l2ejected"
        },
        "content": "Bye. Hope to see you again soon!"
      }
    ],
    "authorContributionMap": {
      "l2ejected": 12
    }
  },
  {
    "path": "text-ui-test/input.txt",
    "fileType": "txt",
    "lines": [
      {
        "lineNumber": 1,
        "author": {
          "gitId": "l2ejected"
        },
        "content": "hello"
      },
      {
        "lineNumber": 2,
        "author": {
          "gitId": "l2ejected"
        },
        "content": "hello world"
      },
      {
        "lineNumber": 3,
        "author": {
          "gitId": "l2ejected"
        },
        "content": "bye"
      }
    ],
    "authorContributionMap": {
      "l2ejected": 3
    }
  },
  {
    "path": "text-ui-test/runtest.bat",
    "fileType": "bat",
    "lines": [
      {
        "lineNumber": 1,
        "author": {
          "gitId": "l2ejected"
        },
        "content": "@ECHO OFF"
      },
      {
        "lineNumber": 2,
        "author": {
          "gitId": "l2ejected"
        },
        "content": "   "
      },
      {
        "lineNumber": 3,
        "author": {
          "gitId": "l2ejected"
        },
        "content": "   REM create bin directory if it doesn\u0027t exist"
      },
      {
        "lineNumber": 4,
        "author": {
          "gitId": "l2ejected"
        },
        "content": "   if not exist ..\\bin mkdir ..\\bin"
      },
      {
        "lineNumber": 5,
        "author": {
          "gitId": "l2ejected"
        },
        "content": "   "
      },
      {
        "lineNumber": 6,
        "author": {
          "gitId": "l2ejected"
        },
        "content": "   REM delete output from previous run"
      },
      {
        "lineNumber": 7,
        "author": {
          "gitId": "l2ejected"
        },
        "content": "   del ACTUAL.TXT"
      },
      {
        "lineNumber": 8,
        "author": {
          "gitId": "l2ejected"
        },
        "content": "   "
      },
      {
        "lineNumber": 9,
        "author": {
          "gitId": "l2ejected"
        },
        "content": "   REM compile the code into the bin folder"
      },
      {
        "lineNumber": 10,
        "author": {
          "gitId": "l2ejected"
        },
        "content": "   javac  -cp ..\\src -Xlint:none -d ..\\bin ..\\src\\main\\java\\*.java"
      },
      {
        "lineNumber": 11,
        "author": {
          "gitId": "l2ejected"
        },
        "content": "   IF ERRORLEVEL 1 ("
      },
      {
        "lineNumber": 12,
        "author": {
          "gitId": "l2ejected"
        },
        "content": "       echo ********** BUILD FAILURE **********"
      },
      {
        "lineNumber": 13,
        "author": {
          "gitId": "l2ejected"
        },
        "content": "       exit /b 1"
      },
      {
        "lineNumber": 14,
        "author": {
          "gitId": "l2ejected"
        },
        "content": "   )"
      },
      {
        "lineNumber": 15,
        "author": {
          "gitId": "l2ejected"
        },
        "content": "   REM no error here, errorlevel \u003d\u003d 0"
      },
      {
        "lineNumber": 16,
        "author": {
          "gitId": "l2ejected"
        },
        "content": "   "
      },
      {
        "lineNumber": 17,
        "author": {
          "gitId": "l2ejected"
        },
        "content": "   REM run the program, feed commands from input.txt file and redirect the output to the ACTUAL.TXT"
      },
      {
        "lineNumber": 18,
        "author": {
          "gitId": "l2ejected"
        },
        "content": "   java -classpath ..\\bin Duke \u003c input.txt \u003e ACTUAL.TXT"
      },
      {
        "lineNumber": 19,
        "author": {
          "gitId": "l2ejected"
        },
        "content": "   "
      },
      {
        "lineNumber": 20,
        "author": {
          "gitId": "l2ejected"
        },
        "content": "   REM compare the output to the expected output"
      },
      {
        "lineNumber": 21,
        "author": {
          "gitId": "l2ejected"
        },
        "content": "   FC ACTUAL.TXT EXPECTED.TXT"
      }
    ],
    "authorContributionMap": {
      "l2ejected": 21
    }
  },
  {
    "path": "text-ui-test/runtest.bat.txt",
    "fileType": "txt",
    "lines": [
      {
        "lineNumber": 1,
        "author": {
          "gitId": "l2ejected"
        },
        "content": ""
      },
      {
        "lineNumber": 2,
        "author": {
          "gitId": "l2ejected"
        },
        "content": "@ECHO OFF"
      },
      {
        "lineNumber": 3,
        "author": {
          "gitId": "l2ejected"
        },
        "content": ""
      },
      {
        "lineNumber": 4,
        "author": {
          "gitId": "l2ejected"
        },
        "content": "REM create bin directory if it doesn\u0027t exist"
      },
      {
        "lineNumber": 5,
        "author": {
          "gitId": "l2ejected"
        },
        "content": "if not exist ..\\bin mkdir ..\\bin"
      },
      {
        "lineNumber": 6,
        "author": {
          "gitId": "l2ejected"
        },
        "content": ""
      },
      {
        "lineNumber": 7,
        "author": {
          "gitId": "l2ejected"
        },
        "content": "REM delete output from previous run"
      },
      {
        "lineNumber": 8,
        "author": {
          "gitId": "l2ejected"
        },
        "content": "del ACTUAL.TXT"
      },
      {
        "lineNumber": 9,
        "author": {
          "gitId": "l2ejected"
        },
        "content": ""
      },
      {
        "lineNumber": 10,
        "author": {
          "gitId": "l2ejected"
        },
        "content": "REM compile the code into the bin folder"
      },
      {
        "lineNumber": 11,
        "author": {
          "gitId": "l2ejected"
        },
        "content": "javac  -cp ..\\src -Xlint:none -d ..\\bin ..\\src\\main\\java\\*.java"
      },
      {
        "lineNumber": 12,
        "author": {
          "gitId": "l2ejected"
        },
        "content": "IF ERRORLEVEL 1 ("
      },
      {
        "lineNumber": 13,
        "author": {
          "gitId": "l2ejected"
        },
        "content": "    echo ********** BUILD FAILURE **********"
      },
      {
        "lineNumber": 14,
        "author": {
          "gitId": "l2ejected"
        },
        "content": "    exit /b 1"
      },
      {
        "lineNumber": 15,
        "author": {
          "gitId": "l2ejected"
        },
        "content": ")"
      },
      {
        "lineNumber": 16,
        "author": {
          "gitId": "l2ejected"
        },
        "content": "REM no error here, errorlevel \u003d\u003d 0"
      },
      {
        "lineNumber": 17,
        "author": {
          "gitId": "l2ejected"
        },
        "content": ""
      },
      {
        "lineNumber": 18,
        "author": {
          "gitId": "l2ejected"
        },
        "content": "REM run the program, feed commands from input.txt file and redirect the output to the ACTUAL.TXT"
      },
      {
        "lineNumber": 19,
        "author": {
          "gitId": "l2ejected"
        },
        "content": "java -classpath ..\\bin Duke \u003c input.txt \u003e ACTUAL.TXT"
      },
      {
        "lineNumber": 20,
        "author": {
          "gitId": "l2ejected"
        },
        "content": ""
      },
      {
        "lineNumber": 21,
        "author": {
          "gitId": "l2ejected"
        },
        "content": "REM compare the output to the expected output"
      },
      {
        "lineNumber": 22,
        "author": {
          "gitId": "l2ejected"
        },
        "content": "FC ACTUAL.TXT EXPECTED.TXT"
      }
    ],
    "authorContributionMap": {
      "l2ejected": 22
    }
  }
]
