{
  "authorDailyContributionsMap": {
    "l2ejected": [
      {
        "insertions": 51,
        "deletions": 5,
        "date": "2020-01-25",
        "commitResults": [
          {
            "hash": "2febb4100f82e232b2f2643e2f75b30dc48caf27",
            "messageTitle": "Level-1",
            "messageBody": "",
            "insertions": 10,
            "deletions": 0
          },
          {
            "hash": "75f449a9940470cec77d97a88c5e3c4c0423128d",
            "messageTitle": "Level-2",
            "messageBody": "Signed-off-by: l2ejected \u003cernestlian@hotmail.com\u003e\n",
            "insertions": 33,
            "deletions": 3
          },
          {
            "hash": "280a838c5086d0a844e686989abac1d3570dec96",
            "messageTitle": "Level-3",
            "messageBody": "Signed-off-by: l2ejected \u003cernestlian@hotmail.com\u003e\n",
            "insertions": 8,
            "deletions": 2
          }
        ]
      },
      {
        "insertions": 124,
        "deletions": 28,
        "date": "2020-01-26",
        "commitResults": [
          {
            "hash": "8e3d10b1ce72cfa5d3553df3fe56767d6779da3c",
            "messageTitle": "Level-3",
            "messageBody": "Signed-off-by: l2ejected \u003cernestlian@hotmail.com\u003e\n",
            "insertions": 19,
            "deletions": 15
          },
          {
            "hash": "7ca9b9ab34546b45f26f4e99af07733dae437af5",
            "messageTitle": "Level-3",
            "messageBody": "Signed-off-by: l2ejected \u003cernestlian@hotmail.com\u003e\n",
            "insertions": 1,
            "deletions": 1
          },
          {
            "hash": "6e1fe2a6e04e1c3d566faf9bea169359333011ca",
            "messageTitle": "Level-3",
            "messageBody": "Signed-off-by: l2ejected \u003cernestlian@hotmail.com\u003e\n",
            "insertions": 7,
            "deletions": 3
          },
          {
            "hash": "f079b5be11d258e02d22376f1a793c80fe29abdf",
            "messageTitle": "Level-3 v.final",
            "messageBody": "Signed-off-by: l2ejected \u003cernestlian@hotmail.com\u003e\n",
            "insertions": 3,
            "deletions": 1
          },
          {
            "hash": "c87e1fc2b91e38197c3d0fb6e81c3f79b354a09c",
            "messageTitle": "Level-4 v 1.0",
            "messageBody": "Signed-off-by: l2ejected \u003cernestlian@hotmail.com\u003e\n",
            "insertions": 86,
            "deletions": 4
          },
          {
            "hash": "b1977ca4b719b77008c8ad15380d57358cfabd5c",
            "messageTitle": "Level-4 v final",
            "messageBody": "Signed-off-by: l2ejected \u003cernestlian@hotmail.com\u003e\n",
            "insertions": 8,
            "deletions": 4
          }
        ]
      },
      {
        "insertions": 284,
        "deletions": 94,
        "date": "2020-01-28",
        "commitResults": [
          {
            "hash": "b3d6116d3bf22e2260a24a8462e30fb2221ced01",
            "messageTitle": "Level-5",
            "messageBody": "Signed-off-by: Ernest Lian \u003cernestlian@hotmail.com\u003e\n",
            "tags": [
              "Level-6"
            ],
            "insertions": 193,
            "deletions": 77
          },
          {
            "hash": "4dbb6f10a327c4492a7ea7caf479260dcb93793f",
            "messageTitle": "Level-6",
            "messageBody": "",
            "tags": [
              "A-TextUiTesting"
            ],
            "insertions": 33,
            "deletions": 17
          },
          {
            "hash": "7f0f8b0935048a652322355dd1f790612c48057f",
            "messageTitle": "A-TextUiTesting",
            "messageBody": "",
            "tags": [
              "Level-3",
              "Level-2",
              "Level-1"
            ],
            "insertions": 58,
            "deletions": 0
          }
        ]
      },
      {
        "insertions": 116,
        "deletions": 16,
        "date": "2020-01-29",
        "commitResults": [
          {
            "hash": "23f415a5389718c8ab68e4b05b913da6d8398e97",
            "messageTitle": "Level-8 and necessary changes for it to work",
            "messageBody": "",
            "tags": [
              "Level-7"
            ],
            "insertions": 116,
            "deletions": 16
          }
        ]
      },
      {
        "insertions": 92,
        "deletions": 67,
        "date": "2020-02-04",
        "commitResults": [
          {
            "hash": "e25e6d27a2443115f7e26fd833dfa59925699d56",
            "messageTitle": "Level-8 final edits",
            "messageBody": "",
            "tags": [
              "Level-8"
            ],
            "insertions": 43,
            "deletions": 60
          },
          {
            "hash": "5f9350472576675b80e3ad4ba7458c6caf82be87",
            "messageTitle": "A-JUnit",
            "messageBody": "",
            "insertions": 13,
            "deletions": 0
          },
          {
            "hash": "5c21efc6df6cd7dcddde2bc5e9b94859b9f7877f",
            "messageTitle": "A-Gradle",
            "messageBody": "",
            "tags": [
              "A-Jar",
              "A-Gradle"
            ],
            "insertions": 15,
            "deletions": 1
          },
          {
            "hash": "e0fe9d4a186c7f4896f3d26bf8de8f51b6095aa4",
            "messageTitle": "Added Level-9",
            "messageBody": "",
            "tags": [
              "Level-9",
              "A-CheckStyle"
            ],
            "insertions": 21,
            "deletions": 6
          }
        ]
      },
      {
        "insertions": 417,
        "deletions": 18,
        "date": "2020-02-11",
        "commitResults": [
          {
            "hash": "a26c18d92e9f576281d25a9223ef06740aa95413",
            "messageTitle": "assertions",
            "messageBody": "",
            "tags": [
              "A-Assertions"
            ],
            "insertions": 329,
            "deletions": 6
          },
          {
            "hash": "61d7c36e181afc99b91d8c0b52490bebe5245b0d",
            "messageTitle": "improve code quality",
            "messageBody": "",
            "tags": [
              "A-CodeQuality"
            ],
            "insertions": 2,
            "deletions": 2
          },
          {
            "hash": "eb15f6255af137a5c5f9090516e6d013f9177e77",
            "messageTitle": "extension B-viewSchedules added",
            "messageBody": "",
            "tags": [
              "B-ViewSchedules"
            ],
            "insertions": 36,
            "deletions": 1
          },
          {
            "hash": "00596202652ca53fd218d0524fd8fe757f4a2182",
            "messageTitle": "modifications for Friendlier Syntax",
            "messageBody": "",
            "tags": [
              "C-FriendlierSyntax"
            ],
            "insertions": 9,
            "deletions": 9
          },
          {
            "hash": "6606cffa74fb5bde4f0ec4055ccf994f56ae54d8",
            "messageTitle": "added extension D-contacts",
            "messageBody": "",
            "tags": [
              "D-Contacts"
            ],
            "insertions": 41,
            "deletions": 0
          }
        ]
      },
      {
        "insertions": 479,
        "deletions": 104,
        "date": "2020-03-03",
        "commitResults": [
          {
            "hash": "0134fa40d548dbdc7669b87b5a8a3eab0360aebb",
            "messageTitle": "modifications for more OOP",
            "messageBody": "",
            "tags": [
              "A-MoreOOP"
            ],
            "insertions": 376,
            "deletions": 70
          },
          {
            "hash": "c0721426ef1e454d0bb199d144dbfb4086bff145",
            "messageTitle": "integrated gui and implemented B-ViewSchedules \u0026 C-BetterSearch",
            "messageBody": "",
            "tags": [
              "C-BetterSearch"
            ],
            "insertions": 103,
            "deletions": 34
          }
        ]
      },
      {
        "insertions": 804,
        "deletions": 588,
        "date": "2020-03-04",
        "commitResults": [
          {
            "hash": "b25e94c9a756b4d44c95717ade9088364212fd19",
            "messageTitle": "Ui.png added \u0026 changes to build.gradle to work cross platform",
            "messageBody": "",
            "insertions": 19,
            "deletions": 4
          },
          {
            "hash": "891a85a287f4443ccbffaeac3e9d4462cde37805",
            "messageTitle": "User-guide",
            "messageBody": "",
            "tags": [
              "A-UserGuide"
            ],
            "insertions": 146,
            "deletions": 10
          },
          {
            "hash": "458a0a62313f5bdbaaf13b35f983bb57527f00fb",
            "messageTitle": "edits to readme",
            "messageBody": "",
            "insertions": 3,
            "deletions": 1
          },
          {
            "hash": "2250de6918c88278b59251b961c62a5b11b65625",
            "messageTitle": "more changes to readme",
            "messageBody": "",
            "insertions": 10,
            "deletions": 2
          },
          {
            "hash": "cde33270d1722a4c0dc6ebef1016159f1202e966",
            "messageTitle": "major changes to readme",
            "messageBody": "",
            "insertions": 30,
            "deletions": 7
          },
          {
            "hash": "06ebfa8f6722d6e3de69ce7b2d3e7034155d78de",
            "messageTitle": "changes to readme",
            "messageBody": "",
            "insertions": 8,
            "deletions": 11
          },
          {
            "hash": "deeaf7d31b925f1a794d89b0d9a17aef8e293dc0",
            "messageTitle": "minor changes to readme",
            "messageBody": "",
            "insertions": 1,
            "deletions": 1
          },
          {
            "hash": "2ea70d2ed21cb8da867612bdb9b58c7c7650d6c5",
            "messageTitle": "more changes to readme",
            "messageBody": "",
            "insertions": 10,
            "deletions": 10
          },
          {
            "hash": "f2ae3ebf2c2e4212cf9c1923928b4978eaddccfd",
            "messageTitle": "fixing readme",
            "messageBody": "",
            "insertions": 9,
            "deletions": 0
          },
          {
            "hash": "09159e43086487e5477079d0a7268d554b421025",
            "messageTitle": "test",
            "messageBody": "",
            "insertions": 178,
            "deletions": 122
          },
          {
            "hash": "3af4e01d711bc7ff2a39f948b63cf218ebed7486",
            "messageTitle": "fix readme v1.0",
            "messageBody": "",
            "insertions": 122,
            "deletions": 178
          },
          {
            "hash": "2e92403cc4e493e3526f38a18b0ffcfa6c9fe66a",
            "messageTitle": "fix readme v1.1",
            "messageBody": "",
            "insertions": 1,
            "deletions": 164
          },
          {
            "hash": "2f64613daead02f98c176c32168bba6476c6815d",
            "messageTitle": "fix readme v1.2",
            "messageBody": "",
            "insertions": 164,
            "deletions": 1
          },
          {
            "hash": "4052966ba697d07ea08978c40fdb322de54841b2",
            "messageTitle": "fixed GUI not greeting on start up",
            "messageBody": "",
            "insertions": 14,
            "deletions": 4
          },
          {
            "hash": "2b844a926f86a60baf6de22da6941796ece982b8",
            "messageTitle": "fixed storage in new folder",
            "messageBody": "",
            "insertions": 89,
            "deletions": 73
          }
        ]
      },
      {
        "insertions": 28,
        "deletions": 29,
        "date": "2020-03-05",
        "commitResults": [
          {
            "hash": "47b99c9f704d2ab702de0999e6209b8ebf6ab38e",
            "messageTitle": "prepare for release",
            "messageBody": "",
            "tags": [
              "A-Release"
            ],
            "insertions": 28,
            "deletions": 29
          }
        ]
      }
    ]
  },
  "authorFinalContributionMap": {
    "l2ejected": 1459
  },
  "authorFileTypeContributionMap": {
    "l2ejected": {
      "java": 1143,
      "md": 184,
      "fxml": 35,
      "sh": 0,
      "bat": 21,
      "gradle": 37,
      "txt": 39
    }
  },
  "authorContributionVariance": {
    "l2ejected": 46620.164
  },
  "authorDisplayNameMap": {
    "l2ejected": "CS2103-W14- 4 ERNE..QUAN"
  }
}
