{
  "authorDailyContributionsMap": {
    "l2ejected": [
      {
        "insertions": 51,
        "deletions": 5,
        "date": "2020-01-25",
        "commitResults": [
          {
            "hash": "2febb4100f82e232b2f2643e2f75b30dc48caf27",
            "messageTitle": "Level-1",
            "messageBody": "",
            "insertions": 10,
            "deletions": 0
          },
          {
            "hash": "75f449a9940470cec77d97a88c5e3c4c0423128d",
            "messageTitle": "Level-2",
            "messageBody": "Signed-off-by: l2ejected \u003cernestlian@hotmail.com\u003e\n",
            "insertions": 33,
            "deletions": 3
          },
          {
            "hash": "280a838c5086d0a844e686989abac1d3570dec96",
            "messageTitle": "Level-3",
            "messageBody": "Signed-off-by: l2ejected \u003cernestlian@hotmail.com\u003e\n",
            "insertions": 8,
            "deletions": 2
          }
        ]
      },
      {
        "insertions": 124,
        "deletions": 28,
        "date": "2020-01-26",
        "commitResults": [
          {
            "hash": "8e3d10b1ce72cfa5d3553df3fe56767d6779da3c",
            "messageTitle": "Level-3",
            "messageBody": "Signed-off-by: l2ejected \u003cernestlian@hotmail.com\u003e\n",
            "insertions": 19,
            "deletions": 15
          },
          {
            "hash": "7ca9b9ab34546b45f26f4e99af07733dae437af5",
            "messageTitle": "Level-3",
            "messageBody": "Signed-off-by: l2ejected \u003cernestlian@hotmail.com\u003e\n",
            "insertions": 1,
            "deletions": 1
          },
          {
            "hash": "6e1fe2a6e04e1c3d566faf9bea169359333011ca",
            "messageTitle": "Level-3",
            "messageBody": "Signed-off-by: l2ejected \u003cernestlian@hotmail.com\u003e\n",
            "insertions": 7,
            "deletions": 3
          },
          {
            "hash": "f079b5be11d258e02d22376f1a793c80fe29abdf",
            "messageTitle": "Level-3 v.final",
            "messageBody": "Signed-off-by: l2ejected \u003cernestlian@hotmail.com\u003e\n",
            "insertions": 3,
            "deletions": 1
          },
          {
            "hash": "c87e1fc2b91e38197c3d0fb6e81c3f79b354a09c",
            "messageTitle": "Level-4 v 1.0",
            "messageBody": "Signed-off-by: l2ejected \u003cernestlian@hotmail.com\u003e\n",
            "insertions": 86,
            "deletions": 4
          },
          {
            "hash": "b1977ca4b719b77008c8ad15380d57358cfabd5c",
            "messageTitle": "Level-4 v final",
            "messageBody": "Signed-off-by: l2ejected \u003cernestlian@hotmail.com\u003e\n",
            "insertions": 8,
            "deletions": 4
          }
        ]
      },
      {
        "insertions": 296,
        "deletions": 94,
        "date": "2020-01-28",
        "commitResults": [
          {
            "hash": "7411fc29bbfd2807398e12559fc231c68545c665",
            "messageTitle": "Level-5 v2.0",
            "messageBody": "Signed-off-by: Ernest Lian \u003cernestlian@hotmail.com\u003e\n",
            "insertions": 0,
            "deletions": 0
          },
          {
            "hash": "b3d6116d3bf22e2260a24a8462e30fb2221ced01",
            "messageTitle": "Level-5",
            "messageBody": "Signed-off-by: Ernest Lian \u003cernestlian@hotmail.com\u003e\n",
            "insertions": 193,
            "deletions": 77
          },
          {
            "hash": "4dbb6f10a327c4492a7ea7caf479260dcb93793f",
            "messageTitle": "Level-6",
            "messageBody": "",
            "insertions": 33,
            "deletions": 17
          },
          {
            "hash": "7f0f8b0935048a652322355dd1f790612c48057f",
            "messageTitle": "A-TextUiTesting",
            "messageBody": "",
            "insertions": 70,
            "deletions": 0
          }
        ]
      },
      {
        "insertions": 116,
        "deletions": 16,
        "date": "2020-01-29",
        "commitResults": [
          {
            "hash": "23f415a5389718c8ab68e4b05b913da6d8398e97",
            "messageTitle": "Level-8 and necessary changes for it to work",
            "messageBody": "",
            "insertions": 116,
            "deletions": 16
          }
        ]
      },
      {
        "insertions": 43,
        "deletions": 60,
        "date": "2020-02-04",
        "commitResults": [
          {
            "hash": "e25e6d27a2443115f7e26fd833dfa59925699d56",
            "messageTitle": "Level-8 final edits",
            "messageBody": "",
            "insertions": 43,
            "deletions": 60
          }
        ]
      }
    ]
  },
  "authorFinalContributionMap": {
    "l2ejected": 428
  },
  "authorFileTypeContributionMap": {
    "l2ejected": {
      "java": 50,
      "java": 56,
      "java": 5,
      "java": 7,
      "java": 51,
      "java": 7,
      "java": 150,
      "java": 32,
      "TXT": 12,
      "txt": 12,
      "txt": 3,
      "bat": 21,
      "txt": 22
    }
  },
  "authorContributionVariance": {
    "l2ejected": 5771.5303
  },
  "authorDisplayNameMap": {
    "l2ejected": "CS2103-W14- 4 ERNE..QUAN"
  }
}
