{
  "authorDailyContributionsMap": {
    "LiuChao93": [
      {
        "insertions": 423,
        "deletions": 69,
        "date": "2020-01-23",
        "commitResults": [
          {
            "hash": "edcef855216048fb603d2146d2bf60f14a9185ec",
            "messageTitle": "Level-1",
            "messageBody": "",
            "tags": [
              "Level-1"
            ],
            "insertions": 21,
            "deletions": 6
          },
          {
            "hash": "50703a5cf1cded15a5276854a620eab1c8b27e8a",
            "messageTitle": "Level-2",
            "messageBody": "",
            "tags": [
              "Level-2"
            ],
            "insertions": 23,
            "deletions": 3
          },
          {
            "hash": "a1e6aacaedeead1da4b42bc86f42d62eb7ab147c",
            "messageTitle": "Level 3. Mark as Done",
            "messageBody": "",
            "tags": [
              "Level-3"
            ],
            "insertions": 38,
            "deletions": 5
          },
          {
            "hash": "2eea82359486bf3524124d3f022bc2d6fb0c3ee3",
            "messageTitle": "Level 4.1",
            "messageBody": "",
            "tags": [
              "Level-4-v1.0"
            ],
            "insertions": 68,
            "deletions": 5
          },
          {
            "hash": "88ee6bbff16cc5f36e333a7dfd1d5c944f2663ad",
            "messageTitle": "Level-4",
            "messageBody": "",
            "tags": [
              "Level-4"
            ],
            "insertions": 21,
            "deletions": 6
          },
          {
            "hash": "8e2d68bfc9dbde7d4a7be34a9c95427562644347",
            "messageTitle": "A-TextUiTesting",
            "messageBody": "",
            "tags": [
              "A-TextUiTesting"
            ],
            "insertions": 132,
            "deletions": 0
          },
          {
            "hash": "8ba2102084d339844de73fa60382e30de828c572",
            "messageTitle": "Level-5",
            "messageBody": "",
            "tags": [
              "Level-5"
            ],
            "insertions": 96,
            "deletions": 38
          },
          {
            "hash": "b52a6211ce13072adbc753d4275a9e440b40b4a2",
            "messageTitle": "Level 6. Delete v1",
            "messageBody": "",
            "tags": [
              "Level-6"
            ],
            "insertions": 21,
            "deletions": 4
          },
          {
            "hash": "8a4fbb7da821d46e6716657a8a4568cae5525334",
            "messageTitle": "Level-6 v2",
            "messageBody": "",
            "tags": [
              "Master-Branch-Update",
              "Level-6-v2"
            ],
            "insertions": 3,
            "deletions": 2
          }
        ]
      },
      {
        "insertions": 879,
        "deletions": 585,
        "date": "2020-02-04",
        "commitResults": [
          {
            "hash": "12090696a2961d4e3c4f9e5f344f97758f7991cc",
            "messageTitle": "testing branch",
            "messageBody": "",
            "insertions": 1,
            "deletions": 1
          },
          {
            "hash": "18997c7dc306fd4b01f121ff4bc40c65c0b85aee",
            "messageTitle": "returning back from testing branch",
            "messageBody": "",
            "insertions": 1,
            "deletions": 1
          },
          {
            "hash": "4a28d29f86eda20bd5b07b99d15df445e26dfe51",
            "messageTitle": "cleaned code",
            "messageBody": "",
            "tags": [
              "cleaned-code"
            ],
            "insertions": 143,
            "deletions": 115
          },
          {
            "hash": "169115d24b4e003eb873285bf49459a0966c71b1",
            "messageTitle": "Level-7 update",
            "messageBody": "",
            "tags": [
              "branch-7-complete"
            ],
            "insertions": 67,
            "deletions": 18
          },
          {
            "hash": "a588e29b1b10dd62c0645d80f01ca98814de39f2",
            "messageTitle": "branch 8 update",
            "messageBody": "",
            "tags": [
              "Branch-8-update"
            ],
            "insertions": 136,
            "deletions": 119
          },
          {
            "hash": "4cbd2518dd5cd8c69ff88ac1ffa99806e5b2e0af",
            "messageTitle": "master branch update",
            "messageBody": "",
            "insertions": 135,
            "deletions": 118
          },
          {
            "hash": "49074ccf21a448bfc13bb9c8b98567b210e1459f",
            "messageTitle": "branch 8 complete",
            "messageBody": "",
            "tags": [
              "branch-8-complete"
            ],
            "insertions": 18,
            "deletions": 7
          },
          {
            "hash": "545b432a05a1ecb50c24792ca92461e5b6fd831e",
            "messageTitle": "no message",
            "messageBody": "",
            "insertions": 0,
            "deletions": 4
          },
          {
            "hash": "ed4c4110adcc9dca60a7e354699ba658d023f98d",
            "messageTitle": "A-MoreOOP",
            "messageBody": "",
            "tags": [
              "A-MoreOOP",
              "A-CodingStandard"
            ],
            "insertions": 311,
            "deletions": 170
          },
          {
            "hash": "b7ff7b574a7547ed93bb76fca7bbffd80ab8060d",
            "messageTitle": "Level-9",
            "messageBody": "",
            "tags": [
              "Level-9",
              "A-Gradle"
            ],
            "insertions": 67,
            "deletions": 32
          }
        ]
      }
    ]
  },
  "authorFinalContributionMap": {
    "LiuChao93": 624
  },
  "authorFileTypeContributionMap": {
    "LiuChao93": {
      "java": 487,
      "md": 0,
      "fxml": 0,
      "sh": 34,
      "bat": 0,
      "gradle": 0,
      "txt": 103
    }
  },
  "authorContributionVariance": {
    "LiuChao93": 96478.914
  },
  "authorDisplayNameMap": {
    "LiuChao93": "CS2103-W14- 2 LIU ..CHAO"
  }
}
