{
  "authorDailyContributionsMap": {
    "LiuChao93": [
      {
        "insertions": 423,
        "deletions": 69,
        "date": "2020-01-23",
        "commitResults": [
          {
            "hash": "edcef855216048fb603d2146d2bf60f14a9185ec",
            "messageTitle": "Level-1",
            "messageBody": "",
            "tags": [
              "Level-1"
            ],
            "insertions": 21,
            "deletions": 6
          },
          {
            "hash": "50703a5cf1cded15a5276854a620eab1c8b27e8a",
            "messageTitle": "Level-2",
            "messageBody": "",
            "tags": [
              "Level-2"
            ],
            "insertions": 23,
            "deletions": 3
          },
          {
            "hash": "a1e6aacaedeead1da4b42bc86f42d62eb7ab147c",
            "messageTitle": "Level 3. Mark as Done",
            "messageBody": "",
            "tags": [
              "Level-3"
            ],
            "insertions": 38,
            "deletions": 5
          },
          {
            "hash": "2eea82359486bf3524124d3f022bc2d6fb0c3ee3",
            "messageTitle": "Level 4.1",
            "messageBody": "",
            "tags": [
              "Level-4-v1.0"
            ],
            "insertions": 68,
            "deletions": 5
          },
          {
            "hash": "88ee6bbff16cc5f36e333a7dfd1d5c944f2663ad",
            "messageTitle": "Level-4",
            "messageBody": "",
            "tags": [
              "Level-4"
            ],
            "insertions": 21,
            "deletions": 6
          },
          {
            "hash": "8e2d68bfc9dbde7d4a7be34a9c95427562644347",
            "messageTitle": "A-TextUiTesting",
            "messageBody": "",
            "tags": [
              "A-TextUiTesting"
            ],
            "insertions": 132,
            "deletions": 0
          },
          {
            "hash": "8ba2102084d339844de73fa60382e30de828c572",
            "messageTitle": "Level-5",
            "messageBody": "",
            "tags": [
              "Level-5"
            ],
            "insertions": 96,
            "deletions": 38
          },
          {
            "hash": "b52a6211ce13072adbc753d4275a9e440b40b4a2",
            "messageTitle": "Level 6. Delete v1",
            "messageBody": "",
            "tags": [
              "Level-6"
            ],
            "insertions": 21,
            "deletions": 4
          },
          {
            "hash": "8a4fbb7da821d46e6716657a8a4568cae5525334",
            "messageTitle": "Level-6 v2",
            "messageBody": "",
            "tags": [
              "Master-Branch-Update",
              "Level-6-v2"
            ],
            "insertions": 3,
            "deletions": 2
          }
        ]
      },
      {
        "insertions": 916,
        "deletions": 587,
        "date": "2020-02-04",
        "commitResults": [
          {
            "hash": "12090696a2961d4e3c4f9e5f344f97758f7991cc",
            "messageTitle": "testing branch",
            "messageBody": "",
            "insertions": 1,
            "deletions": 1
          },
          {
            "hash": "18997c7dc306fd4b01f121ff4bc40c65c0b85aee",
            "messageTitle": "returning back from testing branch",
            "messageBody": "",
            "insertions": 1,
            "deletions": 1
          },
          {
            "hash": "4a28d29f86eda20bd5b07b99d15df445e26dfe51",
            "messageTitle": "cleaned code",
            "messageBody": "",
            "tags": [
              "cleaned-code"
            ],
            "insertions": 143,
            "deletions": 115
          },
          {
            "hash": "169115d24b4e003eb873285bf49459a0966c71b1",
            "messageTitle": "Level-7 update",
            "messageBody": "",
            "tags": [
              "branch-7-complete"
            ],
            "insertions": 67,
            "deletions": 18
          },
          {
            "hash": "a588e29b1b10dd62c0645d80f01ca98814de39f2",
            "messageTitle": "branch 8 update",
            "messageBody": "",
            "tags": [
              "Branch-8-update"
            ],
            "insertions": 136,
            "deletions": 119
          },
          {
            "hash": "4cbd2518dd5cd8c69ff88ac1ffa99806e5b2e0af",
            "messageTitle": "master branch update",
            "messageBody": "",
            "insertions": 135,
            "deletions": 118
          },
          {
            "hash": "49074ccf21a448bfc13bb9c8b98567b210e1459f",
            "messageTitle": "branch 8 complete",
            "messageBody": "",
            "tags": [
              "branch-8-complete"
            ],
            "insertions": 18,
            "deletions": 7
          },
          {
            "hash": "545b432a05a1ecb50c24792ca92461e5b6fd831e",
            "messageTitle": "no message",
            "messageBody": "",
            "insertions": 0,
            "deletions": 4
          },
          {
            "hash": "ed4c4110adcc9dca60a7e354699ba658d023f98d",
            "messageTitle": "A-MoreOOP",
            "messageBody": "",
            "tags": [
              "A-MoreOOP",
              "A-CodingStandard"
            ],
            "insertions": 311,
            "deletions": 170
          },
          {
            "hash": "b7ff7b574a7547ed93bb76fca7bbffd80ab8060d",
            "messageTitle": "Level-9",
            "messageBody": "",
            "tags": [
              "Level-9"
            ],
            "insertions": 67,
            "deletions": 32
          },
          {
            "hash": "f0e068cabfc8207ab87f55888b2c746842e0ea2d",
            "messageTitle": "Level 10. GUI",
            "messageBody": "",
            "insertions": 36,
            "deletions": 1
          },
          {
            "hash": "7e5b08b73c58d2392a8b842823ea5c29fffd9230",
            "messageTitle": "Level-10",
            "messageBody": "",
            "insertions": 1,
            "deletions": 1
          }
        ]
      },
      {
        "insertions": 68,
        "deletions": 30,
        "date": "2020-02-08",
        "commitResults": [
          {
            "hash": "80d316b9192dc32efed40530931b60f8778487a9",
            "messageTitle": "no message",
            "messageBody": "",
            "insertions": 20,
            "deletions": 3
          },
          {
            "hash": "1c67b71242465bf337ade136b93d090f3faf17c1",
            "messageTitle": "Improve Done method",
            "messageBody": "",
            "tags": [
              "Improve-Done-Method"
            ],
            "insertions": 26,
            "deletions": 23
          },
          {
            "hash": "0f971912f7c1c4b4b051ce190dc0d8c948b091aa",
            "messageTitle": "no message",
            "messageBody": "",
            "insertions": 1,
            "deletions": 1
          },
          {
            "hash": "0f0f305f95f2979227304e87560bb9e375cad0b4",
            "messageTitle": "Improvement on OOP",
            "messageBody": "",
            "insertions": 0,
            "deletions": 2
          },
          {
            "hash": "ec29fbf622a16ff8225b9b8f683e34f2a98f024f",
            "messageTitle": "A-Packages",
            "messageBody": "",
            "insertions": 21,
            "deletions": 1
          }
        ]
      },
      {
        "insertions": 221,
        "deletions": 66,
        "date": "2020-02-09",
        "commitResults": [
          {
            "hash": "757009dd785691938fef409f3531637cc83bd22b",
            "messageTitle": "A-Packages",
            "messageBody": "",
            "insertions": 12,
            "deletions": 10
          },
          {
            "hash": "6e41e00fb17e9937e03a96503c9d0d8d528b074b",
            "messageTitle": "add A-JUnit",
            "messageBody": "",
            "tags": [
              "v0.1"
            ],
            "insertions": 53,
            "deletions": 14
          },
          {
            "hash": "c3896b0c22c9509d954a1ee95c4045a35d825417",
            "messageTitle": "add A-Jar",
            "messageBody": "",
            "insertions": 0,
            "deletions": 38
          },
          {
            "hash": "3d1d26d259d45fe78389f1bd93cac090a0cb2a57",
            "messageTitle": "improve A-JUnit",
            "messageBody": "",
            "insertions": 36,
            "deletions": 0
          },
          {
            "hash": "149bb2abffcb55ee5c54b854eba9e51e5e69beae",
            "messageTitle": "add A-JavaDoc",
            "messageBody": "",
            "insertions": 120,
            "deletions": 4
          }
        ]
      }
    ]
  },
  "authorFinalContributionMap": {
    "LiuChao93": 775
  },
  "authorFileTypeContributionMap": {
    "LiuChao93": {
      "java": 637,
      "md": 0,
      "fxml": 0,
      "sh": 34,
      "bat": 0,
      "gradle": 1,
      "txt": 103
    }
  },
  "authorContributionVariance": {
    "LiuChao93": 85383.79
  },
  "authorDisplayNameMap": {
    "LiuChao93": "CS2103-W14- 2 LIU ..CHAO"
  }
}
