{
  "authorDailyContributionsMap": {
    "Zhu-Ruicong": [
      {
        "insertions": 205,
        "deletions": 25,
        "date": "2020-01-20",
        "commitResults": [
          {
            "hash": "71c7a9f5a50af73cd06e2f93d73c4b251f404a2c",
            "messageTitle": "add Level 1",
            "messageBody": "",
            "tags": [
              "Level-1"
            ],
            "insertions": 28,
            "deletions": 0
          },
          {
            "hash": "021f5cc7e0720749e2556e4944c87d292517a327",
            "messageTitle": "add Level 2",
            "messageBody": "",
            "tags": [
              "Level-2"
            ],
            "insertions": 22,
            "deletions": 7
          },
          {
            "hash": "f64876c7c142809e9e0f7b8892713d82dab56b4c",
            "messageTitle": "add Level 3",
            "messageBody": "",
            "tags": [
              "Level-3"
            ],
            "insertions": 41,
            "deletions": 4
          },
          {
            "hash": "6201aa9b05438f7b4fef883eed02b93158845cbf",
            "messageTitle": "add level 4",
            "messageBody": "",
            "tags": [
              "Level-4"
            ],
            "insertions": 78,
            "deletions": 14
          },
          {
            "hash": "ed87c6fe46a9be85fbc5443ae29b8c9648d7180f",
            "messageTitle": "add A-TextUiTesting",
            "messageBody": "",
            "tags": [
              "A-TextUiTesting"
            ],
            "insertions": 36,
            "deletions": 0
          }
        ]
      },
      {
        "insertions": 91,
        "deletions": 21,
        "date": "2020-01-21",
        "commitResults": [
          {
            "hash": "4dde07ab5b76b0cfa84b8b827145bccc336588dc",
            "messageTitle": "add level 5",
            "messageBody": "",
            "tags": [
              "Level-5"
            ],
            "insertions": 52,
            "deletions": 12
          },
          {
            "hash": "089de10e52a4e72c1bacfea8b0cd1d5873b7a9e0",
            "messageTitle": "add level 6 delete",
            "messageBody": "",
            "tags": [
              "Level-6"
            ],
            "insertions": 39,
            "deletions": 9
          }
        ]
      },
      {
        "insertions": 114,
        "deletions": 10,
        "date": "2020-01-28",
        "commitResults": [
          {
            "hash": "1ba0e4947d5737b31d9fa83c339b1109e070bc67",
            "messageTitle": "add level 7",
            "messageBody": "",
            "tags": [
              "Level-7"
            ],
            "insertions": 83,
            "deletions": 1
          },
          {
            "hash": "6db051f9ca4eca14dabd6a7ac5d3a10220acdcf0",
            "messageTitle": "add level 8",
            "messageBody": "",
            "tags": [
              "Level-8"
            ],
            "insertions": 31,
            "deletions": 9
          }
        ]
      },
      {
        "insertions": 546,
        "deletions": 98,
        "date": "2020-01-29",
        "commitResults": [
          {
            "hash": "22325076ad67bc21cd181c9308f915fe484cf700",
            "messageTitle": "add more oop",
            "messageBody": "",
            "tags": [
              "A-MoreOOP"
            ],
            "insertions": 371,
            "deletions": 49
          },
          {
            "hash": "c089212eca0408dab539df92a802f819cfe748f7",
            "messageTitle": "bug fixed",
            "messageBody": "",
            "insertions": 7,
            "deletions": 7
          },
          {
            "hash": "49c3ab5b7e436ffda49d76998870af2fc77d8b92",
            "messageTitle": "no message",
            "messageBody": "",
            "insertions": 0,
            "deletions": 1
          },
          {
            "hash": "d932846d25c860bff54f778ed40bc01f7efc7509",
            "messageTitle": "no message",
            "messageBody": "",
            "insertions": 1,
            "deletions": 0
          },
          {
            "hash": "3c65572bd847d0738370903a7864e7cd060dddcd",
            "messageTitle": "packaging",
            "messageBody": "",
            "tags": [
              "A-Packages"
            ],
            "insertions": 106,
            "deletions": 35
          },
          {
            "hash": "59bc1e9546b6f3d3380d1c78f23b4e3e57316ef7",
            "messageTitle": "no message",
            "messageBody": "",
            "insertions": 7,
            "deletions": 5
          },
          {
            "hash": "7d092bf24390c8e5ffb1f509b638cd9f9ea2f934",
            "messageTitle": "add JUnit",
            "messageBody": "",
            "tags": [
              "A-Jar",
              "A-JUnit"
            ],
            "insertions": 54,
            "deletions": 1
          }
        ]
      },
      {
        "insertions": 380,
        "deletions": 63,
        "date": "2020-01-30",
        "commitResults": [
          {
            "hash": "d1bbf2646a67fb66cd78c6dcb34f99a2988cbdd2",
            "messageTitle": "add javadoc",
            "messageBody": "",
            "tags": [
              "A-JavaDoc"
            ],
            "insertions": 211,
            "deletions": 12
          },
          {
            "hash": "c61bf48c524325db2ca0f7f2a693ff63f7c2efe9",
            "messageTitle": "add Find",
            "messageBody": "",
            "tags": [
              "Level-9"
            ],
            "insertions": 51,
            "deletions": 1
          },
          {
            "hash": "4db2caa2ad5184e32bb332fbc7c3cbb9675d322b",
            "messageTitle": "add checkstyle",
            "messageBody": "",
            "tags": [
              "A-Gradle",
              "A-CheckStyle"
            ],
            "insertions": 118,
            "deletions": 50
          }
        ]
      },
      {
        "insertions": 539,
        "deletions": 315,
        "date": "2020-02-03",
        "commitResults": [
          {
            "hash": "f73aac427bfe522769299afdd7db80dd47b52947",
            "messageTitle": "add ui",
            "messageBody": "",
            "insertions": 493,
            "deletions": 149
          },
          {
            "hash": "6e25e5495f36017d3bce4e6f7b593f26a130b57c",
            "messageTitle": "add level-10",
            "messageBody": "",
            "insertions": 18,
            "deletions": 163
          },
          {
            "hash": "429093d5de77d9da75af0d26087bc5f5920cb9a7",
            "messageTitle": "add javadoc for level10",
            "messageBody": "",
            "tags": [
              "Level-10"
            ],
            "insertions": 28,
            "deletions": 3
          }
        ]
      },
      {
        "insertions": 27,
        "deletions": 8,
        "date": "2020-02-06",
        "commitResults": [
          {
            "hash": "04237c69d05c0a040578a49a656b7cdc85429c08",
            "messageTitle": "add assertions",
            "messageBody": "",
            "tags": [
              "A-Assertions"
            ],
            "insertions": 27,
            "deletions": 8
          }
        ]
      },
      {
        "insertions": 91,
        "deletions": 73,
        "date": "2020-02-07",
        "commitResults": [
          {
            "hash": "1b970bcffd2686ab60edb035b58803683708b395",
            "messageTitle": "improve code quality",
            "messageBody": "",
            "insertions": 91,
            "deletions": 72
          },
          {
            "hash": "952c03664cd2fbcfa27cb2961c82e8a7e27bf646",
            "messageTitle": "no message",
            "messageBody": "",
            "tags": [
              "A-CodeQuality"
            ],
            "insertions": 0,
            "deletions": 1
          }
        ]
      },
      {
        "insertions": 338,
        "deletions": 51,
        "date": "2020-02-09",
        "commitResults": [
          {
            "hash": "3d9a26e1580e091ce0fcab7eb3d806a6f9f4a66a",
            "messageTitle": "add tag",
            "messageBody": "",
            "tags": [
              "C-Tagging"
            ],
            "insertions": 338,
            "deletions": 51
          }
        ]
      },
      {
        "insertions": 1,
        "deletions": 0,
        "date": "2020-02-12",
        "commitResults": [
          {
            "hash": "cd233337d40cd172452bdf37c2518dc3c74bed1a",
            "messageTitle": "add dummy line",
            "messageBody": "",
            "insertions": 1,
            "deletions": 0
          }
        ]
      },
      {
        "insertions": 293,
        "deletions": 61,
        "date": "2020-02-15",
        "commitResults": [
          {
            "hash": "060561378c56417c77ae190f84bd51b3749aabe3",
            "messageTitle": "Bug fix on UI",
            "messageBody": "",
            "insertions": 28,
            "deletions": 6
          },
          {
            "hash": "02dcb1a2fdb90b899a221581fe00139357c24d0e",
            "messageTitle": "no message",
            "messageBody": "",
            "insertions": 0,
            "deletions": 1
          },
          {
            "hash": "a0c373f2ce12b100785bc9fc4ab0f72fe1a39dd1",
            "messageTitle": "Minor Bug Fix",
            "messageBody": "",
            "insertions": 127,
            "deletions": 38
          },
          {
            "hash": "dbc3ad88d451f7702c1bd74c5d8ff7253bfdf0f3",
            "messageTitle": "Add User-Guide",
            "messageBody": "",
            "insertions": 127,
            "deletions": 10
          },
          {
            "hash": "c819220b60dd0dcef4bf528973dbf1c9515b7349",
            "messageTitle": "no message",
            "messageBody": "",
            "insertions": 5,
            "deletions": 0
          },
          {
            "hash": "9fe6d2dd138bb88e6f6544af68e889d500ba9fe8",
            "messageTitle": "no message",
            "messageBody": "",
            "insertions": 5,
            "deletions": 5
          },
          {
            "hash": "f20539489589a3ad41b35a54115831c4d0493170",
            "messageTitle": "Completed User Guide",
            "messageBody": "",
            "insertions": 1,
            "deletions": 1
          }
        ]
      },
      {
        "insertions": 17,
        "deletions": 4,
        "date": "2020-02-16",
        "commitResults": [
          {
            "hash": "2ce02e983e80cb075fc7ff04b7143149384d4703",
            "messageTitle": "Finalized",
            "messageBody": "",
            "tags": [
              "v0.2",
              "A-Release"
            ],
            "insertions": 17,
            "deletions": 4
          }
        ]
      },
      {
        "insertions": 3,
        "deletions": 0,
        "date": "2020-02-18",
        "commitResults": [
          {
            "hash": "0ca31b8d363dab9d4ea29b795754796a04affbe2",
            "messageTitle": "bug fix",
            "messageBody": "",
            "insertions": 3,
            "deletions": 0
          }
        ]
      }
    ]
  },
  "authorFinalContributionMap": {
    "Zhu-Ruicong": 1928
  },
  "authorFileTypeContributionMap": {
    "Zhu-Ruicong": {
      "java": 1677,
      "md": 123,
      "fxml": 40,
      "sh": 34,
      "bat": 0,
      "gradle": 44,
      "txt": 10
    }
  },
  "authorContributionVariance": {
    "Zhu-Ruicong": 38342.1
  },
  "authorDisplayNameMap": {
    "Zhu-Ruicong": "CS2103-W15- 4 ZHU ..CONG"
  }
}
