{
  "authorDailyContributionsMap": {
    "chrisjwelly": [
      {
        "insertions": 87,
        "deletions": 17,
        "date": "2020-01-21",
        "commitResults": [
          {
            "hash": "8c5d5218e61c7d823ed51769a93fdeb7f538203a",
            "messageTitle": "Implement increment for Level-1",
            "messageBody": "",
            "tags": [
              "Level-1"
            ],
            "insertions": 23,
            "deletions": 1
          },
          {
            "hash": "392fd47d628b62a8abbdc7811cc1c10dafa837e3",
            "messageTitle": "Add Task.java",
            "messageBody": "",
            "insertions": 12,
            "deletions": 0
          },
          {
            "hash": "0a22403ceea95b4a60a1cae6bfc97562db3fc263",
            "messageTitle": "Implement increment for Level-2",
            "messageBody": "",
            "insertions": 52,
            "deletions": 16
          }
        ]
      },
      {
        "insertions": 242,
        "deletions": 41,
        "date": "2020-01-22",
        "commitResults": [
          {
            "hash": "73356a3d9cd2ab52283cbc358807ea59635231dc",
            "messageTitle": "Fix off-by-one error when displaying list",
            "messageBody": "",
            "tags": [
              "Level-2"
            ],
            "insertions": 1,
            "deletions": 1
          },
          {
            "hash": "e819b7fd41197264645122fa29dd0933e272446c",
            "messageTitle": "Update Task.java with status icon",
            "messageBody": "",
            "insertions": 13,
            "deletions": 2
          },
          {
            "hash": "035a2707255c7fe285db789114c30a8b098ef328",
            "messageTitle": "Implement Week 2 increments for Level-3",
            "messageBody": "",
            "tags": [
              "Level-3"
            ],
            "insertions": 19,
            "deletions": 1
          },
          {
            "hash": "7edd105860499d3b0d5010fc2cc93cdf48eec43e",
            "messageTitle": "Add Todo, Deadline and Event classes",
            "messageBody": "",
            "insertions": 36,
            "deletions": 0
          },
          {
            "hash": "56214532ac10c597095778c9ae29b87e17581dc2",
            "messageTitle": "Implement Week 2 increments for Level-4",
            "messageBody": "",
            "tags": [
              "Level-4"
            ],
            "insertions": 58,
            "deletions": 8
          },
          {
            "hash": "b9fc14853606db8157c8788d169d36ded737fb33",
            "messageTitle": "Add Week 2 increments for A-TextUiTesting",
            "messageBody": "",
            "tags": [
              "A-TextUiTesting"
            ],
            "insertions": 27,
            "deletions": 0
          },
          {
            "hash": "3ae8522d9676dc0efd847232e8ef0106e06e5c1a",
            "messageTitle": "Implement Week 2 increments for Level-5",
            "messageBody": "",
            "tags": [
              "Level-5"
            ],
            "insertions": 71,
            "deletions": 22
          },
          {
            "hash": "363c1dc56298823970fe8de67a70590abc29721d",
            "messageTitle": "Remove obsolete method that has been replaced by exceptions",
            "messageBody": "",
            "insertions": 0,
            "deletions": 7
          },
          {
            "hash": "1af4e8981e038a34d0d1b8bd64fbb9ad7a6b7d79",
            "messageTitle": "Implement Week 2 increments for Level-6",
            "messageBody": "",
            "tags": [
              "Level-6"
            ],
            "insertions": 17,
            "deletions": 0
          }
        ]
      },
      {
        "insertions": 145,
        "deletions": 14,
        "date": "2020-01-29",
        "commitResults": [
          {
            "hash": "b0dfcf4fed14017c0dae8703e0adaa87031de07a",
            "messageTitle": "Add duke.txt to read from and write to",
            "messageBody": "",
            "insertions": 0,
            "deletions": 0
          },
          {
            "hash": "75390c2b0246b11ab845ad84dcef8c6769af9e83",
            "messageTitle": "Update gitignore",
            "messageBody": "",
            "insertions": 10,
            "deletions": 0
          },
          {
            "hash": "618952012a672f56952dcbed2756682b12103bf7",
            "messageTitle": "Add writing of file whenever there is an update",
            "messageBody": "",
            "insertions": 72,
            "deletions": 7
          },
          {
            "hash": "39f7c254f56b18f7593caa3a67389219a6e77665",
            "messageTitle": "Add reading of file when Duke loads",
            "messageBody": "",
            "insertions": 63,
            "deletions": 7
          }
        ]
      },
      {
        "insertions": 512,
        "deletions": 224,
        "date": "2020-01-30",
        "commitResults": [
          {
            "hash": "17b3303ce24ff84d781f88af47a5c60d6a63e859",
            "messageTitle": "Convert Strings to LocalDate object",
            "messageBody": "",
            "insertions": 22,
            "deletions": 6
          },
          {
            "hash": "4d3bce6eefaf888a7e00c584697aeccafec346e5",
            "messageTitle": "Handle errors in parsing date",
            "messageBody": "",
            "insertions": 6,
            "deletions": 0
          },
          {
            "hash": "4441f43b6775572c194afed0d1f9289378af1d0c",
            "messageTitle": "Add the basic sketch for Ui class",
            "messageBody": "",
            "insertions": 50,
            "deletions": 0
          },
          {
            "hash": "4f5293dd4bf905129e4824b987afce8cbce629ea",
            "messageTitle": "Add the basic sketch for TaskList class",
            "messageBody": "",
            "insertions": 66,
            "deletions": 0
          },
          {
            "hash": "67140a34907962a6208c92d3887f9cc667cb6b37",
            "messageTitle": "Add the basic sketch for Parser class",
            "messageBody": "",
            "insertions": 41,
            "deletions": 0
          },
          {
            "hash": "c2a15277c50124d130b90e3cc69ac15b477ce357",
            "messageTitle": "Organise the communication between the new abstracted classes",
            "messageBody": "",
            "insertions": 34,
            "deletions": 16
          },
          {
            "hash": "5aab3b709bdba0a53bad18ab2957e6040b6707e3",
            "messageTitle": "Complete the Week 3 Increment for More OOP",
            "messageBody": "",
            "tags": [
              "A-MoreOOP"
            ],
            "insertions": 99,
            "deletions": 180
          },
          {
            "hash": "43cf0fe1636a16a6b7d580cf4244d212846a760b",
            "messageTitle": "Add dummy test for Duke",
            "messageBody": "",
            "insertions": 12,
            "deletions": 0
          },
          {
            "hash": "3c58d456c4427dea7a96a4e6d351dfab24566930",
            "messageTitle": "Make tasks in TaskList not static",
            "messageBody": "",
            "insertions": 1,
            "deletions": 1
          },
          {
            "hash": "e542f2aa62387dee0a594f70d2965fa424dfcd27",
            "messageTitle": "Add some basic tests for TaskList and Parser",
            "messageBody": "",
            "tags": [
              "A-Jar",
              "A-JUnit"
            ],
            "insertions": 47,
            "deletions": 0
          },
          {
            "hash": "f566f7c8cde663bb8bd8ff039d733d41b5448774",
            "messageTitle": "Add JavaDoc for Parser, Storage, and TaskList",
            "messageBody": "",
            "insertions": 92,
            "deletions": 3
          },
          {
            "hash": "8d8dbbf713b691abd44aae6cd72ef156b512efca",
            "messageTitle": "Refactor throwing of exceptions to a single-liner",
            "messageBody": "",
            "insertions": 9,
            "deletions": 18
          },
          {
            "hash": "52a06320ca72ac3085678f69a3b912d8c28ff99a",
            "messageTitle": "Add find feature as per Level-9",
            "messageBody": "",
            "insertions": 33,
            "deletions": 0
          }
        ]
      },
      {
        "insertions": 427,
        "deletions": 130,
        "date": "2020-02-04",
        "commitResults": [
          {
            "hash": "43d6861387d7ea74a8e7682aa9548712a3cb18b2",
            "messageTitle": "Update build.gradle to point to the current main class (simply Duke)",
            "messageBody": "",
            "insertions": 1,
            "deletions": 1
          },
          {
            "hash": "1c887fa3751cc6391c787b71272c77df2bcb1368",
            "messageTitle": "Add javafx to Gradle project",
            "messageBody": "",
            "insertions": 6,
            "deletions": 0
          },
          {
            "hash": "6b96c0debd22f16db453fff517dd1727b79c7a43",
            "messageTitle": "Complete part 1 of Javafx tutorial",
            "messageBody": "",
            "insertions": 29,
            "deletions": 1
          },
          {
            "hash": "6ca4b24b2f58a5f4af1f9169fe5e6224808a4095",
            "messageTitle": "Complete part 2 of Javafx tutorial",
            "messageBody": "",
            "insertions": 60,
            "deletions": 3
          },
          {
            "hash": "0b8f84c73b5c836a21c8c1875d9b00c14154791c",
            "messageTitle": "Complete part 3 of Javafx tutorial",
            "messageBody": "",
            "insertions": 99,
            "deletions": 3
          },
          {
            "hash": "7e807be386deb5df7e04f253044b2cd542bba100",
            "messageTitle": "Complete part 4 of Javafx tutorial",
            "messageBody": "",
            "insertions": 150,
            "deletions": 101
          },
          {
            "hash": "9400c1f5fd0e70b60c5298a4e11cbd0a4e80c896",
            "messageTitle": "Remove debugging statement",
            "messageBody": "",
            "insertions": 0,
            "deletions": 1
          },
          {
            "hash": "9fdfd6c9732cd6d167d1f57b34a7484626be75c9",
            "messageTitle": "Add very basic GUI for Duke",
            "messageBody": "",
            "insertions": 80,
            "deletions": 20
          },
          {
            "hash": "94b879509560a9de2ce1616ecc5486deb744a05f",
            "messageTitle": "Add minor comment about the use of a method",
            "messageBody": "",
            "insertions": 2,
            "deletions": 0
          }
        ]
      },
      {
        "insertions": 2,
        "deletions": 0,
        "date": "2020-02-09",
        "commitResults": [
          {
            "hash": "78d1c7f6107535c417831ce0f6fc0ae6dc94f71a",
            "messageTitle": "Add Assertions",
            "messageBody": "",
            "insertions": 2,
            "deletions": 0
          }
        ]
      },
      {
        "insertions": 367,
        "deletions": 242,
        "date": "2020-02-11",
        "commitResults": [
          {
            "hash": "974fb3901ff8bb43e69289e6f3c713da43a64b9e",
            "messageTitle": "Re-package the entire codebase",
            "messageBody": "",
            "insertions": 73,
            "deletions": 29
          },
          {
            "hash": "7fd89909d56c01a7e16b8391635684bc575d804c",
            "messageTitle": "Abstract processing into a single class",
            "messageBody": "",
            "insertions": 66,
            "deletions": 55
          },
          {
            "hash": "2268694e92a371dd834af906aee2d7f92924949c",
            "messageTitle": "Refactor printing of lines in CLI",
            "messageBody": "",
            "insertions": 94,
            "deletions": 80
          },
          {
            "hash": "800b627f1d24126948eb562312c79bec4f2ae93f",
            "messageTitle": "Remove redundancy in Duke.java",
            "messageBody": "",
            "insertions": 1,
            "deletions": 8
          },
          {
            "hash": "98d81b15b39dda117e52258b350e948478862512",
            "messageTitle": "Update JavaDoc to follow coding standard",
            "messageBody": "",
            "insertions": 89,
            "deletions": 55
          },
          {
            "hash": "aa8068756c5bcbec71da2d06bf7372d87bebd5ad",
            "messageTitle": "Add empty constructor for DukeException",
            "messageBody": "",
            "insertions": 2,
            "deletions": 0
          },
          {
            "hash": "f70214f929612bce754ac94f626aea447b1d2bae",
            "messageTitle": "Improve intent of code in TaskList constructor",
            "messageBody": "",
            "insertions": 10,
            "deletions": 6
          },
          {
            "hash": "e25bde4d47bdd6f5362eb4e2628204ed7a517db0",
            "messageTitle": "Fix codestyle to include curly braces for one-liner ifs",
            "messageBody": "",
            "insertions": 25,
            "deletions": 9
          },
          {
            "hash": "1ad3dbb148f75e0d001bc27acbe2f114fbd8c5d2",
            "messageTitle": "Add Sorting feature",
            "messageBody": "",
            "insertions": 7,
            "deletions": 0
          }
        ]
      },
      {
        "insertions": 101,
        "deletions": 9,
        "date": "2020-02-20",
        "commitResults": [
          {
            "hash": "663cb99eb0cdf22cb450f40d2cec5f0d2f34154d",
            "messageTitle": "Update User Guide",
            "messageBody": "",
            "insertions": 101,
            "deletions": 9
          }
        ]
      }
    ]
  },
  "authorFinalContributionMap": {
    "chrisjwelly": 1224
  },
  "authorFileTypeContributionMap": {
    "chrisjwelly": {
      "java": 1055,
      "md": 101,
      "fxml": 35,
      "sh": 0,
      "bat": 21,
      "gradle": 6,
      "txt": 6
    }
  },
  "authorContributionVariance": {
    "chrisjwelly": 30335.256
  },
  "authorDisplayNameMap": {
    "chrisjwelly": "CS2103T-F10- 1 CHRI..ELLY"
  }
}
