{
  "authorDailyContributionsMap": {
    "gracegrape": [
      {
        "insertions": 650,
        "deletions": 141,
        "date": "2020-01-21",
        "commitResults": [
          {
            "hash": "5a8872b62c76d8f9c25a34eb2848ca5223929722",
            "messageTitle": "Redoing because I messed up last attempt. New repo with old code from myself",
            "messageBody": "",
            "insertions": 197,
            "deletions": 7
          },
          {
            "hash": "dced06e5e11da7622a03256414e18d324875c501",
            "messageTitle": "Completed Level-1, Greet, Echo, Exit.",
            "messageBody": "",
            "tags": [
              "Level-1"
            ],
            "insertions": 1,
            "deletions": 1
          },
          {
            "hash": "b31a54945a9415efde8027f006ba6c23e6174158",
            "messageTitle": "update",
            "messageBody": "",
            "insertions": 3,
            "deletions": 2
          },
          {
            "hash": "e6ebd70ced45d64a1095e0973ca399c0bf1948ab",
            "messageTitle": "Halfway through level 2",
            "messageBody": "",
            "insertions": 24,
            "deletions": 13
          },
          {
            "hash": "1c36fb2bf39115932bbb361e2f24180182edfd91",
            "messageTitle": "Doing level 3 halfway",
            "messageBody": "",
            "insertions": 34,
            "deletions": 12
          },
          {
            "hash": "3d241c8a0eb2d0a5a40ba6e78713ae87dc81d463",
            "messageTitle": "Added task class",
            "messageBody": "",
            "insertions": 8,
            "deletions": 3
          },
          {
            "hash": "77121d943e3575371a102c78279e0ce4e5f7feb5",
            "messageTitle": "Added levelmethods to make code cleaner",
            "messageBody": "",
            "insertions": 157,
            "deletions": 56
          },
          {
            "hash": "f697f81f95ff56c4b377f4891578fe8dcb68c004",
            "messageTitle": "Creating task class",
            "messageBody": "",
            "insertions": 22,
            "deletions": 9
          },
          {
            "hash": "0af728ff22810c951ae45724416a1ea6ff7d8fdc",
            "messageTitle": "Completed Level 3: Mark as Done",
            "messageBody": "",
            "tags": [
              "Level-3"
            ],
            "insertions": 16,
            "deletions": 2
          },
          {
            "hash": "fbf5644f233b6274309f4902c465b2926f669041",
            "messageTitle": "Adding inheritance",
            "messageBody": "",
            "insertions": 48,
            "deletions": 7
          },
          {
            "hash": "e74b25757eae71772cf827bd152255d9d07e358b",
            "messageTitle": "Completed level 4: ToDo, Event, Deadline",
            "messageBody": "",
            "tags": [
              "Level-4"
            ],
            "insertions": 68,
            "deletions": 13
          },
          {
            "hash": "fb1af7c7d8cb8f3d49e08dc231781a2fc81b7854",
            "messageTitle": "Completed A-TextUiTesting: Automated Text UI Testing",
            "messageBody": "",
            "tags": [
              "A-TextUiTesting"
            ],
            "insertions": 24,
            "deletions": 1
          },
          {
            "hash": "88fe4ccd3afb8a3d2120e019a55dde8fc9311e0e",
            "messageTitle": "Doing exceptions",
            "messageBody": "",
            "insertions": 48,
            "deletions": 15
          }
        ]
      },
      {
        "insertions": 156,
        "deletions": 150,
        "date": "2020-01-22",
        "commitResults": [
          {
            "hash": "ef8294d3d309160d7c7ca7e711f48b3df3bac1e3",
            "messageTitle": "Completed Level-5: Handle Errors",
            "messageBody": "",
            "tags": [
              "Level-5"
            ],
            "insertions": 46,
            "deletions": 33
          },
          {
            "hash": "521fcbf7d951fc1b38ceb530a5821784c21a3ca9",
            "messageTitle": "Completed Level-5: Handle Errors (Fixed bugs)",
            "messageBody": "",
            "insertions": 1,
            "deletions": 74
          },
          {
            "hash": "4494159c3303a5b46a4b3cecc94e97620b5cc05c",
            "messageTitle": "Completed Level 5 : Error Handling (Added more error exceptions)",
            "messageBody": "",
            "insertions": 69,
            "deletions": 19
          },
          {
            "hash": "16ed09f1a4847fcb2f52df4a881159c387c37fec",
            "messageTitle": "Completed Level-6: Delete",
            "messageBody": "",
            "tags": [
              "Level-6"
            ],
            "insertions": 40,
            "deletions": 24
          }
        ]
      },
      {
        "insertions": 51,
        "deletions": 34,
        "date": "2020-01-23",
        "commitResults": [
          {
            "hash": "1cde2337370bf3ece2b2e592e386c433e2334b69",
            "messageTitle": "Renamed Files and updated code",
            "messageBody": "",
            "insertions": 51,
            "deletions": 34
          }
        ]
      },
      {
        "insertions": 1200,
        "deletions": 720,
        "date": "2020-01-26",
        "commitResults": [
          {
            "hash": "928c846ea5f27fb50a1a740ada55aea7e9df1766",
            "messageTitle": "Halfway doing level 7 - save",
            "messageBody": "",
            "insertions": 47,
            "deletions": 6
          },
          {
            "hash": "35fc6744c421566175d3cf1339121dd512ee5d99",
            "messageTitle": "Updated code for lvl7",
            "messageBody": "",
            "insertions": 129,
            "deletions": 20
          },
          {
            "hash": "bcd0733dacfbaeaa58dde8c32990adb0a604e1a6",
            "messageTitle": "Completed Level 7, Save (But have not yet specified file paths in an OS-independent way)",
            "messageBody": "",
            "tags": [
              "Level-7"
            ],
            "insertions": 104,
            "deletions": 17
          },
          {
            "hash": "44cb8c58d162e3fbaf2b144b7e54ef65f1d91604",
            "messageTitle": "added time class",
            "messageBody": "",
            "insertions": 4,
            "deletions": 0
          },
          {
            "hash": "5ddbb4e5a10048759d7cb90ad0e4db34643d23a2",
            "messageTitle": "Implemented date system in LocalDate for Duke",
            "messageBody": "",
            "insertions": 33,
            "deletions": 13
          },
          {
            "hash": "fb69f42cfdb1c511c9bb3db9e3b1752aaed8a8fb",
            "messageTitle": "Updated how I store deadline dates as a java.time.LocalDate in my task objects.",
            "messageBody": "",
            "insertions": 13,
            "deletions": 10
          },
          {
            "hash": "88ad0cef5fbf6e3b91b481448a9cce0c991faf3f",
            "messageTitle": "Completed Level 8. Dates and Times",
            "messageBody": "Added LocaDate system for Task classes\n",
            "tags": [
              "Level-8"
            ],
            "insertions": 33,
            "deletions": 7
          },
          {
            "hash": "932a7447a1fe9679eb60991fa67d37f65376bd50",
            "messageTitle": "Added reminder for myself to do future features",
            "messageBody": "",
            "insertions": 1,
            "deletions": 0
          },
          {
            "hash": "6a1b1a95976d14872571a41c066995b0613ee685",
            "messageTitle": "Fixed Merged conflicts",
            "messageBody": "",
            "insertions": 26,
            "deletions": 63
          },
          {
            "hash": "c2a6cd113d46b4b215ea415d39e19d195a639eab",
            "messageTitle": "Doing OOP, also edited Level-7, changed storage system from File to Txt file",
            "messageBody": "",
            "insertions": 93,
            "deletions": 49
          },
          {
            "hash": "68aab1be39c7a777ff0118ce4cc0684b56321053",
            "messageTitle": "Completed Add Increments: A-MoreOOP",
            "messageBody": "",
            "tags": [
              "A-MoreOOP"
            ],
            "insertions": 526,
            "deletions": 514
          },
          {
            "hash": "dd820570908e7b6004c0547ad4b64cd57d99859c",
            "messageTitle": "Completed A-JUnit: Add JUnit Tess",
            "messageBody": "Added 2 test, ParserTest and TaskListTest\n",
            "tags": [
              "A-Jar",
              "A-JUnit"
            ],
            "insertions": 32,
            "deletions": 9
          },
          {
            "hash": "f28afb2c356f1e3503623beb146de5850db37e89",
            "messageTitle": "Completed A-JavaDoc: JavaDoc",
            "messageBody": "Added javadocs for all methods.\n",
            "tags": [
              "A-JavaDoc"
            ],
            "insertions": 159,
            "deletions": 12
          }
        ]
      },
      {
        "insertions": 45,
        "deletions": 33,
        "date": "2020-01-27",
        "commitResults": [
          {
            "hash": "eec2dc36bd80b1255438611e7a38f6e0988813ba",
            "messageTitle": "Completed A-CodingStandard: Follow the Coding Standard",
            "messageBody": "",
            "tags": [
              "A-CodingStandard"
            ],
            "insertions": 5,
            "deletions": 31
          },
          {
            "hash": "828dbf04cfd96388180fcfbca2f752ffda171cda",
            "messageTitle": "Completed Level-9: Find",
            "messageBody": "",
            "tags": [
              "Level-9"
            ],
            "insertions": 40,
            "deletions": 2
          }
        ]
      },
      {
        "insertions": 40,
        "deletions": 36,
        "date": "2020-01-29",
        "commitResults": [
          {
            "hash": "e842c40b2211f1619c019173391998744fa7561b",
            "messageTitle": "Completed A-Gradle: Use Gradle",
            "messageBody": "",
            "tags": [
              "A-Gradle"
            ],
            "insertions": 40,
            "deletions": 36
          }
        ]
      },
      {
        "insertions": 84,
        "deletions": 89,
        "date": "2020-01-31",
        "commitResults": [
          {
            "hash": "a0ab60e6ea715f4cc9e23c35a8c1d5fa96bfc47d",
            "messageTitle": "Completed A-CheckStyle",
            "messageBody": "",
            "tags": [
              "A-CheckStyle"
            ],
            "insertions": 84,
            "deletions": 89
          }
        ]
      },
      {
        "insertions": 172,
        "deletions": 5,
        "date": "2020-02-01",
        "commitResults": [
          {
            "hash": "c30e772884bb7a018d03927d793305fc9abc863f",
            "messageTitle": "Completed Level-10: GUI",
            "messageBody": "",
            "tags": [
              "Level-10"
            ],
            "insertions": 172,
            "deletions": 5
          }
        ]
      },
      {
        "insertions": 381,
        "deletions": 241,
        "date": "2020-02-03",
        "commitResults": [
          {
            "hash": "3fc8ee6a3a7b49abc34871689027663bd92e2e95",
            "messageTitle": "Adding own user input for GUI level 10",
            "messageBody": "",
            "insertions": 247,
            "deletions": 142
          },
          {
            "hash": "cfad6f3a29b979e9c0155e8cad0114a7a6486968",
            "messageTitle": "Updated level 10 - GUI",
            "messageBody": "",
            "insertions": 134,
            "deletions": 99
          }
        ]
      },
      {
        "insertions": 242,
        "deletions": 331,
        "date": "2020-02-06",
        "commitResults": [
          {
            "hash": "42a5cc6ee16b7c531f50c6b45221ca63e4cc6fb9",
            "messageTitle": "Added packages",
            "messageBody": "",
            "tags": [
              "A-Packages"
            ],
            "insertions": 123,
            "deletions": 202
          },
          {
            "hash": "73ba4e9ebe2e9b79f22eb49826a88a6695f6e57c",
            "messageTitle": "Completed A-Assertions: Use Assertions",
            "messageBody": "",
            "tags": [
              "A-Assertions"
            ],
            "insertions": 119,
            "deletions": 129
          }
        ]
      },
      {
        "insertions": 200,
        "deletions": 172,
        "date": "2020-02-08",
        "commitResults": [
          {
            "hash": "510dc9fb08a15ddc36ede286c6f79cd9196f2954",
            "messageTitle": "Completed A-CodeQuality",
            "messageBody": "",
            "tags": [
              "A-CodeQuality"
            ],
            "insertions": 200,
            "deletions": 172
          }
        ]
      },
      {
        "insertions": 203,
        "deletions": 29,
        "date": "2020-02-11",
        "commitResults": [
          {
            "hash": "74dacfb72ce8b8c3819fa7c90a87d39d265a9981",
            "messageTitle": "Completed C-Tagging",
            "messageBody": "",
            "tags": [
              "C-Tagging"
            ],
            "insertions": 203,
            "deletions": 29
          }
        ]
      }
    ]
  },
  "authorFinalContributionMap": {
    "gracegrape": 1474
  },
  "authorFileTypeContributionMap": {
    "gracegrape": {
      "java": 1275,
      "md": 0,
      "fxml": 35,
      "sh": 0,
      "bat": 105,
      "gradle": 50,
      "txt": 9
    }
  },
  "authorContributionVariance": {
    "gracegrape": 147322.67
  },
  "authorDisplayNameMap": {
    "gracegrape": "CS2103T-W12- 3 GRAC..YIHE"
  }
}
