{
  "authorDailyContributionsMap": {
    "kester-ng": [
      {
        "insertions": 93,
        "deletions": 9,
        "date": "2020-01-18",
        "commitResults": [
          {
            "hash": "36f1d8e4fc576884e1d6e65b81d01a311269fc69",
            "messageTitle": "Level-1 Greet,Echo,Exit",
            "messageBody": "",
            "tags": [
              "Level-1"
            ],
            "insertions": 71,
            "deletions": 6
          },
          {
            "hash": "9bbebdf3dc43ef01ec96e0c75ea83c919d64c48c",
            "messageTitle": "Level-2 Add,List",
            "messageBody": "",
            "tags": [
              "Level-2"
            ],
            "insertions": 22,
            "deletions": 3
          }
        ]
      },
      {
        "insertions": 226,
        "deletions": 39,
        "date": "2020-01-19",
        "commitResults": [
          {
            "hash": "d4a23b689b663fe70730996de29db522257ca07c",
            "messageTitle": "Level 3. Mark as done",
            "messageBody": "",
            "tags": [
              "Level-3"
            ],
            "insertions": 73,
            "deletions": 13
          },
          {
            "hash": "9277e483a17ad5948a5010e712ff992fa5b72941",
            "messageTitle": "Level-4 ToDos, Event, Deadlines",
            "messageBody": "",
            "tags": [
              "Level-4"
            ],
            "insertions": 153,
            "deletions": 26
          }
        ]
      },
      {
        "insertions": 116,
        "deletions": 19,
        "date": "2020-01-20",
        "commitResults": [
          {
            "hash": "e97a1885f5171b762fb3342d5ac0b65ba1826d2f",
            "messageTitle": "A-TextUiTesting + Changed the command list displayed by duke",
            "messageBody": "",
            "tags": [
              "A-TextUiTesting"
            ],
            "insertions": 47,
            "deletions": 1
          },
          {
            "hash": "6b47be581149d0d11aac56eab5a57f178c5aef89",
            "messageTitle": "Level-5 Handle errors",
            "messageBody": "",
            "tags": [
              "Level-5"
            ],
            "insertions": 60,
            "deletions": 18
          },
          {
            "hash": "70925c6033f775c033a9043889eb1011153ad329",
            "messageTitle": "Level-6 Delete",
            "messageBody": "",
            "tags": [
              "Level-6"
            ],
            "insertions": 9,
            "deletions": 0
          }
        ]
      },
      {
        "insertions": 1,
        "deletions": 1,
        "date": "2020-01-22",
        "commitResults": [
          {
            "hash": "037e6c1f04bf0af843b2459496e77f25b44bbcd3",
            "messageTitle": "Trimmed the input string to remove any trailing whitespaces, so as to be able to catch empty descriptions better",
            "messageBody": "",
            "tags": [
              "Level-6-Updated"
            ],
            "insertions": 1,
            "deletions": 1
          }
        ]
      },
      {
        "insertions": 9,
        "deletions": 3,
        "date": "2020-01-24",
        "commitResults": [
          {
            "hash": "8223945d6b03c879aac94cffdf94e758953ee489",
            "messageTitle": "Updated error handlings",
            "messageBody": "",
            "tags": [
              "Level-6-Newest"
            ],
            "insertions": 9,
            "deletions": 3
          }
        ]
      },
      {
        "insertions": 129,
        "deletions": 4,
        "date": "2020-01-25",
        "commitResults": [
          {
            "hash": "0ae947b390814d0b9f3586bb86c1a29aab69afef",
            "messageTitle": "Level-7 Save",
            "messageBody": "",
            "insertions": 115,
            "deletions": 1
          },
          {
            "hash": "69533aa8d05193285e1cc8ddef38fa6b120533df",
            "messageTitle": "Added text file that stores the data",
            "messageBody": "",
            "tags": [
              "Level-7"
            ],
            "insertions": 0,
            "deletions": 0
          },
          {
            "hash": "a00b068dcc513384af26eea75d6eaa5795999869",
            "messageTitle": "Added LocalDateTime to deadline",
            "messageBody": "",
            "insertions": 14,
            "deletions": 3
          }
        ]
      },
      {
        "insertions": 254,
        "deletions": 205,
        "date": "2020-01-26",
        "commitResults": [
          {
            "hash": "71633e06dc2498ec9204b9d92d0c423ce04e11fb",
            "messageTitle": "Added exception handling for incorrect date inputs",
            "messageBody": "",
            "tags": [
              "Level-8"
            ],
            "insertions": 18,
            "deletions": 8
          },
          {
            "hash": "9a2fb15396c48a98c8c5537c98cbf3d55698f707",
            "messageTitle": "Level-9 More OOP",
            "messageBody": "",
            "tags": [
              "A-MoreOOP"
            ],
            "insertions": 236,
            "deletions": 197
          }
        ]
      },
      {
        "insertions": 325,
        "deletions": 85,
        "date": "2020-01-27",
        "commitResults": [
          {
            "hash": "7b721db102c1b97f4bd1a2fd9045c27c4b93d0ba",
            "messageTitle": "Added some JUnit Testing",
            "messageBody": "",
            "tags": [
              "A-Jar",
              "A-JUnit"
            ],
            "insertions": 86,
            "deletions": 0
          },
          {
            "hash": "8be25bad6f7540a46d6f48d4a907387791b84228",
            "messageTitle": "A-JavaDoc",
            "messageBody": "",
            "tags": [
              "A-JavaDoc"
            ],
            "insertions": 180,
            "deletions": 26
          },
          {
            "hash": "80f1087ec51e87853f5f428a022971ac806969ff",
            "messageTitle": "A-CodingStandard did camelCasing",
            "messageBody": "",
            "tags": [
              "A-CodingStandard"
            ],
            "insertions": 59,
            "deletions": 59
          }
        ]
      },
      {
        "insertions": 45,
        "deletions": 0,
        "date": "2020-01-28",
        "commitResults": [
          {
            "hash": "cd49e22037af9e02d9002f8ddc96c3b385a6c6a4",
            "messageTitle": "Level-9 Find",
            "messageBody": "",
            "tags": [
              "Level-9"
            ],
            "insertions": 45,
            "deletions": 0
          }
        ]
      },
      {
        "insertions": 48,
        "deletions": 40,
        "date": "2020-01-29",
        "commitResults": [
          {
            "hash": "4b320abd3f64338ebed8d271add351997bf5cfe1",
            "messageTitle": "Fixed some code style issues, and followed Java Coding standard",
            "messageBody": "",
            "tags": [
              "A-CodingStandard-Updated"
            ],
            "insertions": 48,
            "deletions": 40
          }
        ]
      },
      {
        "insertions": 26,
        "deletions": 4,
        "date": "2020-01-30",
        "commitResults": [
          {
            "hash": "08ff73f0e747d06c0d86237a7cfdc26774bbdb41",
            "messageTitle": "A-Gradle + fixing unit tests",
            "messageBody": "",
            "insertions": 25,
            "deletions": 4
          },
          {
            "hash": "08b04070ec2cdb57943f8c188b2c153f2994ae95",
            "messageTitle": "Added comments",
            "messageBody": "",
            "tags": [
              "A-Gradle"
            ],
            "insertions": 1,
            "deletions": 0
          }
        ]
      },
      {
        "insertions": 553,
        "deletions": 284,
        "date": "2020-01-31",
        "commitResults": [
          {
            "hash": "e2d5bbec40c43e03e6fd6cdd840de22c13263ac7",
            "messageTitle": "Added checkstyle handling",
            "messageBody": "",
            "insertions": 170,
            "deletions": 157
          },
          {
            "hash": "7dd70b35ae7a11c9d3e4998aed3934f30b7d1dda",
            "messageTitle": "Added some checkstyle and added the ability to create directories",
            "messageBody": "",
            "tags": [
              "A-CheckStyle"
            ],
            "insertions": 4,
            "deletions": 0
          },
          {
            "hash": "17a248e5b2043cb33b5862f64b013e27359261f9",
            "messageTitle": "OOP enhanced with proper styling",
            "messageBody": "",
            "tags": [
              "A-MoreOOP-Enhanced"
            ],
            "insertions": 379,
            "deletions": 127
          }
        ]
      },
      {
        "insertions": 368,
        "deletions": 25,
        "date": "2020-02-01",
        "commitResults": [
          {
            "hash": "93079db3ec0c535ee7e43ad370f5cf07fc64e095",
            "messageTitle": "Added GUI",
            "messageBody": "",
            "tags": [
              "Level-10"
            ],
            "insertions": 368,
            "deletions": 25
          }
        ]
      },
      {
        "insertions": 23,
        "deletions": 4,
        "date": "2020-02-07",
        "commitResults": [
          {
            "hash": "8dcf41ad20a2b087ad42ff737159380a208a94b0",
            "messageTitle": "Added rescalability and made pic circular",
            "messageBody": "",
            "insertions": 19,
            "deletions": 4
          },
          {
            "hash": "0fc28b326d1f385ea5d06b7dd6e43b816a811c6f",
            "messageTitle": "Added assertions",
            "messageBody": "",
            "tags": [
              "A-Assertions"
            ],
            "insertions": 4,
            "deletions": 0
          }
        ]
      },
      {
        "insertions": 14,
        "deletions": 3,
        "date": "2020-02-08",
        "commitResults": [
          {
            "hash": "02ebcde6fb7ccfa6475487487c249e3bb823b508",
            "messageTitle": "Refactored and improved code quality",
            "messageBody": "",
            "tags": [
              "A-CodeQuality"
            ],
            "insertions": 11,
            "deletions": 3
          },
          {
            "hash": "3990202551d4975985b10969790883f20a0edbf1",
            "messageTitle": "Added more assertions",
            "messageBody": "",
            "insertions": 1,
            "deletions": 0
          },
          {
            "hash": "5dc0600dcec7076c53b18c0126627d1a9710b458",
            "messageTitle": "Added more comments",
            "messageBody": "",
            "insertions": 2,
            "deletions": 0
          }
        ]
      }
    ]
  },
  "authorFinalContributionMap": {
    "kester-ng": 1512
  },
  "authorFileTypeContributionMap": {
    "kester-ng": {
      "java": 1392,
      "md": 0,
      "fxml": 37,
      "sh": 34,
      "bat": 0,
      "gradle": 39,
      "txt": 10
    }
  },
  "authorContributionVariance": {
    "kester-ng": 38472.906
  },
  "authorDisplayNameMap": {
    "kester-ng": "CS2103T-T10- 4 NG Y..STER"
  }
}
