[
  {
    "path": "src/main/java/BlankDeadlineException.java",
    "fileType": "java",
    "lines": [
      {
        "lineNumber": 1,
        "author": {
          "gitId": "raivatshah"
        },
        "content": "public class BlankDeadlineException extends Exception {"
      },
      {
        "lineNumber": 2,
        "author": {
          "gitId": "raivatshah"
        },
        "content": "    public BlankDeadlineException(String errorMessage){"
      },
      {
        "lineNumber": 3,
        "author": {
          "gitId": "raivatshah"
        },
        "content": "        super(errorMessage);"
      },
      {
        "lineNumber": 4,
        "author": {
          "gitId": "raivatshah"
        },
        "content": "    }"
      },
      {
        "lineNumber": 5,
        "author": {
          "gitId": "raivatshah"
        },
        "content": "}"
      }
    ],
    "authorContributionMap": {
      "raivatshah": 5
    }
  },
  {
    "path": "src/main/java/BlankEventException.java",
    "fileType": "java",
    "lines": [
      {
        "lineNumber": 1,
        "author": {
          "gitId": "raivatshah"
        },
        "content": "public class BlankEventException extends Exception {"
      },
      {
        "lineNumber": 2,
        "author": {
          "gitId": "raivatshah"
        },
        "content": "    public BlankEventException(String errorMessage) {"
      },
      {
        "lineNumber": 3,
        "author": {
          "gitId": "raivatshah"
        },
        "content": "        super(errorMessage);"
      },
      {
        "lineNumber": 4,
        "author": {
          "gitId": "raivatshah"
        },
        "content": "    }"
      },
      {
        "lineNumber": 5,
        "author": {
          "gitId": "raivatshah"
        },
        "content": "}"
      }
    ],
    "authorContributionMap": {
      "raivatshah": 5
    }
  },
  {
    "path": "src/main/java/BlankTodoException.java",
    "fileType": "java",
    "lines": [
      {
        "lineNumber": 1,
        "author": {
          "gitId": "raivatshah"
        },
        "content": "public class BlankTodoException extends Exception{"
      },
      {
        "lineNumber": 2,
        "author": {
          "gitId": "raivatshah"
        },
        "content": "    public BlankTodoException(String errorMessage) {"
      },
      {
        "lineNumber": 3,
        "author": {
          "gitId": "raivatshah"
        },
        "content": "        super(errorMessage);"
      },
      {
        "lineNumber": 4,
        "author": {
          "gitId": "raivatshah"
        },
        "content": "    }"
      },
      {
        "lineNumber": 5,
        "author": {
          "gitId": "raivatshah"
        },
        "content": "}"
      }
    ],
    "authorContributionMap": {
      "raivatshah": 5
    }
  },
  {
    "path": "src/main/java/Deadline.java",
    "fileType": "java",
    "lines": [
      {
        "lineNumber": 1,
        "author": {
          "gitId": "raivatshah"
        },
        "content": "/**"
      },
      {
        "lineNumber": 2,
        "author": {
          "gitId": "raivatshah"
        },
        "content": " * Represents a Deadline which inherits from Task and is stored/managed by Duke"
      },
      {
        "lineNumber": 3,
        "author": {
          "gitId": "raivatshah"
        },
        "content": " */"
      },
      {
        "lineNumber": 4,
        "author": {
          "gitId": "raivatshah"
        },
        "content": "public class Deadline extends Task {"
      },
      {
        "lineNumber": 5,
        "author": {
          "gitId": "raivatshah"
        },
        "content": "    /**"
      },
      {
        "lineNumber": 6,
        "author": {
          "gitId": "raivatshah"
        },
        "content": "     * Stores the time the deadline is supposed to be complete"
      },
      {
        "lineNumber": 7,
        "author": {
          "gitId": "raivatshah"
        },
        "content": "     */"
      },
      {
        "lineNumber": 8,
        "author": {
          "gitId": "raivatshah"
        },
        "content": "    protected String by;"
      },
      {
        "lineNumber": 9,
        "author": {
          "gitId": "raivatshah"
        },
        "content": ""
      },
      {
        "lineNumber": 10,
        "author": {
          "gitId": "raivatshah"
        },
        "content": "    /**"
      },
      {
        "lineNumber": 11,
        "author": {
          "gitId": "raivatshah"
        },
        "content": "     * Creates a deadline object with given description and time to complete (by)"
      },
      {
        "lineNumber": 12,
        "author": {
          "gitId": "raivatshah"
        },
        "content": "     * @param description"
      },
      {
        "lineNumber": 13,
        "author": {
          "gitId": "raivatshah"
        },
        "content": "     * @param by"
      },
      {
        "lineNumber": 14,
        "author": {
          "gitId": "raivatshah"
        },
        "content": "     */"
      },
      {
        "lineNumber": 15,
        "author": {
          "gitId": "raivatshah"
        },
        "content": "    public Deadline(String description, String by) {"
      },
      {
        "lineNumber": 16,
        "author": {
          "gitId": "raivatshah"
        },
        "content": "        super(description);"
      },
      {
        "lineNumber": 17,
        "author": {
          "gitId": "raivatshah"
        },
        "content": "        this.by \u003d by;"
      },
      {
        "lineNumber": 18,
        "author": {
          "gitId": "raivatshah"
        },
        "content": "    }"
      },
      {
        "lineNumber": 19,
        "author": {
          "gitId": "raivatshah"
        },
        "content": ""
      },
      {
        "lineNumber": 20,
        "author": {
          "gitId": "raivatshah"
        },
        "content": "    /**"
      },
      {
        "lineNumber": 21,
        "author": {
          "gitId": "raivatshah"
        },
        "content": "     *  Gives a string representation of the Deadline by building upon parent\u0027s representation method"
      },
      {
        "lineNumber": 22,
        "author": {
          "gitId": "raivatshah"
        },
        "content": "     * @return a string representation"
      },
      {
        "lineNumber": 23,
        "author": {
          "gitId": "raivatshah"
        },
        "content": "     */"
      },
      {
        "lineNumber": 24,
        "author": {
          "gitId": "raivatshah"
        },
        "content": "    @Override"
      },
      {
        "lineNumber": 25,
        "author": {
          "gitId": "raivatshah"
        },
        "content": "    public String toString() {"
      },
      {
        "lineNumber": 26,
        "author": {
          "gitId": "raivatshah"
        },
        "content": "        return \"[D]\" + super.toString() + \"(by: \" + by + \")\";"
      },
      {
        "lineNumber": 27,
        "author": {
          "gitId": "raivatshah"
        },
        "content": "    }"
      },
      {
        "lineNumber": 28,
        "author": {
          "gitId": "raivatshah"
        },
        "content": "}"
      }
    ],
    "authorContributionMap": {
      "raivatshah": 28
    }
  },
  {
    "path": "src/main/java/Duke.java",
    "fileType": "java",
    "lines": [
      {
        "lineNumber": 1,
        "author": {
          "gitId": "raivatshah"
        },
        "content": "import java.lang.reflect.Array;"
      },
      {
        "lineNumber": 2,
        "author": {
          "gitId": "raivatshah"
        },
        "content": "import java.util.Scanner;"
      },
      {
        "lineNumber": 3,
        "author": {
          "gitId": "raivatshah"
        },
        "content": "import java.util.ArrayList;"
      },
      {
        "lineNumber": 4,
        "author": {
          "gitId": "raivatshah"
        },
        "content": ""
      },
      {
        "lineNumber": 5,
        "author": {
          "gitId": "-"
        },
        "content": "public class Duke {"
      },
      {
        "lineNumber": 6,
        "author": {
          "gitId": "raivatshah"
        },
        "content": ""
      },
      {
        "lineNumber": 7,
        "author": {
          "gitId": "raivatshah"
        },
        "content": "    private ArrayList\u003cTask\u003e list;"
      },
      {
        "lineNumber": 8,
        "author": {
          "gitId": "raivatshah"
        },
        "content": ""
      },
      {
        "lineNumber": 9,
        "author": {
          "gitId": "raivatshah"
        },
        "content": "    public Duke() {"
      },
      {
        "lineNumber": 10,
        "author": {
          "gitId": "raivatshah"
        },
        "content": "        this.list \u003d new ArrayList\u003c\u003e();"
      },
      {
        "lineNumber": 11,
        "author": {
          "gitId": "raivatshah"
        },
        "content": "    }"
      },
      {
        "lineNumber": 12,
        "author": {
          "gitId": "raivatshah"
        },
        "content": ""
      },
      {
        "lineNumber": 13,
        "author": {
          "gitId": "raivatshah"
        },
        "content": "    public static void promptUser(String message) {"
      },
      {
        "lineNumber": 14,
        "author": {
          "gitId": "raivatshah"
        },
        "content": "        System.out.println(message);"
      },
      {
        "lineNumber": 15,
        "author": {
          "gitId": "raivatshah"
        },
        "content": "    }"
      },
      {
        "lineNumber": 16,
        "author": {
          "gitId": "raivatshah"
        },
        "content": ""
      },
      {
        "lineNumber": 17,
        "author": {
          "gitId": "raivatshah"
        },
        "content": "    public void printList() {"
      },
      {
        "lineNumber": 18,
        "author": {
          "gitId": "raivatshah"
        },
        "content": "        promptUser(\"Here are the tasks in your list:\");"
      },
      {
        "lineNumber": 19,
        "author": {
          "gitId": "raivatshah"
        },
        "content": "        for(int i \u003d 0; i \u003c list.size(); i++) {"
      },
      {
        "lineNumber": 20,
        "author": {
          "gitId": "raivatshah"
        },
        "content": "            String stringNew \u003d String.format(\"%d. %s\", i + 1, this.list.get(i));"
      },
      {
        "lineNumber": 21,
        "author": {
          "gitId": "raivatshah"
        },
        "content": "            promptUser(stringNew);"
      },
      {
        "lineNumber": 22,
        "author": {
          "gitId": "raivatshah"
        },
        "content": "        }"
      },
      {
        "lineNumber": 23,
        "author": {
          "gitId": "raivatshah"
        },
        "content": ""
      },
      {
        "lineNumber": 24,
        "author": {
          "gitId": "raivatshah"
        },
        "content": "    }"
      },
      {
        "lineNumber": 25,
        "author": {
          "gitId": "raivatshah"
        },
        "content": ""
      },
      {
        "lineNumber": 26,
        "author": {
          "gitId": "raivatshah"
        },
        "content": "    public void markDone(int index) {"
      },
      {
        "lineNumber": 27,
        "author": {
          "gitId": "raivatshah"
        },
        "content": "        promptUser(\"Nice! I\u0027ve marked this task as done: \");"
      },
      {
        "lineNumber": 28,
        "author": {
          "gitId": "raivatshah"
        },
        "content": "        list.get(index-1).markAsDone();"
      },
      {
        "lineNumber": 29,
        "author": {
          "gitId": "raivatshah"
        },
        "content": "        promptUser(list.get(index-1).toString());"
      },
      {
        "lineNumber": 30,
        "author": {
          "gitId": "raivatshah"
        },
        "content": "    }"
      },
      {
        "lineNumber": 31,
        "author": {
          "gitId": "raivatshah"
        },
        "content": ""
      },
      {
        "lineNumber": 32,
        "author": {
          "gitId": "raivatshah"
        },
        "content": "    public void addToDo(String[] words, String input) throws BlankTodoException {"
      },
      {
        "lineNumber": 33,
        "author": {
          "gitId": "raivatshah"
        },
        "content": "        if(words.length \u003d\u003d 1) {"
      },
      {
        "lineNumber": 34,
        "author": {
          "gitId": "raivatshah"
        },
        "content": "            throw new BlankTodoException(\"☹ OOPS!!! The description of a todo cannot be empty.\");"
      },
      {
        "lineNumber": 35,
        "author": {
          "gitId": "raivatshah"
        },
        "content": "        }"
      },
      {
        "lineNumber": 36,
        "author": {
          "gitId": "raivatshah"
        },
        "content": "        Task todo \u003d new ToDo(input.substring(5));"
      },
      {
        "lineNumber": 37,
        "author": {
          "gitId": "raivatshah"
        },
        "content": "        this.list.add(todo);"
      },
      {
        "lineNumber": 38,
        "author": {
          "gitId": "raivatshah"
        },
        "content": "        promptUser(\"Got it. I\u0027ve added this task:\");"
      },
      {
        "lineNumber": 39,
        "author": {
          "gitId": "raivatshah"
        },
        "content": "        promptUser(todo.toString());"
      },
      {
        "lineNumber": 40,
        "author": {
          "gitId": "raivatshah"
        },
        "content": "        promptUser(String.format(\"Now you have %d tasks in your list\", list.size()));"
      },
      {
        "lineNumber": 41,
        "author": {
          "gitId": "raivatshah"
        },
        "content": "    }"
      },
      {
        "lineNumber": 42,
        "author": {
          "gitId": "raivatshah"
        },
        "content": ""
      },
      {
        "lineNumber": 43,
        "author": {
          "gitId": "raivatshah"
        },
        "content": "    public void addDeadline(String[] words, String input) throws BlankDeadlineException{"
      },
      {
        "lineNumber": 44,
        "author": {
          "gitId": "raivatshah"
        },
        "content": "        if(words.length \u003d\u003d 1) {"
      },
      {
        "lineNumber": 45,
        "author": {
          "gitId": "raivatshah"
        },
        "content": "            throw new BlankDeadlineException(\"☹ OOPS!!! The description of a deadline cannot be empty.\");"
      },
      {
        "lineNumber": 46,
        "author": {
          "gitId": "raivatshah"
        },
        "content": "        }"
      },
      {
        "lineNumber": 47,
        "author": {
          "gitId": "raivatshah"
        },
        "content": "        Task deadline \u003d new Deadline(input.substring(9, input.indexOf(\u0027/\u0027)),"
      },
      {
        "lineNumber": 48,
        "author": {
          "gitId": "raivatshah"
        },
        "content": "                input.substring(input.indexOf(\u0027/\u0027) + 4));"
      },
      {
        "lineNumber": 49,
        "author": {
          "gitId": "raivatshah"
        },
        "content": "        this.list.add(deadline);"
      },
      {
        "lineNumber": 50,
        "author": {
          "gitId": "raivatshah"
        },
        "content": "        promptUser(\"Got it. I\u0027ve added this task:\");"
      },
      {
        "lineNumber": 51,
        "author": {
          "gitId": "raivatshah"
        },
        "content": "        promptUser(deadline.toString());"
      },
      {
        "lineNumber": 52,
        "author": {
          "gitId": "raivatshah"
        },
        "content": "        promptUser(String.format(\"Now you have %d tasks in your list\", list.size()));"
      },
      {
        "lineNumber": 53,
        "author": {
          "gitId": "raivatshah"
        },
        "content": "    }"
      },
      {
        "lineNumber": 54,
        "author": {
          "gitId": "raivatshah"
        },
        "content": ""
      },
      {
        "lineNumber": 55,
        "author": {
          "gitId": "raivatshah"
        },
        "content": "    public void addEvent(String[] words, String input) throws BlankEventException {"
      },
      {
        "lineNumber": 56,
        "author": {
          "gitId": "raivatshah"
        },
        "content": "        if(words.length \u003d\u003d 1) {"
      },
      {
        "lineNumber": 57,
        "author": {
          "gitId": "raivatshah"
        },
        "content": "            throw new BlankEventException(\"☹ OOPS!!! The description of a deadline cannot be empty.\");"
      },
      {
        "lineNumber": 58,
        "author": {
          "gitId": "raivatshah"
        },
        "content": "        }"
      },
      {
        "lineNumber": 59,
        "author": {
          "gitId": "raivatshah"
        },
        "content": "        Task event \u003d new Event(input.substring(6, input.indexOf(\u0027/\u0027)),"
      },
      {
        "lineNumber": 60,
        "author": {
          "gitId": "raivatshah"
        },
        "content": "                input.substring(input.indexOf(\u0027/\u0027) + 4));"
      },
      {
        "lineNumber": 61,
        "author": {
          "gitId": "raivatshah"
        },
        "content": "        this.list.add(event);"
      },
      {
        "lineNumber": 62,
        "author": {
          "gitId": "raivatshah"
        },
        "content": "        promptUser(\"Got it. I\u0027ve added this task:\");"
      },
      {
        "lineNumber": 63,
        "author": {
          "gitId": "raivatshah"
        },
        "content": "        promptUser(event.toString());"
      },
      {
        "lineNumber": 64,
        "author": {
          "gitId": "raivatshah"
        },
        "content": "        promptUser(String.format(\"Now you have %d tasks in your list\", list.size()));"
      },
      {
        "lineNumber": 65,
        "author": {
          "gitId": "raivatshah"
        },
        "content": "    }"
      },
      {
        "lineNumber": 66,
        "author": {
          "gitId": "raivatshah"
        },
        "content": ""
      },
      {
        "lineNumber": 67,
        "author": {
          "gitId": "raivatshah"
        },
        "content": "    public void deleteTask(int index) {"
      },
      {
        "lineNumber": 68,
        "author": {
          "gitId": "raivatshah"
        },
        "content": "        Task deleted \u003d list.get(index - 1);"
      },
      {
        "lineNumber": 69,
        "author": {
          "gitId": "raivatshah"
        },
        "content": "        this.list.remove(index - 1);"
      },
      {
        "lineNumber": 70,
        "author": {
          "gitId": "raivatshah"
        },
        "content": "        promptUser(\"Noted. I\u0027ve removed this task:\");"
      },
      {
        "lineNumber": 71,
        "author": {
          "gitId": "raivatshah"
        },
        "content": "        promptUser(deleted.toString());"
      },
      {
        "lineNumber": 72,
        "author": {
          "gitId": "raivatshah"
        },
        "content": "        promptUser(String.format(\"Now you have %d tasks in your list\", list.size()));"
      },
      {
        "lineNumber": 73,
        "author": {
          "gitId": "raivatshah"
        },
        "content": "    }"
      },
      {
        "lineNumber": 74,
        "author": {
          "gitId": "raivatshah"
        },
        "content": ""
      },
      {
        "lineNumber": 75,
        "author": {
          "gitId": "-"
        },
        "content": "    public static void main(String[] args) {"
      },
      {
        "lineNumber": 76,
        "author": {
          "gitId": "raivatshah"
        },
        "content": "        Duke duke \u003d new Duke();"
      },
      {
        "lineNumber": 77,
        "author": {
          "gitId": "raivatshah"
        },
        "content": "        promptUser(\"Hello! I\u0027m Duke\");"
      },
      {
        "lineNumber": 78,
        "author": {
          "gitId": "raivatshah"
        },
        "content": "        promptUser(\"What can I do for you?\");"
      },
      {
        "lineNumber": 79,
        "author": {
          "gitId": "raivatshah"
        },
        "content": "        //initiate objects"
      },
      {
        "lineNumber": 80,
        "author": {
          "gitId": "raivatshah"
        },
        "content": "        Scanner sc \u003d new Scanner(System.in);"
      },
      {
        "lineNumber": 81,
        "author": {
          "gitId": "raivatshah"
        },
        "content": "        //read user input"
      },
      {
        "lineNumber": 82,
        "author": {
          "gitId": "raivatshah"
        },
        "content": "        while(true) {"
      },
      {
        "lineNumber": 83,
        "author": {
          "gitId": "raivatshah"
        },
        "content": "            String input \u003d sc.nextLine();"
      },
      {
        "lineNumber": 84,
        "author": {
          "gitId": "raivatshah"
        },
        "content": "            String[] words \u003d input.split(\" \");"
      },
      {
        "lineNumber": 85,
        "author": {
          "gitId": "raivatshah"
        },
        "content": "            String firstWord \u003d words[0];"
      },
      {
        "lineNumber": 86,
        "author": {
          "gitId": "raivatshah"
        },
        "content": "            if (input.equals(\"bye\")){"
      },
      {
        "lineNumber": 87,
        "author": {
          "gitId": "raivatshah"
        },
        "content": "                promptUser(\"Bye. Hope to see you again soon!\");"
      },
      {
        "lineNumber": 88,
        "author": {
          "gitId": "raivatshah"
        },
        "content": "                break;"
      },
      {
        "lineNumber": 89,
        "author": {
          "gitId": "raivatshah"
        },
        "content": "            } else if (input.equals(\"list\")){"
      },
      {
        "lineNumber": 90,
        "author": {
          "gitId": "raivatshah"
        },
        "content": "                duke.printList();"
      },
      {
        "lineNumber": 91,
        "author": {
          "gitId": "raivatshah"
        },
        "content": "            } else if (firstWord.equals(\"done\")){"
      },
      {
        "lineNumber": 92,
        "author": {
          "gitId": "raivatshah"
        },
        "content": "                int num \u003d Integer.parseInt(input.split(\" \")[1]);"
      },
      {
        "lineNumber": 93,
        "author": {
          "gitId": "raivatshah"
        },
        "content": "                duke.markDone(num);"
      },
      {
        "lineNumber": 94,
        "author": {
          "gitId": "raivatshah"
        },
        "content": "            } else if (firstWord.equals(\"todo\")) {"
      },
      {
        "lineNumber": 95,
        "author": {
          "gitId": "raivatshah"
        },
        "content": "                try {"
      },
      {
        "lineNumber": 96,
        "author": {
          "gitId": "raivatshah"
        },
        "content": "                    duke.addToDo(words, input);"
      },
      {
        "lineNumber": 97,
        "author": {
          "gitId": "raivatshah"
        },
        "content": "                } catch (BlankTodoException e) {"
      },
      {
        "lineNumber": 98,
        "author": {
          "gitId": "raivatshah"
        },
        "content": "                    promptUser(e.getMessage());"
      },
      {
        "lineNumber": 99,
        "author": {
          "gitId": "raivatshah"
        },
        "content": "                }"
      },
      {
        "lineNumber": 100,
        "author": {
          "gitId": "raivatshah"
        },
        "content": "            } else if (firstWord.equals(\"deadline\")) {"
      },
      {
        "lineNumber": 101,
        "author": {
          "gitId": "raivatshah"
        },
        "content": "                try {"
      },
      {
        "lineNumber": 102,
        "author": {
          "gitId": "raivatshah"
        },
        "content": "                    duke.addDeadline(words, input);"
      },
      {
        "lineNumber": 103,
        "author": {
          "gitId": "raivatshah"
        },
        "content": "                } catch(BlankDeadlineException e) {"
      },
      {
        "lineNumber": 104,
        "author": {
          "gitId": "raivatshah"
        },
        "content": "                    promptUser(e.getMessage());"
      },
      {
        "lineNumber": 105,
        "author": {
          "gitId": "raivatshah"
        },
        "content": "                }"
      },
      {
        "lineNumber": 106,
        "author": {
          "gitId": "raivatshah"
        },
        "content": "            } else if (firstWord.equals(\"event\")) {"
      },
      {
        "lineNumber": 107,
        "author": {
          "gitId": "raivatshah"
        },
        "content": "                try {"
      },
      {
        "lineNumber": 108,
        "author": {
          "gitId": "raivatshah"
        },
        "content": "                    duke.addEvent(words, input);"
      },
      {
        "lineNumber": 109,
        "author": {
          "gitId": "raivatshah"
        },
        "content": "                } catch (BlankEventException e) {"
      },
      {
        "lineNumber": 110,
        "author": {
          "gitId": "raivatshah"
        },
        "content": "                    promptUser(e.getMessage());"
      },
      {
        "lineNumber": 111,
        "author": {
          "gitId": "raivatshah"
        },
        "content": "                }"
      },
      {
        "lineNumber": 112,
        "author": {
          "gitId": "raivatshah"
        },
        "content": "            } else if (firstWord.equals(\"delete\")) {"
      },
      {
        "lineNumber": 113,
        "author": {
          "gitId": "raivatshah"
        },
        "content": "                int deleteNum \u003d Integer.parseInt(words[1]);"
      },
      {
        "lineNumber": 114,
        "author": {
          "gitId": "raivatshah"
        },
        "content": "                duke.deleteTask(deleteNum);"
      },
      {
        "lineNumber": 115,
        "author": {
          "gitId": "raivatshah"
        },
        "content": "            } else {"
      },
      {
        "lineNumber": 116,
        "author": {
          "gitId": "raivatshah"
        },
        "content": "                promptUser(\"☹ OOPS!!! I\u0027m sorry, but I don\u0027t know what that means :-(\");"
      },
      {
        "lineNumber": 117,
        "author": {
          "gitId": "raivatshah"
        },
        "content": "            }"
      },
      {
        "lineNumber": 118,
        "author": {
          "gitId": "raivatshah"
        },
        "content": "        }"
      },
      {
        "lineNumber": 119,
        "author": {
          "gitId": "-"
        },
        "content": "    }"
      },
      {
        "lineNumber": 120,
        "author": {
          "gitId": "-"
        },
        "content": "}"
      }
    ],
    "authorContributionMap": {
      "raivatshah": 116,
      "-": 4
    }
  },
  {
    "path": "src/main/java/Event.java",
    "fileType": "java",
    "lines": [
      {
        "lineNumber": 1,
        "author": {
          "gitId": "raivatshah"
        },
        "content": "/**"
      },
      {
        "lineNumber": 2,
        "author": {
          "gitId": "raivatshah"
        },
        "content": " * Represents an Event which inherits from Task and is stored/managed by Duke"
      },
      {
        "lineNumber": 3,
        "author": {
          "gitId": "raivatshah"
        },
        "content": " */"
      },
      {
        "lineNumber": 4,
        "author": {
          "gitId": "raivatshah"
        },
        "content": "public class Event extends Task {"
      },
      {
        "lineNumber": 5,
        "author": {
          "gitId": "raivatshah"
        },
        "content": "    /**"
      },
      {
        "lineNumber": 6,
        "author": {
          "gitId": "raivatshah"
        },
        "content": "     * Stores the time the event is supposed to take place"
      },
      {
        "lineNumber": 7,
        "author": {
          "gitId": "raivatshah"
        },
        "content": "     */"
      },
      {
        "lineNumber": 8,
        "author": {
          "gitId": "raivatshah"
        },
        "content": "    protected String time;"
      },
      {
        "lineNumber": 9,
        "author": {
          "gitId": "raivatshah"
        },
        "content": ""
      },
      {
        "lineNumber": 10,
        "author": {
          "gitId": "raivatshah"
        },
        "content": "    /**"
      },
      {
        "lineNumber": 11,
        "author": {
          "gitId": "raivatshah"
        },
        "content": "     * Creates an Event object with given description and time"
      },
      {
        "lineNumber": 12,
        "author": {
          "gitId": "raivatshah"
        },
        "content": "     * @param description"
      },
      {
        "lineNumber": 13,
        "author": {
          "gitId": "raivatshah"
        },
        "content": "     * @param time"
      },
      {
        "lineNumber": 14,
        "author": {
          "gitId": "raivatshah"
        },
        "content": "     */"
      },
      {
        "lineNumber": 15,
        "author": {
          "gitId": "raivatshah"
        },
        "content": "    public Event(String description, String time) {"
      },
      {
        "lineNumber": 16,
        "author": {
          "gitId": "raivatshah"
        },
        "content": "        super(description);"
      },
      {
        "lineNumber": 17,
        "author": {
          "gitId": "raivatshah"
        },
        "content": "        this.time \u003d time;"
      },
      {
        "lineNumber": 18,
        "author": {
          "gitId": "raivatshah"
        },
        "content": "    }"
      },
      {
        "lineNumber": 19,
        "author": {
          "gitId": "raivatshah"
        },
        "content": ""
      },
      {
        "lineNumber": 20,
        "author": {
          "gitId": "raivatshah"
        },
        "content": "    /**"
      },
      {
        "lineNumber": 21,
        "author": {
          "gitId": "raivatshah"
        },
        "content": "     *  Gives a string representation of the Event by building upon parent\u0027s representation method"
      },
      {
        "lineNumber": 22,
        "author": {
          "gitId": "raivatshah"
        },
        "content": "     * @return"
      },
      {
        "lineNumber": 23,
        "author": {
          "gitId": "raivatshah"
        },
        "content": "     */"
      },
      {
        "lineNumber": 24,
        "author": {
          "gitId": "raivatshah"
        },
        "content": "    @Override"
      },
      {
        "lineNumber": 25,
        "author": {
          "gitId": "raivatshah"
        },
        "content": "    public String toString() {"
      },
      {
        "lineNumber": 26,
        "author": {
          "gitId": "raivatshah"
        },
        "content": "        return \"[E]\" + super.toString() + String.format(\"(at: %s)\", this.time);"
      },
      {
        "lineNumber": 27,
        "author": {
          "gitId": "raivatshah"
        },
        "content": "    }"
      },
      {
        "lineNumber": 28,
        "author": {
          "gitId": "raivatshah"
        },
        "content": "}"
      }
    ],
    "authorContributionMap": {
      "raivatshah": 28
    }
  },
  {
    "path": "src/main/java/Task.java",
    "fileType": "java",
    "lines": [
      {
        "lineNumber": 1,
        "author": {
          "gitId": "raivatshah"
        },
        "content": "/**"
      },
      {
        "lineNumber": 2,
        "author": {
          "gitId": "raivatshah"
        },
        "content": " * Represents a Task to be managed/stored by the command line application Duke"
      },
      {
        "lineNumber": 3,
        "author": {
          "gitId": "raivatshah"
        },
        "content": " */"
      },
      {
        "lineNumber": 4,
        "author": {
          "gitId": "raivatshah"
        },
        "content": "public class Task {"
      },
      {
        "lineNumber": 5,
        "author": {
          "gitId": "raivatshah"
        },
        "content": "    protected String description;"
      },
      {
        "lineNumber": 6,
        "author": {
          "gitId": "raivatshah"
        },
        "content": "    protected boolean isDone;"
      },
      {
        "lineNumber": 7,
        "author": {
          "gitId": "raivatshah"
        },
        "content": ""
      },
      {
        "lineNumber": 8,
        "author": {
          "gitId": "raivatshah"
        },
        "content": "    /**"
      },
      {
        "lineNumber": 9,
        "author": {
          "gitId": "raivatshah"
        },
        "content": "     * Creates a new Task with the given description and sets isDone to false by default"
      },
      {
        "lineNumber": 10,
        "author": {
          "gitId": "raivatshah"
        },
        "content": "     * @param description"
      },
      {
        "lineNumber": 11,
        "author": {
          "gitId": "raivatshah"
        },
        "content": "     */"
      },
      {
        "lineNumber": 12,
        "author": {
          "gitId": "raivatshah"
        },
        "content": "    public Task(String description) {"
      },
      {
        "lineNumber": 13,
        "author": {
          "gitId": "raivatshah"
        },
        "content": "        this.description \u003d description;"
      },
      {
        "lineNumber": 14,
        "author": {
          "gitId": "raivatshah"
        },
        "content": "        this.isDone \u003d false;"
      },
      {
        "lineNumber": 15,
        "author": {
          "gitId": "raivatshah"
        },
        "content": "    }"
      },
      {
        "lineNumber": 16,
        "author": {
          "gitId": "raivatshah"
        },
        "content": ""
      },
      {
        "lineNumber": 17,
        "author": {
          "gitId": "raivatshah"
        },
        "content": "    /**"
      },
      {
        "lineNumber": 18,
        "author": {
          "gitId": "raivatshah"
        },
        "content": "     * Gets the status icon of this Task based on whether it is done or not"
      },
      {
        "lineNumber": 19,
        "author": {
          "gitId": "raivatshah"
        },
        "content": "     * @return a String containing the status icon (tick-mark or cross)"
      },
      {
        "lineNumber": 20,
        "author": {
          "gitId": "raivatshah"
        },
        "content": "     */"
      },
      {
        "lineNumber": 21,
        "author": {
          "gitId": "raivatshah"
        },
        "content": "    public String getStatusIcon() {"
      },
      {
        "lineNumber": 22,
        "author": {
          "gitId": "raivatshah"
        },
        "content": "        return (isDone ? \"\\u2713\" : \"\\u2718\"); //return tick or X symbols"
      },
      {
        "lineNumber": 23,
        "author": {
          "gitId": "raivatshah"
        },
        "content": "    }"
      },
      {
        "lineNumber": 24,
        "author": {
          "gitId": "raivatshah"
        },
        "content": ""
      },
      {
        "lineNumber": 25,
        "author": {
          "gitId": "raivatshah"
        },
        "content": "    /**"
      },
      {
        "lineNumber": 26,
        "author": {
          "gitId": "raivatshah"
        },
        "content": "     * Marks this task as done by setting the isDone property to true"
      },
      {
        "lineNumber": 27,
        "author": {
          "gitId": "raivatshah"
        },
        "content": "     */"
      },
      {
        "lineNumber": 28,
        "author": {
          "gitId": "raivatshah"
        },
        "content": "    public void markAsDone() {"
      },
      {
        "lineNumber": 29,
        "author": {
          "gitId": "raivatshah"
        },
        "content": "        this.isDone \u003d true;"
      },
      {
        "lineNumber": 30,
        "author": {
          "gitId": "raivatshah"
        },
        "content": "    }"
      },
      {
        "lineNumber": 31,
        "author": {
          "gitId": "raivatshah"
        },
        "content": ""
      },
      {
        "lineNumber": 32,
        "author": {
          "gitId": "raivatshah"
        },
        "content": "    /**"
      },
      {
        "lineNumber": 33,
        "author": {
          "gitId": "raivatshah"
        },
        "content": "     * Gives a string representation of the Task including the status icon"
      },
      {
        "lineNumber": 34,
        "author": {
          "gitId": "raivatshah"
        },
        "content": "     * @return a String representation of the task"
      },
      {
        "lineNumber": 35,
        "author": {
          "gitId": "raivatshah"
        },
        "content": "     */"
      },
      {
        "lineNumber": 36,
        "author": {
          "gitId": "raivatshah"
        },
        "content": "    @Override"
      },
      {
        "lineNumber": 37,
        "author": {
          "gitId": "raivatshah"
        },
        "content": "    public String toString() {"
      },
      {
        "lineNumber": 38,
        "author": {
          "gitId": "raivatshah"
        },
        "content": "        return String.format(\"[%s] %s\", this.getStatusIcon(), this.description);"
      },
      {
        "lineNumber": 39,
        "author": {
          "gitId": "raivatshah"
        },
        "content": "    }"
      },
      {
        "lineNumber": 40,
        "author": {
          "gitId": "raivatshah"
        },
        "content": "}"
      }
    ],
    "authorContributionMap": {
      "raivatshah": 40
    }
  },
  {
    "path": "src/main/java/ToDo.java",
    "fileType": "java",
    "lines": [
      {
        "lineNumber": 1,
        "author": {
          "gitId": "raivatshah"
        },
        "content": "/**"
      },
      {
        "lineNumber": 2,
        "author": {
          "gitId": "raivatshah"
        },
        "content": " * Represents a To-do which inherits from Task and is stored/managed by Duke"
      },
      {
        "lineNumber": 3,
        "author": {
          "gitId": "raivatshah"
        },
        "content": " */"
      },
      {
        "lineNumber": 4,
        "author": {
          "gitId": "raivatshah"
        },
        "content": "public class ToDo extends Task {"
      },
      {
        "lineNumber": 5,
        "author": {
          "gitId": "raivatshah"
        },
        "content": "    /**"
      },
      {
        "lineNumber": 6,
        "author": {
          "gitId": "raivatshah"
        },
        "content": "     * Creates a To-Do object with given description."
      },
      {
        "lineNumber": 7,
        "author": {
          "gitId": "raivatshah"
        },
        "content": "     * @param description"
      },
      {
        "lineNumber": 8,
        "author": {
          "gitId": "raivatshah"
        },
        "content": "     */"
      },
      {
        "lineNumber": 9,
        "author": {
          "gitId": "raivatshah"
        },
        "content": "    public ToDo(String description) {"
      },
      {
        "lineNumber": 10,
        "author": {
          "gitId": "raivatshah"
        },
        "content": "        super(description);"
      },
      {
        "lineNumber": 11,
        "author": {
          "gitId": "raivatshah"
        },
        "content": "    }"
      },
      {
        "lineNumber": 12,
        "author": {
          "gitId": "raivatshah"
        },
        "content": ""
      },
      {
        "lineNumber": 13,
        "author": {
          "gitId": "raivatshah"
        },
        "content": "    /**"
      },
      {
        "lineNumber": 14,
        "author": {
          "gitId": "raivatshah"
        },
        "content": "     * Gives a string representation of the To-do by building upon parent\u0027s representation method"
      },
      {
        "lineNumber": 15,
        "author": {
          "gitId": "raivatshah"
        },
        "content": "     * @return a string representation"
      },
      {
        "lineNumber": 16,
        "author": {
          "gitId": "raivatshah"
        },
        "content": "     */"
      },
      {
        "lineNumber": 17,
        "author": {
          "gitId": "raivatshah"
        },
        "content": "    @Override"
      },
      {
        "lineNumber": 18,
        "author": {
          "gitId": "raivatshah"
        },
        "content": "    public String toString() {"
      },
      {
        "lineNumber": 19,
        "author": {
          "gitId": "raivatshah"
        },
        "content": "        return \"[T]\" + super.toString();"
      },
      {
        "lineNumber": 20,
        "author": {
          "gitId": "raivatshah"
        },
        "content": "    }"
      },
      {
        "lineNumber": 21,
        "author": {
          "gitId": "raivatshah"
        },
        "content": "}"
      }
    ],
    "authorContributionMap": {
      "raivatshah": 21
    }
  },
  {
    "path": "test-ui-test/ACTUAL.TXT",
    "fileType": "TXT",
    "lines": [
      {
        "lineNumber": 1,
        "author": {
          "gitId": "raivatshah"
        },
        "content": "Hello! I\u0027m Duke"
      },
      {
        "lineNumber": 2,
        "author": {
          "gitId": "raivatshah"
        },
        "content": "What can I do for you?"
      },
      {
        "lineNumber": 3,
        "author": {
          "gitId": "raivatshah"
        },
        "content": "Got it. I\u0027ve added this task:"
      },
      {
        "lineNumber": 4,
        "author": {
          "gitId": "raivatshah"
        },
        "content": "[T][✘] borrow book"
      },
      {
        "lineNumber": 5,
        "author": {
          "gitId": "raivatshah"
        },
        "content": "Now you have 1 tasks in your list"
      },
      {
        "lineNumber": 6,
        "author": {
          "gitId": "raivatshah"
        },
        "content": "Here are the tasks in your list:"
      },
      {
        "lineNumber": 7,
        "author": {
          "gitId": "raivatshah"
        },
        "content": "1. [T][✘] borrow book"
      },
      {
        "lineNumber": 8,
        "author": {
          "gitId": "raivatshah"
        },
        "content": "Got it. I\u0027ve added this task:"
      },
      {
        "lineNumber": 9,
        "author": {
          "gitId": "raivatshah"
        },
        "content": "[D][✘] return book (by: Sunday)"
      },
      {
        "lineNumber": 10,
        "author": {
          "gitId": "raivatshah"
        },
        "content": "Now you have 2 tasks in your list"
      },
      {
        "lineNumber": 11,
        "author": {
          "gitId": "raivatshah"
        },
        "content": "Got it. I\u0027ve added this task:"
      },
      {
        "lineNumber": 12,
        "author": {
          "gitId": "raivatshah"
        },
        "content": "[E][✘] project meeting (at: Mon 2-4pm)"
      },
      {
        "lineNumber": 13,
        "author": {
          "gitId": "raivatshah"
        },
        "content": "Now you have 3 tasks in your list"
      },
      {
        "lineNumber": 14,
        "author": {
          "gitId": "raivatshah"
        },
        "content": "Nice! I\u0027ve marked this task as done: "
      },
      {
        "lineNumber": 15,
        "author": {
          "gitId": "raivatshah"
        },
        "content": "[E][✓] project meeting (at: Mon 2-4pm)"
      },
      {
        "lineNumber": 16,
        "author": {
          "gitId": "raivatshah"
        },
        "content": "Here are the tasks in your list:"
      },
      {
        "lineNumber": 17,
        "author": {
          "gitId": "raivatshah"
        },
        "content": "1. [T][✘] borrow book"
      },
      {
        "lineNumber": 18,
        "author": {
          "gitId": "raivatshah"
        },
        "content": "2. [D][✘] return book (by: Sunday)"
      },
      {
        "lineNumber": 19,
        "author": {
          "gitId": "raivatshah"
        },
        "content": "3. [E][✓] project meeting (at: Mon 2-4pm)"
      }
    ],
    "authorContributionMap": {
      "raivatshah": 19
    }
  },
  {
    "path": "test-ui-test/EXPECTED.txt",
    "fileType": "txt",
    "lines": [
      {
        "lineNumber": 1,
        "author": {
          "gitId": "raivatshah"
        },
        "content": "Hello! I\u0027m Duke"
      },
      {
        "lineNumber": 2,
        "author": {
          "gitId": "raivatshah"
        },
        "content": "What can I do for you?"
      },
      {
        "lineNumber": 3,
        "author": {
          "gitId": "raivatshah"
        },
        "content": "Got it. I\u0027ve added this task:"
      },
      {
        "lineNumber": 4,
        "author": {
          "gitId": "raivatshah"
        },
        "content": "[T][✘] borrow book"
      },
      {
        "lineNumber": 5,
        "author": {
          "gitId": "raivatshah"
        },
        "content": "Now you have 1 tasks in your list"
      },
      {
        "lineNumber": 6,
        "author": {
          "gitId": "raivatshah"
        },
        "content": "Here are the tasks in your list:"
      },
      {
        "lineNumber": 7,
        "author": {
          "gitId": "raivatshah"
        },
        "content": "1. [T][✘] borrow book"
      },
      {
        "lineNumber": 8,
        "author": {
          "gitId": "raivatshah"
        },
        "content": "Got it. I\u0027ve added this task:"
      },
      {
        "lineNumber": 9,
        "author": {
          "gitId": "raivatshah"
        },
        "content": "[D][✘] return book (by: Sunday)"
      },
      {
        "lineNumber": 10,
        "author": {
          "gitId": "raivatshah"
        },
        "content": "Now you have 2 tasks in your list"
      },
      {
        "lineNumber": 11,
        "author": {
          "gitId": "raivatshah"
        },
        "content": "Got it. I\u0027ve added this task:"
      },
      {
        "lineNumber": 12,
        "author": {
          "gitId": "raivatshah"
        },
        "content": "[E][✘] project meeting (at: Mon 2-4pm)"
      },
      {
        "lineNumber": 13,
        "author": {
          "gitId": "raivatshah"
        },
        "content": "Now you have 3 tasks in your list"
      },
      {
        "lineNumber": 14,
        "author": {
          "gitId": "raivatshah"
        },
        "content": "Nice! I\u0027ve marked this task as done: "
      },
      {
        "lineNumber": 15,
        "author": {
          "gitId": "raivatshah"
        },
        "content": "[E][✓] project meeting (at: Mon 2-4pm)"
      },
      {
        "lineNumber": 16,
        "author": {
          "gitId": "raivatshah"
        },
        "content": "Here are the tasks in your list:"
      },
      {
        "lineNumber": 17,
        "author": {
          "gitId": "raivatshah"
        },
        "content": "1. [T][✘] borrow book"
      },
      {
        "lineNumber": 18,
        "author": {
          "gitId": "raivatshah"
        },
        "content": "2. [D][✘] return book (by: Sunday)"
      },
      {
        "lineNumber": 19,
        "author": {
          "gitId": "raivatshah"
        },
        "content": "3. [E][✓] project meeting (at: Mon 2-4pm)"
      }
    ],
    "authorContributionMap": {
      "raivatshah": 19
    }
  },
  {
    "path": "test-ui-test/input.txt",
    "fileType": "txt",
    "lines": [
      {
        "lineNumber": 1,
        "author": {
          "gitId": "raivatshah"
        },
        "content": "todo borrow book"
      },
      {
        "lineNumber": 2,
        "author": {
          "gitId": "raivatshah"
        },
        "content": "list"
      },
      {
        "lineNumber": 3,
        "author": {
          "gitId": "raivatshah"
        },
        "content": "deadline return book /by Sunday"
      },
      {
        "lineNumber": 4,
        "author": {
          "gitId": "raivatshah"
        },
        "content": "event project meeting /at Mon 2-4pm"
      },
      {
        "lineNumber": 5,
        "author": {
          "gitId": "raivatshah"
        },
        "content": "done 3"
      },
      {
        "lineNumber": 6,
        "author": {
          "gitId": "raivatshah"
        },
        "content": "list"
      }
    ],
    "authorContributionMap": {
      "raivatshah": 6
    }
  },
  {
    "path": "test-ui-test/runtest.sh",
    "fileType": "sh",
    "lines": [
      {
        "lineNumber": 1,
        "author": {
          "gitId": "raivatshah"
        },
        "content": "#!/usr/bin/env bash"
      },
      {
        "lineNumber": 2,
        "author": {
          "gitId": "raivatshah"
        },
        "content": ""
      },
      {
        "lineNumber": 3,
        "author": {
          "gitId": "raivatshah"
        },
        "content": "# create bin directory if it doesn\u0027t exist"
      },
      {
        "lineNumber": 4,
        "author": {
          "gitId": "raivatshah"
        },
        "content": "if [ ! -d \"../bin\" ]"
      },
      {
        "lineNumber": 5,
        "author": {
          "gitId": "raivatshah"
        },
        "content": "then"
      },
      {
        "lineNumber": 6,
        "author": {
          "gitId": "raivatshah"
        },
        "content": "    mkdir ../bin"
      },
      {
        "lineNumber": 7,
        "author": {
          "gitId": "raivatshah"
        },
        "content": "fi"
      },
      {
        "lineNumber": 8,
        "author": {
          "gitId": "raivatshah"
        },
        "content": ""
      },
      {
        "lineNumber": 9,
        "author": {
          "gitId": "raivatshah"
        },
        "content": "# delete output from previous run"
      },
      {
        "lineNumber": 10,
        "author": {
          "gitId": "raivatshah"
        },
        "content": "if [ -e \"./ACTUAL.TXT\" ]"
      },
      {
        "lineNumber": 11,
        "author": {
          "gitId": "raivatshah"
        },
        "content": "then"
      },
      {
        "lineNumber": 12,
        "author": {
          "gitId": "raivatshah"
        },
        "content": "    rm ACTUAL.TXT"
      },
      {
        "lineNumber": 13,
        "author": {
          "gitId": "raivatshah"
        },
        "content": "fi"
      },
      {
        "lineNumber": 14,
        "author": {
          "gitId": "raivatshah"
        },
        "content": ""
      },
      {
        "lineNumber": 15,
        "author": {
          "gitId": "raivatshah"
        },
        "content": "# compile the code into the bin folder, terminates if error occurred"
      },
      {
        "lineNumber": 16,
        "author": {
          "gitId": "raivatshah"
        },
        "content": "if ! javac -cp ../src -Xlint:none -d ../bin $(find ../src/main/java/* | grep .java);"
      },
      {
        "lineNumber": 17,
        "author": {
          "gitId": "raivatshah"
        },
        "content": "then"
      },
      {
        "lineNumber": 18,
        "author": {
          "gitId": "raivatshah"
        },
        "content": "    echo \"********** BUILD FAILURE **********\""
      },
      {
        "lineNumber": 19,
        "author": {
          "gitId": "raivatshah"
        },
        "content": "    exit 1"
      },
      {
        "lineNumber": 20,
        "author": {
          "gitId": "raivatshah"
        },
        "content": "fi"
      },
      {
        "lineNumber": 21,
        "author": {
          "gitId": "raivatshah"
        },
        "content": ""
      },
      {
        "lineNumber": 22,
        "author": {
          "gitId": "raivatshah"
        },
        "content": "# run the program, feed commands from input.txt file and redirect the output to the ACTUAL.TXT"
      },
      {
        "lineNumber": 23,
        "author": {
          "gitId": "raivatshah"
        },
        "content": "java -classpath ../bin Duke \u003c input.txt \u003e ACTUAL.TXT"
      },
      {
        "lineNumber": 24,
        "author": {
          "gitId": "raivatshah"
        },
        "content": ""
      },
      {
        "lineNumber": 25,
        "author": {
          "gitId": "raivatshah"
        },
        "content": "# compare the output to the expected output"
      },
      {
        "lineNumber": 26,
        "author": {
          "gitId": "raivatshah"
        },
        "content": "diff ACTUAL.TXT EXPECTED.TXT"
      },
      {
        "lineNumber": 27,
        "author": {
          "gitId": "raivatshah"
        },
        "content": "if [ $? -eq 0 ]"
      },
      {
        "lineNumber": 28,
        "author": {
          "gitId": "raivatshah"
        },
        "content": "then"
      },
      {
        "lineNumber": 29,
        "author": {
          "gitId": "raivatshah"
        },
        "content": "    echo \"Test result: PASSED\""
      },
      {
        "lineNumber": 30,
        "author": {
          "gitId": "raivatshah"
        },
        "content": "    exit 0"
      },
      {
        "lineNumber": 31,
        "author": {
          "gitId": "raivatshah"
        },
        "content": "else"
      },
      {
        "lineNumber": 32,
        "author": {
          "gitId": "raivatshah"
        },
        "content": "    echo \"Test result: FAILED\""
      },
      {
        "lineNumber": 33,
        "author": {
          "gitId": "raivatshah"
        },
        "content": "    exit 1"
      },
      {
        "lineNumber": 34,
        "author": {
          "gitId": "raivatshah"
        },
        "content": "fi"
      }
    ],
    "authorContributionMap": {
      "raivatshah": 34
    }
  }
]
