{
  "authorDailyContributionsMap": {
    "Permas-Teo": [
      {
        "insertions": 205,
        "deletions": 26,
        "date": "2020-01-22",
        "commitResults": [
          {
            "hash": "78514250faa0a3eca1791d4b5cc3cae814ba01d1",
            "messageTitle": "feat: add greet, echo, exit functions",
            "messageBody": "",
            "insertions": 26,
            "deletions": 6
          },
          {
            "hash": "a1bbf530f7342537eb53edc9365b15626b2cfc3b",
            "messageTitle": "feat: add list function",
            "messageBody": "",
            "insertions": 32,
            "deletions": 7
          },
          {
            "hash": "99d3630dccb3c70fb9b8402fa59cc741900f5f42",
            "messageTitle": "feat: add mark task done function, create Task class",
            "messageBody": "",
            "insertions": 39,
            "deletions": 3
          },
          {
            "hash": "22b12419f93c5fc9ac0af814c3402d03de17b0b7",
            "messageTitle": "feat: modify tasks to todos, deadlines and events, create Todo, Deadline, Event classes",
            "messageBody": "",
            "insertions": 71,
            "deletions": 4
          },
          {
            "hash": "2762c4232e80411a76a8c8a57251a5ff9aab0551",
            "messageTitle": "test: add text-ui-testing",
            "messageBody": "",
            "tags": [
              "Level-5"
            ],
            "insertions": 37,
            "deletions": 6
          }
        ]
      },
      {
        "insertions": 73,
        "deletions": 47,
        "date": "2020-01-23",
        "commitResults": [
          {
            "hash": "224823c157c6df038a4fd412b0ef7aac4e53eef4",
            "messageTitle": "fix: implement input validation for duke and done inputs",
            "messageBody": "",
            "tags": [
              "Level-6"
            ],
            "insertions": 59,
            "deletions": 47
          },
          {
            "hash": "ffe1921c8bf80ffa72928e52f4d4c9e2b4fbd171",
            "messageTitle": "feat: add delete task feature",
            "messageBody": "",
            "insertions": 14,
            "deletions": 0
          }
        ]
      },
      {
        "insertions": 126,
        "deletions": 13,
        "date": "2020-01-25",
        "commitResults": [
          {
            "hash": "eb1b5aef238ce49f984e40a3ef937d1ec30320ce",
            "messageTitle": "feat: implemented persistent storage for task list",
            "messageBody": "",
            "insertions": 41,
            "deletions": 3
          },
          {
            "hash": "654f99ceefe5121bfb9290907e8529474f7c4665",
            "messageTitle": "feat: implement date-time functionality",
            "messageBody": "",
            "insertions": 85,
            "deletions": 10
          }
        ]
      },
      {
        "insertions": 8,
        "deletions": 1,
        "date": "2020-01-26",
        "commitResults": [
          {
            "hash": "1972b28712b61e0f9c4431e2ad98bf3f86f9b58b",
            "messageTitle": "fix: add data file",
            "messageBody": "",
            "insertions": 0,
            "deletions": 0
          },
          {
            "hash": "725e8d63ce07cf41dbb6b81868af076b39bc2bb4",
            "messageTitle": "fix: serialize TaskDate",
            "messageBody": "",
            "insertions": 2,
            "deletions": 1
          },
          {
            "hash": "0d97e399232e23650a271f4174521b77e9e13d1a",
            "messageTitle": "fix: store list to persistent storage for all actions",
            "messageBody": "",
            "insertions": 6,
            "deletions": 0
          }
        ]
      },
      {
        "insertions": 471,
        "deletions": 131,
        "date": "2020-01-27",
        "commitResults": [
          {
            "hash": "ac565eb726018c5c246d62801f1d3085138136c3",
            "messageTitle": "refactor: redesign code to reflect more OOP",
            "messageBody": "",
            "tags": [
              "A-MoreOOP"
            ],
            "insertions": 221,
            "deletions": 118
          },
          {
            "hash": "5ed4b998f81341093352934c031be75f35575c61",
            "messageTitle": "fix: reflect timings correctly between 1200 and 1300",
            "messageBody": "",
            "insertions": 5,
            "deletions": 1
          },
          {
            "hash": "7731f9f9b6654e36a29f6fe3243b165d4181b078",
            "messageTitle": "build: add gradle",
            "messageBody": "",
            "insertions": 1,
            "deletions": 1
          },
          {
            "hash": "fd8cd493c401ac753dfcecda2136ab952f41e638",
            "messageTitle": "test: add sample tests",
            "messageBody": "",
            "tags": [
              "A-JUnit"
            ],
            "insertions": 56,
            "deletions": 0
          },
          {
            "hash": "fdbb3167fe371466b21e90ebad9714e80c6d572d",
            "messageTitle": "fix: output correct task to delete",
            "messageBody": "",
            "tags": [
              "A-Jar"
            ],
            "insertions": 2,
            "deletions": 1
          },
          {
            "hash": "edab5c3bc51bb71564ac2d34e85fd68f3da8b8f4",
            "messageTitle": "docs: Add JavaDocs",
            "messageBody": "",
            "insertions": 142,
            "deletions": 4
          },
          {
            "hash": "f47e44be9121e0929328835f3215b1e824a73386",
            "messageTitle": "style: enforce code style adherence",
            "messageBody": "",
            "insertions": 16,
            "deletions": 6
          },
          {
            "hash": "fa5ab5773f2b9ed68c7d4bced2cc7081bb808517",
            "messageTitle": "feat: add find keywords feature",
            "messageBody": "",
            "insertions": 28,
            "deletions": 0
          }
        ]
      },
      {
        "insertions": 1,
        "deletions": 0,
        "date": "2020-01-28",
        "commitResults": [
          {
            "hash": "1ffdddefcfc7c1dc499e837cd14b4c88ff68ca1f",
            "messageTitle": "fix: add data file to match hardcoded filepath",
            "messageBody": "",
            "insertions": 1,
            "deletions": 0
          }
        ]
      },
      {
        "insertions": 74,
        "deletions": 70,
        "date": "2020-01-31",
        "commitResults": [
          {
            "hash": "2c614a9a0c68ce43944e2794786a33203e1d10cb",
            "messageTitle": "docs: Update JavaDocs to follow coding standards.",
            "messageBody": "",
            "insertions": 74,
            "deletions": 70
          }
        ]
      },
      {
        "insertions": 483,
        "deletions": 157,
        "date": "2020-02-01",
        "commitResults": [
          {
            "hash": "d5cf4f8f1de2e5eb4d34e10d13f4c834676007cf",
            "messageTitle": "fix: datetime function of Event",
            "messageBody": "",
            "insertions": 68,
            "deletions": 19
          },
          {
            "hash": "96dd14fd24f71de1d20393356759c239a9cd77ac",
            "messageTitle": "fix: replace tick/cross in Task with O/X",
            "messageBody": "",
            "insertions": 1,
            "deletions": 1
          },
          {
            "hash": "b3c5a470f7895289b14e60f77c1f3d3df3d5fbd0",
            "messageTitle": "fix: add catch blocks for user input in Duke",
            "messageBody": "",
            "insertions": 6,
            "deletions": 0
          },
          {
            "hash": "be85eb897ae6ede5ede281f871524a5cdf5ee687",
            "messageTitle": "refactor: add Factory class",
            "messageBody": "",
            "insertions": 112,
            "deletions": 78
          },
          {
            "hash": "a644c83c47e1efa553088574d6ba60ae52245bfd",
            "messageTitle": "refactor: add Command enum",
            "messageBody": "",
            "insertions": 57,
            "deletions": 35
          },
          {
            "hash": "a59d8bb480375991d6dc0b1d484aae2d771ad910",
            "messageTitle": "fix: adjust error handling for ui",
            "messageBody": "",
            "insertions": 21,
            "deletions": 8
          },
          {
            "hash": "fe7779b9d7d4fe002eb91264816526e1e4672549",
            "messageTitle": "refactor: shift add item code from Duke to Factory",
            "messageBody": "",
            "insertions": 16,
            "deletions": 12
          },
          {
            "hash": "5cd0a45e450f8f7a0fcb57a25a4ba9d366bcc169",
            "messageTitle": "feat: add JavaFX GUI skeleton",
            "messageBody": "",
            "tags": [
              "Level-10"
            ],
            "insertions": 202,
            "deletions": 4
          }
        ]
      },
      {
        "insertions": 587,
        "deletions": 263,
        "date": "2020-02-02",
        "commitResults": [
          {
            "hash": "30c15d111043f401152bf462d1663daabd074839",
            "messageTitle": "feat: implement working GUI",
            "messageBody": "",
            "insertions": 8,
            "deletions": 0
          },
          {
            "hash": "405d1e5c90c5233dd56841c46afdc0d4edf6dd24",
            "messageTitle": "feat: implement working GUI",
            "messageBody": "",
            "insertions": 267,
            "deletions": 52
          },
          {
            "hash": "54b4ba0367a04f83498997256a4eedd7652c7d96",
            "messageTitle": "feat: implement working GUI V2",
            "messageBody": "",
            "insertions": 251,
            "deletions": 184
          },
          {
            "hash": "0558f04c05b049053de093415358ec0b87dbb46b",
            "messageTitle": "feat: upgrade GUI",
            "messageBody": "",
            "insertions": 61,
            "deletions": 27
          }
        ]
      }
    ]
  },
  "authorFinalContributionMap": {
    "Permas-Teo": 1326
  },
  "authorFileTypeContributionMap": {
    "Permas-Teo": {
      "gitignore": 1,
      "gradle": 24,
      "properties": 3,
      "txt": 8,
      "java": 1200,
      "fxml": 67,
      "bat": 23
    }
  },
  "authorContributionVariance": {
    "Permas-Teo": 45096.023
  },
  "authorDisplayNameMap": {
    "Permas-Teo": "CS2103T-W16- 1 PERM..NENG"
  }
}
