{
  "authorDailyContributionsMap": {
    "muhd97": [
      {
        "insertions": 81,
        "deletions": 15,
        "date": "2020-01-21",
        "commitResults": [
          {
            "hash": "0c414fda14b1296b1ec9e06ad72ef771a010ab25",
            "messageTitle": "Level-1",
            "messageBody": "",
            "tags": [
              "Level-2"
            ],
            "insertions": 14,
            "deletions": 0
          },
          {
            "hash": "e48c8eb2a5199c854f1da395739c18b6a98537ea",
            "messageTitle": "Level-2",
            "messageBody": "",
            "tags": [
              "Level-3"
            ],
            "insertions": 25,
            "deletions": 3
          },
          {
            "hash": "50f63b6ed50b8c0432510723ff4dd2602a3296ce",
            "messageTitle": "Level-3",
            "messageBody": "",
            "tags": [
              "Level-4"
            ],
            "insertions": 42,
            "deletions": 12
          }
        ]
      },
      {
        "insertions": 123,
        "deletions": 19,
        "date": "2020-01-22",
        "commitResults": [
          {
            "hash": "0679e4ef2b6f012582646d98ea034f7d2a1f6389",
            "messageTitle": "Level-4",
            "messageBody": "",
            "tags": [
              "Level-5"
            ],
            "insertions": 71,
            "deletions": 10
          },
          {
            "hash": "2472b7b5df9fc80d03c599f4db41a4ba56cbd8d2",
            "messageTitle": "Level-5",
            "messageBody": "",
            "tags": [
              "Level-6"
            ],
            "insertions": 30,
            "deletions": 9
          },
          {
            "hash": "9a800ff87a3581a20ca0fac8959e3d2354744648",
            "messageTitle": "Level-6",
            "messageBody": "",
            "tags": [
              "A-TextUiTesting"
            ],
            "insertions": 22,
            "deletions": 0
          }
        ]
      },
      {
        "insertions": 65,
        "deletions": 0,
        "date": "2020-01-23",
        "commitResults": [
          {
            "hash": "89e7b3c84478a95c7a3fc13b696eeae6719f146c",
            "messageTitle": "A-TextUiTesting",
            "messageBody": "",
            "insertions": 65,
            "deletions": 0
          }
        ]
      },
      {
        "insertions": 140,
        "deletions": 85,
        "date": "2020-01-25",
        "commitResults": [
          {
            "hash": "dbe903ce2b42a66d6f03f79660234ad2e74bf32e",
            "messageTitle": "Add DukeInvalidTaskException and DukeInvalidCommandException",
            "messageBody": "",
            "insertions": 26,
            "deletions": 0
          },
          {
            "hash": "47001a87e4c9d6a3592010e372c35c88ca44c71b",
            "messageTitle": "Refactor Duke",
            "messageBody": "",
            "insertions": 110,
            "deletions": 76
          },
          {
            "hash": "ebe19481323bbf9579ab1463dfbe4bdad43b027b",
            "messageTitle": "Chore: remove isDeleted and marksAsDeleted",
            "messageBody": "",
            "insertions": 0,
            "deletions": 6
          },
          {
            "hash": "98641b4b9e2b819546407eacaf77159ff69a2eb2",
            "messageTitle": "Chore: update expected output",
            "messageBody": "",
            "insertions": 4,
            "deletions": 3
          }
        ]
      },
      {
        "insertions": 456,
        "deletions": 243,
        "date": "2020-01-28",
        "commitResults": [
          {
            "hash": "aca18f47195a7e8f5ad3041f91ee8612465a7f8f",
            "messageTitle": "Chore: update source.txt",
            "messageBody": "",
            "insertions": 8,
            "deletions": 8
          },
          {
            "hash": "9b1d2c961783fa8b8061e0d6dcde0e64b5eb42bd",
            "messageTitle": "Level-7",
            "messageBody": "",
            "insertions": 73,
            "deletions": 3
          },
          {
            "hash": "d8a78d2725cf01bed474bc0dc71d25404d185cbe",
            "messageTitle": "Level-8",
            "messageBody": "",
            "tags": [
              "Level-8"
            ],
            "insertions": 35,
            "deletions": 13
          },
          {
            "hash": "75c74d1dddccbd7bd04259a06dcd7eccf5e5c7ea",
            "messageTitle": "Resolve merge conflict",
            "messageBody": "",
            "insertions": 11,
            "deletions": 7
          },
          {
            "hash": "8f0bcd4d3aa38c147155a77dc7c784fa1c3a3b8a",
            "messageTitle": "Fix: bugs when saving tasks file",
            "messageBody": "",
            "insertions": 8,
            "deletions": 6
          },
          {
            "hash": "0714b6304c54832f0969290f6c9b9f4a76c8f865",
            "messageTitle": "A-MoreOOP",
            "messageBody": "",
            "tags": [
              "A-MoreOOP"
            ],
            "insertions": 256,
            "deletions": 173
          },
          {
            "hash": "f2627d97859a3e865a6e95c2a68cb3c63af59f0c",
            "messageTitle": "Chore: use more OOP",
            "messageBody": "",
            "insertions": 25,
            "deletions": 24
          },
          {
            "hash": "960c4cd3a91e8108f9ca0b9153b87572101e1a09",
            "messageTitle": "A-JUnit",
            "messageBody": "",
            "tags": [
              "A-Jar",
              "A-JUnit"
            ],
            "insertions": 40,
            "deletions": 9
          }
        ]
      },
      {
        "insertions": 42,
        "deletions": 6,
        "date": "2020-01-29",
        "commitResults": [
          {
            "hash": "6149bad7c56aead9f2f1c9958c476862bc689562",
            "messageTitle": "Fix: bugs when loading tasks file",
            "messageBody": "",
            "insertions": 5,
            "deletions": 1
          },
          {
            "hash": "86ee2d958410e7b598a8d07dab6f3f3cfa4febc4",
            "messageTitle": "Level-9",
            "messageBody": "",
            "insertions": 32,
            "deletions": 0
          },
          {
            "hash": "a07a99900ec415027c7d944f26a261e8771c0464",
            "messageTitle": "Fix: replace tick and cross with / and X",
            "messageBody": "",
            "tags": [
              "A-CodingStandard"
            ],
            "insertions": 5,
            "deletions": 5
          }
        ]
      },
      {
        "insertions": 58,
        "deletions": 57,
        "date": "2020-01-31",
        "commitResults": [
          {
            "hash": "45b184775b3e609dd746dc803b07016a8af31932",
            "messageTitle": "A-CodingStandard",
            "messageBody": "",
            "insertions": 58,
            "deletions": 57
          }
        ]
      },
      {
        "insertions": 39,
        "deletions": 42,
        "date": "2020-02-01",
        "commitResults": [
          {
            "hash": "7e7b74de3a96c74bd5041b37a48782c37976dcec",
            "messageTitle": "Perf: allow user to re-enter a command instead of terminating the program",
            "messageBody": "",
            "tags": [
              "A-JavaDoc"
            ],
            "insertions": 39,
            "deletions": 42
          }
        ]
      },
      {
        "insertions": 433,
        "deletions": 40,
        "date": "2020-02-02",
        "commitResults": [
          {
            "hash": "8b187fdf3311497e89d1e853f5d9ae9793b6e207",
            "messageTitle": "A-JavaDoc",
            "messageBody": "",
            "insertions": 287,
            "deletions": 16
          },
          {
            "hash": "2fa822b0e1691bcbd0ff1ce896dbe4aff548dec8",
            "messageTitle": "Build: update build.gradle to support Checkstyle, Shadow (jar file generation) and JUnit testing",
            "messageBody": "",
            "insertions": 23,
            "deletions": 2
          },
          {
            "hash": "13f7ed4b72e1d778216b52e627855c40c14bd90b",
            "messageTitle": "Style: limit line character length to less than 120",
            "messageBody": "",
            "insertions": 25,
            "deletions": 13
          },
          {
            "hash": "341d1beafa79938408d14c5bb82bda502e9cc8f2",
            "messageTitle": "Part 1: Introduction to JavaFX",
            "messageBody": "",
            "insertions": 38,
            "deletions": 3
          },
          {
            "hash": "7a01cc6cccaffaa856feab34f79f3679916c5e96",
            "messageTitle": "Part 2: Creating a GUI for Duke",
            "messageBody": "",
            "insertions": 60,
            "deletions": 6
          }
        ]
      },
      {
        "insertions": 300,
        "deletions": 61,
        "date": "2020-02-03",
        "commitResults": [
          {
            "hash": "0da4150b10a09a9699affb2d5435670d7c3db24b",
            "messageTitle": "Part 3: Interacting with the user",
            "messageBody": "",
            "insertions": 140,
            "deletions": 30
          },
          {
            "hash": "821c6171033bd93cddaeb9e6292918e5a06e71a4",
            "messageTitle": "Part 4: Introduction to FXML",
            "messageBody": "",
            "insertions": 160,
            "deletions": 31
          }
        ]
      },
      {
        "insertions": 101,
        "deletions": 224,
        "date": "2020-02-04",
        "commitResults": [
          {
            "hash": "65ed10d6658c07d4de8ae6d724c60a3af2b9be45",
            "messageTitle": "Feat: add a GUI to Duke.",
            "messageBody": "",
            "tags": [
              "Level-10",
              "A-JavaFx"
            ],
            "insertions": 58,
            "deletions": 189
          },
          {
            "hash": "e8557a800cbf350bcd8043a6cb1e9df563ec48ba",
            "messageTitle": "Fix: display error within the GUI instead of the terminal.",
            "messageBody": "",
            "tags": [
              "A-Assertions"
            ],
            "insertions": 43,
            "deletions": 35
          }
        ]
      },
      {
        "insertions": 55,
        "deletions": 41,
        "date": "2020-02-08",
        "commitResults": [
          {
            "hash": "89cf2b1ea9be9d5c8caf1ecb399b3c0d9937cf46",
            "messageTitle": "Chore: add assertions",
            "messageBody": "",
            "insertions": 3,
            "deletions": 0
          },
          {
            "hash": "87ce75e0da87a58da2443e62fcb4e5ab5ad4f30c",
            "messageTitle": "Style: improve code quality",
            "messageBody": "",
            "tags": [
              "A-CodeQuality"
            ],
            "insertions": 52,
            "deletions": 41
          }
        ]
      },
      {
        "insertions": 61,
        "deletions": 1,
        "date": "2020-02-09",
        "commitResults": [
          {
            "hash": "1593218592048f76149f714609e9942061a3cfc7",
            "messageTitle": "Feat: add the ability to recognize and deal with duplicate items",
            "messageBody": "",
            "tags": [
              "C-DetectDuplicates"
            ],
            "insertions": 61,
            "deletions": 1
          }
        ]
      },
      {
        "insertions": 362,
        "deletions": 162,
        "date": "2020-02-18",
        "commitResults": [
          {
            "hash": "f821a94b5816b697eeb916f9d788aae0b5ec319d",
            "messageTitle": "Refactor: various classes to improve the code quality and readability",
            "messageBody": "",
            "insertions": 251,
            "deletions": 146
          },
          {
            "hash": "fdadb1d50aa374fe5a3a2f4a082f87311d271fde",
            "messageTitle": "Docs: update README.md",
            "messageBody": "",
            "tags": [
              "A-UserGuide",
              "A-Release"
            ],
            "insertions": 107,
            "deletions": 10
          },
          {
            "hash": "d8456822ae48689ece075f5306f311045949cb3d",
            "messageTitle": "Fix: Ui.png",
            "messageBody": "",
            "insertions": 4,
            "deletions": 0
          },
          {
            "hash": "b920d1a5d3f833dad1b6473bff22c1a458487e48",
            "messageTitle": "Fix: Ui.png again",
            "messageBody": "",
            "insertions": 0,
            "deletions": 6
          }
        ]
      },
      {
        "insertions": 33,
        "deletions": 35,
        "date": "2020-02-24",
        "commitResults": [
          {
            "hash": "5029cec46acd3118d49e24c605f08b82790abcba",
            "messageTitle": "Fix: README.md",
            "messageBody": "",
            "insertions": 33,
            "deletions": 35
          }
        ]
      }
    ]
  },
  "authorFinalContributionMap": {
    "muhd97": 1323
  },
  "authorFileTypeContributionMap": {
    "muhd97": {
      "java": 1091,
      "md": 96,
      "fxml": 35,
      "sh": 0,
      "bat": 27,
      "gradle": 39,
      "txt": 35
    }
  },
  "authorContributionVariance": {
    "muhd97": 25143.549
  },
  "authorDisplayNameMap": {
    "muhd97": "CS2103T-W12- 4 SYED..ALAM"
  }
}
