{
  "authorDailyContributionsMap": {
    "jiachen247": [
      {
        "insertions": 51,
        "deletions": 3,
        "date": "2020-01-22",
        "commitResults": [
          {
            "hash": "f01bb398d4f252996a200ef719d02f5aeff8f008",
            "messageTitle": "setup gradle",
            "messageBody": "",
            "insertions": 22,
            "deletions": 2
          },
          {
            "hash": "93bbf4900416ccdaefc07aa0cf0362e2564dad92",
            "messageTitle": "level-1",
            "messageBody": "",
            "insertions": 29,
            "deletions": 1
          }
        ]
      },
      {
        "insertions": 18,
        "deletions": 6,
        "date": "2020-01-23",
        "commitResults": [
          {
            "hash": "352e45db10d0c67c451be40b9265d049457c6273",
            "messageTitle": "level-2",
            "messageBody": "",
            "insertions": 18,
            "deletions": 6
          }
        ]
      },
      {
        "insertions": 663,
        "deletions": 308,
        "date": "2020-01-24",
        "commitResults": [
          {
            "hash": "7bcb054ff0e0f3a1e9d5ed111612fc64614dd4a6",
            "messageTitle": "fix break infinite loop",
            "messageBody": "",
            "insertions": 2,
            "deletions": 1
          },
          {
            "hash": "9626961052fbfca19b263854364d97352340cae0",
            "messageTitle": "Level-3",
            "messageBody": "",
            "insertions": 35,
            "deletions": 5
          },
          {
            "hash": "6ce3349247ae5751efffaa9dae1703c5330ffa07",
            "messageTitle": "Level-4",
            "messageBody": "",
            "insertions": 96,
            "deletions": 5
          },
          {
            "hash": "1a1ca9465b2db0369cf919e209603cdaba6b8c62",
            "messageTitle": "A-TextUiTesting (Add text test)",
            "messageBody": "",
            "insertions": 84,
            "deletions": 0
          },
          {
            "hash": "15ad533950796a636407e364d4137e591fe5b918",
            "messageTitle": "Level-5",
            "messageBody": "",
            "insertions": 151,
            "deletions": 35
          },
          {
            "hash": "65755442b93ca72f77d266252c11708339e85bca",
            "messageTitle": "refactor classes to new files",
            "messageBody": "",
            "insertions": 94,
            "deletions": 102
          },
          {
            "hash": "802bc9a3f6431351771b608a8415df6a8af1312f",
            "messageTitle": "format code",
            "messageBody": "",
            "insertions": 21,
            "deletions": 21
          },
          {
            "hash": "8e1e5ed63e6e6ff8dc5f4e7d229d460dd73d3f62",
            "messageTitle": "Level-6",
            "messageBody": "",
            "insertions": 64,
            "deletions": 15
          },
          {
            "hash": "c8eab6043163830240879d4df32dcc4075b426fc",
            "messageTitle": "Use Enum",
            "messageBody": "",
            "insertions": 116,
            "deletions": 124
          }
        ]
      },
      {
        "insertions": 1,
        "deletions": 4,
        "date": "2020-01-25",
        "commitResults": [
          {
            "hash": "a5eacdde3e1e9443ee39a98972373b6f6aea41c1",
            "messageTitle": "clean code",
            "messageBody": "",
            "insertions": 1,
            "deletions": 4
          }
        ]
      },
      {
        "insertions": 1667,
        "deletions": 832,
        "date": "2020-01-28",
        "commitResults": [
          {
            "hash": "ef196c243fac1b7eae3624ab58a986d2c01875c4",
            "messageTitle": "Level 7",
            "messageBody": "",
            "insertions": 59,
            "deletions": 10
          },
          {
            "hash": "1bcc5d5720d4ff853bb2ce4fae0b10fc67dbd662",
            "messageTitle": "Level-8",
            "messageBody": "",
            "insertions": 10,
            "deletions": 4
          },
          {
            "hash": "b382689a69bae9d747e18e3ede891d3761fc92b7",
            "messageTitle": "Level-7-Complete",
            "messageBody": "",
            "insertions": 85,
            "deletions": 21
          },
          {
            "hash": "fa1645f56cb6cb60ddb700afcfed3c3cea7fe46b",
            "messageTitle": "A-MoreOOP",
            "messageBody": "",
            "insertions": 218,
            "deletions": 124
          },
          {
            "hash": "a9b3db2342945089a316282b922814000176af8c",
            "messageTitle": "A-Packages",
            "messageBody": "",
            "insertions": 58,
            "deletions": 5
          },
          {
            "hash": "8a3508204c714f36ab68f89c7a32972c69537cc2",
            "messageTitle": "Correct file path",
            "messageBody": "",
            "insertions": 1,
            "deletions": 1
          },
          {
            "hash": "ee1ea84485f442b5146b6fc19e4727c30a623a26",
            "messageTitle": "A-JUnit",
            "messageBody": "",
            "insertions": 317,
            "deletions": 9
          },
          {
            "hash": "5b8508ee7bd1e13d5d77db5f8229e3aa04075577",
            "messageTitle": "A-Jar",
            "messageBody": "",
            "insertions": 1,
            "deletions": 0
          },
          {
            "hash": "e2095e9249074f7c95f0c32d1b5881c482a4cc35",
            "messageTitle": "A-JavaDoc",
            "messageBody": "",
            "insertions": 232,
            "deletions": 9
          },
          {
            "hash": "edfe6a752df72d9499122cd01575591cd31bd930",
            "messageTitle": "A-CodingStandard",
            "messageBody": "",
            "insertions": 407,
            "deletions": 387
          },
          {
            "hash": "dacb85b5f3f34c7a1f54fd522c5a9f0a676b4ca4",
            "messageTitle": "Level-9",
            "messageBody": "",
            "insertions": 279,
            "deletions": 262
          }
        ]
      }
    ]
  },
  "authorFinalContributionMap": {
    "jiachen247": 1257
  },
  "authorFileTypeContributionMap": {
    "jiachen247": {
      "gitignore": 3,
      "gradle": 21,
      "properties": 3,
      "java": 23,
      "java": 45,
      "java": 214,
      "java": 20,
      "java": 46,
      "java": 11,
      "java": 15,
      "java": 13,
      "java": 107,
      "java": 52,
      "java": 71,
      "java": 30,
      "java": 115,
      "java": 57,
      "java": 57,
      "java": 8,
      "java": 74,
      "java": 42,
      "java": 36,
      "java": 46,
      "java": 5,
      "TXT": 82,
      "txt": 21,
      "sh": 40
    }
  },
  "authorContributionVariance": {
    "jiachen247": 267456.25
  },
  "authorDisplayNameMap": {
    "jiachen247": "CS2103T-W16- 2 LIOW..CHEN"
  }
}
