{
  "authorDailyContributionsMap": {
    "ongch00": [
      {
        "insertions": 51,
        "deletions": 9,
        "date": "2020-01-20",
        "commitResults": [
          {
            "hash": "4914ae8d022536b771bd0bc1373029e5d3c0372b",
            "messageTitle": "Implement Level 1. Greet, Echo, Exit",
            "messageBody": "",
            "tags": [
              "Level-1"
            ],
            "insertions": 22,
            "deletions": 6
          },
          {
            "hash": "a1cca393bb1dad4efc63c98e45c7dba688b6f9bd",
            "messageTitle": "Add Task class",
            "messageBody": "",
            "tags": [
              "A-Classes"
            ],
            "insertions": 15,
            "deletions": 0
          },
          {
            "hash": "5b593cc4d4d8d8e040157900ac7b1c705a966d92",
            "messageTitle": "Implement Level 2. Add, List",
            "messageBody": "",
            "tags": [
              "Level-2"
            ],
            "insertions": 14,
            "deletions": 3
          }
        ]
      },
      {
        "insertions": 94,
        "deletions": 19,
        "date": "2020-01-21",
        "commitResults": [
          {
            "hash": "da21894d41be5c4f01b1898509a001e01bd9b8cf",
            "messageTitle": "Implement Level 3. Mark as Done",
            "messageBody": "",
            "tags": [
              "Level-3"
            ],
            "insertions": 22,
            "deletions": 6
          },
          {
            "hash": "6ee5e0c6d0e099157ac4a863f6b63b9629a06650",
            "messageTitle": "Add Todo class",
            "messageBody": "",
            "insertions": 10,
            "deletions": 0
          },
          {
            "hash": "bcb23c87cee75b1c47b862f64a1cee8966b4a659",
            "messageTitle": "Add Deadline class",
            "messageBody": "",
            "insertions": 13,
            "deletions": 0
          },
          {
            "hash": "eff54058b0d8506944a2fdf3ced5fbd17fb74457",
            "messageTitle": "Add Event class",
            "messageBody": "",
            "insertions": 13,
            "deletions": 0
          },
          {
            "hash": "4293d7ceb954ed30151eb1a92d4bd8157ce0ccad",
            "messageTitle": "Implement Inheritance",
            "messageBody": "",
            "tags": [
              "A-Inheritance"
            ],
            "insertions": 10,
            "deletions": 5
          },
          {
            "hash": "08a5792956c7115203e36018554e14bc670d827a",
            "messageTitle": "Implement Level 4. ToDos, Events, Deadlines",
            "messageBody": "",
            "tags": [
              "Level-4"
            ],
            "insertions": 26,
            "deletions": 8
          }
        ]
      },
      {
        "insertions": 183,
        "deletions": 75,
        "date": "2020-01-22",
        "commitResults": [
          {
            "hash": "334c96aab4dba361fee6c3fda465e8b192d1a873",
            "messageTitle": "Change output formatting",
            "messageBody": "",
            "insertions": 29,
            "deletions": 29
          },
          {
            "hash": "a0867df0ebb2bafd6d1bedef92833aa2cd90d137",
            "messageTitle": "Implement A-TextUiTesting: Automated Text UI Testing",
            "messageBody": "",
            "tags": [
              "A-TextUiTesting"
            ],
            "insertions": 65,
            "deletions": 0
          },
          {
            "hash": "522e0c8e42487def98b17b720860e6676d0037db",
            "messageTitle": "Add DukeException class",
            "messageBody": "",
            "insertions": 5,
            "deletions": 0
          },
          {
            "hash": "b554d247438076f321d6f3029452edcbed6697c6",
            "messageTitle": "Add InvalidCommandException class",
            "messageBody": "",
            "insertions": 5,
            "deletions": 0
          },
          {
            "hash": "b46745e9198e6ca7b70646b3fb1e7b52923c5abb",
            "messageTitle": "Implement Level 5. Handle Errors",
            "messageBody": "",
            "tags": [
              "Level-5"
            ],
            "insertions": 65,
            "deletions": 43
          },
          {
            "hash": "81b62467f50c096f550978152f9902fa91af3d29",
            "messageTitle": "Implement Level 6. Delete",
            "messageBody": "",
            "tags": [
              "Level-6",
              "A-Collections"
            ],
            "insertions": 14,
            "deletions": 3
          }
        ]
      },
      {
        "insertions": 105,
        "deletions": 69,
        "date": "2020-01-23",
        "commitResults": [
          {
            "hash": "8df175a6dbfadf12fc8136f3c2e2afa5e1221b2f",
            "messageTitle": "Implement Command Enum",
            "messageBody": "",
            "tags": [
              "A-Enums"
            ],
            "insertions": 105,
            "deletions": 69
          }
        ]
      },
      {
        "insertions": 148,
        "deletions": 14,
        "date": "2020-01-26",
        "commitResults": [
          {
            "hash": "1850480c02c980aa9221013f8f02c447469ab577",
            "messageTitle": "Implement Level-7: Save",
            "messageBody": "",
            "insertions": 99,
            "deletions": 7
          },
          {
            "hash": "a55dd656b64f3501c52e844e686080a1ec02cb97",
            "messageTitle": "Implement Level-8: Dates and Times",
            "messageBody": "",
            "insertions": 49,
            "deletions": 7
          }
        ]
      },
      {
        "insertions": 604,
        "deletions": 175,
        "date": "2020-01-27",
        "commitResults": [
          {
            "hash": "d248ad0034d5ccc519a2c85a7dc5721af3ac7316",
            "messageTitle": "Implement A-MoreOOP: Use More OOP",
            "messageBody": "",
            "tags": [
              "A-MoreOOP"
            ],
            "insertions": 386,
            "deletions": 173
          },
          {
            "hash": "91679d0d8948f8b8cf784a0f7e1c7c22ac160211",
            "messageTitle": "Add checkstyle plugin",
            "messageBody": "",
            "insertions": 6,
            "deletions": 1
          },
          {
            "hash": "af9c29905ed4b147640bc4473b7069ec69799018",
            "messageTitle": "Add Shadow plugin",
            "messageBody": "",
            "insertions": 8,
            "deletions": 0
          },
          {
            "hash": "059cd74d47d4b057d40d5ef976bcb189eb3e3947",
            "messageTitle": "Implement A-Packages: Organize into Packages",
            "messageBody": "",
            "tags": [
              "A-Packages"
            ],
            "insertions": 93,
            "deletions": 1
          },
          {
            "hash": "a539ca1ba9887be54bd3afce42586bd1b5160863",
            "messageTitle": "Implement A-JUnit: Add JUnit Test",
            "messageBody": "",
            "tags": [
              "A-Jar",
              "A-JUnit",
              "A-Gradle"
            ],
            "insertions": 111,
            "deletions": 0
          }
        ]
      },
      {
        "insertions": 697,
        "deletions": 144,
        "date": "2020-01-30",
        "commitResults": [
          {
            "hash": "61150831f53d403ef3741c5640d25e14a7831fcb",
            "messageTitle": "Implement A-JavaDoc: JavaDoc",
            "messageBody": "",
            "insertions": 413,
            "deletions": 9
          },
          {
            "hash": "a041a519bbbd67f9da5d839f945324093bfd59f2",
            "messageTitle": "Implement A-CodingStandard: Follow the Coding Standard",
            "messageBody": "",
            "insertions": 180,
            "deletions": 97
          },
          {
            "hash": "d9daf4a57c78aff50e07b4e1219462f0565a2d2b",
            "messageTitle": "Implement Level-9: Find",
            "messageBody": "",
            "insertions": 104,
            "deletions": 38
          }
        ]
      },
      {
        "insertions": 7,
        "deletions": 2,
        "date": "2020-02-02",
        "commitResults": [
          {
            "hash": "8d70980720341f4135587ec64200a0713894686c",
            "messageTitle": "Add JavaFX plugin",
            "messageBody": "",
            "insertions": 7,
            "deletions": 2
          }
        ]
      },
      {
        "insertions": 352,
        "deletions": 229,
        "date": "2020-02-04",
        "commitResults": [
          {
            "hash": "60560a7679a4fb5f12628dc533a93d07fa5da1eb",
            "messageTitle": "Implement initial JavaFX GUI",
            "messageBody": "",
            "insertions": 343,
            "deletions": 115
          },
          {
            "hash": "8d26c57be1cf99ca1bd9e342762eafe43b8155ab",
            "messageTitle": "Remove Ui.java",
            "messageBody": "",
            "insertions": 0,
            "deletions": 109
          },
          {
            "hash": "18181f18e714e0da455236c7d4c9cad1a4603cef",
            "messageTitle": "Add application icon and window title",
            "messageBody": "",
            "insertions": 3,
            "deletions": 0
          },
          {
            "hash": "ce26f0eef58877084b3e5b5ea56952e084ee1c00",
            "messageTitle": "Fix shrinking dialog box",
            "messageBody": "",
            "insertions": 2,
            "deletions": 2
          },
          {
            "hash": "991bb54a2688c555153e39f8c61b29f9c9f07dd6",
            "messageTitle": "Add chat label background",
            "messageBody": "",
            "insertions": 3,
            "deletions": 3
          },
          {
            "hash": "39def21ff68d2bc0e43cc2a9128531df363a1c91",
            "messageTitle": "Add background image to application",
            "messageBody": "",
            "insertions": 1,
            "deletions": 0
          }
        ]
      },
      {
        "insertions": 46,
        "deletions": 39,
        "date": "2020-02-05",
        "commitResults": [
          {
            "hash": "c4ba54b430aad4afdc230971bfb694572ce84c5f",
            "messageTitle": "Update personality of application",
            "messageBody": "",
            "insertions": 37,
            "deletions": 26
          },
          {
            "hash": "25079c27bbad8e99b8507e639eabee2086cdf92a",
            "messageTitle": "Remove resizable window",
            "messageBody": "",
            "insertions": 1,
            "deletions": 0
          },
          {
            "hash": "f6dd69e0221592645e3e38c348c2dd5ce74d63f5",
            "messageTitle": "Fix exit dialogs not being displayed",
            "messageBody": "",
            "insertions": 8,
            "deletions": 13
          }
        ]
      },
      {
        "insertions": 2,
        "deletions": 2,
        "date": "2020-02-06",
        "commitResults": [
          {
            "hash": "d361b22cf6dba59d70794d0f07d868175e14b415",
            "messageTitle": "Fix done and delete command response format",
            "messageBody": "",
            "insertions": 2,
            "deletions": 2
          }
        ]
      },
      {
        "insertions": 151,
        "deletions": 173,
        "date": "2020-02-10",
        "commitResults": [
          {
            "hash": "16ee415ea35b5223863fd6d768fd48695404496b",
            "messageTitle": "Implement A-Assertions: Use Assertions",
            "messageBody": "",
            "insertions": 3,
            "deletions": 0
          },
          {
            "hash": "1868f5dc9ae01e65de9747be6ad86ab836732370",
            "messageTitle": "Remove String literals",
            "messageBody": "",
            "insertions": 75,
            "deletions": 38
          },
          {
            "hash": "7515de115f3c9ca9d8d7d2b10d625e257319df0e",
            "messageTitle": "Add DateTimeParser",
            "messageBody": "",
            "insertions": 55,
            "deletions": 80
          },
          {
            "hash": "334234719966d0553b58505312c6333d680dd902",
            "messageTitle": "Remove redundant comments",
            "messageBody": "",
            "insertions": 5,
            "deletions": 42
          },
          {
            "hash": "719115bdfc822286e32bc57f610b01e175a84070",
            "messageTitle": "Update Command to be an interface",
            "messageBody": "",
            "insertions": 13,
            "deletions": 13
          }
        ]
      }
    ]
  },
  "authorFinalContributionMap": {
    "ongch00": 1531
  },
  "authorFileTypeContributionMap": {
    "ongch00": {
      "java": 1406,
      "md": 0,
      "fxml": 35,
      "sh": 0,
      "bat": 23,
      "gradle": 25,
      "txt": 42
    }
  },
  "authorContributionVariance": {
    "ongch00": 51970.84
  },
  "authorDisplayNameMap": {
    "ongch00": "CS2103T-F10- 2 ONG .. HAN"
  }
}
