{
  "authorDailyContributionsMap": {
    "Vanessa1098": [
      {
        "insertions": 162,
        "deletions": 25,
        "date": "2020-01-21",
        "commitResults": [
          {
            "hash": "c5d9d003d14bde23b04363a7aedf8ba179930fbc",
            "messageTitle": "Lvl1",
            "messageBody": "",
            "tags": [
              "Lvl-1,Greet,Echo,Exit"
            ],
            "fileTypesAndContributionMap": {
              "java": {
                "insertions": 15,
                "deletions": 0
              }
            }
          },
          {
            "hash": "c2ca6b8cc7dc7af3710f0df1ca55701c72f4dac5",
            "messageTitle": "Lvl2",
            "messageBody": "",
            "tags": [
              "Level-2,Add,List"
            ],
            "fileTypesAndContributionMap": {
              "java": {
                "insertions": 25,
                "deletions": 5
              }
            }
          },
          {
            "hash": "9f819de4549165c988a071ba9dd06d12597de33a",
            "messageTitle": "Lvl3",
            "messageBody": "",
            "tags": [
              "Level-3,MarkAsDone"
            ],
            "fileTypesAndContributionMap": {
              "java": {
                "insertions": 32,
                "deletions": 4
              }
            }
          },
          {
            "hash": "579c2dd4ee8b36b9ffed83997f9b73ac4741fce5",
            "messageTitle": "Lvl4",
            "messageBody": "",
            "tags": [
              "Level-4,Todo,Event,Deadline"
            ],
            "fileTypesAndContributionMap": {
              "java": {
                "insertions": 90,
                "deletions": 16
              }
            }
          }
        ]
      },
      {
        "insertions": 147,
        "deletions": 55,
        "date": "2020-01-22",
        "commitResults": [
          {
            "hash": "84edcb2905719994aefaaa2f42d40e526e1e5dcb",
            "messageTitle": "Lvl5",
            "messageBody": "",
            "tags": [
              "Level-5,HandleErrors"
            ],
            "fileTypesAndContributionMap": {
              "java": {
                "insertions": 58,
                "deletions": 23
              }
            }
          },
          {
            "hash": "afe0deed1629fe5678a78024e181596c8657112e",
            "messageTitle": "Lvl6",
            "messageBody": "",
            "tags": [
              "Level-6,Delete"
            ],
            "fileTypesAndContributionMap": {
              "java": {
                "insertions": 89,
                "deletions": 32
              }
            }
          }
        ]
      },
      {
        "insertions": 267,
        "deletions": 199,
        "date": "2020-01-23",
        "commitResults": [
          {
            "hash": "716038fb3f94d24226f9092a48fab8448fbba9ca",
            "messageTitle": "Lvl1-test",
            "messageBody": "",
            "tags": [
              "Lvl-1,A-TextUiTesting"
            ],
            "fileTypesAndContributionMap": {
              "txt": {
                "insertions": 19,
                "deletions": 0
              },
              "java": {
                "insertions": 5,
                "deletions": 82
              },
              "bat": {
                "insertions": 21,
                "deletions": 0
              }
            }
          },
          {
            "hash": "aa8107ca63347afb8e37fdeafa4a7aa54ecacac4",
            "messageTitle": "Lvl2-Test",
            "messageBody": "",
            "tags": [
              "Lvl-2,A-TextUiTesting"
            ],
            "fileTypesAndContributionMap": {
              "txt": {
                "insertions": 10,
                "deletions": 6
              },
              "java": {
                "insertions": 25,
                "deletions": 5
              }
            }
          },
          {
            "hash": "76ab8302a6c0eb172a64a6d4a9a0c9b86064fac7",
            "messageTitle": "Lvl5-Test",
            "messageBody": "",
            "fileTypesAndContributionMap": {
              "txt": {
                "insertions": 4,
                "deletions": 11
              },
              "java": {
                "insertions": 54,
                "deletions": 7
              }
            }
          },
          {
            "hash": "f190d8aadbb6dbaa128ecd49eaa45974c007d64a",
            "messageTitle": "Lvl5-Test",
            "messageBody": "",
            "tags": [
              "Lvl-5,A-TextUiTesting"
            ],
            "fileTypesAndContributionMap": {
              "java": {
                "insertions": 1,
                "deletions": 1
              }
            }
          },
          {
            "hash": "559566f7e5680ceeba274e0c89f0c24ba625bcb8",
            "messageTitle": "Revert \"Lvl5-Test\"",
            "messageBody": "This reverts commit 76ab8302a6c0eb172a64a6d4a9a0c9b86064fac7.\n",
            "fileTypesAndContributionMap": {
              "txt": {
                "insertions": 11,
                "deletions": 4
              },
              "java": {
                "insertions": 7,
                "deletions": 54
              }
            }
          },
          {
            "hash": "bd7baf5001c84400bb0e0a2de3ccf6302bd30734",
            "messageTitle": "Lvl3-Test",
            "messageBody": "",
            "tags": [
              "Lvl-3,A-TextUiTesting"
            ],
            "fileTypesAndContributionMap": {
              "txt": {
                "insertions": 19,
                "deletions": 5
              }
            }
          },
          {
            "hash": "4caf0693a73109308e972a12f088dad00dc2c4d4",
            "messageTitle": "Lvl4-Test",
            "messageBody": "",
            "tags": [
              "Lvl-4,A-TextUiTesting"
            ],
            "fileTypesAndContributionMap": {
              "txt": {
                "insertions": 19,
                "deletions": 17
              }
            }
          },
          {
            "hash": "3e7a33eeaa93bc375f16b28a218dcffe4b21ec8c",
            "messageTitle": "Lvl6-Test",
            "messageBody": "",
            "tags": [
              "Lvl-6,A-TextUiTesting"
            ],
            "fileTypesAndContributionMap": {
              "txt": {
                "insertions": 9,
                "deletions": 0
              },
              "java": {
                "insertions": 63,
                "deletions": 7
              }
            }
          }
        ]
      },
      {
        "insertions": 301,
        "deletions": 76,
        "date": "2020-01-27",
        "commitResults": [
          {
            "hash": "b6fcb7a1e1e929ad0c66daca1192d04e2221f880",
            "messageTitle": "Lvl-7",
            "messageBody": "",
            "tags": [
              "Lvl-7,Save"
            ],
            "fileTypesAndContributionMap": {
              "txt": {
                "insertions": 4,
                "deletions": 0
              },
              "java": {
                "insertions": 59,
                "deletions": 21
              }
            }
          },
          {
            "hash": "e04c9c8fec19902b9b121b78d659c7909e8e59b7",
            "messageTitle": "Lvl-7-v1",
            "messageBody": "",
            "tags": [
              "Lvl-7,Save,V1"
            ],
            "fileTypesAndContributionMap": {
              "txt": {
                "insertions": 3,
                "deletions": 1
              },
              "java": {
                "insertions": 74,
                "deletions": 17
              }
            }
          },
          {
            "hash": "2f5aaac6fdd1205fc9348b7999f76d16c7e663c3",
            "messageTitle": "Lvl-7-v2",
            "messageBody": "",
            "tags": [
              "Lvl-7,Save,V2",
              "Level-7,Save"
            ],
            "fileTypesAndContributionMap": {
              "txt": {
                "insertions": 3,
                "deletions": 1
              },
              "java": {
                "insertions": 90,
                "deletions": 30
              }
            }
          },
          {
            "hash": "3a612b0698176768804ece462bd57d2c1e246645",
            "messageTitle": "Lvl-8",
            "messageBody": "",
            "tags": [
              "Level-8,DatesAndTimes"
            ],
            "fileTypesAndContributionMap": {
              "txt": {
                "insertions": 5,
                "deletions": 3
              },
              "java": {
                "insertions": 63,
                "deletions": 3
              }
            }
          }
        ]
      },
      {
        "insertions": 831,
        "deletions": 290,
        "date": "2020-01-28",
        "commitResults": [
          {
            "hash": "da0d6779de751d702032ef364e7a42720915551d",
            "messageTitle": "A-MoreOOP",
            "messageBody": "",
            "fileTypesAndContributionMap": {
              "txt": {
                "insertions": 9,
                "deletions": 9
              },
              "java": {
                "insertions": 249,
                "deletions": 186
              }
            }
          },
          {
            "hash": "d5ad3a667087621226c9a01e3025ac85761024c7",
            "messageTitle": "DateTime",
            "messageBody": "",
            "tags": [
              "Lvl-8,DateTime",
              "A-MoreOOP"
            ],
            "fileTypesAndContributionMap": {
              "java": {
                "insertions": 22,
                "deletions": 0
              }
            }
          },
          {
            "hash": "01e7ef5aebcbb08f51881e92a3779b47057dafc4",
            "messageTitle": "A-JUnit",
            "messageBody": "",
            "tags": [
              "v0.1",
              "A-JUnit"
            ],
            "fileTypesAndContributionMap": {
              "java": {
                "insertions": 69,
                "deletions": 4
              }
            }
          },
          {
            "hash": "e156e29d162e4a4231cfeb3d25bd1c33ef696d58",
            "messageTitle": "A-JavaDoc",
            "messageBody": "",
            "tags": [
              "A-JavaDoc"
            ],
            "fileTypesAndContributionMap": {
              "java": {
                "insertions": 180,
                "deletions": 3
              }
            }
          },
          {
            "hash": "ef6617890238a3a31aed3d57190bf787c6ebbb48",
            "messageTitle": "codingstandard",
            "messageBody": "",
            "tags": [
              "A-CodingStandard"
            ],
            "fileTypesAndContributionMap": {
              "txt": {
                "insertions": 6,
                "deletions": 7
              },
              "java": {
                "insertions": 37,
                "deletions": 41
              }
            }
          },
          {
            "hash": "931d46c5f3121adc5112820e0dc1544fbd8c2a2f",
            "messageTitle": "A-CodingStandard",
            "messageBody": "",
            "tags": [
              "A-CodingStandard-v2"
            ],
            "fileTypesAndContributionMap": {
              "java": {
                "insertions": 179,
                "deletions": 3
              }
            }
          },
          {
            "hash": "01e080f62b527de15246eca827fe39547374b70d",
            "messageTitle": "Level-9",
            "messageBody": "",
            "tags": [
              "Level-9,Find,V1"
            ],
            "fileTypesAndContributionMap": {
              "txt": {
                "insertions": 7,
                "deletions": 6
              },
              "java": {
                "insertions": 73,
                "deletions": 31
              }
            }
          }
        ]
      },
      {
        "insertions": 38,
        "deletions": 23,
        "date": "2020-02-03",
        "commitResults": [
          {
            "hash": "e1417cecc2f9296ac936fc2effc654c7326f99ba",
            "messageTitle": "Edit-removed merge conflict comments",
            "messageBody": "",
            "fileTypesAndContributionMap": {
              "txt": {
                "insertions": 7,
                "deletions": 7
              },
              "java": {
                "insertions": 4,
                "deletions": 10
              }
            }
          },
          {
            "hash": "9443ae3b8142e8a5c9545cfe5c8fb335fdc22530",
            "messageTitle": "add-changed int to boolean return for checkNum",
            "messageBody": "",
            "fileTypesAndContributionMap": {
              "java": {
                "insertions": 5,
                "deletions": 5
              }
            }
          },
          {
            "hash": "e8c578558591bb3cfc7f9a20dc517ff61343575d",
            "messageTitle": "Add-gradle",
            "messageBody": "",
            "tags": [
              "A-Gradle"
            ],
            "fileTypesAndContributionMap": {
              "gradle": {
                "insertions": 22,
                "deletions": 1
              }
            }
          }
        ]
      },
      {
        "insertions": 438,
        "deletions": 323,
        "date": "2020-02-05",
        "commitResults": [
          {
            "hash": "e84642397aa9f901dcdf33b7b36c5089765a56dc",
            "messageTitle": "Edit codes to comments",
            "messageBody": "",
            "fileTypesAndContributionMap": {
              "gradle": {
                "insertions": 14,
                "deletions": 0
              },
              "txt": {
                "insertions": 8,
                "deletions": 10
              },
              "java": {
                "insertions": 106,
                "deletions": 264
              }
            }
          },
          {
            "hash": "5ba3b959e09077241971b7e9df32015eb84bff22",
            "messageTitle": "Add-exceptions for invalid date format",
            "messageBody": "",
            "fileTypesAndContributionMap": {
              "txt": {
                "insertions": 8,
                "deletions": 7
              },
              "java": {
                "insertions": 69,
                "deletions": 28
              }
            }
          },
          {
            "hash": "7fe864cc7e8bec7f4b52ad50fc08ab9063b3391a",
            "messageTitle": "add-GUI",
            "messageBody": "",
            "fileTypesAndContributionMap": {
              "gradle": {
                "insertions": 3,
                "deletions": 3
              },
              "fxml": {
                "insertions": 35,
                "deletions": 0
              },
              "java": {
                "insertions": 192,
                "deletions": 8
              },
              "md": {
                "insertions": 3,
                "deletions": 3
              }
            }
          }
        ]
      },
      {
        "insertions": 5,
        "deletions": 3,
        "date": "2020-02-08",
        "commitResults": [
          {
            "hash": "5d2f291bf0d10a60d4f2ea08d71ff25a92ccc35e",
            "messageTitle": "A-Assertions",
            "messageBody": "",
            "fileTypesAndContributionMap": {
              "java": {
                "insertions": 3,
                "deletions": 1
              }
            }
          },
          {
            "hash": "e3204a7bfd8382b3232039cb73124327c1741f46",
            "messageTitle": "Edit assertions",
            "messageBody": "",
            "tags": [
              "A-Assertions"
            ],
            "fileTypesAndContributionMap": {
              "java": {
                "insertions": 2,
                "deletions": 2
              }
            }
          }
        ]
      },
      {
        "insertions": 125,
        "deletions": 89,
        "date": "2020-02-09",
        "commitResults": [
          {
            "hash": "b1323e570942d0808a278848c0ea9a8058f570bf",
            "messageTitle": "Edit - code quality",
            "messageBody": "",
            "tags": [
              "A-CodeQuality"
            ],
            "fileTypesAndContributionMap": {
              "txt": {
                "insertions": 4,
                "deletions": 1
              },
              "java": {
                "insertions": 91,
                "deletions": 78
              }
            }
          },
          {
            "hash": "27292c8a9f9f9c7c3be89c49c80fe56693019774",
            "messageTitle": "added - reminders function",
            "messageBody": "",
            "fileTypesAndContributionMap": {
              "java": {
                "insertions": 15,
                "deletions": 1
              }
            }
          },
          {
            "hash": "f876163594a471393af9c38917cde6c8f643e778",
            "messageTitle": "Edit reminders function",
            "messageBody": "",
            "tags": [
              "B-Reminders"
            ],
            "fileTypesAndContributionMap": {
              "java": {
                "insertions": 15,
                "deletions": 9
              }
            }
          }
        ]
      },
      {
        "insertions": 333,
        "deletions": 196,
        "date": "2020-02-18",
        "commitResults": [
          {
            "hash": "ddf49a1376147a2148321803eb328d7d44531652",
            "messageTitle": "Week 6 edits",
            "messageBody": "",
            "fileTypesAndContributionMap": {
              "txt": {
                "insertions": 4,
                "deletions": 10
              },
              "java": {
                "insertions": 127,
                "deletions": 121
              }
            }
          },
          {
            "hash": "77a5bc35a9cd8cca7101a711fefe74b4ec54ccfb",
            "messageTitle": "Week 6 - edits 2",
            "messageBody": "",
            "tags": [
              "A-UserGuide"
            ],
            "fileTypesAndContributionMap": {
              "txt": {
                "insertions": 2,
                "deletions": 5
              },
              "java": {
                "insertions": 81,
                "deletions": 53
              },
              "md": {
                "insertions": 118,
                "deletions": 6
              }
            }
          },
          {
            "hash": "05cf8edb0797f049c7f19099cc873ff7626d5563",
            "messageTitle": "Week 6 edit 3",
            "messageBody": "",
            "fileTypesAndContributionMap": {
              "txt": {
                "insertions": 1,
                "deletions": 1
              }
            }
          }
        ]
      }
    ]
  },
  "authorFinalContributionMap": {
    "Vanessa1098": 1246
  },
  "authorFileTypeContributionMap": {
    "Vanessa1098": {
      "java": 982,
      "md": 121,
      "fxml": 35,
      "sh": 0,
      "bat": 21,
      "gradle": 36,
      "txt": 51
    }
  },
  "authorContributionVariance": {
    "Vanessa1098": 59017.86
  },
  "authorDisplayNameMap": {
    "Vanessa1098": "CS2103-W14- 3 KWAN.. JIE"
  }
}
