{
  "authorDailyContributionsMap": {
    "gohkh": [
      {
        "insertions": 67,
        "deletions": 7,
        "date": "2020-01-18",
        "commitResults": [
          {
            "hash": "7506857f1a2ea4e06c8c4043480e278d3fb50580",
            "messageTitle": "Add greet, echo, exit functionality",
            "messageBody": "Initial skeletal version of Duke which greets the user, echos\ncommands entered by the user, and exits when the user types bye.\n\nCustomise greeting at the start of the program. Modularise program\nreponse into separate methods depending on user input, to increase\nmaintainability and readability.\n",
            "tags": [
              "Level-1"
            ],
            "insertions": 40,
            "deletions": 1
          },
          {
            "hash": "06e783f1c11ada35ed161f50b14b5392ea3513b6",
            "messageTitle": "Add the ability to store and display user input",
            "messageBody": "Store text entered by the user in a list, and display the list\nwhen the user types list.\n",
            "tags": [
              "Level-2",
              "A-Collections"
            ],
            "insertions": 27,
            "deletions": 6
          }
        ]
      },
      {
        "insertions": 109,
        "deletions": 12,
        "date": "2020-01-19",
        "commitResults": [
          {
            "hash": "6460e147e8f4a1d80c86cf70dd4cc62411ee0995",
            "messageTitle": "Refactor tasks into a Task class",
            "messageBody": "Abstract tasks into a separate class. Modify Duke to handle a list\nof tasks instead of strings containing task descriptions.\n",
            "tags": [
              "A-Classes"
            ],
            "insertions": 27,
            "deletions": 4
          },
          {
            "hash": "972850fbebb9a1b304ddbf370fa88d97e757f68a",
            "messageTitle": "Add the ability to mark tasks as done",
            "messageBody": "Mark a task as done when the user types done, followed by the\nnumber indicating the position of the task in the list of tasks.\n",
            "tags": [
              "Level-3"
            ],
            "insertions": 12,
            "deletions": 1
          },
          {
            "hash": "3a1f1d50d4b2f7a3de6c9cb8f94e96b09030c463",
            "messageTitle": "Implement multiple task types through inheritance",
            "messageBody": "Convert Task to an abstract class. Implement Todo, Deadline, and\nEvent classes that inherit from the Task class.\n",
            "tags": [
              "A-Inheritance"
            ],
            "insertions": 70,
            "deletions": 7
          }
        ]
      },
      {
        "insertions": 138,
        "deletions": 14,
        "date": "2020-01-22",
        "commitResults": [
          {
            "hash": "0282e01c5d5a3ee22d97c2c034204c599b082413",
            "messageTitle": "Add support for 3 types of tasks: Todo, Deadline, and Event",
            "messageBody": "Create the appropriate types of tasks depending on user input, and\nadd them to the list of tasks.\n",
            "insertions": 41,
            "deletions": 6
          },
          {
            "hash": "f8592774e01a2c269d4f928162545a13b4811d09",
            "messageTitle": "Fix typo",
            "messageBody": "Change backslash to slash.\n",
            "insertions": 2,
            "deletions": 2
          },
          {
            "hash": "ee6122511bc714ffbef65d66fdf4c52240813aa3",
            "messageTitle": "Edit output format",
            "messageBody": "Remove newline character at the end of each response message.\n",
            "tags": [
              "Level-4"
            ],
            "insertions": 4,
            "deletions": 4
          },
          {
            "hash": "fc0d133b9cb1a8e8c30ec764423c7bcbde1b149b",
            "messageTitle": "Semi-automate the testing of Duke",
            "messageBody": "Add a bash script that employs redirection to test Duke using\ninput from `input.txt`, and compare the output with the expected\noutput in `EXPECTED.TXT`.\n",
            "tags": [
              "A-TextUiTesting"
            ],
            "insertions": 46,
            "deletions": 0
          },
          {
            "hash": "b4cd327ee093171502d74a8ff450d9a9b791e31d",
            "messageTitle": "Implement user input exceptions",
            "messageBody": "Add exceptions for empty tasks, missing information, and\nunrecognised commands.\n",
            "insertions": 43,
            "deletions": 0
          },
          {
            "hash": "c5b16c6a90796fa0e9d53a8fb19c0ee713e55795",
            "messageTitle": "Fix typo",
            "messageBody": "Edit class name.\n",
            "insertions": 2,
            "deletions": 2
          }
        ]
      },
      {
        "insertions": 159,
        "deletions": 64,
        "date": "2020-01-27",
        "commitResults": [
          {
            "hash": "1770f85acadc272ef637ac217dc5c98b56215868",
            "messageTitle": "Change javac classpath",
            "messageBody": "Edit the javac command to look for classes in `../src/main/java`\ninstead of compiling all the java files in that directory.\n",
            "insertions": 1,
            "deletions": 1
          },
          {
            "hash": "b3ac86bffdadac7546c876625e835e77dddb0c5d",
            "messageTitle": "Implement exceptions for invalid task selection",
            "messageBody": "Add InvalidTaskException for general exceptions in selecting a\ntask, and InvalidTaskNumberException for exceptions due to task\nnumbers not corresponding to any task in the list.\n",
            "insertions": 14,
            "deletions": 0
          },
          {
            "hash": "7de430f7ca9940521b892bc04600b7d97f2cfc48",
            "messageTitle": "Edit error messages",
            "messageBody": "Vary the tone of some error messages to give Duke more of its own\npersonality.\n",
            "insertions": 3,
            "deletions": 3
          },
          {
            "hash": "c91b9f19fb0cfeacd78f1e3b0257cc5b395007e7",
            "messageTitle": "Implement MissingTaskNumberException",
            "messageBody": "Add custom exception to be thrown when commands that expect a\ntask number do not receive any additional arguments.\n",
            "insertions": 5,
            "deletions": 0
          },
          {
            "hash": "8176033ffa49d84059f450c3bb5f71d9df72b767",
            "messageTitle": "Improve clarity of error message",
            "messageBody": "",
            "tags": [
              "A-Exceptions"
            ],
            "insertions": 1,
            "deletions": 1
          },
          {
            "hash": "0388b9df92b4da5cb16fff18405d48138fbefc0b",
            "messageTitle": "Handle errors",
            "messageBody": "Modify Duke to handle incorrect user input.\n",
            "tags": [
              "Level-5"
            ],
            "insertions": 93,
            "deletions": 50
          },
          {
            "hash": "3a815d06a303860cde3f03d4234c7fa6fccd2c02",
            "messageTitle": "Add support for deleting tasks from the list",
            "messageBody": "",
            "tags": [
              "Level-6"
            ],
            "insertions": 42,
            "deletions": 9
          }
        ]
      },
      {
        "insertions": 85,
        "deletions": 8,
        "date": "2020-01-29",
        "commitResults": [
          {
            "hash": "6b24aa0ffbca5629b72bcb0f3b29da5ebb34c08c",
            "messageTitle": "Store deadline dates as LocalDate objects",
            "messageBody": "Accept deadlines in yyyy-mm-dd format, and display them in\nd MMM yyyy format.\n",
            "insertions": 22,
            "deletions": 6
          },
          {
            "hash": "f2ce852c290cf9fe2833f9c6f0a6951458973182",
            "messageTitle": "Add ability to save tasks automatically",
            "messageBody": "Save the task list in `duke/data/duke.txt` and load the tasks from\nthe file when Duke starts, if it exists.\n",
            "insertions": 63,
            "deletions": 2
          }
        ]
      },
      {
        "insertions": 34,
        "deletions": 2,
        "date": "2020-01-30",
        "commitResults": [
          {
            "hash": "023de2551f4e4a2de7bb2ebcd6d9288d4e0749c0",
            "messageTitle": "Organize classes into a package `duke`",
            "messageBody": "Create a package `duke` containing all the java files used for the\nDuke program. Modify the test script to compile and run Duke using\nthe correct file paths.\n",
            "tags": [
              "A-Packages"
            ],
            "insertions": 34,
            "deletions": 2
          }
        ]
      },
      {
        "insertions": 416,
        "deletions": 307,
        "date": "2020-02-05",
        "commitResults": [
          {
            "hash": "e291d8a746a25390ea41b009c368c68bcfdabe9f",
            "messageTitle": "Refactor Duke to abstract out closely related code",
            "messageBody": "Abstract out the following classes:\n- `Ui`: handles interaction with the user\n- `Storage`: handles loading and saving tasks in a file\n- `Parser`: parses user input\n- `TaskList`: contains the list of tasks\n\nAdd a Command enum to facilitate interactions related to commands\nbetween classes.\n\nReduce the number of custom exceptions to a few broader exceptions\nto streamline exception handling.\n",
            "tags": [
              "A-MoreOOP",
              "A-Enums"
            ],
            "insertions": 414,
            "deletions": 304
          },
          {
            "hash": "9a64a66ac5297d1aa6506645d4f4281b19ea299d",
            "messageTitle": "Edit mainClassName to \"duke/Duke\"",
            "messageBody": "",
            "insertions": 2,
            "deletions": 3
          }
        ]
      },
      {
        "insertions": 129,
        "deletions": 32,
        "date": "2020-02-06",
        "commitResults": [
          {
            "hash": "266cf9624d7d2909c3edbf2a0327a5709f40044b",
            "messageTitle": "Modify design of the Task class and its subclasses",
            "messageBody": "Edit access modifiers and methods to anticipate future subclasses.\n",
            "insertions": 27,
            "deletions": 24
          },
          {
            "hash": "68cf0d5eb9dbac2ba8c5f699944eea81e5a57de5",
            "messageTitle": "Set up gradle to run unit tests",
            "messageBody": "",
            "insertions": 8,
            "deletions": 0
          },
          {
            "hash": "40672aabd85f5f2de85a07c136382b1c1b29f2fb",
            "messageTitle": "Add unit tests for the `Todo` and `Event` classes",
            "messageBody": "",
            "tags": [
              "A-JUnit"
            ],
            "insertions": 78,
            "deletions": 0
          },
          {
            "hash": "b7f661a78a870a38e6793707c292376d4c19e841",
            "messageTitle": "Organize `Task` and its subclasses into a subpackage `duke.task`",
            "messageBody": "",
            "insertions": 6,
            "deletions": 6
          },
          {
            "hash": "ec3b39457f6d16604b747a60911d63096a6edfba",
            "messageTitle": "Add shadow plugin to gradle",
            "messageBody": "",
            "insertions": 9,
            "deletions": 1
          },
          {
            "hash": "c9817f09bb111bb2fb6c3a0141540a4a008208aa",
            "messageTitle": "Edit path to save tasks",
            "messageBody": "",
            "tags": [
              "v0.1.3",
              "A-Jar"
            ],
            "insertions": 1,
            "deletions": 1
          }
        ]
      },
      {
        "insertions": 65,
        "deletions": 22,
        "date": "2020-02-07",
        "commitResults": [
          {
            "hash": "de2b25bf880a08b48a35c7e6fbc1109a0b7afd71",
            "messageTitle": "Add the ability to find tasks by entering a search term",
            "messageBody": "",
            "insertions": 64,
            "deletions": 21
          },
          {
            "hash": "2d4f90f4eddc8bbb7d1ccec7fbb1be5c209c0929",
            "messageTitle": "Fix bug in the `find` command",
            "messageBody": "",
            "insertions": 1,
            "deletions": 1
          }
        ]
      },
      {
        "insertions": 365,
        "deletions": 123,
        "date": "2020-02-13",
        "commitResults": [
          {
            "hash": "213b4102fabcbebb11c397e415c59a18afff3109",
            "messageTitle": "Implement a GUI for Duke using JavaFX",
            "messageBody": "",
            "insertions": 311,
            "deletions": 91
          },
          {
            "hash": "64dbddc6066416945215266543b395d083aefd00",
            "messageTitle": "Replace magic numbers with constants",
            "messageBody": "",
            "insertions": 54,
            "deletions": 32
          }
        ]
      },
      {
        "insertions": 14,
        "deletions": 0,
        "date": "2020-02-15",
        "commitResults": [
          {
            "hash": "d5e5becc6fb51b9f1e0dd15edf2b0806f1f07631",
            "messageTitle": "Add assertions",
            "messageBody": "",
            "insertions": 14,
            "deletions": 0
          }
        ]
      },
      {
        "insertions": 449,
        "deletions": 165,
        "date": "2020-02-16",
        "commitResults": [
          {
            "hash": "1959c2c73bb3468b4d8d7b90367806574a9039c5",
            "messageTitle": "Refactor Duke commands",
            "messageBody": "Move the `Command` enum to within `Duke`, and add an `execute()`\nmethod in the Command enum for handling the logic of each command,\nto shorten the `getResponse()` method in Duke.\n",
            "insertions": 96,
            "deletions": 73
          },
          {
            "hash": "7e23278427963908a4951f7acab6c247eebdee55",
            "messageTitle": "Add introduction",
            "messageBody": "",
            "insertions": 4,
            "deletions": 0
          },
          {
            "hash": "19feeb3bf6a385c5c01d2693902a42ddffab73b9",
            "messageTitle": "Add explanation of basic features to user guide",
            "messageBody": "",
            "insertions": 95,
            "deletions": 5
          },
          {
            "hash": "999454530cd2d11572cab443fa5dfdbfe6c8c3d5",
            "messageTitle": "Fix whitespace",
            "messageBody": "",
            "insertions": 6,
            "deletions": 6
          },
          {
            "hash": "b683af612d6f800056b6d627bb7be992f5d9dd7b",
            "messageTitle": "Add the ability to snooze Snoozable tasks",
            "messageBody": "",
            "tags": [
              "B-Snooze"
            ],
            "insertions": 248,
            "deletions": 81
          }
        ]
      },
      {
        "insertions": 67,
        "deletions": 29,
        "date": "2020-02-18",
        "commitResults": [
          {
            "hash": "9bff5f0e81be4ab0044cc63aa4c18554bc696d1f",
            "messageTitle": "Add remaining command descriptions",
            "messageBody": "",
            "insertions": 38,
            "deletions": 25
          },
          {
            "hash": "cab6d0789f7f7a0745eb55896ae38cfc7ef3b52e",
            "messageTitle": "Edit section number",
            "messageBody": "",
            "insertions": 1,
            "deletions": 1
          },
          {
            "hash": "75a567e9ddcc4b4f1908c9327699f1d3179f8ebf",
            "messageTitle": "Add links to relevant sections for all commands",
            "messageBody": "",
            "tags": [
              "A-UserGuide"
            ],
            "insertions": 27,
            "deletions": 2
          },
          {
            "hash": "f7de8417a39520c875888dc3751bce45619c4520",
            "messageTitle": "Modify snooze response message",
            "messageBody": "Add whitespace to the snooze response message to make it consistent\nwith other response messages.\n",
            "insertions": 1,
            "deletions": 1
          }
        ]
      },
      {
        "insertions": 243,
        "deletions": 37,
        "date": "2020-02-20",
        "commitResults": [
          {
            "hash": "bc466986dd0b53deda5c799938b8a8907468b02e",
            "messageTitle": "Check arguments of each command",
            "messageBody": "",
            "insertions": 1,
            "deletions": 0
          },
          {
            "hash": "8bb535b5cab12fac62e47af3c2f2d5bcc61a47a5",
            "messageTitle": "Refactor Duke to handle both CLI and GUI",
            "messageBody": "",
            "insertions": 101,
            "deletions": 32
          },
          {
            "hash": "8f563e120c5c81b4d5267fd1be00f91cc830404a",
            "messageTitle": "Add documentation to task-related classes",
            "messageBody": "",
            "insertions": 99,
            "deletions": 1
          },
          {
            "hash": "f3aea300621bbd3dcc56f03df6e3ee213f549143",
            "messageTitle": "Add documentation to exception classes",
            "messageBody": "",
            "insertions": 42,
            "deletions": 4
          }
        ]
      },
      {
        "insertions": 82,
        "deletions": 20,
        "date": "2020-02-21",
        "commitResults": [
          {
            "hash": "402ec52bc4f7ced67afa51e7011f7cdcb7afafd0",
            "messageTitle": "Update documentation for task-related classes",
            "messageBody": "",
            "insertions": 6,
            "deletions": 6
          },
          {
            "hash": "d35b292ae62798596fb1cc9f9c603275a6cf1ee6",
            "messageTitle": "Add documentation for TaskList",
            "messageBody": "",
            "insertions": 76,
            "deletions": 14
          }
        ]
      },
      {
        "insertions": 91,
        "deletions": 4,
        "date": "2020-02-22",
        "commitResults": [
          {
            "hash": "df339836b033cd798da1a4590c3e2e51c3071e0a",
            "messageTitle": "Edit documentation for `TaskList`",
            "messageBody": "",
            "insertions": 1,
            "deletions": 1
          },
          {
            "hash": "94a9f4340b8f9e8787678fd93994d09e3490ed69",
            "messageTitle": "Add documentation for the `Storage` class",
            "messageBody": "",
            "insertions": 27,
            "deletions": 3
          },
          {
            "hash": "c932fc4d93b22b240af7c001a3af96a421255c76",
            "messageTitle": "Add documentation for basic methods in `Parser`",
            "messageBody": "",
            "insertions": 28,
            "deletions": 0
          },
          {
            "hash": "34a9e6669b209f74557b4b40fc8927d180240af9",
            "messageTitle": "Add documentation for the `Ui` class",
            "messageBody": "",
            "insertions": 35,
            "deletions": 0
          }
        ]
      },
      {
        "insertions": 171,
        "deletions": 39,
        "date": "2020-02-23",
        "commitResults": [
          {
            "hash": "26a390c009f94d3e67cd217234d0bbf356387bf6",
            "messageTitle": "Add documentation for remaining methods in the `Parser` class",
            "messageBody": "",
            "insertions": 66,
            "deletions": 0
          },
          {
            "hash": "d168878e631ff323137d477a267f2c48bdac1b6f",
            "messageTitle": "Add documentation to key methods in Duke",
            "messageBody": "",
            "insertions": 34,
            "deletions": 2
          },
          {
            "hash": "a2d4122396a91078024378c550d0d1360ea8021f",
            "messageTitle": "Adhere to coding standard",
            "messageBody": "",
            "insertions": 66,
            "deletions": 37
          },
          {
            "hash": "af7e047f89bb7f08e52ffb80607f4176ea527b21",
            "messageTitle": "Add checkstyle to Gradle",
            "messageBody": "Use checkstyle to detect coding violations.\n",
            "tags": [
              "A-CheckStyle"
            ],
            "insertions": 5,
            "deletions": 0
          }
        ]
      },
      {
        "insertions": 61,
        "deletions": 43,
        "date": "2020-02-24",
        "commitResults": [
          {
            "hash": "1e50c86d4876bac6d1f1d4b34a5fa153bef16b5f",
            "messageTitle": "Improve GUI",
            "messageBody": "Add text bubbles and make user image slimmer.\n",
            "insertions": 61,
            "deletions": 43
          }
        ]
      }
    ]
  },
  "authorFinalContributionMap": {
    "gohkh": 1839
  },
  "authorFileTypeContributionMap": {
    "gohkh": {
      "java": 1545,
      "md": 141,
      "fxml": 55,
      "sh": 34,
      "bat": 0,
      "gradle": 38,
      "txt": 26
    }
  },
  "authorContributionVariance": {
    "gohkh": 26108.566
  },
  "authorDisplayNameMap": {
    "gohkh": "CS2103T-F11- 4 GOH .. HUI"
  }
}
