{
  "authorDailyContributionsMap": {
    "gohkh": [
      {
        "insertions": 67,
        "deletions": 7,
        "date": "2020-01-18",
        "commitResults": [
          {
            "hash": "7506857f1a2ea4e06c8c4043480e278d3fb50580",
            "messageTitle": "Add greet, echo, exit functionality",
            "messageBody": "Initial skeletal version of Duke which greets the user, echos\ncommands entered by the user, and exits when the user types bye.\n\nCustomise greeting at the start of the program. Modularise program\nreponse into separate methods depending on user input, to increase\nmaintainability and readability.\n",
            "tags": [
              "Level-1"
            ],
            "insertions": 40,
            "deletions": 1
          },
          {
            "hash": "06e783f1c11ada35ed161f50b14b5392ea3513b6",
            "messageTitle": "Add the ability to store and display user input",
            "messageBody": "Store text entered by the user in a list, and display the list\nwhen the user types list.\n",
            "tags": [
              "Level-2",
              "A-Collections"
            ],
            "insertions": 27,
            "deletions": 6
          }
        ]
      },
      {
        "insertions": 109,
        "deletions": 12,
        "date": "2020-01-19",
        "commitResults": [
          {
            "hash": "6460e147e8f4a1d80c86cf70dd4cc62411ee0995",
            "messageTitle": "Refactor tasks into a Task class",
            "messageBody": "Abstract tasks into a separate class. Modify Duke to handle a list\nof tasks instead of strings containing task descriptions.\n",
            "tags": [
              "A-Classes"
            ],
            "insertions": 27,
            "deletions": 4
          },
          {
            "hash": "972850fbebb9a1b304ddbf370fa88d97e757f68a",
            "messageTitle": "Add the ability to mark tasks as done",
            "messageBody": "Mark a task as done when the user types done, followed by the\nnumber indicating the position of the task in the list of tasks.\n",
            "tags": [
              "Level-3"
            ],
            "insertions": 12,
            "deletions": 1
          },
          {
            "hash": "3a1f1d50d4b2f7a3de6c9cb8f94e96b09030c463",
            "messageTitle": "Implement multiple task types through inheritance",
            "messageBody": "Convert Task to an abstract class. Implement Todo, Deadline, and\nEvent classes that inherit from the Task class.\n",
            "tags": [
              "A-Inheritance"
            ],
            "insertions": 70,
            "deletions": 7
          }
        ]
      },
      {
        "insertions": 224,
        "deletions": 14,
        "date": "2020-01-22",
        "commitResults": [
          {
            "hash": "0282e01c5d5a3ee22d97c2c034204c599b082413",
            "messageTitle": "Add support for 3 types of tasks: Todo, Deadline, and Event",
            "messageBody": "Create the appropriate types of tasks depending on user input, and\nadd them to the list of tasks.\n",
            "insertions": 41,
            "deletions": 6
          },
          {
            "hash": "f8592774e01a2c269d4f928162545a13b4811d09",
            "messageTitle": "Fix typo",
            "messageBody": "Change backslash to slash.\n",
            "insertions": 2,
            "deletions": 2
          },
          {
            "hash": "ee6122511bc714ffbef65d66fdf4c52240813aa3",
            "messageTitle": "Edit output format",
            "messageBody": "Remove newline character at the end of each response message.\n",
            "tags": [
              "Level-4"
            ],
            "insertions": 4,
            "deletions": 4
          },
          {
            "hash": "fc0d133b9cb1a8e8c30ec764423c7bcbde1b149b",
            "messageTitle": "Semi-automate the testing of Duke",
            "messageBody": "Add a bash script that employs redirection to test Duke using\ninput from `input.txt`, and compare the output with the expected\noutput in `EXPECTED.TXT`.\n",
            "tags": [
              "A-TextUiTesting"
            ],
            "insertions": 132,
            "deletions": 0
          },
          {
            "hash": "b4cd327ee093171502d74a8ff450d9a9b791e31d",
            "messageTitle": "Implement user input exceptions",
            "messageBody": "Add exceptions for empty tasks, missing information, and\nunrecognised commands.\n",
            "insertions": 43,
            "deletions": 0
          },
          {
            "hash": "c5b16c6a90796fa0e9d53a8fb19c0ee713e55795",
            "messageTitle": "Fix typo",
            "messageBody": "Edit class name.\n",
            "insertions": 2,
            "deletions": 2
          }
        ]
      },
      {
        "insertions": 229,
        "deletions": 95,
        "date": "2020-01-27",
        "commitResults": [
          {
            "hash": "1770f85acadc272ef637ac217dc5c98b56215868",
            "messageTitle": "Change javac classpath",
            "messageBody": "Edit the javac command to look for classes in `../src/main/java`\ninstead of compiling all the java files in that directory.\n",
            "insertions": 1,
            "deletions": 1
          },
          {
            "hash": "b3ac86bffdadac7546c876625e835e77dddb0c5d",
            "messageTitle": "Implement exceptions for invalid task selection",
            "messageBody": "Add InvalidTaskException for general exceptions in selecting a\ntask, and InvalidTaskNumberException for exceptions due to task\nnumbers not corresponding to any task in the list.\n",
            "insertions": 14,
            "deletions": 0
          },
          {
            "hash": "7de430f7ca9940521b892bc04600b7d97f2cfc48",
            "messageTitle": "Edit error messages",
            "messageBody": "Vary the tone of some error messages to give Duke more of its own\npersonality.\n",
            "insertions": 3,
            "deletions": 3
          },
          {
            "hash": "c91b9f19fb0cfeacd78f1e3b0257cc5b395007e7",
            "messageTitle": "Implement MissingTaskNumberException",
            "messageBody": "Add custom exception to be thrown when commands that expect a\ntask number do not receive any additional arguments.\n",
            "insertions": 5,
            "deletions": 0
          },
          {
            "hash": "8176033ffa49d84059f450c3bb5f71d9df72b767",
            "messageTitle": "Improve clarity of error message",
            "messageBody": "",
            "tags": [
              "A-Exceptions"
            ],
            "insertions": 1,
            "deletions": 1
          },
          {
            "hash": "0388b9df92b4da5cb16fff18405d48138fbefc0b",
            "messageTitle": "Handle errors",
            "messageBody": "Modify Duke to handle incorrect user input.\n",
            "tags": [
              "Level-5"
            ],
            "insertions": 93,
            "deletions": 50
          },
          {
            "hash": "3a815d06a303860cde3f03d4234c7fa6fccd2c02",
            "messageTitle": "Add support for deleting tasks from the list",
            "messageBody": "",
            "tags": [
              "Level-6"
            ],
            "insertions": 112,
            "deletions": 40
          }
        ]
      },
      {
        "insertions": 99,
        "deletions": 17,
        "date": "2020-01-29",
        "commitResults": [
          {
            "hash": "6b24aa0ffbca5629b72bcb0f3b29da5ebb34c08c",
            "messageTitle": "Store deadline dates as LocalDate objects",
            "messageBody": "Accept deadlines in yyyy-mm-dd format, and display them in\nd MMM yyyy format.\n",
            "insertions": 33,
            "deletions": 13
          },
          {
            "hash": "f2ce852c290cf9fe2833f9c6f0a6951458973182",
            "messageTitle": "Add ability to save tasks automatically",
            "messageBody": "Save the task list in `duke/data/duke.txt` and load the tasks from\nthe file when Duke starts, if it exists.\n",
            "insertions": 66,
            "deletions": 4
          }
        ]
      },
      {
        "insertions": 34,
        "deletions": 2,
        "date": "2020-01-30",
        "commitResults": [
          {
            "hash": "023de2551f4e4a2de7bb2ebcd6d9288d4e0749c0",
            "messageTitle": "Organize classes into a package `duke`",
            "messageBody": "Create a package `duke` containing all the java files used for the\nDuke program. Modify the test script to compile and run Duke using\nthe correct file paths.\n",
            "tags": [
              "A-Packages"
            ],
            "insertions": 34,
            "deletions": 2
          }
        ]
      }
    ]
  },
  "authorFinalContributionMap": {
    "gohkh": 618
  },
  "authorFileTypeContributionMap": {
    "gohkh": {
      "java": 428,
      "TXT": 130,
      "txt": 26,
      "sh": 34
    }
  },
  "authorContributionVariance": {
    "gohkh": 6143.926
  },
  "authorDisplayNameMap": {
    "gohkh": "CS2103T-F11- 4 GOH .. HUI"
  }
}
