{
  "authorDailyContributionsMap": {
    "teo-jun-xiong": [
      {
        "insertions": 410,
        "deletions": 106,
        "date": "2020-01-20",
        "commitResults": [
          {
            "hash": "8333ae032c00e5f4f0519a768a26a5e2310019fc",
            "messageTitle": "add Level 1 (Greet, Echo, Exit) code",
            "messageBody": "",
            "tags": [
              "Level-1"
            ],
            "insertions": 47,
            "deletions": 6
          },
          {
            "hash": "72dd71e2dabe44472ce862a788f47ad2f5e45081",
            "messageTitle": "add DukeFormatting class",
            "messageBody": "",
            "insertions": 23,
            "deletions": 17
          },
          {
            "hash": "75c3b07e19fc23562c8111f5048a3e6737a5c756",
            "messageTitle": "improve DukeFormatting\u0027s text formatting",
            "messageBody": "",
            "insertions": 36,
            "deletions": 7
          },
          {
            "hash": "c898f9961d9698a37a5de956ea20bdadb7872236",
            "messageTitle": "add Level 2 (Add, List) code",
            "messageBody": "",
            "insertions": 1,
            "deletions": 1
          },
          {
            "hash": "cc507d1c1c187201a38218bc41340f29a88e94a7",
            "messageTitle": "Revert \"add Level 2 (Add, List) code\"",
            "messageBody": "This reverts commit c898f9961d9698a37a5de956ea20bdadb7872236.\n",
            "insertions": 1,
            "deletions": 1
          },
          {
            "hash": "f4deec7d154a21410bc0a02c28f37b13792ce988",
            "messageTitle": "add Level 2 (Add, List) code",
            "messageBody": "",
            "tags": [
              "Level-2"
            ],
            "insertions": 1,
            "deletions": 1
          },
          {
            "hash": "b624d7e276966e55d32c1db61d866c1fb819bfa9",
            "messageTitle": "add A-Classes: Task",
            "messageBody": "",
            "insertions": 23,
            "deletions": 0
          },
          {
            "hash": "9a90914df164cca62ed78cac1987670cddf4d32e",
            "messageTitle": "add Level 3 (Mark as Done) code",
            "messageBody": "",
            "tags": [
              "Level-3"
            ],
            "insertions": 30,
            "deletions": 5
          },
          {
            "hash": "ebd1c63afa7738a0b91a9e685f9b78c55f6a19fd",
            "messageTitle": "ToDoTask.java: added file",
            "messageBody": "",
            "insertions": 10,
            "deletions": 0
          },
          {
            "hash": "08a61d6f835570b4571e12abb9ead50b5c0986c7",
            "messageTitle": "DeadlineTask.java: added file, A-Inheritance",
            "messageBody": "",
            "insertions": 19,
            "deletions": 0
          },
          {
            "hash": "15fc96e61eed166738f1d52fb24d0b19cb6fe761",
            "messageTitle": "DukeFormatting.java: update logo and text",
            "messageBody": "",
            "insertions": 34,
            "deletions": 9
          },
          {
            "hash": "0eef5fdc91b12951bdb94988c1d0cfc4c6c66ab1",
            "messageTitle": "Duke.java: add Level 4 (ToDos, Events, Deadlines) code",
            "messageBody": "",
            "tags": [
              "Level-4"
            ],
            "insertions": 83,
            "deletions": 52
          },
          {
            "hash": "6876e117f0c1ea64b365f4cba89a4f3d8b1b39d9",
            "messageTitle": "Duke.java: add text UI test files, A-TextUiTesting",
            "messageBody": "",
            "insertions": 102,
            "deletions": 7
          }
        ]
      },
      {
        "insertions": 153,
        "deletions": 110,
        "date": "2020-01-21",
        "commitResults": [
          {
            "hash": "7c1bcb851b7f879d1e7b753030d665451e1eb718",
            "messageTitle": "InvalidCommandArgument.java, MissingCommandArgument.java: add files, A-Exceptions",
            "messageBody": "",
            "tags": [
              "A-Exceptions"
            ],
            "insertions": 14,
            "deletions": 4
          },
          {
            "hash": "bccda941ab5f38edf334cad5c521e1c696477279",
            "messageTitle": "Duke.java: add exception handling code, Level 5 (Handle Errors)",
            "messageBody": "",
            "tags": [
              "Level-5"
            ],
            "insertions": 44,
            "deletions": 45
          },
          {
            "hash": "d4a2d6859bf2e39eaf2b4de2ae22dcb6c39eef76",
            "messageTitle": "DukeList.java: add ArrayList to store tasks, A-Collections",
            "messageBody": "",
            "tags": [
              "A-Collections"
            ],
            "insertions": 34,
            "deletions": 53
          },
          {
            "hash": "40d3bf42b1a16294fb587fe98f996c69a6f331cd",
            "messageTitle": "Duke.java: add exception handling code, Level 5 (Handle Errors)",
            "messageBody": "",
            "insertions": 1,
            "deletions": 1
          },
          {
            "hash": "0ab98dd853274e669019075c6e785939ac3f35ef",
            "messageTitle": "DukeListIndexOutOfBoundsException.java: add code",
            "messageBody": "",
            "insertions": 25,
            "deletions": 6
          },
          {
            "hash": "ae4e299a229c36abc6502f43efab7c43843e4539",
            "messageTitle": "Duke.java: add Level 6 (Delete) code",
            "messageBody": "",
            "tags": [
              "Level-6"
            ],
            "insertions": 35,
            "deletions": 1
          }
        ]
      },
      {
        "insertions": 11,
        "deletions": 2,
        "date": "2020-01-22",
        "commitResults": [
          {
            "hash": "d98315c1e927e69a224b63e9ff25028c3c0c3a01",
            "messageTitle": "Duke.java: improve Strings formatting",
            "messageBody": "",
            "insertions": 11,
            "deletions": 2
          }
        ]
      },
      {
        "insertions": 81,
        "deletions": 81,
        "date": "2020-01-27",
        "commitResults": [
          {
            "hash": "cb215029bdd85545fde3ed21208f1953fee405e5",
            "messageTitle": "Add file writing and reading for Level 7 (Save)",
            "messageBody": "",
            "insertions": 78,
            "deletions": 2
          },
          {
            "hash": "b0fc00bf0378dc7b29dc27a315004a63bba6ba43",
            "messageTitle": "Revert \"Add file writing and reading for Level 7 (Save)\"",
            "messageBody": "This reverts commit cb215029bdd85545fde3ed21208f1953fee405e5.\n",
            "insertions": 2,
            "deletions": 78
          },
          {
            "hash": "a9fae4801a202bb4d513bb81148d7800d8fdb5da",
            "messageTitle": "Update String formatting",
            "messageBody": "",
            "insertions": 1,
            "deletions": 1
          }
        ]
      },
      {
        "insertions": 142,
        "deletions": 61,
        "date": "2020-01-28",
        "commitResults": [
          {
            "hash": "1806ac3a1cdac139139f0cad251d43f031795f72",
            "messageTitle": "Fix indentation",
            "messageBody": "",
            "insertions": 0,
            "deletions": 3
          },
          {
            "hash": "fbd78d922b44b0b44284d755bf25fa00e755b709",
            "messageTitle": "Task.java: Fix indentation",
            "messageBody": "",
            "insertions": 13,
            "deletions": 13
          },
          {
            "hash": "5cceceece4eb78ff74a915c1ca470396698f7393",
            "messageTitle": "Add Date implementation for DeadlineTask for Level 8 (Date and Times)",
            "messageBody": "",
            "insertions": 81,
            "deletions": 34
          },
          {
            "hash": "e5349c3c67ad8833d28826b5e3ea5074dc799185",
            "messageTitle": "Add code for DukeList$isTaskDone",
            "messageBody": "",
            "insertions": 3,
            "deletions": 0
          },
          {
            "hash": "6d83582071a1a9fb78c5d0482d21e3aa89e22d8a",
            "messageTitle": "Add .keep to push directory (data)",
            "messageBody": "",
            "insertions": 0,
            "deletions": 0
          },
          {
            "hash": "71d4517c4b1b7e89e8a093be14637006aa464015",
            "messageTitle": "Add date and time implementation to EventTask",
            "messageBody": "",
            "insertions": 45,
            "deletions": 11
          }
        ]
      },
      {
        "insertions": 409,
        "deletions": 291,
        "date": "2020-01-29",
        "commitResults": [
          {
            "hash": "d459fd776ea3bf76ad9b55ef9d40b54136076a97",
            "messageTitle": "Add Ui, Storage, Parser.java",
            "messageBody": "",
            "tags": [
              "A-MoreOOP"
            ],
            "insertions": 261,
            "deletions": 196
          },
          {
            "hash": "8980efcb9064bec643bf92fb7067d2ea27e985ec",
            "messageTitle": "Refactor Storage#retrieveTasks and its dependencies after A-MoreOOP",
            "messageBody": "",
            "insertions": 148,
            "deletions": 95
          }
        ]
      },
      {
        "insertions": 469,
        "deletions": 136,
        "date": "2020-01-30",
        "commitResults": [
          {
            "hash": "67d2c2c5c01b9dea54a7cbe8c5b36a3c2e601f1f",
            "messageTitle": "Add Gradle to Duke (A-Gradle)",
            "messageBody": "",
            "insertions": 47,
            "deletions": 13
          },
          {
            "hash": "ee9102c50c07ba87d6e3b20583cce452900c61ff",
            "messageTitle": "Fix done, delete bug",
            "messageBody": "",
            "insertions": 2,
            "deletions": 2
          },
          {
            "hash": "85b69a0566140399f53ebeaa59a7b7e0bcbc98cb",
            "messageTitle": "Add testing for DeadlineTask for A-JUnit",
            "messageBody": "",
            "tags": [
              "A-Jar"
            ],
            "insertions": 62,
            "deletions": 7
          },
          {
            "hash": "fe6046db6d6d2ab3079229cbf3da3d591b352e68",
            "messageTitle": "Improve String formatting for aesthetic purposes",
            "messageBody": "",
            "insertions": 3,
            "deletions": 4
          },
          {
            "hash": "2e9e528cb8d9b069bc4d8bb418c68751f446fd9c",
            "messageTitle": "Add test code for EventTask",
            "messageBody": "",
            "tags": [
              "A-JUnit"
            ],
            "insertions": 39,
            "deletions": 10
          },
          {
            "hash": "c36f3dfd755d98ac927cf9ba4626b6d4d187a1d6",
            "messageTitle": "Add JavaDoc comments for A-JavaDoc",
            "messageBody": "",
            "insertions": 247,
            "deletions": 57
          },
          {
            "hash": "26a776c03a6327d42d179410df164fe52808ba91",
            "messageTitle": "Standardised coding style.",
            "messageBody": "",
            "insertions": 38,
            "deletions": 38
          },
          {
            "hash": "e654bfa87271071d296fee6961cf699b4e0f0cca",
            "messageTitle": "Add code to find Tasks by keyword(s) for Level 9 (Find)",
            "messageBody": "",
            "insertions": 31,
            "deletions": 5
          }
        ]
      }
    ]
  },
  "authorFinalContributionMap": {
    "teo-jun-xiong": 975
  },
  "authorFileTypeContributionMap": {
    "teo-jun-xiong": {
      "gradle": 23,
      "java": 892,
      "txt": 39,
      "bat": 21
    }
  },
  "authorContributionVariance": {
    "teo-jun-xiong": 38317.566
  },
  "authorDisplayNameMap": {
    "teo-jun-xiong": "CS2103T-F11- 4 TEO ..IONG"
  }
}
