{
  "authorDailyContributionsMap": {
    "thetruevincentchow": [
      {
        "insertions": 64,
        "deletions": 7,
        "date": "2020-01-21",
        "commitResults": [
          {
            "hash": "b839c0e1d808088f995fb75a962d041e961ea75f",
            "messageTitle": "Configure build.gradle for compilation \"./gradlew run\" can now be used to build and run the project.",
            "messageBody": "",
            "tags": [
              "A-Gradle"
            ],
            "insertions": 3,
            "deletions": 3
          },
          {
            "hash": "fbef8f89f5a00f85394e416a3e93fbdd39c26d35",
            "messageTitle": "implement Level 1: Greet, Echo, Exit Greets the user, echos commands entered, and exits when \"bye\" is entered as the command. Horizontal header line and indents are printed.",
            "messageBody": "",
            "tags": [
              "Level-1"
            ],
            "insertions": 51,
            "deletions": 2
          },
          {
            "hash": "7eae62bebb1eabbf5e6a2c66bd717f972ddb231a",
            "messageTitle": "Implement Level 2: Add, List Any number of tasks can be added. Tasks can be listed with the command \"list\".",
            "messageBody": "",
            "tags": [
              "Level-2"
            ],
            "insertions": 10,
            "deletions": 2
          }
        ]
      },
      {
        "insertions": 359,
        "deletions": 96,
        "date": "2020-01-22",
        "commitResults": [
          {
            "hash": "175e7f07e31d61a3d2bd2ec2282dcc62249d8b68",
            "messageTitle": "Implement Level 3: Mark as Done Tasks can now be marked as done with the \"done [task number]\" command. Some input validation and error handling is done for the \"done\" command.",
            "messageBody": "",
            "tags": [
              "Level-3",
              "A-Classes"
            ],
            "insertions": 94,
            "deletions": 31
          },
          {
            "hash": "e3f8b8209debe495dd96f63457e955232388dc34",
            "messageTitle": "Implement Level 4: ToDos, Events, Deadlines Tasks can now be added with the \"todo\", \"event\" and \"deadline\" commands.",
            "messageBody": "",
            "tags": [
              "Level-4",
              "A-Inheritance"
            ],
            "insertions": 122,
            "deletions": 13
          },
          {
            "hash": "808654557fbb1860a1df763a989fd8e3bd292919",
            "messageTitle": "Implement Text UI Testing The text UI can be tested with the shell command \"sh text-ui-text/runtest.sh\" (from the project directory).",
            "messageBody": "",
            "tags": [
              "A-TextUiTesting"
            ],
            "insertions": 57,
            "deletions": 0
          },
          {
            "hash": "290c232130fe3b979fa6f40b24c6db89c1be047a",
            "messageTitle": "Implement Level 5: Handle Errors Text UI now handles malformed user input. Exceptions are thrown upon encountering malformed input, and caught by the main command loop.",
            "messageBody": "",
            "tags": [
              "Level-5",
              "A-Exceptions"
            ],
            "insertions": 47,
            "deletions": 52
          },
          {
            "hash": "fbb78bb3e2b3a9b68d47451103a23e824ce3c4ce",
            "messageTitle": "Implement Level 6: Delete Tasks can now be deleted from the list of tasks with the \"delete\" command.",
            "messageBody": "",
            "tags": [
              "Level-6",
              "A-Collections"
            ],
            "insertions": 39,
            "deletions": 0
          }
        ]
      },
      {
        "insertions": 1085,
        "deletions": 258,
        "date": "2020-01-28",
        "commitResults": [
          {
            "hash": "bfb7a229aca0305d183fac1466e7299d20ad0ec0",
            "messageTitle": "Implement Level 7: Save Task data is now saved to disk on exit and is restored on startup. An initial prompt is shown to the user if the task data file does not exist.",
            "messageBody": "",
            "insertions": 60,
            "deletions": 9
          },
          {
            "hash": "586fde8a62e88113d8469371ddcf172b601b7c82",
            "messageTitle": "Implement Level 8: Dates and Times Dates (such as in the \"deadline\" and \"event\" commands) are now parsed and stored as LocalDate objects instead of String objects. Dates are inputted in \"yyyy-mm-dd\" format and outputed in \"MMM d yyyy\" format.",
            "messageBody": "",
            "insertions": 32,
            "deletions": 8
          },
          {
            "hash": "5bdf9f8731151728d1ae09e4d3e44ad64d5e294e",
            "messageTitle": "Refactor to use more OOP Program logic is now split into Ui, Storage, Parser and TaskList as required in the A-MoreOOP increment. Additionally, commands are split into their respective *Command classes.",
            "messageBody": "",
            "tags": [
              "A-MoreOOP"
            ],
            "insertions": 502,
            "deletions": 218
          },
          {
            "hash": "d85ebf636aa5c167c479cba01f83dfd2dafe3709",
            "messageTitle": "Add JUnit tests Minimal JUnit tests have been added for TaskList.java and Parser.java. In particular, the tests for TaskList.java satisfy the minimum requirements of having more than 2 test methods.",
            "messageBody": "",
            "tags": [
              "A-JUnit"
            ],
            "insertions": 76,
            "deletions": 0
          },
          {
            "hash": "48d9ab56527f4ceb5b2a52985ebf35972c5462bb",
            "messageTitle": "Fix double \"Error\" header in error message Duke no longer prints the error message for failing to load the task data file as \"Error: Error: Failed to load task list\", instead correctly omitting the first \"Error: \"",
            "messageBody": "",
            "insertions": 2,
            "deletions": 2
          },
          {
            "hash": "325579c4d93879d3d9d0c1d4b87edcce3f56021a",
            "messageTitle": "Configure build.gradle for jarfile generation Jarfiles of Duke can now be generated with \"./gradlew shadowJar\" shell command",
            "messageBody": "",
            "tags": [
              "A-Jar"
            ],
            "insertions": 1,
            "deletions": 0
          },
          {
            "hash": "53cb2869bff661cc37576b5c7c9677b0001d8ae7",
            "messageTitle": "Add JavaDoc comments",
            "messageBody": "",
            "insertions": 360,
            "deletions": 19
          },
          {
            "hash": "bee59a808f8f6e5f558b56a1d6d3b6d266b5bc21",
            "messageTitle": "Implement Level 9: Find The \"find\" command now displays tasks whose description matches the query string.",
            "messageBody": "",
            "insertions": 50,
            "deletions": 1
          },
          {
            "hash": "4df66874b3609c84a398ad21d430b3fa4282321b",
            "messageTitle": "Adhere minimally to coding style Due to time constraints, a relaxed version of the CS2030 coding style ( https://nus-cs2030.github.io/1718-s2/style/index.html ) is adopted. Lines are at most 100 characters long, there are 4 spaces per indent, and methods are separated by at least one newline.",
            "messageBody": "",
            "insertions": 2,
            "deletions": 1
          }
        ]
      },
      {
        "insertions": 28,
        "deletions": 14,
        "date": "2020-02-02",
        "commitResults": [
          {
            "hash": "7a47bc7dfea54a5d762c63480eec66e186b058bc",
            "messageTitle": "Conform to sample Gradle checkstyle configuration Many checkstyle and linting errors have been fixed. All JavaDoc comments now also conform to CS2103T present tense and punctuation rules.",
            "messageBody": "",
            "tags": [
              "A-CheckStyle"
            ],
            "insertions": 28,
            "deletions": 14
          }
        ]
      },
      {
        "insertions": 15,
        "deletions": 14,
        "date": "2020-02-03",
        "commitResults": [
          {
            "hash": "7acaebb7eed1e45722e637190684485bc8145bc9",
            "messageTitle": "Rename variables to conform to coding style",
            "messageBody": "",
            "insertions": 15,
            "deletions": 14
          }
        ]
      },
      {
        "insertions": 817,
        "deletions": 334,
        "date": "2020-02-04",
        "commitResults": [
          {
            "hash": "faf71eae65c0340a15c5237fd80b218fad2107d0",
            "messageTitle": "Refactor UI component as an interface `Ui` is now an interface, and the `Cli` class implements command-line functionality. This should assist a future implementation of a GUI (by implementing a `Gui` class).",
            "messageBody": "",
            "insertions": 486,
            "deletions": 94
          },
          {
            "hash": "3540d18ceb3ea2c8f25650f74d32e4a421c62156",
            "messageTitle": "Add initial working GUI for Level 10 A JavaFX window now opens with the \"./gradlew run\" shell command. This window is the newly implemented GUI for Duke. The current GUI is very basic, displaying only text output without further formatting, and does not display entered user input.",
            "messageBody": "",
            "insertions": 324,
            "deletions": 227
          },
          {
            "hash": "aee271d10a6e42850f9aa45df38b819cc91f5cd6",
            "messageTitle": "Remove unneeded comments from code",
            "messageBody": "",
            "insertions": 7,
            "deletions": 13
          }
        ]
      },
      {
        "insertions": 138,
        "deletions": 3,
        "date": "2020-02-10",
        "commitResults": [
          {
            "hash": "6208bd085d069b8b2aab0388fd86a42d91f3721c",
            "messageTitle": "Implement task sorting: C-Sort Tasks can now be sorted with the \"sort\" command. Tasks with dates (e.g. Deadline, Event) will be sorted in ascending order of date and placed before tasks without dates (e.g. Todo). Tasks without dates will retain their relative ordering between each other.",
            "messageBody": "",
            "tags": [
              "C-Sort"
            ],
            "insertions": 138,
            "deletions": 3
          }
        ]
      },
      {
        "insertions": 416,
        "deletions": 59,
        "date": "2020-02-11",
        "commitResults": [
          {
            "hash": "956bd9d4845dc614a14b9bb06afef1e9a3b46388",
            "messageTitle": "Implement help comamnd: C-Help Help for commands can now be displayed with the \"help [command name]\" command.",
            "messageBody": "",
            "tags": [
              "C-Help"
            ],
            "insertions": 152,
            "deletions": 2
          },
          {
            "hash": "9794f39cae1bf11df3af9f7fa53c6b4c6881860c",
            "messageTitle": "Refactor code: A-CodeQuality This commit introduced general code quality changes: _ Moved code into packages _ Removed no-argument empty constructors as they are unneeded and will be automatically generated anyway. _ Moved @SuppressWarnings closer to local scope. _ Renamed all instances \u0027Todo\u0027 to \u0027ToDo\u0027 to conform to camel case.",
            "messageBody": "",
            "insertions": 226,
            "deletions": 54
          },
          {
            "hash": "b61f7fb280d79d55b52fd59173036149bb806d89",
            "messageTitle": "Add assertions: A-Assertions Java assertions (i.e. \"assert\" keyword) have been added to various parts of the code. They denote preconditions necessary for Duke to function correctly.",
            "messageBody": "",
            "tags": [
              "A-Assertions"
            ],
            "insertions": 38,
            "deletions": 3
          }
        ]
      },
      {
        "insertions": 25,
        "deletions": 9,
        "date": "2020-02-18",
        "commitResults": [
          {
            "hash": "6d09d8ec312e8dc3a45c718313e2d76f6832f705",
            "messageTitle": "A-UserGuide Adds a simple user guide to Duke.",
            "messageBody": "",
            "tags": [
              "A-UserGuide"
            ],
            "insertions": 25,
            "deletions": 9
          }
        ]
      },
      {
        "insertions": 1,
        "deletions": 1,
        "date": "2020-02-19",
        "commitResults": [
          {
            "hash": "f70a89e66ee2f20362de988b51ce20c260fa8a49",
            "messageTitle": "Add product screenshot Adds a representative screenshot to the docs/ folder.",
            "messageBody": "",
            "insertions": 1,
            "deletions": 1
          }
        ]
      },
      {
        "insertions": 227,
        "deletions": 108,
        "date": "2020-02-24",
        "commitResults": [
          {
            "hash": "77ae618bd7906759d4a7ca11bff04e5e21ae472a",
            "messageTitle": "Implement JavaFX Tutorial 4 UI The GUI of Duke now corresponds to that of [https://github.com/nus-cs2103-AY1920S2/duke/blob/master/tutorials/javaFxTutorialPart4.md](Tutorial 4).",
            "messageBody": "",
            "insertions": 207,
            "deletions": 101
          },
          {
            "hash": "a21f2132aeb99a4b6b16adbfb3a81014a8c54821",
            "messageTitle": "Conform to reuse policy: Add credits Reused code is now tagged with @@author as appropriate.",
            "messageBody": "",
            "insertions": 20,
            "deletions": 7
          }
        ]
      },
      {
        "insertions": 183,
        "deletions": 3,
        "date": "2020-03-02",
        "commitResults": [
          {
            "hash": "a77f6413f6010b0521973b80801e417baab02882",
            "messageTitle": "Add more commands to user guide",
            "messageBody": "The user guide now documents all commands available in Duke.\n",
            "insertions": 183,
            "deletions": 3
          }
        ]
      }
    ]
  },
  "authorFinalContributionMap": {
    "thetruevincentchow": 2469
  },
  "authorFileTypeContributionMap": {
    "thetruevincentchow": {
      "java": 2130,
      "md": 190,
      "fxml": 39,
      "sh": 34,
      "bat": 0,
      "gradle": 46,
      "txt": 30
    }
  },
  "authorContributionVariance": {
    "thetruevincentchow": 67459.51
  },
  "authorDisplayNameMap": {
    "thetruevincentchow": "CS2103T-W13- 4 CHOW..CENT"
  }
}
