{
  "authorDailyContributionsMap": {
    "Denise-Ng": [
      {
        "insertions": 96,
        "deletions": 15,
        "date": "2020-01-21",
        "commitResults": [
          {
            "hash": "6e91578bd71e7c33f3508f773da74d2d375f575f",
            "messageTitle": "Gradle Tutorial",
            "messageBody": "",
            "tags": [
              "A-Gradle"
            ],
            "insertions": 14,
            "deletions": 1
          },
          {
            "hash": "3a89cf7e2635d411172fc0c1cb92bff11f96b9e9",
            "messageTitle": "Level 1. Greet, Echo, Exit",
            "messageBody": "",
            "tags": [
              "Level-1"
            ],
            "insertions": 25,
            "deletions": 6
          },
          {
            "hash": "5bde31a694c4cc41145c23d7fa8d58f603bcbdd7",
            "messageTitle": "Level 2. Add, List",
            "messageBody": "",
            "tags": [
              "Level-2"
            ],
            "insertions": 18,
            "deletions": 2
          },
          {
            "hash": "e7443213d169d68df14b327b002805f79ac27ad5",
            "messageTitle": "Level 3. Mark as Done",
            "messageBody": "",
            "tags": [
              "Level-3"
            ],
            "insertions": 39,
            "deletions": 6
          }
        ]
      },
      {
        "insertions": 287,
        "deletions": 88,
        "date": "2020-01-22",
        "commitResults": [
          {
            "hash": "d22788775ee6616cacbcb378ee398dae0f474ef7",
            "messageTitle": "Level-4: ToDo, Event, Deadline",
            "messageBody": "",
            "tags": [
              "Level-4"
            ],
            "insertions": 121,
            "deletions": 21
          },
          {
            "hash": "baf1229185dac03492bd74cfccd3df1c4a41e365",
            "messageTitle": "A-TextUiTesting: Automated Text UI Testing",
            "messageBody": "",
            "tags": [
              "A-TextUiTesting"
            ],
            "insertions": 28,
            "deletions": 0
          },
          {
            "hash": "ad302b15e7eccb6ebb93ac946fd3b1eb2995f98f",
            "messageTitle": "Level 5. Handle Errors",
            "messageBody": "",
            "tags": [
              "Level-5"
            ],
            "insertions": 93,
            "deletions": 53
          },
          {
            "hash": "e817a203da083730589ca7d98e7a4ebf2cdbd4b7",
            "messageTitle": "Level 6. Delete",
            "messageBody": "",
            "tags": [
              "Level-6"
            ],
            "insertions": 45,
            "deletions": 14
          }
        ]
      },
      {
        "insertions": 94,
        "deletions": 22,
        "date": "2020-01-28",
        "commitResults": [
          {
            "hash": "b2f95382a703ec5a9dbed0e1b8433fe857119358",
            "messageTitle": "Level 7. Save",
            "messageBody": "",
            "insertions": 94,
            "deletions": 22
          }
        ]
      },
      {
        "insertions": 785,
        "deletions": 381,
        "date": "2020-01-29",
        "commitResults": [
          {
            "hash": "bc0a29d97a31db9be6e8cb9266ca02ad831db3c6",
            "messageTitle": "Level 8. Dates and Times",
            "messageBody": "",
            "insertions": 206,
            "deletions": 38
          },
          {
            "hash": "1e1dec985c10fd440c50ebd9455b7679e17d9f3a",
            "messageTitle": "A-MoreOOP: Use More OOP",
            "messageBody": "",
            "tags": [
              "A-MoreOOP"
            ],
            "insertions": 518,
            "deletions": 336
          },
          {
            "hash": "c93caf19991eff61a5b01f60ac653f773532bae5",
            "messageTitle": "A-Packages: Organize into Packages",
            "messageBody": "",
            "tags": [
              "A-Packages"
            ],
            "insertions": 61,
            "deletions": 7
          }
        ]
      },
      {
        "insertions": 684,
        "deletions": 200,
        "date": "2020-01-30",
        "commitResults": [
          {
            "hash": "8df234c279ba17564bfdfa10ab76f2690ddb6634",
            "messageTitle": "A-JUnit: Add JUnit Tests",
            "messageBody": "",
            "tags": [
              "A-Jar",
              "A-JUnit"
            ],
            "insertions": 96,
            "deletions": 6
          },
          {
            "hash": "9be8b6fba4daa191380305e48009251b2ffaf777",
            "messageTitle": "A-JavaDoc: JavaDoc",
            "messageBody": "",
            "tags": [
              "A-JavaDoc"
            ],
            "insertions": 272,
            "deletions": 17
          },
          {
            "hash": "ea50bee9f18462c8d2eca1fb6a09acf27cac888c",
            "messageTitle": "A-CodingStandard: Follow the Coding Standard",
            "messageBody": "",
            "tags": [
              "A-CodingStandard"
            ],
            "insertions": 298,
            "deletions": 176
          },
          {
            "hash": "282bf7b7c6a3cca97014b2ed332700640b2b8e24",
            "messageTitle": "Level 9. Find",
            "messageBody": "",
            "tags": [
              "Level-9"
            ],
            "insertions": 18,
            "deletions": 1
          }
        ]
      },
      {
        "insertions": 539,
        "deletions": 79,
        "date": "2020-02-06",
        "commitResults": [
          {
            "hash": "5987bd47507c4d63e4aa36a57ced0fed50bdf0d3",
            "messageTitle": "Added GUI for duke with JavaFX",
            "messageBody": "",
            "tags": [
              "Level-10",
              "A-JavaFx"
            ],
            "insertions": 539,
            "deletions": 79
          }
        ]
      },
      {
        "insertions": 59,
        "deletions": 130,
        "date": "2020-02-09",
        "commitResults": [
          {
            "hash": "19b73d3552f288d1b471f441365f338bd22dfd18",
            "messageTitle": "A-Assertions: Use Assertions",
            "messageBody": "",
            "tags": [
              "A-Assertions"
            ],
            "insertions": 59,
            "deletions": 130
          }
        ]
      },
      {
        "insertions": 667,
        "deletions": 502,
        "date": "2020-02-11",
        "commitResults": [
          {
            "hash": "83cbc858e565a78742fa217f15d3b5bc3090e75c",
            "messageTitle": "A-CodeQuality: Improve Code Quality",
            "messageBody": "",
            "tags": [
              "A-CodeQuality"
            ],
            "insertions": 498,
            "deletions": 455
          },
          {
            "hash": "bfc7fd8e055ffc303254af9bb4ebb2962cf90ccc",
            "messageTitle": "Corrected errors by Checkstyle",
            "messageBody": "",
            "insertions": 4,
            "deletions": 5
          },
          {
            "hash": "e475bd445dcd9a39179f17119afaea4b0177351f",
            "messageTitle": "C-Sort: Ability to sort deadlines and event chronologically C-Help: Added help command to show help page",
            "messageBody": "",
            "tags": [
              "C-Sort",
              "C-Help"
            ],
            "insertions": 165,
            "deletions": 42
          }
        ]
      },
      {
        "insertions": 2,
        "deletions": 2,
        "date": "2020-02-13",
        "commitResults": [
          {
            "hash": "b8d1dc623fe78a0bf9b330e4b0e4ad12bb9e3302",
            "messageTitle": "Minor changes",
            "messageBody": "",
            "insertions": 2,
            "deletions": 2
          }
        ]
      }
    ]
  },
  "authorFinalContributionMap": {
    "Denise-Ng": 1915
  },
  "authorFileTypeContributionMap": {
    "Denise-Ng": {
      "java": 1800,
      "md": 0,
      "fxml": 53,
      "sh": 0,
      "bat": 21,
      "gradle": 29,
      "txt": 12
    }
  },
  "authorContributionVariance": {
    "Denise-Ng": 106911.03
  },
  "authorDisplayNameMap": {
    "Denise-Ng": "CS2103T-F09- 1 NG K..NISE"
  }
}
