{
  "authorDailyContributionsMap": {
    "fatin99": [
      {
        "insertions": 246,
        "deletions": 70,
        "date": "2020-01-22",
        "commitResults": [
          {
            "hash": "868c6cdc63a74e795b3ec6e9e67866bb9cc618bc",
            "messageTitle": "Level-1: Greet, Echo, Exit",
            "messageBody": "",
            "tags": [
              "Level-1"
            ],
            "insertions": 19,
            "deletions": 0
          },
          {
            "hash": "8089e1ccd30f56edf84dc53a6a69b8de1832e65d",
            "messageTitle": "Level-2: Add, List",
            "messageBody": "",
            "tags": [
              "Level-2"
            ],
            "insertions": 9,
            "deletions": 5
          },
          {
            "hash": "d9fbb918ff2f2ba2a6f504d1587b8c6d9f37db36",
            "messageTitle": "Level-3: Mark as Done",
            "messageBody": "",
            "tags": [
              "Level-3"
            ],
            "insertions": 39,
            "deletions": 4
          },
          {
            "hash": "79d89d22428dcc81583225ddead68e8e9828990a",
            "messageTitle": "Level-4: ToDo, Event, Deadline",
            "messageBody": "",
            "tags": [
              "Level-4"
            ],
            "insertions": 53,
            "deletions": 4
          },
          {
            "hash": "2f3c3901fef7209c7b746b02722a001ad67edd3f",
            "messageTitle": "Level-5: Handle Errors",
            "messageBody": "",
            "insertions": 88,
            "deletions": 29
          },
          {
            "hash": "4b6ef55c67e6ee467a1fe8cd825b22d5fe0cca9c",
            "messageTitle": "Level-5: Handle Errors",
            "messageBody": "",
            "tags": [
              "Level-5"
            ],
            "insertions": 20,
            "deletions": 24
          },
          {
            "hash": "74b43e4f113dd5138b2b65d1e0d00e685027dfa6",
            "messageTitle": "Level-6: Delete",
            "messageBody": "",
            "insertions": 16,
            "deletions": 2
          },
          {
            "hash": "4d4b8ae5b89e605d25ec56e1f4e08e8dea80beaa",
            "messageTitle": "Level-6: Delete",
            "messageBody": "",
            "tags": [
              "Level-6"
            ],
            "insertions": 2,
            "deletions": 2
          }
        ]
      },
      {
        "insertions": 109,
        "deletions": 28,
        "date": "2020-01-23",
        "commitResults": [
          {
            "hash": "0a4ceec5a687b196de51d3b5b8a700006892b96f",
            "messageTitle": "A-TextUiTesting",
            "messageBody": "",
            "tags": [
              "A-TextUiTesting"
            ],
            "insertions": 109,
            "deletions": 28
          }
        ]
      },
      {
        "insertions": 70,
        "deletions": 2,
        "date": "2020-01-26",
        "commitResults": [
          {
            "hash": "6a6f63f1e9e3b8df25966c522a38c45fc7370508",
            "messageTitle": "Level-7: Save",
            "messageBody": "",
            "insertions": 70,
            "deletions": 2
          }
        ]
      },
      {
        "insertions": 2642,
        "deletions": 1182,
        "date": "2020-02-20",
        "commitResults": [
          {
            "hash": "943fc47f182211cadbd07d7628fe390b586c1705",
            "messageTitle": "Specify imports",
            "messageBody": "",
            "insertions": 6,
            "deletions": 2
          },
          {
            "hash": "3783028cc4042a9b8adc83ffef6ce562fa081b9e",
            "messageTitle": "Add check()",
            "messageBody": "",
            "insertions": 52,
            "deletions": 47
          },
          {
            "hash": "a91314925bd76502955e8e0c9b55b4ab1c4e5868",
            "messageTitle": "Level-8: Dates and Times",
            "messageBody": "",
            "insertions": 122,
            "deletions": 69
          },
          {
            "hash": "3ff5edc1df4bcd9a82d1caeae93d78c359869135",
            "messageTitle": "Add branch-Level-7",
            "messageBody": "",
            "insertions": 2,
            "deletions": 33
          },
          {
            "hash": "fcfaa2e23c89412efec0b117705b350d7119cd1b",
            "messageTitle": "Add branch-Level-8",
            "messageBody": "",
            "insertions": 2,
            "deletions": 7
          },
          {
            "hash": "1c89acd3336df1a605e55773588c2797df5fa5f5",
            "messageTitle": "Add Storage class",
            "messageBody": "",
            "insertions": 66,
            "deletions": 44
          },
          {
            "hash": "78a961492c7d2baf33caac73f834bf8592b3dff0",
            "messageTitle": "Add TaskList class",
            "messageBody": "",
            "insertions": 63,
            "deletions": 40
          },
          {
            "hash": "0ff5832cd332b2b684a3c030d41f842a9f9e73b0",
            "messageTitle": "Add Ui class",
            "messageBody": "",
            "insertions": 32,
            "deletions": 26
          },
          {
            "hash": "c61209733add4cabae9cf0a0e2dbf99983f82df6",
            "messageTitle": "A-MoreOOP: Use More OOP",
            "messageBody": "",
            "insertions": 76,
            "deletions": 66
          },
          {
            "hash": "69ce3dd183204b8f14cd1d4903fe46c704955053",
            "messageTitle": "Finish TaskListTest",
            "messageBody": "",
            "insertions": 40,
            "deletions": 0
          },
          {
            "hash": "501af0302fe0a906852ac72f5ac3c6c7cb630440",
            "messageTitle": "A-JUnit",
            "messageBody": "",
            "insertions": 49,
            "deletions": 19
          },
          {
            "hash": "de027bd5064e47332e8cb8b2b32d3d395facd4ef",
            "messageTitle": "Fix Gradle warning",
            "messageBody": "",
            "insertions": 10,
            "deletions": 9
          },
          {
            "hash": "3b88a2a78f673ea67d1b96b941f1f236e44f9f8a",
            "messageTitle": "A-JavaDoc: JavaDoc",
            "messageBody": "",
            "insertions": 162,
            "deletions": 51
          },
          {
            "hash": "aebb733f5092307fd6acdfb0f8d6c2277cea821d",
            "messageTitle": "Level-9: Find",
            "messageBody": "",
            "insertions": 26,
            "deletions": 7
          },
          {
            "hash": "d4c6ef91698cd8f6c4262c1ccdbbacce1e1b554c",
            "messageTitle": "A-CodingStandard: Follow the Coding Standard",
            "messageBody": "",
            "insertions": 204,
            "deletions": 134
          },
          {
            "hash": "77809f3eb36e4747ce785377b6ded9f3b688add9",
            "messageTitle": "A-Packages: Organize into Packages",
            "messageBody": "",
            "insertions": 53,
            "deletions": 11
          },
          {
            "hash": "e3948ae88840536792c9618dcade07457882cca0",
            "messageTitle": "A-CheckStyle: Use CheckStyle",
            "messageBody": "",
            "insertions": 121,
            "deletions": 30
          },
          {
            "hash": "d3c1c6106c6fe78f919c943434af3363eed3a491",
            "messageTitle": "A-Packages: Organize into Packages",
            "messageBody": "",
            "insertions": 1,
            "deletions": 1
          },
          {
            "hash": "594a9e12cfe15e7bf38b346ff1ed65a648e9512e",
            "messageTitle": "A-Checkstyle",
            "messageBody": "",
            "insertions": 58,
            "deletions": 22
          },
          {
            "hash": "2e84c07d264b7ad3f52020e7d80ec0e52d63974d",
            "messageTitle": "Add some changes to comply with coding standards",
            "messageBody": "",
            "insertions": 0,
            "deletions": 0
          },
          {
            "hash": "2ada81d9734da4a634cc2b63b83937056f2693e3",
            "messageTitle": "Add more changes to comply with coding standards",
            "messageBody": "",
            "insertions": 325,
            "deletions": 5
          },
          {
            "hash": "9258e86a620ffdf7baa1eeaa80655bfbbddd39dc",
            "messageTitle": "A-Gradle",
            "messageBody": "",
            "insertions": 5,
            "deletions": 0
          },
          {
            "hash": "e51618356ed15ad6a2429e0df5477236c3870981",
            "messageTitle": "Add GUI",
            "messageBody": "",
            "insertions": 181,
            "deletions": 111
          },
          {
            "hash": "58a4bf13a93f34893a3367e44df264b7d40296db",
            "messageTitle": "Fix GUI",
            "messageBody": "",
            "insertions": 36,
            "deletions": 3
          },
          {
            "hash": "de1f77511f67d8f9fc18ed7d96ca75851f4c35a8",
            "messageTitle": "Fix tasklist.find()",
            "messageBody": "",
            "insertions": 111,
            "deletions": 115
          },
          {
            "hash": "9bdbac393412f1e2b0a7af48db7b486f21d0d3ca",
            "messageTitle": "A-Assertions: Use Assertions",
            "messageBody": "",
            "insertions": 271,
            "deletions": 95
          },
          {
            "hash": "6414aa04db7d4db0ce8998ae05f17b299b5a0f93",
            "messageTitle": "A-CodeQuality: Improve Code Quality",
            "messageBody": "",
            "insertions": 32,
            "deletions": 16
          },
          {
            "hash": "ec03f6d0df377f924f40cb417c7358dc29b79b7e",
            "messageTitle": "C-Update: Easily edit items",
            "messageBody": "",
            "insertions": 61,
            "deletions": 0
          },
          {
            "hash": "413c6b5247dcbda17aa95414038829c3818bcd1d",
            "messageTitle": "Fix duke.main()",
            "messageBody": "",
            "insertions": 12,
            "deletions": 3
          },
          {
            "hash": "2173d89c99983edb32e91393f0634dd3562cc5cd",
            "messageTitle": "Add checkUpdate()",
            "messageBody": "",
            "insertions": 49,
            "deletions": 12
          },
          {
            "hash": "33b3139a70948d09b3b1a223f6ced217c6f36595",
            "messageTitle": "Add a representative screenshot",
            "messageBody": "",
            "insertions": 56,
            "deletions": 32
          },
          {
            "hash": "d7e3ae2125e0050b8bb67f820c5e27155c04e64e",
            "messageTitle": "Fix unicode characters",
            "messageBody": "",
            "insertions": 29,
            "deletions": 3
          },
          {
            "hash": "cec734c5c59cc78d19c874f650b18fd3e7e1d7d1",
            "messageTitle": "Draft README",
            "messageBody": "",
            "insertions": 111,
            "deletions": 5
          },
          {
            "hash": "30f54f79ca3c5c753ae6492a9c100a660b4f6406",
            "messageTitle": "Add descriptions of features",
            "messageBody": "",
            "insertions": 16,
            "deletions": 9
          },
          {
            "hash": "3e4a67b5614a268acfb2afd371edbe51955b9370",
            "messageTitle": "A-UserGuide: User Guide",
            "messageBody": "",
            "insertions": 53,
            "deletions": 41
          },
          {
            "hash": "dde2324ae54a98854f12cde87981cf2a327647c0",
            "messageTitle": "Added photos for adding of tasks in README.md",
            "messageBody": "",
            "insertions": 10,
            "deletions": 15
          },
          {
            "hash": "a578c386fab087ede5b79cec959c1f3ff190f207",
            "messageTitle": "Add photos for README.md",
            "messageBody": "",
            "insertions": 16,
            "deletions": 31
          },
          {
            "hash": "49a936e0d9dd2a53636def45d9139a694223d17e",
            "messageTitle": "Fix paragraphs in README.md",
            "messageBody": "",
            "insertions": 9,
            "deletions": 0
          },
          {
            "hash": "653aebfb0c2080a4547c357264a523211ea69bd8",
            "messageTitle": "Update Ui.png",
            "messageBody": "",
            "insertions": 10,
            "deletions": 1
          },
          {
            "hash": "f8a3ce0c46c2a9c031edebc3b3f5fe00ebaea045",
            "messageTitle": "Fix tests",
            "messageBody": "",
            "insertions": 99,
            "deletions": 67
          },
          {
            "hash": "5c04a0cc3591abbc3df55112cb429b92e6a69dbf",
            "messageTitle": "Fix coding style",
            "messageBody": "",
            "insertions": 5,
            "deletions": 0
          }
        ]
      },
      {
        "insertions": 73,
        "deletions": 108,
        "date": "2020-02-23",
        "commitResults": [
          {
            "hash": "642950acf7311cb7da319a0886e437cc891e53a9",
            "messageTitle": "Add error checking for update",
            "messageBody": "",
            "insertions": 7,
            "deletions": 2
          },
          {
            "hash": "7c3f0891d16ca1d997c2a03335f51cb7425c1ca5",
            "messageTitle": "Customise commands",
            "messageBody": "",
            "insertions": 66,
            "deletions": 106
          }
        ]
      },
      {
        "insertions": 9,
        "deletions": 7,
        "date": "2020-02-24",
        "commitResults": [
          {
            "hash": "1e54fa47119a8fb9cadf10b0ef37ed3bc37f80aa",
            "messageTitle": "Add error checking for update",
            "messageBody": "",
            "insertions": 9,
            "deletions": 7
          }
        ]
      },
      {
        "insertions": 3,
        "deletions": 3,
        "date": "2020-03-02",
        "commitResults": [
          {
            "hash": "41f6c4497fc4950962faae1539d99e68fa407d69",
            "messageTitle": "Update photos for User Guide",
            "messageBody": "",
            "insertions": 3,
            "deletions": 3
          }
        ]
      }
    ]
  },
  "authorFinalContributionMap": {
    "fatin99": 1771
  },
  "authorFileTypeContributionMap": {
    "fatin99": {
      "java": 1511,
      "md": 111,
      "fxml": 35,
      "sh": 33,
      "bat": 22,
      "gradle": 50,
      "txt": 9
    }
  },
  "authorContributionVariance": {
    "fatin99": 287308.44
  },
  "authorDisplayNameMap": {
    "fatin99": "CS2103T-W17- 4 FATI..AIMI"
  }
}
