{
  "authorDailyContributionsMap": {
    "fatin99": [
      {
        "insertions": 246,
        "deletions": 70,
        "date": "2020-01-22",
        "commitResults": [
          {
            "hash": "868c6cdc63a74e795b3ec6e9e67866bb9cc618bc",
            "messageTitle": "Level-1: Greet, Echo, Exit",
            "messageBody": "",
            "tags": [
              "Level-1"
            ],
            "insertions": 19,
            "deletions": 0
          },
          {
            "hash": "8089e1ccd30f56edf84dc53a6a69b8de1832e65d",
            "messageTitle": "Level-2: Add, List",
            "messageBody": "",
            "tags": [
              "Level-2"
            ],
            "insertions": 9,
            "deletions": 5
          },
          {
            "hash": "d9fbb918ff2f2ba2a6f504d1587b8c6d9f37db36",
            "messageTitle": "Level-3: Mark as Done",
            "messageBody": "",
            "tags": [
              "Level-3"
            ],
            "insertions": 39,
            "deletions": 4
          },
          {
            "hash": "79d89d22428dcc81583225ddead68e8e9828990a",
            "messageTitle": "Level-4: ToDo, Event, Deadline",
            "messageBody": "",
            "tags": [
              "Level-4"
            ],
            "insertions": 53,
            "deletions": 4
          },
          {
            "hash": "2f3c3901fef7209c7b746b02722a001ad67edd3f",
            "messageTitle": "Level-5: Handle Errors",
            "messageBody": "",
            "insertions": 88,
            "deletions": 29
          },
          {
            "hash": "4b6ef55c67e6ee467a1fe8cd825b22d5fe0cca9c",
            "messageTitle": "Level-5: Handle Errors",
            "messageBody": "",
            "tags": [
              "Level-5"
            ],
            "insertions": 20,
            "deletions": 24
          },
          {
            "hash": "74b43e4f113dd5138b2b65d1e0d00e685027dfa6",
            "messageTitle": "Level-6: Delete",
            "messageBody": "",
            "insertions": 16,
            "deletions": 2
          },
          {
            "hash": "4d4b8ae5b89e605d25ec56e1f4e08e8dea80beaa",
            "messageTitle": "Level-6: Delete",
            "messageBody": "",
            "tags": [
              "Level-6"
            ],
            "insertions": 2,
            "deletions": 2
          }
        ]
      },
      {
        "insertions": 109,
        "deletions": 28,
        "date": "2020-01-23",
        "commitResults": [
          {
            "hash": "0a4ceec5a687b196de51d3b5b8a700006892b96f",
            "messageTitle": "A-TextUiTesting",
            "messageBody": "",
            "tags": [
              "A-TextUiTesting"
            ],
            "insertions": 109,
            "deletions": 28
          }
        ]
      },
      {
        "insertions": 76,
        "deletions": 4,
        "date": "2020-01-26",
        "commitResults": [
          {
            "hash": "6a6f63f1e9e3b8df25966c522a38c45fc7370508",
            "messageTitle": "Level-7: Save",
            "messageBody": "",
            "insertions": 70,
            "deletions": 2
          },
          {
            "hash": "7f04eb9e7d9743791ec08c7751d506f9bd8c9f79",
            "messageTitle": "specified imports",
            "messageBody": "",
            "tags": [
              "Level-7"
            ],
            "insertions": 6,
            "deletions": 2
          }
        ]
      },
      {
        "insertions": 52,
        "deletions": 47,
        "date": "2020-01-27",
        "commitResults": [
          {
            "hash": "95817dac65baef4b99ce0e0dfdca269958033cb0",
            "messageTitle": "added check()",
            "messageBody": "",
            "insertions": 52,
            "deletions": 47
          }
        ]
      },
      {
        "insertions": 126,
        "deletions": 109,
        "date": "2020-01-28",
        "commitResults": [
          {
            "hash": "0e4c386ac6c309226974f4feed80442015df9c74",
            "messageTitle": "Level-8: Dates and Times",
            "messageBody": "",
            "tags": [
              "Level-8"
            ],
            "insertions": 122,
            "deletions": 69
          },
          {
            "hash": "82a166a690575aa98482c922282e87ba12cf2adb",
            "messageTitle": "branch-Level-7",
            "messageBody": "",
            "tags": [
              "branch-Level-7"
            ],
            "insertions": 2,
            "deletions": 33
          },
          {
            "hash": "d8f36a4dcce1ddb0556cecbda8cdf332926cd2fc",
            "messageTitle": "branch-Level-8",
            "messageBody": "",
            "tags": [
              "branch-Level-8"
            ],
            "insertions": 2,
            "deletions": 7
          }
        ]
      },
      {
        "insertions": 326,
        "deletions": 195,
        "date": "2020-01-29",
        "commitResults": [
          {
            "hash": "7ba4ffcda547b1be9ac5efcfcd4942a6e5f31cf3",
            "messageTitle": "Added Storage class",
            "messageBody": "",
            "insertions": 66,
            "deletions": 44
          },
          {
            "hash": "aada646f07be282d3b6dd7bd4aa1282738aff0cc",
            "messageTitle": "Added TaskList class",
            "messageBody": "",
            "insertions": 63,
            "deletions": 40
          },
          {
            "hash": "198027143b8ee3be1b3378e43f02f1e208cecb8d",
            "messageTitle": "Added Ui class",
            "messageBody": "",
            "insertions": 32,
            "deletions": 26
          },
          {
            "hash": "13d72f96aa6e6bd96c6ba0f00265fcc0344a07b0",
            "messageTitle": "A-MoreOOP: Use More OOP",
            "messageBody": "",
            "tags": [
              "A-MoreOOP"
            ],
            "insertions": 76,
            "deletions": 66
          },
          {
            "hash": "54fe662fd132579e34c98eb6dc3759fed8a42f50",
            "messageTitle": "finish TaskListTest.java",
            "messageBody": "",
            "insertions": 40,
            "deletions": 0
          },
          {
            "hash": "c528671df40d3c6b5ca7fe1ceb56c6224a9761fb",
            "messageTitle": "A-JUnit",
            "messageBody": "",
            "tags": [
              "A-JUnit"
            ],
            "insertions": 49,
            "deletions": 19
          }
        ]
      },
      {
        "insertions": 455,
        "deletions": 212,
        "date": "2020-01-30",
        "commitResults": [
          {
            "hash": "fb338daa3b1d02067f9c886e5ed66e3890bd5f9a",
            "messageTitle": "Gradle warning",
            "messageBody": "",
            "tags": [
              "A-Jar"
            ],
            "insertions": 10,
            "deletions": 9
          },
          {
            "hash": "2c834c263f2eec8e3faaeeef9549714688b8675b",
            "messageTitle": "A-JavaDoc: JavaDoc",
            "messageBody": "",
            "tags": [
              "A-JavaDoc"
            ],
            "insertions": 162,
            "deletions": 51
          },
          {
            "hash": "66d4709dab4e4a67876925dbac6a0af05245befb",
            "messageTitle": "Level-9: Find",
            "messageBody": "",
            "tags": [
              "Level-9"
            ],
            "insertions": 26,
            "deletions": 7
          },
          {
            "hash": "6191989494738a94df9c2ebfb134e524926f37dc",
            "messageTitle": "A-CodingStandard: Follow the Coding Standard",
            "messageBody": "",
            "tags": [
              "A-CodingStandard"
            ],
            "insertions": 204,
            "deletions": 134
          },
          {
            "hash": "d792e0991241cdd30127521e1d1e024e1d044bbc",
            "messageTitle": "A-Packages: Organize into Packages",
            "messageBody": "",
            "tags": [
              "A-Packages"
            ],
            "insertions": 53,
            "deletions": 11
          }
        ]
      },
      {
        "insertions": 122,
        "deletions": 31,
        "date": "2020-01-31",
        "commitResults": [
          {
            "hash": "a855431c0c2ddd771c5333e07f78420b02817a59",
            "messageTitle": "A-CheckStyle: Use CheckStyle",
            "messageBody": "",
            "insertions": 121,
            "deletions": 30
          },
          {
            "hash": "fa5f4137c1d4456933acbccaca5baa1dc3237d85",
            "messageTitle": "A-Packages: Organize into Packages",
            "messageBody": "",
            "insertions": 1,
            "deletions": 1
          }
        ]
      },
      {
        "insertions": 60,
        "deletions": 22,
        "date": "2020-02-01",
        "commitResults": [
          {
            "hash": "fd8c37c29d6615a2f1da6d7c1ad4c72ef03ef4e1",
            "messageTitle": "A-Gradle",
            "messageBody": "",
            "tags": [
              "A-Gradle"
            ],
            "insertions": 2,
            "deletions": 0
          },
          {
            "hash": "e435777b273078abe884491d3108aa1a14c7e345",
            "messageTitle": "A-Checkstyle",
            "messageBody": "",
            "tags": [
              "A-CheckStyle"
            ],
            "insertions": 58,
            "deletions": 22
          }
        ]
      },
      {
        "insertions": 325,
        "deletions": 5,
        "date": "2020-02-02",
        "commitResults": [
          {
            "hash": "9979e56ed27bb84ac4a68bb8b968ac868cbf6a38",
            "messageTitle": "some changes",
            "messageBody": "",
            "insertions": 0,
            "deletions": 0
          },
          {
            "hash": "66d8a3e46d6232f671cb3baf8f21e68d23521470",
            "messageTitle": "some more changes",
            "messageBody": "",
            "insertions": 325,
            "deletions": 5
          }
        ]
      },
      {
        "insertions": 322,
        "deletions": 230,
        "date": "2020-02-03",
        "commitResults": [
          {
            "hash": "068ec0acacd14a440a778c29da20ba882c34901a",
            "messageTitle": "GUI mostly works except for storage",
            "messageBody": "",
            "insertions": 178,
            "deletions": 111
          },
          {
            "hash": "63ba3980972b0d2957c3a843b8866fde202fd14a",
            "messageTitle": "GUI works now I think (do more testing if have time)",
            "messageBody": "",
            "tags": [
              "Level-10"
            ],
            "insertions": 33,
            "deletions": 4
          },
          {
            "hash": "7a95500fddbe290bc508aa41d5891d94f870edd3",
            "messageTitle": "fixed tasklist.find()",
            "messageBody": "",
            "insertions": 111,
            "deletions": 115
          }
        ]
      }
    ]
  },
  "authorFinalContributionMap": {
    "fatin99": 1270
  },
  "authorFileTypeContributionMap": {
    "fatin99": {
      "java": 1137,
      "md": 0,
      "fxml": 35,
      "sh": 33,
      "bat": 22,
      "gradle": 27,
      "txt": 16
    }
  },
  "authorContributionVariance": {
    "fatin99": 40580.6
  },
  "authorDisplayNameMap": {
    "fatin99": "CS2103T-W17- 4 FATI..AIMI"
  }
}
