{
  "authorDailyContributionsMap": {
    "FeliciaTay": [
      {
        "insertions": 22,
        "deletions": 7,
        "date": "2020-01-20",
        "commitResults": [
          {
            "hash": "7c8bb7c5773f374ff44aa8590ec4ed4a7c056660",
            "messageTitle": "change structure of Duke to greet, echo and exit",
            "messageBody": "",
            "fileTypesAndContributionMap": {
              "java": {
                "insertions": 12,
                "deletions": 6
              }
            }
          },
          {
            "hash": "ffdac2db7061c7ce24f99f9d9e77cc3ea6fa1cb8",
            "messageTitle": "add ability to store text and display back to user",
            "messageBody": "",
            "fileTypesAndContributionMap": {
              "java": {
                "insertions": 10,
                "deletions": 1
              }
            }
          }
        ]
      },
      {
        "insertions": 126,
        "deletions": 39,
        "date": "2020-01-21",
        "commitResults": [
          {
            "hash": "0b7ef84f5125a9f41d0c3942ee61c2fe46d34ec6",
            "messageTitle": "add ability to mark tasks as done",
            "messageBody": "",
            "tags": [
              "Level-3"
            ],
            "fileTypesAndContributionMap": {
              "java": {
                "insertions": 46,
                "deletions": 6
              }
            }
          },
          {
            "hash": "a0fbcb4d90397d0b428bb95ca06c7f12c0c4a367",
            "messageTitle": "to track todo tasks",
            "messageBody": "",
            "fileTypesAndContributionMap": {
              "java": {
                "insertions": 20,
                "deletions": 8
              }
            }
          },
          {
            "hash": "eb9da671af21456884e9698a3461fff30bdb80d9",
            "messageTitle": "to track deadline tasks",
            "messageBody": "",
            "fileTypesAndContributionMap": {
              "java": {
                "insertions": 29,
                "deletions": 3
              }
            }
          },
          {
            "hash": "1a6d54ae149e1477ea1448ee47fd8a2c770231e2",
            "messageTitle": "to track event tasks",
            "messageBody": "",
            "tags": [
              "Level-4"
            ],
            "fileTypesAndContributionMap": {
              "java": {
                "insertions": 31,
                "deletions": 22
              }
            }
          }
        ]
      },
      {
        "insertions": 253,
        "deletions": 51,
        "date": "2020-01-23",
        "commitResults": [
          {
            "hash": "91f8a95aa08320c1de939e9780967010b08ed1de",
            "messageTitle": "include sample testcase (automated text UI testing)",
            "messageBody": "",
            "tags": [
              "A-TextUiTesting"
            ],
            "fileTypesAndContributionMap": {
              "txt": {
                "insertions": 79,
                "deletions": 0
              },
              "java": {
                "insertions": 12,
                "deletions": 8
              },
              "bat": {
                "insertions": 22,
                "deletions": 0
              }
            }
          },
          {
            "hash": "af5a8c98a9a4eac8ef194df14194c3c2ab94eb23",
            "messageTitle": "handle exceptions",
            "messageBody": "",
            "tags": [
              "Level-5"
            ],
            "fileTypesAndContributionMap": {
              "java": {
                "insertions": 103,
                "deletions": 26
              }
            }
          },
          {
            "hash": "41247322f031c006266a8b04e54f1200a7185fa3",
            "messageTitle": "delete tasks from list",
            "messageBody": "",
            "tags": [
              "Level-6"
            ],
            "fileTypesAndContributionMap": {
              "java": {
                "insertions": 17,
                "deletions": 1
              }
            }
          },
          {
            "hash": "6469c07ab361875f5dca6d681475e366c2168b4b",
            "messageTitle": "add enums (exceptions)",
            "messageBody": "",
            "tags": [
              "A-Enums"
            ],
            "fileTypesAndContributionMap": {
              "java": {
                "insertions": 20,
                "deletions": 16
              }
            }
          }
        ]
      },
      {
        "insertions": 208,
        "deletions": 98,
        "date": "2020-01-30",
        "commitResults": [
          {
            "hash": "15445a4d0d35f41ca64df038a280e8bfaaf97915",
            "messageTitle": "save to hard disk",
            "messageBody": "",
            "tags": [
              "Level-7"
            ],
            "fileTypesAndContributionMap": {
              "java": {
                "insertions": 172,
                "deletions": 88
              },
              "bat": {
                "insertions": 1,
                "deletions": 1
              }
            }
          },
          {
            "hash": "4354d40b8c5efe66c760af5b3b24fe6ee82f6ae5",
            "messageTitle": "understand date and time",
            "messageBody": "",
            "tags": [
              "Level-8"
            ],
            "fileTypesAndContributionMap": {
              "java": {
                "insertions": 23,
                "deletions": 3
              }
            }
          },
          {
            "hash": "f2aff0289b3b297cd9742f7c0cb5fdd0832f7e22",
            "messageTitle": "merge branch-Level-7 and branch-Level-8",
            "messageBody": "",
            "fileTypesAndContributionMap": {
              "java": {
                "insertions": 12,
                "deletions": 6
              }
            }
          }
        ]
      },
      {
        "insertions": 570,
        "deletions": 284,
        "date": "2020-02-01",
        "commitResults": [
          {
            "hash": "33939f5f5e0af9fe6dfd94a2a410aa860f9b33df",
            "messageTitle": "use more OOP (Ui, Storage, Parser, TaskList)",
            "messageBody": "",
            "tags": [
              "A-MoreOOP"
            ],
            "fileTypesAndContributionMap": {
              "txt": {
                "insertions": 2,
                "deletions": 1
              },
              "java": {
                "insertions": 248,
                "deletions": 165
              }
            }
          },
          {
            "hash": "4bf669b48ac0ac014b37e3b6ba2bf40771cdfa53",
            "messageTitle": "update input.txt and EXPECTED.txt",
            "messageBody": "",
            "fileTypesAndContributionMap": {
              "txt": {
                "insertions": 19,
                "deletions": 17
              },
              "java": {
                "insertions": 1,
                "deletions": 1
              }
            }
          },
          {
            "hash": "de28281bf152a5932e839ce5a5a280e059a1c8df",
            "messageTitle": "add JUnit tests",
            "messageBody": "",
            "tags": [
              "v0.1",
              "A-JUnit"
            ],
            "fileTypesAndContributionMap": {
              "java": {
                "insertions": 27,
                "deletions": 4
              }
            }
          },
          {
            "hash": "7b7719ba504a173d9f89d1d976d45270bdd5e5d4",
            "messageTitle": "add JavaDoc comments",
            "messageBody": "",
            "tags": [
              "A-JavaDoc"
            ],
            "fileTypesAndContributionMap": {
              "java": {
                "insertions": 159,
                "deletions": 2
              }
            }
          },
          {
            "hash": "4d9f484a82597c893eed73bcf90956039e86b9ec",
            "messageTitle": "change code to comply with coding standard",
            "messageBody": "",
            "tags": [
              "A-CodingStandard"
            ],
            "fileTypesAndContributionMap": {
              "java": {
                "insertions": 89,
                "deletions": 87
              }
            }
          },
          {
            "hash": "db0b4262cca874b9eaefd17e761008735a91f29f",
            "messageTitle": "add ability to find tasks",
            "messageBody": "",
            "tags": [
              "Level-9"
            ],
            "fileTypesAndContributionMap": {
              "java": {
                "insertions": 25,
                "deletions": 7
              }
            }
          }
        ]
      },
      {
        "insertions": 99,
        "deletions": 54,
        "date": "2020-02-03",
        "commitResults": [
          {
            "hash": "240912afddd868384d4700fc25f50f2bd2989be3",
            "messageTitle": "add Gradle: CheckStyle",
            "messageBody": "",
            "fileTypesAndContributionMap": {
              "gradle": {
                "insertions": 11,
                "deletions": 1
              },
              "java": {
                "insertions": 75,
                "deletions": 53
              }
            }
          },
          {
            "hash": "9399cb422ef85f2f46165607041a947fd553043f",
            "messageTitle": "add Shadow plugin for Gradle",
            "messageBody": "",
            "fileTypesAndContributionMap": {
              "gradle": {
                "insertions": 8,
                "deletions": 0
              }
            }
          },
          {
            "hash": "df50b3c63c45a4ee8bbcd130ed2b18590aa019d4",
            "messageTitle": "add JUnit for Gradle",
            "messageBody": "",
            "tags": [
              "A-Gradle"
            ],
            "fileTypesAndContributionMap": {
              "gradle": {
                "insertions": 5,
                "deletions": 0
              }
            }
          }
        ]
      },
      {
        "insertions": 366,
        "deletions": 59,
        "date": "2020-02-04",
        "commitResults": [
          {
            "hash": "8c166e9d0ba661db722a7a96f0f9d7273b7ccca7",
            "messageTitle": "add GUI application for Launcher",
            "messageBody": "",
            "fileTypesAndContributionMap": {
              "gradle": {
                "insertions": 6,
                "deletions": 0
              },
              "java": {
                "insertions": 30,
                "deletions": 1
              }
            }
          },
          {
            "hash": "2816ed1a409a5b5f7ce19eccbfdb8e8cdefc2885",
            "messageTitle": "adapt JavaFX tutorial for Duke: add JavaFX controls",
            "messageBody": "",
            "fileTypesAndContributionMap": {
              "java": {
                "insertions": 60,
                "deletions": 5
              }
            }
          },
          {
            "hash": "6cb69295e66d804e0e08fc99d1909992fabd8a10",
            "messageTitle": "adapt JavaFX tutorial for Duke: add user interaction (echoing the user)",
            "messageBody": "",
            "fileTypesAndContributionMap": {
              "java": {
                "insertions": 29,
                "deletions": 1
              }
            }
          },
          {
            "hash": "f675b0604cf704da39da70b88ab0d6f1fa261b7f",
            "messageTitle": "adapt JavaFX tutorial for Duke: add user interaction (dialog boxes)",
            "messageBody": "",
            "fileTypesAndContributionMap": {
              "java": {
                "insertions": 53,
                "deletions": 8
              }
            }
          },
          {
            "hash": "1c6ee2abeab500d3f635b28eb54d0d87b74e1ee4",
            "messageTitle": "adapt JavaFX tutorial for Duke: add custom behaviour to DialogBox",
            "messageBody": "",
            "fileTypesAndContributionMap": {
              "java": {
                "insertions": 25,
                "deletions": 2
              }
            }
          },
          {
            "hash": "a1bca70c276561873b22557e35b4cb84587b6ff3",
            "messageTitle": "adapt JavaFX tutorial for Duke: flip Duke DialogBox and User DialogBox",
            "messageBody": "",
            "fileTypesAndContributionMap": {
              "java": {
                "insertions": 2,
                "deletions": 2
              }
            }
          },
          {
            "hash": "c5b94b3ab344fbfb1ad4d400a86c1ddd9359702c",
            "messageTitle": "add FXML",
            "messageBody": "",
            "tags": [
              "Level-10"
            ],
            "fileTypesAndContributionMap": {
              "fxml": {
                "insertions": 40,
                "deletions": 0
              },
              "java": {
                "insertions": 121,
                "deletions": 40
              }
            }
          }
        ]
      },
      {
        "insertions": 145,
        "deletions": 82,
        "date": "2020-02-08",
        "commitResults": [
          {
            "hash": "cab90690b25ff893bbc469cd552389499b98f3ae",
            "messageTitle": "link GUI with Duke",
            "messageBody": "",
            "fileTypesAndContributionMap": {
              "java": {
                "insertions": 110,
                "deletions": 60
              }
            }
          },
          {
            "hash": "26258a9dd027ac455bd566afb80d24b3e613607a",
            "messageTitle": "edit Label to resize according to size of content",
            "messageBody": "",
            "fileTypesAndContributionMap": {
              "fxml": {
                "insertions": 8,
                "deletions": 5
              }
            }
          },
          {
            "hash": "bad4f160e54193e141a014b496b6cc865a44d950",
            "messageTitle": "add padding between each DialogBox",
            "messageBody": "",
            "fileTypesAndContributionMap": {
              "fxml": {
                "insertions": 1,
                "deletions": 1
              }
            }
          },
          {
            "hash": "f4cd5434c308a9e49a9179819a7495fe5b69b6a6",
            "messageTitle": "add margin for ImageView",
            "messageBody": "",
            "fileTypesAndContributionMap": {
              "fxml": {
                "insertions": 8,
                "deletions": 2
              }
            }
          },
          {
            "hash": "def0ecd7b1aa88294b4aa81745a59c628ecace90",
            "messageTitle": "add padding between each ImageView and its Label",
            "messageBody": "",
            "fileTypesAndContributionMap": {
              "fxml": {
                "insertions": 5,
                "deletions": 2
              }
            }
          },
          {
            "hash": "72227b148ae678e54f7f212e4330c38e93ca8bb4",
            "messageTitle": "clip the ImageView into a circle",
            "messageBody": "",
            "fileTypesAndContributionMap": {
              "java": {
                "insertions": 3,
                "deletions": 1
              }
            }
          },
          {
            "hash": "9036c88935f982929dac4930d14ad7975af2fefd",
            "messageTitle": "add background colour to each DialogBox",
            "messageBody": "",
            "fileTypesAndContributionMap": {
              "fxml": {
                "insertions": 10,
                "deletions": 11
              }
            }
          }
        ]
      },
      {
        "insertions": 281,
        "deletions": 321,
        "date": "2020-02-09",
        "commitResults": [
          {
            "hash": "68f7668b7678c364cea6f740b69f59a3aa010cce",
            "messageTitle": "add new class:TypeOfError for enum",
            "messageBody": "",
            "fileTypesAndContributionMap": {
              "java": {
                "insertions": 26,
                "deletions": 29
              }
            }
          },
          {
            "hash": "30f78ecdc24079bd693008a5ac139ea703492e3f",
            "messageTitle": "GUI: add ability to load/ save from hard disk",
            "messageBody": "",
            "fileTypesAndContributionMap": {
              "java": {
                "insertions": 18,
                "deletions": 26
              }
            }
          },
          {
            "hash": "ac9114201a72ada701ba5e8cb6b076195eabbaa2",
            "messageTitle": "change updateFile() to abstract method",
            "messageBody": "",
            "fileTypesAndContributionMap": {
              "java": {
                "insertions": 13,
                "deletions": 18
              }
            }
          },
          {
            "hash": "82351b09bed4834206f3453f69f86091c74e88c3",
            "messageTitle": "handle more exceptions to prevent program from crashing",
            "messageBody": "",
            "fileTypesAndContributionMap": {
              "java": {
                "insertions": 91,
                "deletions": 112
              }
            }
          },
          {
            "hash": "a75a8a5a4a5821e3f25a25acf93668f0f0e225bf",
            "messageTitle": "update Duke.java main method",
            "messageBody": "",
            "fileTypesAndContributionMap": {
              "java": {
                "insertions": 16,
                "deletions": 10
              }
            }
          },
          {
            "hash": "0cbf1b55a5a9ad25c33ed20582a0f1503f0ead4b",
            "messageTitle": "generate new jar file",
            "messageBody": "",
            "fileTypesAndContributionMap": {
              "gradle": {
                "insertions": 1,
                "deletions": 1
              },
              "java": {
                "insertions": 3,
                "deletions": 7
              }
            }
          },
          {
            "hash": "53708e14f998f101a07a523386de816af8a80d32",
            "messageTitle": "add assertions under Duke.java and MainWindow.java",
            "messageBody": "",
            "tags": [
              "A-Assertions"
            ],
            "fileTypesAndContributionMap": {
              "java": {
                "insertions": 6,
                "deletions": 3
              }
            }
          },
          {
            "hash": "3c61f2935ecdfc00eed7f4817a2c322c61064018",
            "messageTitle": "edit code with deep nesting",
            "messageBody": "",
            "tags": [
              "A-CodeQuality"
            ],
            "fileTypesAndContributionMap": {
              "java": {
                "insertions": 107,
                "deletions": 115
              }
            }
          }
        ]
      },
      {
        "insertions": 58,
        "deletions": 1,
        "date": "2020-02-14",
        "commitResults": [
          {
            "hash": "2db31c6db93e2e89563c8239060a5fc1cb7ddc5c",
            "messageTitle": "add extension: add a way to easily edit details of items",
            "messageBody": "",
            "tags": [
              "C-Update"
            ],
            "fileTypesAndContributionMap": {
              "java": {
                "insertions": 58,
                "deletions": 1
              }
            }
          }
        ]
      },
      {
        "insertions": 201,
        "deletions": 84,
        "date": "2020-02-18",
        "commitResults": [
          {
            "hash": "bc4958981986434e9d4a405950c6ba3961748c41",
            "messageTitle": "edit Javadocs",
            "messageBody": "",
            "fileTypesAndContributionMap": {
              "java": {
                "insertions": 119,
                "deletions": 34
              }
            }
          },
          {
            "hash": "0d3eac924d0768f41eb9f34906cb1d6fc9bf080b",
            "messageTitle": "fix error in DukeBot not saving tasks in task list",
            "messageBody": "",
            "fileTypesAndContributionMap": {
              "java": {
                "insertions": 16,
                "deletions": 12
              }
            }
          },
          {
            "hash": "90a1a485115116aecb0f626701befb8fd374424e",
            "messageTitle": "add functionality of TaskList class",
            "messageBody": "",
            "fileTypesAndContributionMap": {
              "java": {
                "insertions": 35,
                "deletions": 15
              }
            }
          },
          {
            "hash": "3aa0914e06ffb521ae9103b703a145b059aca42b",
            "messageTitle": "change string processing of Deadline task to LocalDate",
            "messageBody": "",
            "fileTypesAndContributionMap": {
              "java": {
                "insertions": 31,
                "deletions": 23
              }
            }
          }
        ]
      },
      {
        "insertions": 479,
        "deletions": 207,
        "date": "2020-02-19",
        "commitResults": [
          {
            "hash": "4a9a206243a1658483bf08612776f1321db45ec6",
            "messageTitle": "handle more exceptions",
            "messageBody": "",
            "fileTypesAndContributionMap": {
              "java": {
                "insertions": 35,
                "deletions": 16
              }
            }
          },
          {
            "hash": "3be86f272123b032c3dddeb712e98679c75c756c",
            "messageTitle": "remove dead code",
            "messageBody": "",
            "fileTypesAndContributionMap": {
              "java": {
                "insertions": 19,
                "deletions": 106
              }
            }
          },
          {
            "hash": "659d975cb0813963f3a0440fc1629fb41421270c",
            "messageTitle": "give credit for reused work",
            "messageBody": "",
            "fileTypesAndContributionMap": {
              "java": {
                "insertions": 15,
                "deletions": 0
              }
            }
          },
          {
            "hash": "9c86a598fab61ba9da22dfa13a0da37cbb7b27fc",
            "messageTitle": "edit code according to coding standards",
            "messageBody": "",
            "fileTypesAndContributionMap": {
              "java": {
                "insertions": 46,
                "deletions": 36
              }
            }
          },
          {
            "hash": "46398a60f0028db6af018f12b4f9c2b07fed4573",
            "messageTitle": "edit code after using Checkstyle",
            "messageBody": "",
            "fileTypesAndContributionMap": {
              "java": {
                "insertions": 44,
                "deletions": 32
              }
            }
          },
          {
            "hash": "91fe6519ea31dc61a70c7dd8cb389146c7c4d353",
            "messageTitle": "add \u0027manual\u0027 command and add a user guide",
            "messageBody": "",
            "tags": [
              "A-UserGuide"
            ],
            "fileTypesAndContributionMap": {
              "java": {
                "insertions": 35,
                "deletions": 2
              },
              "md": {
                "insertions": 266,
                "deletions": 6
              }
            }
          },
          {
            "hash": "9181c06551676be8115a3b57e178f7cedbdc1516",
            "messageTitle": "update img source for user guide\u0027s start-up screen",
            "messageBody": "",
            "fileTypesAndContributionMap": {
              "md": {
                "insertions": 1,
                "deletions": 1
              }
            }
          },
          {
            "hash": "8d5e5fd06f58dda0cb707a1046ec30bd4538119d",
            "messageTitle": "update img source for user guide\u0027s todo",
            "messageBody": "",
            "fileTypesAndContributionMap": {
              "md": {
                "insertions": 1,
                "deletions": 1
              }
            }
          },
          {
            "hash": "a818c3d6fb326a0e93c1af34fd3b8e86a08ffab9",
            "messageTitle": "update img source for user guide\u0027s deadline",
            "messageBody": "",
            "fileTypesAndContributionMap": {
              "txt": {
                "insertions": 10,
                "deletions": 0
              },
              "md": {
                "insertions": 1,
                "deletions": 1
              }
            }
          },
          {
            "hash": "594068f0905e62a2a2edecdae527a3708e9aca79",
            "messageTitle": "update img source for user guide\u0027s event",
            "messageBody": "",
            "fileTypesAndContributionMap": {
              "md": {
                "insertions": 1,
                "deletions": 1
              }
            }
          },
          {
            "hash": "c358f4ae166c6ef6e30c982c2410252b1cb28016",
            "messageTitle": "standardise command used to add images",
            "messageBody": "",
            "tags": [
              "A-Release"
            ],
            "fileTypesAndContributionMap": {
              "md": {
                "insertions": 5,
                "deletions": 5
              }
            }
          }
        ]
      },
      {
        "insertions": 30,
        "deletions": 9,
        "date": "2020-02-20",
        "commitResults": [
          {
            "hash": "b0e361d8dc84bc62c515df8a63ad5fd015025814",
            "messageTitle": "handle error when invalid index for delete/ done is called",
            "messageBody": "",
            "fileTypesAndContributionMap": {
              "gradle": {
                "insertions": 15,
                "deletions": 5
              },
              "java": {
                "insertions": 13,
                "deletions": 2
              }
            }
          },
          {
            "hash": "f338565748b0138ef647ef5e23a7c53c9519f6b1",
            "messageTitle": "handle error of delete/ done for index equal to task list size",
            "messageBody": "",
            "fileTypesAndContributionMap": {
              "java": {
                "insertions": 2,
                "deletions": 2
              }
            }
          }
        ]
      },
      {
        "insertions": 115,
        "deletions": 90,
        "date": "2020-03-02",
        "commitResults": [
          {
            "hash": "c9690a207d12e1d87e281ac148ba4812ac046f46",
            "messageTitle": "update User Guide",
            "messageBody": "",
            "fileTypesAndContributionMap": {
              "md": {
                "insertions": 77,
                "deletions": 34
              }
            }
          },
          {
            "hash": "9eeb0652181e567cbf0d2bdc7a7899aa5c5431f3",
            "messageTitle": "remove hyperlink for User Guide",
            "messageBody": "",
            "fileTypesAndContributionMap": {
              "md": {
                "insertions": 20,
                "deletions": 20
              }
            }
          },
          {
            "hash": "c52d84b352846fb75e73410129c6af929b07781e",
            "messageTitle": "add title \u0027Table of Contents\u0027 for User Guide",
            "messageBody": "",
            "fileTypesAndContributionMap": {
              "md": {
                "insertions": 1,
                "deletions": 0
              }
            }
          },
          {
            "hash": "feae9aeb1c4909a44d8c5df4c9fde48c7b88bad0",
            "messageTitle": "edit formatting for \u0027Table of Contents\u0027 for User Guide",
            "messageBody": "",
            "fileTypesAndContributionMap": {
              "md": {
                "insertions": 17,
                "deletions": 35
              }
            }
          },
          {
            "hash": "988f77340d7822c8f341416ce79b7787b1150bc9",
            "messageTitle": "remove additional line space in User Guide",
            "messageBody": "",
            "fileTypesAndContributionMap": {
              "md": {
                "insertions": 0,
                "deletions": 1
              }
            }
          }
        ]
      }
    ]
  },
  "authorFinalContributionMap": {
    "FeliciaTay": 1489
  },
  "authorFileTypeContributionMap": {
    "FeliciaTay": {
      "java": 1001,
      "md": 285,
      "fxml": 51,
      "sh": 0,
      "bat": 22,
      "gradle": 38,
      "txt": 92
    }
  },
  "authorContributionVariance": {
    "FeliciaTay": 35674.2
  },
  "authorDisplayNameMap": {
    "FeliciaTay": "CS2103T-F10- 2 FELI.. YEE"
  }
}
