{
  "authorDailyContributionsMap": {
    "capeguy": [
      {
        "insertions": 20,
        "deletions": 1,
        "date": "2020-01-25",
        "commitResults": [
          {
            "hash": "a4461ec74457817e703eed8257c83228b0ee4067",
            "messageTitle": "Level 1: Greet, Echo, Exit",
            "messageBody": "",
            "tags": [
              "Level-1"
            ],
            "insertions": 20,
            "deletions": 1
          }
        ]
      },
      {
        "insertions": 387,
        "deletions": 146,
        "date": "2020-01-26",
        "commitResults": [
          {
            "hash": "c225c132739540db9397edc3f89d4751492394a7",
            "messageTitle": "Level 2. Add, List",
            "messageBody": "",
            "tags": [
              "Level-2"
            ],
            "insertions": 8,
            "deletions": 1
          },
          {
            "hash": "2dbd60d7e777977dbeb046228e41eeb767e83dbc",
            "messageTitle": "Level 3. Mark as Done",
            "messageBody": "",
            "tags": [
              "Level-3",
              "A-Classes"
            ],
            "insertions": 39,
            "deletions": 4
          },
          {
            "hash": "d9d44da0ec34df486607f77654d10f3623b5e014",
            "messageTitle": "A-TextUiTesting",
            "messageBody": "",
            "tags": [
              "A-TextUiTesting"
            ],
            "insertions": 80,
            "deletions": 0
          },
          {
            "hash": "68316f924a5e7fc6cdaf2bc20202559c5efb44f1",
            "messageTitle": "Reorganised Directories",
            "messageBody": "",
            "tags": [
              "Level-4",
              "A-Inheritance"
            ],
            "insertions": 89,
            "deletions": 29
          },
          {
            "hash": "d2f5e35537e7e54ef34ded687ba946f455fb0200",
            "messageTitle": "Level 5. Handle Errors",
            "messageBody": "",
            "tags": [
              "Level-5",
              "A-Exceptions"
            ],
            "insertions": 24,
            "deletions": 0
          },
          {
            "hash": "8ff589499581c754103ef2422192272e3aeecf47",
            "messageTitle": "Level 6. Delete",
            "messageBody": "",
            "tags": [
              "A-Collections"
            ],
            "insertions": 115,
            "deletions": 67
          },
          {
            "hash": "f22b2360ebc122352412c38e4acd81506d25dcc4",
            "messageTitle": "Minor improvements to command handling",
            "messageBody": "",
            "insertions": 20,
            "deletions": 36
          },
          {
            "hash": "a50515586ef5957661625babe6f4195915896f27",
            "messageTitle": "A-Enums",
            "messageBody": "",
            "tags": [
              "Level-6",
              "A-Enums"
            ],
            "insertions": 12,
            "deletions": 9
          }
        ]
      },
      {
        "insertions": 421,
        "deletions": 145,
        "date": "2020-01-28",
        "commitResults": [
          {
            "hash": "33d1029c59d35e9a6c9647a83bca42f153bca8c6",
            "messageTitle": "Level-7. Save",
            "messageBody": "",
            "tags": [
              "Level-7"
            ],
            "insertions": 80,
            "deletions": 1
          },
          {
            "hash": "11753e7b8d4415bf92779ec2cbd98be49cac8302",
            "messageTitle": "Level 8. Dates and Times",
            "messageBody": "",
            "insertions": 60,
            "deletions": 10
          },
          {
            "hash": "f216353c1caf6fa3e9cacf90f4fad4238be619bd",
            "messageTitle": "A-MoreOOP",
            "messageBody": "",
            "insertions": 281,
            "deletions": 134
          }
        ]
      },
      {
        "insertions": 390,
        "deletions": 158,
        "date": "2020-01-29",
        "commitResults": [
          {
            "hash": "824b39ac166c5749078b0a6fb0d5402a2b3dd1b8",
            "messageTitle": "A-MoreOOP: Reorganised Classes",
            "messageBody": "",
            "tags": [
              "A-MoreOOP"
            ],
            "insertions": 191,
            "deletions": 143
          },
          {
            "hash": "527d2312d0a46613b0d142fca9187c3e050ecc5d",
            "messageTitle": "A-Packages: Reorganised Classes into Packages",
            "messageBody": "",
            "tags": [
              "A-Packages"
            ],
            "insertions": 113,
            "deletions": 7
          },
          {
            "hash": "c0a3cd1cf87ca130b0b953749c9bfebdf0dd8a73",
            "messageTitle": "A-Gradle: Implemented Gradle A-JUnit: Implemented JUnit",
            "messageBody": "",
            "tags": [
              "v0.1",
              "A-Jar",
              "A-JUnit",
              "A-Gradle",
              "A-CheckStyle"
            ],
            "insertions": 86,
            "deletions": 8
          }
        ]
      },
      {
        "insertions": 111,
        "deletions": 61,
        "date": "2020-01-31",
        "commitResults": [
          {
            "hash": "09c5062955cad171cc259e1997667fe48eab7e1b",
            "messageTitle": "A-CodingStandard",
            "messageBody": "",
            "insertions": 105,
            "deletions": 55
          },
          {
            "hash": "c39a8edbb34ccfd231165fe500888c7293eda873",
            "messageTitle": "Code Style Updated",
            "messageBody": "",
            "tags": [
              "A-CodingStandard"
            ],
            "insertions": 6,
            "deletions": 6
          }
        ]
      },
      {
        "insertions": 477,
        "deletions": 66,
        "date": "2020-02-01",
        "commitResults": [
          {
            "hash": "468834eb2583cdd880bedf47c9236cd24aa2b92c",
            "messageTitle": "Level 9: Find",
            "messageBody": "",
            "tags": [
              "Level-9"
            ],
            "insertions": 143,
            "deletions": 43
          },
          {
            "hash": "3d435dc27859779ee7272dd8a0ffc41d5325663a",
            "messageTitle": "A-JavaDoc",
            "messageBody": "",
            "tags": [
              "A-JavaDoc"
            ],
            "insertions": 334,
            "deletions": 23
          }
        ]
      },
      {
        "insertions": 322,
        "deletions": 27,
        "date": "2020-02-04",
        "commitResults": [
          {
            "hash": "9c3593e102703f314919f18f919daae6a3af4bab",
            "messageTitle": "Level-10",
            "messageBody": "",
            "tags": [
              "Level-10",
              "A-JavaFX"
            ],
            "insertions": 300,
            "deletions": 16
          },
          {
            "hash": "96d6d544b53577119717a04aa424d22ff152140a",
            "messageTitle": "A-Varargs",
            "messageBody": "",
            "tags": [
              "A-Varargs"
            ],
            "insertions": 22,
            "deletions": 11
          }
        ]
      },
      {
        "insertions": 6,
        "deletions": 0,
        "date": "2020-02-16",
        "commitResults": [
          {
            "hash": "3bdb590a3ebfce6f9db8a962b3572e0640f366c6",
            "messageTitle": "A-Assertions: Added more assertions",
            "messageBody": "",
            "insertions": 6,
            "deletions": 0
          }
        ]
      },
      {
        "insertions": 284,
        "deletions": 27,
        "date": "2020-02-17",
        "commitResults": [
          {
            "hash": "ee0ff107044f2f4a91d9220bd8f811f8feea9bde",
            "messageTitle": "B-Snooze: Updated functionality",
            "messageBody": "",
            "tags": [
              "B-Snooze"
            ],
            "insertions": 122,
            "deletions": 19
          },
          {
            "hash": "ed8e6eceb100aba85f14358696bebedacf30f686",
            "messageTitle": "A-UserGuide",
            "messageBody": "",
            "tags": [
              "v0.2",
              "A-Release"
            ],
            "insertions": 162,
            "deletions": 8
          }
        ]
      }
    ]
  },
  "authorFinalContributionMap": {
    "capeguy": 1754
  },
  "authorFileTypeContributionMap": {
    "capeguy": {
      "java": 1465,
      "md": 151,
      "fxml": 38,
      "sh": 34,
      "bat": 0,
      "gradle": 41,
      "txt": 25
    }
  },
  "authorContributionVariance": {
    "capeguy": 33054.094
  },
  "authorDisplayNameMap": {
    "capeguy": "CS2103T-W13- 4 LAU ..AMIN"
  }
}
