{
  "authorDailyContributionsMap": {
    "ErnTekTeoh": [
      {
        "insertions": 230,
        "deletions": 48,
        "date": "2020-01-21",
        "commitResults": [
          {
            "hash": "cb6eb63c27b8f7e908786a8724723768523c57f1",
            "messageTitle": "Completed Level-1",
            "messageBody": "",
            "tags": [
              "Level-1"
            ],
            "insertions": 16,
            "deletions": 6
          },
          {
            "hash": "42be50fed37eaeb9a5666b66c9a1420fc49a16c8",
            "messageTitle": "Completed Level-2",
            "messageBody": "",
            "tags": [
              "Level-2"
            ],
            "insertions": 16,
            "deletions": 4
          },
          {
            "hash": "eea7b64699efc17f990f79450ba18064d9fa795f",
            "messageTitle": "Completed Level-3",
            "messageBody": "",
            "tags": [
              "Level-3",
              "A-Classes"
            ],
            "insertions": 41,
            "deletions": 4
          },
          {
            "hash": "e7cb5c01f9db83c17bdf7c5ddcc3e67e3028e34f",
            "messageTitle": "Completed Level-4 + A-Inheritance",
            "messageBody": "",
            "tags": [
              "Level-4",
              "A-Inheritance"
            ],
            "insertions": 113,
            "deletions": 7
          },
          {
            "hash": "222ba94a7fd586c858a7b4f0ffa9f488a30b7d6c",
            "messageTitle": "Completed Level-5 + A-Exceptions",
            "messageBody": "",
            "tags": [
              "Level-5",
              "A-Exceptions"
            ],
            "insertions": 44,
            "deletions": 27
          }
        ]
      },
      {
        "insertions": 31,
        "deletions": 24,
        "date": "2020-01-22",
        "commitResults": [
          {
            "hash": "522beda954713bbe04934e80f1f39de425fd3157",
            "messageTitle": "Completed Level-6",
            "messageBody": "",
            "tags": [
              "Level-6"
            ],
            "insertions": 13,
            "deletions": 0
          },
          {
            "hash": "aa58a36d2a7b4f92c385181d043b6223b6afe04e",
            "messageTitle": "Completed A-Collections",
            "messageBody": "",
            "tags": [
              "A-Collections"
            ],
            "insertions": 18,
            "deletions": 24
          }
        ]
      },
      {
        "insertions": 448,
        "deletions": 93,
        "date": "2020-01-31",
        "commitResults": [
          {
            "hash": "d8c8eb7e0f9d084eeb2ce48d678b58b23a954bcc",
            "messageTitle": "Completed Level-7",
            "messageBody": "",
            "tags": [
              "Level-7"
            ],
            "insertions": 219,
            "deletions": 33
          },
          {
            "hash": "a0fdd33dfa962211469c03160beec932e5dfe679",
            "messageTitle": "Completed Level-8 + Stretch goal",
            "messageBody": "",
            "insertions": 229,
            "deletions": 60
          }
        ]
      },
      {
        "insertions": 743,
        "deletions": 265,
        "date": "2020-02-01",
        "commitResults": [
          {
            "hash": "698c4030169b6e5ce88d386e1379acfabfac4ff8",
            "messageTitle": "Completed A-MoreOOP",
            "messageBody": "",
            "tags": [
              "A-MoreOOP"
            ],
            "insertions": 459,
            "deletions": 179
          },
          {
            "hash": "cd0877839614ab545cb4acc37d563586b32c0386",
            "messageTitle": "Minor refactoring",
            "messageBody": "",
            "insertions": 42,
            "deletions": 1
          },
          {
            "hash": "9ac76bde739efdc6da3311751475543b0ff652c9",
            "messageTitle": "Completed A-JavaDoc",
            "messageBody": "",
            "tags": [
              "A-JavaDoc",
              "A-CodingStandard"
            ],
            "insertions": 124,
            "deletions": 18
          },
          {
            "hash": "cfc86ef17c45b0dc34129322b2fd8fd0f5812708",
            "messageTitle": "A-Packages",
            "messageBody": "",
            "tags": [
              "A-Packages"
            ],
            "insertions": 68,
            "deletions": 67
          },
          {
            "hash": "bf0106e51b047117ec8fdf05d0995ca45d430277",
            "messageTitle": "Completed Level-9",
            "messageBody": "",
            "tags": [
              "Level-9"
            ],
            "insertions": 50,
            "deletions": 0
          }
        ]
      },
      {
        "insertions": 56,
        "deletions": 0,
        "date": "2020-02-03",
        "commitResults": [
          {
            "hash": "bcff4133dbe3d6cbf5422ab73e5f690c1fb1defd",
            "messageTitle": "Completed A-JUnit",
            "messageBody": "",
            "tags": [
              "A-Jar",
              "A-JUnit"
            ],
            "insertions": 56,
            "deletions": 0
          }
        ]
      },
      {
        "insertions": 808,
        "deletions": 114,
        "date": "2020-02-05",
        "commitResults": [
          {
            "hash": "dde7e8653df83c6bf7eaca5aa5aee99d9a0091f1",
            "messageTitle": "Completed Level-10",
            "messageBody": "",
            "tags": [
              "Level-10"
            ],
            "insertions": 703,
            "deletions": 114
          },
          {
            "hash": "701505a234a666dcbb03259fe543ed5fca9f6e51",
            "messageTitle": "Completed A-Gradle",
            "messageBody": "",
            "tags": [
              "A-Gradle"
            ],
            "insertions": 105,
            "deletions": 0
          }
        ]
      },
      {
        "insertions": 160,
        "deletions": 166,
        "date": "2020-02-11",
        "commitResults": [
          {
            "hash": "994d6e04bcbf8f8075dfdd43dccd3f7d6b5048ec",
            "messageTitle": "Completed A-Assertions + solve dependency issue from previous merge",
            "messageBody": "",
            "tags": [
              "A-Assertions"
            ],
            "insertions": 153,
            "deletions": 164
          },
          {
            "hash": "eedd5ef159aefb7d2df1f21cac5d3617f4fdb1c1",
            "messageTitle": "Completed A-CodeQuality",
            "messageBody": "",
            "tags": [
              "A-CodeQuality"
            ],
            "insertions": 7,
            "deletions": 2
          }
        ]
      }
    ]
  },
  "authorFinalContributionMap": {
    "ErnTekTeoh": 1664
  },
  "authorFileTypeContributionMap": {
    "ErnTekTeoh": {
      "java": 1530,
      "md": 0,
      "fxml": 76,
      "sh": 0,
      "bat": 0,
      "gradle": 42,
      "txt": 16
    }
  },
  "authorContributionVariance": {
    "ErnTekTeoh": 67006.57
  },
  "authorDisplayNameMap": {
    "ErnTekTeoh": "CS2103-T09- 1 TEOH.. TEK"
  }
}
