{
  "authorDailyContributionsMap": {
    "ErnTekTeoh": [
      {
        "insertions": 230,
        "deletions": 48,
        "date": "2020-01-21",
        "commitResults": [
          {
            "hash": "cb6eb63c27b8f7e908786a8724723768523c57f1",
            "messageTitle": "Completed Level-1",
            "messageBody": "",
            "insertions": 16,
            "deletions": 6
          },
          {
            "hash": "42be50fed37eaeb9a5666b66c9a1420fc49a16c8",
            "messageTitle": "Completed Level-2",
            "messageBody": "",
            "insertions": 16,
            "deletions": 4
          },
          {
            "hash": "eea7b64699efc17f990f79450ba18064d9fa795f",
            "messageTitle": "Completed Level-3",
            "messageBody": "",
            "insertions": 41,
            "deletions": 4
          },
          {
            "hash": "e7cb5c01f9db83c17bdf7c5ddcc3e67e3028e34f",
            "messageTitle": "Completed Level-4 + A-Inheritance",
            "messageBody": "",
            "insertions": 113,
            "deletions": 7
          },
          {
            "hash": "222ba94a7fd586c858a7b4f0ffa9f488a30b7d6c",
            "messageTitle": "Completed Level-5 + A-Exceptions",
            "messageBody": "",
            "insertions": 44,
            "deletions": 27
          }
        ]
      },
      {
        "insertions": 31,
        "deletions": 24,
        "date": "2020-01-22",
        "commitResults": [
          {
            "hash": "522beda954713bbe04934e80f1f39de425fd3157",
            "messageTitle": "Completed Level-6",
            "messageBody": "",
            "insertions": 13,
            "deletions": 0
          },
          {
            "hash": "aa58a36d2a7b4f92c385181d043b6223b6afe04e",
            "messageTitle": "Completed A-Collections",
            "messageBody": "",
            "insertions": 18,
            "deletions": 24
          }
        ]
      },
      {
        "insertions": 451,
        "deletions": 93,
        "date": "2020-01-31",
        "commitResults": [
          {
            "hash": "d8c8eb7e0f9d084eeb2ce48d678b58b23a954bcc",
            "messageTitle": "Completed Level-7",
            "messageBody": "",
            "insertions": 219,
            "deletions": 33
          },
          {
            "hash": "7ca04efb6b9be0f3606ce3379d0e8ee43da8e3d0",
            "messageTitle": "Changed gitignore",
            "messageBody": "",
            "insertions": 3,
            "deletions": 0
          },
          {
            "hash": "a0fdd33dfa962211469c03160beec932e5dfe679",
            "messageTitle": "Completed Level-8 + Stretch goal",
            "messageBody": "",
            "insertions": 229,
            "deletions": 60
          }
        ]
      },
      {
        "insertions": 743,
        "deletions": 265,
        "date": "2020-02-01",
        "commitResults": [
          {
            "hash": "698c4030169b6e5ce88d386e1379acfabfac4ff8",
            "messageTitle": "Completed A-MoreOOP",
            "messageBody": "",
            "insertions": 459,
            "deletions": 179
          },
          {
            "hash": "cd0877839614ab545cb4acc37d563586b32c0386",
            "messageTitle": "Minor refactoring",
            "messageBody": "",
            "insertions": 42,
            "deletions": 1
          },
          {
            "hash": "9ac76bde739efdc6da3311751475543b0ff652c9",
            "messageTitle": "Completed A-JavaDoc",
            "messageBody": "",
            "insertions": 124,
            "deletions": 18
          },
          {
            "hash": "cfc86ef17c45b0dc34129322b2fd8fd0f5812708",
            "messageTitle": "A-Packages",
            "messageBody": "",
            "insertions": 68,
            "deletions": 67
          },
          {
            "hash": "bf0106e51b047117ec8fdf05d0995ca45d430277",
            "messageTitle": "Completed Level-9",
            "messageBody": "",
            "insertions": 50,
            "deletions": 0
          }
        ]
      },
      {
        "insertions": 56,
        "deletions": 0,
        "date": "2020-02-03",
        "commitResults": [
          {
            "hash": "bcff4133dbe3d6cbf5422ab73e5f690c1fb1defd",
            "messageTitle": "Completed A-JUnit",
            "messageBody": "",
            "insertions": 56,
            "deletions": 0
          }
        ]
      }
    ]
  },
  "authorFinalContributionMap": {
    "ErnTekTeoh": 1081
  },
  "authorFileTypeContributionMap": {
    "ErnTekTeoh": {
      "gitignore": 3,
      "java": 55,
      "java": 35,
      "java": 44,
      "java": 45,
      "java": 26,
      "java": 46,
      "java": 49,
      "java": 18,
      "java": 36,
      "java": 22,
      "java": 75,
      "java": 80,
      "java": 68,
      "java": 26,
      "java": 4,
      "java": 5,
      "java": 107,
      "java": 150,
      "java": 73,
      "java": 44,
      "txt": 15,
      "java": 14,
      "java": 19,
      "java": 22
    }
  },
  "authorContributionVariance": {
    "ErnTekTeoh": 41093.98
  },
  "authorDisplayNameMap": {
    "ErnTekTeoh": "CS2103-T09- 1 TEOH.. TEK"
  }
}
