{
  "authorDailyContributionsMap": {
    "BransonNg": [
      {
        "insertions": 129,
        "deletions": 15,
        "date": "2020-01-21",
        "commitResults": [
          {
            "hash": "362e3590fc8374aae2b66921041321b6f47f3566",
            "messageTitle": "Add echo functionality to the bot",
            "messageBody": "",
            "insertions": 106,
            "deletions": 12
          },
          {
            "hash": "acf01139998a48dcaf71b907016fc3d9a78fa901",
            "messageTitle": "Add list adding and displaying",
            "messageBody": "",
            "insertions": 23,
            "deletions": 3
          }
        ]
      },
      {
        "insertions": 356,
        "deletions": 61,
        "date": "2020-01-22",
        "commitResults": [
          {
            "hash": "18c3570ffe16a99ab3f14a622f10313f7ccee8c6",
            "messageTitle": "Add mark done functionality and Task class",
            "messageBody": "",
            "insertions": 42,
            "deletions": 7
          },
          {
            "hash": "55acf2fb280a1fe0ea77b8bcdc6bd66d7c8db614",
            "messageTitle": "Add Event, Deadline and Todo Provide error handling for done out of range Provide error handling for invalid input by users",
            "messageBody": "",
            "insertions": 132,
            "deletions": 28
          },
          {
            "hash": "59892184365e752d17b152a0dacdc2fc5dbcd50a",
            "messageTitle": "Adjusted formatting of output",
            "messageBody": "",
            "insertions": 37,
            "deletions": 26
          },
          {
            "hash": "ce7ababd7d5a1e7dba15c6380afd6119b28a6f40",
            "messageTitle": "Added text testing",
            "messageBody": "",
            "insertions": 145,
            "deletions": 0
          }
        ]
      },
      {
        "insertions": 227,
        "deletions": 97,
        "date": "2020-01-23",
        "commitResults": [
          {
            "hash": "7a616d13c994917a331eb707eaff9ffcf391f609",
            "messageTitle": "Add error Handling and new test cases",
            "messageBody": "",
            "insertions": 125,
            "deletions": 42
          },
          {
            "hash": "2be948dea1a926c96f272088640497fe2c6f7443",
            "messageTitle": "Add deleting and error handling for delete",
            "messageBody": "",
            "insertions": 22,
            "deletions": 10
          },
          {
            "hash": "8c1bb5b91071626d91e42dff42823160b4278039",
            "messageTitle": "Update test cases for deleting and delete error handling",
            "messageBody": "",
            "insertions": 38,
            "deletions": 1
          },
          {
            "hash": "c3af32e6c977fbe140c1f964ecad5b050ff66c9d",
            "messageTitle": "Cleanup",
            "messageBody": "",
            "insertions": 27,
            "deletions": 40
          },
          {
            "hash": "c6063574bd34f64d677a07502a13497761029a18",
            "messageTitle": "Add better regex for input checking",
            "messageBody": "",
            "insertions": 15,
            "deletions": 4
          }
        ]
      },
      {
        "insertions": 1040,
        "deletions": 643,
        "date": "2020-01-24",
        "commitResults": [
          {
            "hash": "49c6f94b280bae2d3ddf86fa3c96b22863cecbdc",
            "messageTitle": "handle saving",
            "messageBody": "",
            "insertions": 126,
            "deletions": 7
          },
          {
            "hash": "bf1f9a4b45e01892d92b37177e0e1ec1bbeceba7",
            "messageTitle": "Handle datetime",
            "messageBody": "",
            "insertions": 173,
            "deletions": 97
          },
          {
            "hash": "972ce3e1053b46a9c282ca5752624160805b2623",
            "messageTitle": "Handle text testing with storage",
            "messageBody": "",
            "insertions": 44,
            "deletions": 28
          },
          {
            "hash": "7b526d37c093879434a0cbcbda17fe783021c261",
            "messageTitle": "update text testing expected files",
            "messageBody": "",
            "insertions": 3,
            "deletions": 3
          },
          {
            "hash": "c186fd529b37f9ed0f744fdc553f15071fde80da",
            "messageTitle": "Add timedtask",
            "messageBody": "",
            "insertions": 43,
            "deletions": 40
          },
          {
            "hash": "61953546b72d25c50add221688756b5e651ccd31",
            "messageTitle": "Add enums",
            "messageBody": "",
            "insertions": 41,
            "deletions": 14
          },
          {
            "hash": "dc6093b2883ebd8c4b830b7077f43c5b3636eeae",
            "messageTitle": "Create TaskList",
            "messageBody": "",
            "insertions": 74,
            "deletions": 31
          },
          {
            "hash": "54ff2d93d3f82a1d330c102fae2e5900859c5ea2",
            "messageTitle": "Split into more classes",
            "messageBody": "",
            "insertions": 128,
            "deletions": 49
          },
          {
            "hash": "cfc4648f068ab54726b4b2e7035364cbc4d1b58b",
            "messageTitle": "add jar file",
            "messageBody": "",
            "insertions": 0,
            "deletions": 1
          },
          {
            "hash": "fb71dd3f87380cba45c0d271a7c1937ffacb05fe",
            "messageTitle": "attempt at testing",
            "messageBody": "",
            "insertions": 37,
            "deletions": 0
          },
          {
            "hash": "437367ad13579ec927ac22549d97d750d23aab74",
            "messageTitle": "Attempt at using vscode to do checkstyle",
            "messageBody": "",
            "insertions": 371,
            "deletions": 373
          }
        ]
      },
      {
        "insertions": 318,
        "deletions": 27,
        "date": "2020-01-25",
        "commitResults": [
          {
            "hash": "6dfc0e74918234114f414804cc7f178910deea1d",
            "messageTitle": "Add search functionality",
            "messageBody": "",
            "insertions": 87,
            "deletions": 25
          },
          {
            "hash": "b9e0eb5608dc666cf779b509e22175506c9492b6",
            "messageTitle": "Add javaFX dependency",
            "messageBody": "",
            "insertions": 6,
            "deletions": 0
          },
          {
            "hash": "ff555d2639f968aaf590c1b6c0857f09b14c85a7",
            "messageTitle": "attempt at javaFx",
            "messageBody": "",
            "insertions": 225,
            "deletions": 2
          }
        ]
      },
      {
        "insertions": 349,
        "deletions": 372,
        "date": "2020-01-29",
        "commitResults": [
          {
            "hash": "dd0166194984cbfa90e92e05d774aa4afc6df18b",
            "messageTitle": "Add google-java-format checkstyle",
            "messageBody": "",
            "insertions": 92,
            "deletions": 324
          },
          {
            "hash": "0d2e3fe6ed912053d31a72fff02838e2979694d1",
            "messageTitle": "Add tests",
            "messageBody": "",
            "insertions": 95,
            "deletions": 30
          },
          {
            "hash": "458db3508f17171bf2bd067f306948fd31fa358f",
            "messageTitle": "formatted",
            "messageBody": "",
            "insertions": 9,
            "deletions": 9
          },
          {
            "hash": "c0c42c1544b83f11828932ec62554d298db6ca13",
            "messageTitle": "JavaDoc added",
            "messageBody": "",
            "insertions": 153,
            "deletions": 9
          }
        ]
      },
      {
        "insertions": 181,
        "deletions": 143,
        "date": "2020-02-01",
        "commitResults": [
          {
            "hash": "6dcda97d0313d1b35edc154565061d124747da3c",
            "messageTitle": "stitched",
            "messageBody": "",
            "insertions": 28,
            "deletions": 32
          },
          {
            "hash": "a4024314041d0674a8bbcbee8cc6c226031a5262",
            "messageTitle": "remove images",
            "messageBody": "",
            "insertions": 15,
            "deletions": 8
          },
          {
            "hash": "42d362f9fb4365fd01759f8bec1a5b2869140659",
            "messageTitle": "javaFx shows",
            "messageBody": "",
            "insertions": 18,
            "deletions": 5
          },
          {
            "hash": "cc9c1b666afe84734fc85b5a0d9d1e16a96c67e6",
            "messageTitle": "javaFx CONNECTED",
            "messageBody": "",
            "insertions": 31,
            "deletions": 12
          },
          {
            "hash": "79214c74fbdd5128454b8e41e3bb1c0b0f1d3175",
            "messageTitle": "Add images",
            "messageBody": "",
            "insertions": 18,
            "deletions": 24
          },
          {
            "hash": "b04156f9867d9c748d85306e7cddfd66a17a9d0a",
            "messageTitle": "add bye closing command",
            "messageBody": "",
            "insertions": 12,
            "deletions": 1
          },
          {
            "hash": "2ecea9636e5ed24fee7298ff6d3611efaa7a220b",
            "messageTitle": "Formatted code",
            "messageBody": "",
            "insertions": 41,
            "deletions": 48
          },
          {
            "hash": "cf5ee70f6368110341c43e8e097b1c8e22517e95",
            "messageTitle": "reorganized controllers",
            "messageBody": "",
            "insertions": 8,
            "deletions": 9
          },
          {
            "hash": "3becbfc13b11be418df504cc4b090de2bef095f2",
            "messageTitle": "fix delete regex bug",
            "messageBody": "",
            "insertions": 1,
            "deletions": 1
          },
          {
            "hash": "fdbc3f76bdb3aa46c4d5a1d3dc97c31adaf26f1d",
            "messageTitle": "Replace label with text tag so that text content is not shrunk",
            "messageBody": "",
            "insertions": 9,
            "deletions": 3
          }
        ]
      }
    ]
  },
  "authorFinalContributionMap": {
    "BransonNg": 1511
  },
  "authorFileTypeContributionMap": {
    "BransonNg": {
      "classpath": 24,
      "gitignore": 2,
      "project": 23,
      "prefs": 2,
      "gradle": 58,
      "java": 8,
      "java": 56,
      "java": 10,
      "java": 29,
      "java": 56,
      "java": 133,
      "java": 85,
      "java": 156,
      "java": 7,
      "java": 167,
      "java": 72,
      "java": 28,
      "java": 27,
      "java": 27,
      "java": 98,
      "java": 27,
      "java": 11,
      "fxml": 17,
      "fxml": 21,
      "java": 34,
      "java": 30,
      "java": 32,
      "txt": 23,
      "TXT": 103,
      "txt": 103,
      "txt": 2,
      "txt": 14,
      "bat": 24,
      "txt": 2
    }
  },
  "authorContributionVariance": {
    "BransonNg": 115025.27
  },
  "authorDisplayNameMap": {
    "BransonNg": "CS2103T-W16- 1 BRAN..SWEE"
  }
}
