{
  "authorDailyContributionsMap": {
    "nathanaelseen": [
      {
        "insertions": 398,
        "deletions": 64,
        "date": "2020-01-26",
        "commitResults": [
          {
            "hash": "0e75d5514e666ed282f8a26c7cf871be5112ba67",
            "messageTitle": "Duke.java: change welcome message",
            "messageBody": "",
            "insertions": 4,
            "deletions": 6
          },
          {
            "hash": "08744cdb4764450203f6092dddcc9d6dd4ab2a59",
            "messageTitle": "Duke.java: echo for commands",
            "messageBody": "",
            "insertions": 16,
            "deletions": 0
          },
          {
            "hash": "4982d3b16ac7aa11e31fb76f717ca8a7051ab479",
            "messageTitle": "Duke.java: exception handler for IO",
            "messageBody": "",
            "insertions": 3,
            "deletions": 1
          },
          {
            "hash": "8ac9e735e15f5eb3ee11dd38b9a760b531e537a9",
            "messageTitle": "Duke.java: support for application exit",
            "messageBody": "",
            "tags": [
              "Level-1"
            ],
            "insertions": 8,
            "deletions": 1
          },
          {
            "hash": "46fd3ff2e64f646262d172da598951f5ae099481",
            "messageTitle": "Add support for adding and listing tasks",
            "messageBody": "",
            "tags": [
              "Level-2"
            ],
            "insertions": 25,
            "deletions": 7
          },
          {
            "hash": "13b20876d2e3c11a42dea06132afd65ffe9adb66",
            "messageTitle": "Add Task.java",
            "messageBody": "",
            "insertions": 25,
            "deletions": 0
          },
          {
            "hash": "338b0b41ed7fee770bc9f4d689885b9067d47b68",
            "messageTitle": "Add support for marking tasks as done",
            "messageBody": "",
            "tags": [
              "Level-3"
            ],
            "insertions": 31,
            "deletions": 23
          },
          {
            "hash": "868115fd82a15cacd456bd5dacc6a99eea70eacc",
            "messageTitle": "Add Event.java, Todo.java, Deadline.java",
            "messageBody": "",
            "insertions": 37,
            "deletions": 0
          },
          {
            "hash": "817472cc2f5a303689320271a9fab6dad475e4d1",
            "messageTitle": "Add support for Todo, Deadline, and Event",
            "messageBody": "",
            "insertions": 35,
            "deletions": 4
          },
          {
            "hash": "51d2e20a2b7c3ad92cb2515f0db7e32a3615677d",
            "messageTitle": "Task.java: Change to Abstract class",
            "messageBody": "",
            "tags": [
              "Level-4"
            ],
            "insertions": 1,
            "deletions": 1
          },
          {
            "hash": "620282187854fafc3c373fa6b641650b924935c7",
            "messageTitle": "Add runtime.sh (under text-ui-test)",
            "messageBody": "",
            "insertions": 34,
            "deletions": 0
          },
          {
            "hash": "bbb15575fe3e67fcb1e616a3e0c435137e793268",
            "messageTitle": "Add input.txt, EXPECTED.txt, and modify runtime.sh and .gitignore",
            "messageBody": "",
            "tags": [
              "A-TextUiTesting"
            ],
            "insertions": 69,
            "deletions": 1
          },
          {
            "hash": "e5cf293230e333294d7b9341e00850b4b6077c1f",
            "messageTitle": "Add DukeException.java",
            "messageBody": "",
            "insertions": 7,
            "deletions": 0
          },
          {
            "hash": "9cc2ff68392661929e86bd3d55b9df3b871cf03b",
            "messageTitle": "Exception handling for invalid todo command",
            "messageBody": "",
            "insertions": 12,
            "deletions": 1
          },
          {
            "hash": "19d33b359dc838c4b77e1e2f4731ff63086aa255",
            "messageTitle": "Exception handling for invalid deadline, event, and unrecognised commands",
            "messageBody": "",
            "insertions": 39,
            "deletions": 9
          },
          {
            "hash": "019cf97aac42c22d5a17d9aa27b2dcad77fb3c4c",
            "messageTitle": "Exception handling for invalid mark task done command",
            "messageBody": "",
            "insertions": 18,
            "deletions": 2
          },
          {
            "hash": "5f25a92930cf021a378937df481c8cdff094406e",
            "messageTitle": "Support for greater flexibility of mark task done command with variable whitespaces",
            "messageBody": "",
            "insertions": 1,
            "deletions": 1
          },
          {
            "hash": "cf45de44eb2b690e0bc180a1f72693881b7af1a6",
            "messageTitle": "Added greater flexibility of todo command with variable whitespaces",
            "messageBody": "",
            "insertions": 1,
            "deletions": 1
          },
          {
            "hash": "25bc819fdaff865d3265a68f72fa17ccde4ebc09",
            "messageTitle": "Added greater flexibility of event and deadline command with variable whitespaces",
            "messageBody": "",
            "insertions": 4,
            "deletions": 4
          },
          {
            "hash": "c88f662620a26973f42ae1a43a8d1b4d7f4e3cba",
            "messageTitle": "Added greater flexibility for commands to have trailing and leading whitespaces",
            "messageBody": "",
            "tags": [
              "Level-5"
            ],
            "insertions": 1,
            "deletions": 1
          },
          {
            "hash": "6ba493c87be2758406492b6cff9142157d04b185",
            "messageTitle": "Add support for task deletion",
            "messageBody": "",
            "tags": [
              "Level-6"
            ],
            "insertions": 27,
            "deletions": 1
          }
        ]
      },
      {
        "insertions": 104,
        "deletions": 93,
        "date": "2020-01-27",
        "commitResults": [
          {
            "hash": "a7348483830a48c5a0374d5c64b85cbc9b4e83e2",
            "messageTitle": "Modularise common procedures for validating the various task commands",
            "messageBody": "",
            "insertions": 74,
            "deletions": 62
          },
          {
            "hash": "c289a4151e54987dfd2c5a9883016000e2f2a478",
            "messageTitle": "Invert if-condition for better code readability",
            "messageBody": "",
            "insertions": 30,
            "deletions": 31
          }
        ]
      },
      {
        "insertions": 564,
        "deletions": 247,
        "date": "2020-01-30",
        "commitResults": [
          {
            "hash": "8fd4fe3f0ee04db17b9a5999a4019b084fc9708c",
            "messageTitle": "Add support for reading tasks from file",
            "messageBody": "",
            "insertions": 60,
            "deletions": 4
          },
          {
            "hash": "655e4729c995c27caae4195b52ddf9ab4f7379fe",
            "messageTitle": "Add support for writing tasks to file",
            "messageBody": "",
            "insertions": 74,
            "deletions": 6
          },
          {
            "hash": "4cd95c0349d80136b4d8166a1824a58fb3dee3ce",
            "messageTitle": "Add support for recognising dates for Deadlines and Events",
            "messageBody": "",
            "insertions": 15,
            "deletions": 8
          },
          {
            "hash": "43c02b4f390a146fabc3a62019a56d19b92e42af",
            "messageTitle": "Fix bugs after merge branch-Level-7 and branch-Level-8",
            "messageBody": "",
            "insertions": 6,
            "deletions": 6
          },
          {
            "hash": "9fe2f3a26eeaee9951952224008f0d088f02941f",
            "messageTitle": "Modularise code to be more OOP style",
            "messageBody": "",
            "tags": [
              "A-MoreOOP"
            ],
            "insertions": 376,
            "deletions": 222
          },
          {
            "hash": "df683135b84bdc2be7b913620081eeb490a8358a",
            "messageTitle": "Add simple JUnit Test for Event and Deadline class",
            "messageBody": "",
            "tags": [
              "A-JUnit"
            ],
            "insertions": 33,
            "deletions": 1
          }
        ]
      },
      {
        "insertions": 127,
        "deletions": 94,
        "date": "2020-01-31",
        "commitResults": [
          {
            "hash": "7f51cea53cdd3a72079070fbc1575b2cd85c29a9",
            "messageTitle": "Clean up imports",
            "messageBody": "",
            "insertions": 4,
            "deletions": 17
          },
          {
            "hash": "8ce44f29728c1f1b60bfbbc3b4f6670be426c41d",
            "messageTitle": "Add name field for CommandType enum",
            "messageBody": "",
            "insertions": 25,
            "deletions": 21
          },
          {
            "hash": "0a82a1d2b3eb9b8ec3ed497d4ad7ac3c98fa9f6a",
            "messageTitle": "Put class in package and restructure exception handling for main logic",
            "messageBody": "",
            "insertions": 47,
            "deletions": 23
          },
          {
            "hash": "33fcf079f1df30e08a04bbc7dd44cbaed2391a1c",
            "messageTitle": "Further modularise printing of tasks as UI (class) methods",
            "messageBody": "",
            "insertions": 47,
            "deletions": 29
          },
          {
            "hash": "2efc9f3522be34e5cd30130cb62ffbf7425c3b98",
            "messageTitle": "Fix application exit bug on bye command",
            "messageBody": "",
            "insertions": 4,
            "deletions": 4
          }
        ]
      },
      {
        "insertions": 9,
        "deletions": 12,
        "date": "2020-02-05",
        "commitResults": [
          {
            "hash": "f8be89f5d4629c3e198d79b5887492c36c5c5311",
            "messageTitle": "Minor clean-up of code",
            "messageBody": "",
            "insertions": 9,
            "deletions": 12
          }
        ]
      },
      {
        "insertions": 767,
        "deletions": 173,
        "date": "2020-02-06",
        "commitResults": [
          {
            "hash": "20266593a6a174e400ad6c5f9c09597c019a10ce",
            "messageTitle": "Added JavaDoc comments to classes and members",
            "messageBody": "",
            "insertions": 233,
            "deletions": 1
          },
          {
            "hash": "2ea95aa4f0d881efd67dc51987c0a6a8e7321c6f",
            "messageTitle": "Fix switch coding standard violation",
            "messageBody": "",
            "insertions": 43,
            "deletions": 43
          },
          {
            "hash": "39395ca4b9493f7d6505b2fec2c83d3a7ecc1597",
            "messageTitle": "Add functionality to find Task by keyword",
            "messageBody": "",
            "insertions": 40,
            "deletions": 0
          },
          {
            "hash": "b95495900437146fcd1e65bf3b7210ee8f94e170",
            "messageTitle": "Use Gradle for project",
            "messageBody": "",
            "insertions": 81,
            "deletions": 6
          },
          {
            "hash": "707662821dd89825eb7c00c3b0f2bf05cd976870",
            "messageTitle": "Disable AvoidEscapedUnicodeCharactersCheck in style checking",
            "messageBody": "",
            "insertions": 1,
            "deletions": 1
          },
          {
            "hash": "81de9ef7d1e17a9acda8a695a2a37f4ba88ea98d",
            "messageTitle": "Add GUI support for application",
            "messageBody": "",
            "insertions": 369,
            "deletions": 122
          }
        ]
      },
      {
        "insertions": 32,
        "deletions": 14,
        "date": "2020-02-13",
        "commitResults": [
          {
            "hash": "190b859e5aec56c9b0144550a25c364a346d3928",
            "messageTitle": "Main.java: Remove unecessary code in comments",
            "messageBody": "",
            "insertions": 1,
            "deletions": 8
          },
          {
            "hash": "2383a219e3f130253d323ae6a12f7c86cde59dbe",
            "messageTitle": "Insert assertions at critical points in the application\u0027s code",
            "messageBody": "",
            "insertions": 5,
            "deletions": 0
          },
          {
            "hash": "31665199db56cab048fe234d2d4f406cf69890e1",
            "messageTitle": "Improve code quality",
            "messageBody": "",
            "insertions": 4,
            "deletions": 6
          },
          {
            "hash": "c54f7b9a4df97a3420b13ab24ff04483c86f623d",
            "messageTitle": "Add help message for application",
            "messageBody": "",
            "tags": [
              "C-Help"
            ],
            "insertions": 22,
            "deletions": 0
          }
        ]
      }
    ]
  },
  "authorFinalContributionMap": {
    "nathanaelseen": 1322
  },
  "authorFileTypeContributionMap": {
    "nathanaelseen": {
      "java": 1141,
      "md": 2,
      "fxml": 35,
      "sh": 34,
      "bat": 0,
      "gradle": 42,
      "txt": 68
    }
  },
  "authorContributionVariance": {
    "nathanaelseen": 50546.79
  },
  "authorDisplayNameMap": {
    "nathanaelseen": "CS2103T-F09- 3 NATH..G QI"
  }
}
