{
  "authorDailyContributionsMap": {
    "waynewee": [
      {
        "insertions": 540,
        "deletions": 110,
        "date": "2020-01-21",
        "commitResults": [
          {
            "hash": "f0a0474f6bf5681f39150f3d357426eb85198962",
            "messageTitle": "added greet, echo and exit",
            "messageBody": "",
            "tags": [
              "Level-1"
            ],
            "insertions": 130,
            "deletions": 1
          },
          {
            "hash": "0a5dcbd51550fa604c70ca6473bee8bc984848dd",
            "messageTitle": "added add to list and list",
            "messageBody": "",
            "tags": [
              "Level-2"
            ],
            "insertions": 77,
            "deletions": 7
          },
          {
            "hash": "a23a44189ec8bb49f1423122f9535f2287965336",
            "messageTitle": "added mark as done",
            "messageBody": "",
            "tags": [
              "Level-3"
            ],
            "insertions": 60,
            "deletions": 5
          },
          {
            "hash": "f02951930d54588f5aa7b4da2d73836f3d0ae73c",
            "messageTitle": "added todos, events, deadlines",
            "messageBody": "",
            "tags": [
              "Level-4"
            ],
            "insertions": 97,
            "deletions": 16
          },
          {
            "hash": "4a086786f3152443c33581e2be91bfeba49a5ba6",
            "messageTitle": "added unit test",
            "messageBody": "",
            "tags": [
              "A-TextUiTesting"
            ],
            "insertions": 34,
            "deletions": 10
          },
          {
            "hash": "dbce4b596ed68ec7a00c3bb420c8eb4b437807f8",
            "messageTitle": "added exception handling",
            "messageBody": "",
            "tags": [
              "Level-5"
            ],
            "insertions": 120,
            "deletions": 70
          },
          {
            "hash": "2f4bfa81a705a1f002259df5bad53356ce9f56ec",
            "messageTitle": "added delete",
            "messageBody": "",
            "tags": [
              "Level-6"
            ],
            "insertions": 22,
            "deletions": 1
          }
        ]
      },
      {
        "insertions": 810,
        "deletions": 386,
        "date": "2020-01-30",
        "commitResults": [
          {
            "hash": "defcaaf6492812e9511275a970e97bffb1dd6933",
            "messageTitle": "added javadoc",
            "messageBody": "",
            "tags": [
              "Level-7"
            ],
            "insertions": 79,
            "deletions": 45
          },
          {
            "hash": "e96b8346cff2e0ae0a1d3957f373d2ccd05f8b36",
            "messageTitle": "switch date from string to LocalDate",
            "messageBody": "",
            "tags": [
              "Level-8",
              "Level-7-8"
            ],
            "insertions": 118,
            "deletions": 18
          },
          {
            "hash": "db378d010cde14acb2793c2dc281c9749b08a9c1",
            "messageTitle": "abstracted more classes",
            "messageBody": "",
            "tags": [
              "A-MoreOOP"
            ],
            "insertions": 302,
            "deletions": 255
          },
          {
            "hash": "d8319f18a082f9632df52afa0685841e722e6f9d",
            "messageTitle": "added packages",
            "messageBody": "",
            "tags": [
              "A-Packages"
            ],
            "insertions": 111,
            "deletions": 18
          },
          {
            "hash": "e0e08a291c66555d359f2da4e26ac0be11d7f159",
            "messageTitle": "added j unit tests",
            "messageBody": "",
            "tags": [
              "v0.1",
              "Level-9",
              "A-JavaFx",
              "A-JUnit",
              "A-Gradle",
              "A-CheckStyle"
            ],
            "insertions": 60,
            "deletions": 7
          },
          {
            "hash": "ec331d87615f484ccde01269f212f52d8a64a265",
            "messageTitle": "added more javadoc",
            "messageBody": "",
            "tags": [
              "A-JavaDoc"
            ],
            "insertions": 63,
            "deletions": 1
          },
          {
            "hash": "08428354d7169f48add4d6c92eaa2462eccf681f",
            "messageTitle": "tweaked style",
            "messageBody": "",
            "tags": [
              "A-CodingStandard"
            ],
            "insertions": 41,
            "deletions": 42
          },
          {
            "hash": "7b5fcda0eba7584009f32fe40754bab4f7e9b33e",
            "messageTitle": "added find feature",
            "messageBody": "",
            "insertions": 36,
            "deletions": 0
          }
        ]
      },
      {
        "insertions": 685,
        "deletions": 146,
        "date": "2020-02-04",
        "commitResults": [
          {
            "hash": "bff27ac694273184272150d38cea37c13f35b0b2",
            "messageTitle": "integrated existing code with GUI added CSS fixed miscellanous bugs",
            "messageBody": "",
            "insertions": 405,
            "deletions": 42
          },
          {
            "hash": "0351d2461fa8c6a1f7aeb42f48a44b99268216bc",
            "messageTitle": "integrated existing code with GUI added CSS fixed miscellanous bugs",
            "messageBody": "",
            "insertions": 160,
            "deletions": 28
          },
          {
            "hash": "41cd535b4b1b8d1c2f82b8cb63e18a08d248a2c6",
            "messageTitle": "integrated existing code with GUI added CSS fixed miscellanous bugs",
            "messageBody": "",
            "tags": [
              "A-Assertions"
            ],
            "insertions": 120,
            "deletions": 76
          }
        ]
      },
      {
        "insertions": 632,
        "deletions": 587,
        "date": "2020-02-07",
        "commitResults": [
          {
            "hash": "fd5df8370f215446e68230d90721b0357c223210",
            "messageTitle": "did major refactoring and encapsulation added stream for date print",
            "messageBody": "",
            "tags": [
              "A-Streams"
            ],
            "insertions": 632,
            "deletions": 587
          }
        ]
      },
      {
        "insertions": 253,
        "deletions": 122,
        "date": "2020-02-08",
        "commitResults": [
          {
            "hash": "d2d0180d239e6434f6f97dba82be7bea04c7de10",
            "messageTitle": "improved code qualtiy added assertions",
            "messageBody": "",
            "tags": [
              "A-Lambdas",
              "A-CodeQuality"
            ],
            "insertions": 250,
            "deletions": 119
          },
          {
            "hash": "2cf882be67c9e2fd0a3e34fe224387bf3dde0084",
            "messageTitle": "removed checkstyle",
            "messageBody": "",
            "tags": [
              "C-Help"
            ],
            "insertions": 3,
            "deletions": 3
          }
        ]
      },
      {
        "insertions": 105,
        "deletions": 60,
        "date": "2020-02-10",
        "commitResults": [
          {
            "hash": "ad5635bd0cd8aea471e418780c7d12b62399ae3f",
            "messageTitle": "addressed some of tutor\u0027s comments",
            "messageBody": "",
            "tags": [
              "Level-10",
              "A-Jar"
            ],
            "insertions": 105,
            "deletions": 60
          }
        ]
      },
      {
        "insertions": 94,
        "deletions": 46,
        "date": "2020-02-13",
        "commitResults": [
          {
            "hash": "e47f765956a9da4cef1810eaca39e7600592f173",
            "messageTitle": "reworked GUI to acceptable standards",
            "messageBody": "",
            "insertions": 87,
            "deletions": 41
          },
          {
            "hash": "fc4fc210b54831401d94080806db0b4a67eb7f6c",
            "messageTitle": "added set the stage method",
            "messageBody": "",
            "insertions": 7,
            "deletions": 5
          }
        ]
      },
      {
        "insertions": 134,
        "deletions": 43,
        "date": "2020-02-18",
        "commitResults": [
          {
            "hash": "f24681c34b4086fef8e20bbc254d038b0e516344",
            "messageTitle": "added user guide link",
            "messageBody": "",
            "tags": [
              "A-UserGuide"
            ],
            "insertions": 134,
            "deletions": 43
          }
        ]
      },
      {
        "insertions": 932,
        "deletions": 672,
        "date": "2020-02-19",
        "commitResults": [
          {
            "hash": "14b6c74795b52a4288824e394e64115b01bc0d09",
            "messageTitle": "added javadoc added more javadoc comments generated javadoc minor refactoring",
            "messageBody": "",
            "insertions": 691,
            "deletions": 469
          },
          {
            "hash": "dacc74e99d078ff3c426de944ad4d2cffad0fa37",
            "messageTitle": "renamed readme.md to index.md",
            "messageBody": "",
            "insertions": 0,
            "deletions": 0
          },
          {
            "hash": "0249d46fe0b01c5f19cd0ee9868489c5780399fe",
            "messageTitle": "removed checkstyle",
            "messageBody": "",
            "insertions": 9,
            "deletions": 7
          },
          {
            "hash": "68a687a01979b46a2c8581f7ebbf725e7323ddc4",
            "messageTitle": "added readme",
            "messageBody": "",
            "insertions": 162,
            "deletions": 18
          },
          {
            "hash": "d0cba38ddf672fd959c8289102d82f24411910a2",
            "messageTitle": "worked on readme/userguide",
            "messageBody": "",
            "insertions": 15,
            "deletions": 135
          },
          {
            "hash": "3229b39c2a57406fff0ba633876a83aa12569710",
            "messageTitle": "added Ui.png",
            "messageBody": "",
            "insertions": 4,
            "deletions": 9
          },
          {
            "hash": "9d8ff8c3e3f561292ddca3dec6e25a14ac455515",
            "messageTitle": "readme full draft",
            "messageBody": "",
            "insertions": 31,
            "deletions": 10
          },
          {
            "hash": "415086511741b78baf69d480f02adc1ab2c0a742",
            "messageTitle": "readme full draft",
            "messageBody": "",
            "insertions": 15,
            "deletions": 17
          },
          {
            "hash": "8b5507010c05099d2fb4cbab9a6fb093450cd886",
            "messageTitle": "readme full draft",
            "messageBody": "",
            "insertions": 1,
            "deletions": 2
          },
          {
            "hash": "4f735c685c9c619fd193a7a97b4be5ff75cb1596",
            "messageTitle": "readme finakl draft",
            "messageBody": "",
            "insertions": 1,
            "deletions": 1
          },
          {
            "hash": "9ad36cd5874e8fa4a11bedc15b1e314384aab6a9",
            "messageTitle": "readme full draft",
            "messageBody": "",
            "insertions": 0,
            "deletions": 2
          },
          {
            "hash": "0a568760195fac11ba62dac1110f6355db9871c6",
            "messageTitle": "readme full draft",
            "messageBody": "",
            "insertions": 1,
            "deletions": 1
          },
          {
            "hash": "c51362381c5081d1a6ee2942ef0a0a3af825c780",
            "messageTitle": "readme full draft",
            "messageBody": "",
            "tags": [
              "v2.0.0"
            ],
            "insertions": 2,
            "deletions": 1
          }
        ]
      },
      {
        "insertions": 80,
        "deletions": 32,
        "date": "2020-02-21",
        "commitResults": [
          {
            "hash": "1a835060d69c3a134a6a90c962a72236c3ecc6ee",
            "messageTitle": "added some linux cmds",
            "messageBody": "",
            "insertions": 78,
            "deletions": 30
          },
          {
            "hash": "cabd90dc0b396d004de082c6c50ffe50883a60a2",
            "messageTitle": "added some linux cmds",
            "messageBody": "",
            "insertions": 2,
            "deletions": 2
          }
        ]
      },
      {
        "insertions": 15,
        "deletions": 6,
        "date": "2020-03-23",
        "commitResults": [
          {
            "hash": "2f0aa0462fa69be62438ce074d112fa615e884f9",
            "messageTitle": "fixed compatibility issues",
            "messageBody": "",
            "tags": [
              "2.0.1"
            ],
            "insertions": 15,
            "deletions": 6
          }
        ]
      }
    ]
  },
  "authorFinalContributionMap": {
    "waynewee": 1950
  },
  "authorFileTypeContributionMap": {
    "waynewee": {
      "java": 1748,
      "md": 76,
      "fxml": 37,
      "sh": 0,
      "bat": 21,
      "gradle": 32,
      "txt": 36
    }
  },
  "authorContributionVariance": {
    "waynewee": 87898.27
  },
  "authorDisplayNameMap": {
    "waynewee": "CS2103T-F09- 3 WEE ..AYNE"
  }
}
