{
  "authorDailyContributionsMap": {
    "gerhean": [
      {
        "insertions": 111,
        "deletions": 36,
        "date": "2020-01-17",
        "commitResults": [
          {
            "hash": "316321428864668033dd2f21d5268aa094662485",
            "messageTitle": "Level-1",
            "messageBody": "Level-1\n",
            "tags": [
              "Level-1"
            ],
            "insertions": 51,
            "deletions": 6
          },
          {
            "hash": "4adb3bddc7cb0c02095097bbc68812da26f92346",
            "messageTitle": "1.01",
            "messageBody": "",
            "insertions": 14,
            "deletions": 9
          },
          {
            "hash": "904630889c0c7d37e7deb82a5574cf05deb2c6e8",
            "messageTitle": "1.02",
            "messageBody": "add gradle and checkstyle\n",
            "insertions": 23,
            "deletions": 16
          },
          {
            "hash": "040483f3434845a37cc4212ac8f3ed275de48a08",
            "messageTitle": "Level-2",
            "messageBody": "Level 2. Add, List\n",
            "tags": [
              "Level-2"
            ],
            "insertions": 23,
            "deletions": 5
          }
        ]
      },
      {
        "insertions": 552,
        "deletions": 200,
        "date": "2020-01-18",
        "commitResults": [
          {
            "hash": "71effa40f41ca943ef6796042fc4f3e92816bded",
            "messageTitle": "Level-3",
            "messageBody": "Level 3. Mark as Done\n",
            "tags": [
              "Level-3"
            ],
            "insertions": 88,
            "deletions": 26
          },
          {
            "hash": "25f36d723e613a4fd832c0366c4edac81a579aa9",
            "messageTitle": "3.01",
            "messageBody": "",
            "insertions": 59,
            "deletions": 2
          },
          {
            "hash": "eb733558c2bafa2acf3c99a62db54a2cbd8ecb68",
            "messageTitle": "Level-4",
            "messageBody": "Level 4. ToDos, Events, Deadlines\n",
            "tags": [
              "Level-4"
            ],
            "insertions": 67,
            "deletions": 19
          },
          {
            "hash": "70a5fd228c0434284dd080dc5c5aeb48ec47664d",
            "messageTitle": "A-TextUiTesting",
            "messageBody": "A-TextUiTesting: Automated Text UI Testing\n",
            "tags": [
              "A-TextUiTesting"
            ],
            "insertions": 113,
            "deletions": 2
          },
          {
            "hash": "90626e460337d5bd3e55f7561cb250ecf27b613b",
            "messageTitle": "Level-5",
            "messageBody": "Level-5: Handle Errors\n",
            "tags": [
              "Level-5"
            ],
            "insertions": 3,
            "deletions": 0
          },
          {
            "hash": "03928293dc0d8bf889ed565a731b4b82c010890f",
            "messageTitle": "Level-6",
            "messageBody": "Level-6: Delete\n",
            "tags": [
              "Level-6"
            ],
            "insertions": 55,
            "deletions": 23
          },
          {
            "hash": "f36796378169f317952f8e3a303345fb0806bd6b",
            "messageTitle": "A-Enums",
            "messageBody": "A-Enums: Use Enums\n",
            "tags": [
              "A-Enums"
            ],
            "insertions": 23,
            "deletions": 6
          },
          {
            "hash": "bfd56b3a44467630bf67553a307aaa5ba5cf1ddc",
            "messageTitle": "Cleanup",
            "messageBody": "Prettify code\n",
            "insertions": 136,
            "deletions": 114
          },
          {
            "hash": "2b3bb89b972375bb901b7977b50f72a171a3fffa",
            "messageTitle": "cleanup",
            "messageBody": "reduce clutter\n",
            "insertions": 8,
            "deletions": 8
          }
        ]
      },
      {
        "insertions": 4,
        "deletions": 3,
        "date": "2020-01-20",
        "commitResults": [
          {
            "hash": "34a266549a5b3aa0e7a4ab603bf4a1e83d27c982",
            "messageTitle": "minor fix",
            "messageBody": "",
            "insertions": 4,
            "deletions": 3
          }
        ]
      },
      {
        "insertions": 944,
        "deletions": 430,
        "date": "2020-01-25",
        "commitResults": [
          {
            "hash": "5586c061ed5abeac3684a846916a42e9941462bc",
            "messageTitle": "Add Storage",
            "messageBody": "",
            "insertions": 42,
            "deletions": 1
          },
          {
            "hash": "12622cb304ac6ecc010ab2f992fea82ff7b4c76d",
            "messageTitle": "settup storage",
            "messageBody": "",
            "insertions": 29,
            "deletions": 11
          },
          {
            "hash": "67a972da56d155bb84344d7f05f8d3e827c42d14",
            "messageTitle": "Implement Storage",
            "messageBody": "Storage now successfully stores tasklist\n\nAlso updated TaskList for better OOP\n",
            "insertions": 60,
            "deletions": 23
          },
          {
            "hash": "27f00657338893b62f8d9819d2b12722775cd5db",
            "messageTitle": "Code Refactoring",
            "messageBody": "Made code more OOP\n",
            "tags": [
              "Level-7"
            ],
            "insertions": 16,
            "deletions": 21
          },
          {
            "hash": "16e1466c6e0fdaa0cf10b3c40ec00479c9c38998",
            "messageTitle": "Add DateTimeParse",
            "messageBody": "Duke can now read the time for deadline and event type tasks\n",
            "insertions": 127,
            "deletions": 22
          },
          {
            "hash": "5685fe5872e1a04cbe9c0393107217f73bc7dc3f",
            "messageTitle": "Update DateTimeParse",
            "messageBody": "Fix bug that DUke does not recognise 1 digit dates\n",
            "tags": [
              "Level-8"
            ],
            "insertions": 7,
            "deletions": 7
          },
          {
            "hash": "a527a3875cf12331d76575c4f8005da568d69b93",
            "messageTitle": "Extract Ui",
            "messageBody": "Ui elements moved to Ui.java\n",
            "insertions": 167,
            "deletions": 83
          },
          {
            "hash": "1242df70d90fb39f3685549b54d8139f7ebbd4b3",
            "messageTitle": "Refactor error name",
            "messageBody": "InvalidTaskException changed to DukeException\n",
            "insertions": 35,
            "deletions": 29
          },
          {
            "hash": "6dc56092165a6a83d333e0f3c2e5fd48faf001ab",
            "messageTitle": "Extract Ui components from errors",
            "messageBody": "",
            "insertions": 85,
            "deletions": 58
          },
          {
            "hash": "40cb5bdc40c15c3085e5fcdc18cc6f2dff4d0020",
            "messageTitle": "Packaged tasks",
            "messageBody": "",
            "insertions": 20,
            "deletions": 8
          },
          {
            "hash": "80ca9d51d19bfdfb21255c5bbe5b39d3b75b5bbb",
            "messageTitle": "Extracted commands",
            "messageBody": "Commands are extracted from Duke.java and seperated into individual objects and packaged\n",
            "insertions": 220,
            "deletions": 89
          },
          {
            "hash": "2f126253e92b5ad1ad9989adab397a9af7231f07",
            "messageTitle": "Fix unchecked cast",
            "messageBody": "No more warning when compiling.\n\nArray is now stored instead of arraylist\n",
            "insertions": 21,
            "deletions": 16
          },
          {
            "hash": "a8b8efdabd9a292c98425214dfe390517a0b95a4",
            "messageTitle": "Add Storage Error Message",
            "messageBody": "Storage methods now throw duke exception.\n\nLineName enums are now sorted\n",
            "insertions": 67,
            "deletions": 28
          },
          {
            "hash": "30ec2eb81fdead69d7d0527f12b3771ab7d6ac71",
            "messageTitle": "add help command",
            "messageBody": "",
            "tags": [
              "A-MoreOOP"
            ],
            "insertions": 11,
            "deletions": 0
          },
          {
            "hash": "fd9acdc29eaa50490f1140cf06ecc8efc1fe7a3f",
            "messageTitle": "A-Packages",
            "messageBody": "Organize into Packages\n",
            "tags": [
              "A-Packages"
            ],
            "insertions": 37,
            "deletions": 34
          }
        ]
      },
      {
        "insertions": 300,
        "deletions": 133,
        "date": "2020-01-26",
        "commitResults": [
          {
            "hash": "f510fe7a98687d577028aa43cfc3c52715cc62d6",
            "messageTitle": "Capitalise class names",
            "messageBody": "",
            "insertions": 27,
            "deletions": 19
          },
          {
            "hash": "cbd6122725e5dad0b46c86a1901cab0598b241e4",
            "messageTitle": "Split NewTaskCommand",
            "messageBody": "Added:\nNewDeadlineCommand\nNewEventCommand\nNewTodoCommand\n\nRefactored code to accommodate\n",
            "insertions": 150,
            "deletions": 99
          },
          {
            "hash": "d49b87d029d1ed22c44c714e11794d850f88feb1",
            "messageTitle": "add TodoTest",
            "messageBody": "",
            "insertions": 21,
            "deletions": 1
          },
          {
            "hash": "101a8c75b577e326f7fe9acc0c874f2b50757524",
            "messageTitle": "Add EventTest",
            "messageBody": "",
            "insertions": 32,
            "deletions": 13
          },
          {
            "hash": "415359d1dd2f906ef331b997ba22dfb11d10959c",
            "messageTitle": "add dateTimeParseTest",
            "messageBody": "",
            "insertions": 70,
            "deletions": 1
          }
        ]
      },
      {
        "insertions": 382,
        "deletions": 52,
        "date": "2020-01-27",
        "commitResults": [
          {
            "hash": "2d4630179f03fbb345ed1e9e66fed0901bc94caf",
            "messageTitle": "add newtodocommandtest",
            "messageBody": "",
            "insertions": 84,
            "deletions": 2
          },
          {
            "hash": "cc80830013d2087d9c823055fa2a3045579dbe9b",
            "messageTitle": "Fix wrong event tasktype",
            "messageBody": "",
            "tags": [
              "A-JUnit"
            ],
            "insertions": 3,
            "deletions": 3
          },
          {
            "hash": "e6cf18f7343e3015153f0c3847f9682b2a8f5dec",
            "messageTitle": "Add Javadoc",
            "messageBody": "",
            "insertions": 192,
            "deletions": 30
          },
          {
            "hash": "b52563d0888e49814bfdf5bb2683a3e752f4f966",
            "messageTitle": "Add shadowJar",
            "messageBody": "",
            "insertions": 8,
            "deletions": 0
          },
          {
            "hash": "8f34084a16155a58d93d7ee89bae9f67f959f2c7",
            "messageTitle": "update JavaDoc",
            "messageBody": "",
            "insertions": 9,
            "deletions": 0
          },
          {
            "hash": "2f05e6c2d839bca94c4d41b764250658d6af695f",
            "messageTitle": "Remove unused methods",
            "messageBody": "",
            "insertions": 8,
            "deletions": 15
          },
          {
            "hash": "2a69948b4d46ca96844e7bc2840891e32fcac472",
            "messageTitle": "Add FindCommand",
            "messageBody": "",
            "insertions": 78,
            "deletions": 2
          }
        ]
      },
      {
        "insertions": 192,
        "deletions": 12,
        "date": "2020-01-31",
        "commitResults": [
          {
            "hash": "299c45697c13fe914a31dff050c778e9c8077760",
            "messageTitle": "Update Ui.java",
            "messageBody": "Chnage some text.\n",
            "tags": [
              "A-Gradle",
              "A-CheckStyle"
            ],
            "insertions": 9,
            "deletions": 3
          },
          {
            "hash": "671f938ba11c7c218826649e34e7fdd5435cf26e",
            "messageTitle": "add some gui",
            "messageBody": "",
            "insertions": 183,
            "deletions": 9
          }
        ]
      },
      {
        "insertions": 776,
        "deletions": 363,
        "date": "2020-02-01",
        "commitResults": [
          {
            "hash": "7772ffb8c81a7012856d44396f872bc049080e0b",
            "messageTitle": "Created working GUI",
            "messageBody": "",
            "insertions": 336,
            "deletions": 130
          },
          {
            "hash": "eff852e646bafa37475d6d6d564887f5f15d9305",
            "messageTitle": "Add some expressions",
            "messageBody": "",
            "insertions": 4,
            "deletions": 82
          },
          {
            "hash": "5483996d10ca0c68a4dc79e1b6cc2f2dc0c0b729",
            "messageTitle": "Fix dialog box trancate",
            "messageBody": "Dialog box min size is text size\n\ncommand \"bye\" causes app to exit after delay\n",
            "insertions": 12,
            "deletions": 5
          },
          {
            "hash": "eaab1806e9c1e8eb37bd6122f1424b2c28e093f8",
            "messageTitle": "Add background",
            "messageBody": "Added Heart background\n",
            "insertions": 48,
            "deletions": 7
          },
          {
            "hash": "85cd7770dd4150ae973b211d3e89f6762cdc305a",
            "messageTitle": "Add expressions",
            "messageBody": "",
            "insertions": 55,
            "deletions": 7
          },
          {
            "hash": "d9b92346d7a8c91cf77f0c519225599f2cae5b28",
            "messageTitle": "Update Ui.java",
            "messageBody": "Help command easier to read\n",
            "insertions": 18,
            "deletions": 17
          },
          {
            "hash": "f3925d21da6e92440065eb3d7da80e17abad3595",
            "messageTitle": "Update README.md",
            "messageBody": "Add acknowledgements\n",
            "insertions": 9,
            "deletions": 1
          },
          {
            "hash": "0f278c4b4f135b2e61eb0e0d5a4fda3fd56f45b7",
            "messageTitle": "Added Voice Acting",
            "messageBody": "",
            "insertions": 104,
            "deletions": 21
          },
          {
            "hash": "cbd368a6802d045667d0f4acac2117250f6f3bae",
            "messageTitle": "Pass checkstyle",
            "messageBody": "",
            "tags": [
              "Level-10",
              "A-Varargs"
            ],
            "insertions": 79,
            "deletions": 26
          },
          {
            "hash": "94f9239e291fa1d3a99cd72ac032a2d723391a52",
            "messageTitle": "Update Parser to use enums",
            "messageBody": "Prepare Alias usage.\n\nFix voice acting not playing.\n",
            "insertions": 110,
            "deletions": 66
          },
          {
            "hash": "01814e0743f9f37dbb0d83b7e192649346d07e9d",
            "messageTitle": "Update Main.java",
            "messageBody": "Its now a waifu simulator\n",
            "insertions": 1,
            "deletions": 1
          }
        ]
      },
      {
        "insertions": 484,
        "deletions": 205,
        "date": "2020-02-02",
        "commitResults": [
          {
            "hash": "ce895e78a05c69916cdeab14f1a399effa801863",
            "messageTitle": "refactor storage functions",
            "messageBody": "saveToFile -\u003e saveTaskList\nloadFromFile -\u003e loadTaskArrayList\n",
            "insertions": 12,
            "deletions": 25
          },
          {
            "hash": "a0ca8b026c07f71c79e8d2e686bb3088e612e313",
            "messageTitle": "Change storage dir",
            "messageBody": "",
            "insertions": 15,
            "deletions": 2
          },
          {
            "hash": "3ad9f87317624736c8d4c3cb76520fd74c9a6b28",
            "messageTitle": "Storage more refactor",
            "messageBody": "",
            "insertions": 21,
            "deletions": 14
          },
          {
            "hash": "eeb3c529dbea395f980771eb653de9b6ea5b905f",
            "messageTitle": "Add alias",
            "messageBody": "Alias not fully added\n\nalso fix jar file generation\n",
            "insertions": 213,
            "deletions": 62
          },
          {
            "hash": "d6523d0e03c17db2fc9053a63d0f1ead98411882",
            "messageTitle": "Update Ui.java",
            "messageBody": "shortern lines\n",
            "insertions": 4,
            "deletions": 5
          },
          {
            "hash": "d074e3a38a28c7e3a5cfd60ea738a39b3cd95ecb",
            "messageTitle": "Alias dialogue added",
            "messageBody": "",
            "insertions": 35,
            "deletions": 4
          },
          {
            "hash": "120b02ebbb5cf01f91dbd392199e551ed0ba5f62",
            "messageTitle": "Update README.md",
            "messageBody": "add more acknowledgement\n",
            "tags": [
              "Week3"
            ],
            "insertions": 2,
            "deletions": 1
          },
          {
            "hash": "875d08f4a1a16afea0c3fc03994eaee2fd0e470f",
            "messageTitle": "pass checkstyle",
            "messageBody": "",
            "insertions": 31,
            "deletions": 16
          },
          {
            "hash": "7c50cb7aeb95decbb3e723a0f325be036dfbeec3",
            "messageTitle": "Allow text only duke",
            "messageBody": "running jar with arg \"text\" runs the command line version.\n",
            "insertions": 10,
            "deletions": 2
          },
          {
            "hash": "cc7fcb5bf563354cb01f1facb92c62bc7ca51518",
            "messageTitle": "Update Duke.java",
            "messageBody": "remove redundant main method\n",
            "insertions": 0,
            "deletions": 8
          },
          {
            "hash": "02f5d9a439936594ff1ad7d88390ae2794bce9e7",
            "messageTitle": "remove dual dependency",
            "messageBody": "Parser and AliasCommand not dependent on each other anymore\n",
            "insertions": 17,
            "deletions": 22
          },
          {
            "hash": "8fe47b4d1ec27205e564aec9149d024288ea6b93",
            "messageTitle": "Clean unused code",
            "messageBody": "",
            "insertions": 0,
            "deletions": 11
          },
          {
            "hash": "a10e0c9be22e026d3ae89ba92bae79a82d6058d8",
            "messageTitle": "add comments, remove unused code",
            "messageBody": "",
            "insertions": 3,
            "deletions": 4
          },
          {
            "hash": "e93ca3095184ecac006f8cc060d4c496db77b8c2",
            "messageTitle": "add ResetStorageCommand",
            "messageBody": "wipes all data\n",
            "insertions": 110,
            "deletions": 17
          },
          {
            "hash": "37e2d4f6872b329933d913addab2ad64b38e3419",
            "messageTitle": "Adjust Ui",
            "messageBody": "Ui adjusted for better viewing pleasure\n",
            "insertions": 11,
            "deletions": 12
          }
        ]
      },
      {
        "insertions": 210,
        "deletions": 66,
        "date": "2020-02-03",
        "commitResults": [
          {
            "hash": "89a606c98904c597b203c6d467a78a1746cb43f9",
            "messageTitle": "Increase efficiency of datetimeparse",
            "messageBody": "",
            "insertions": 71,
            "deletions": 34
          },
          {
            "hash": "55b1b726df9356619584c19f694d9468a34a2866",
            "messageTitle": "Add JavaDocs",
            "messageBody": "JavaDocs are now nice.\n",
            "insertions": 134,
            "deletions": 29
          },
          {
            "hash": "be1dfa088f449581fa3a4e88099ee77236230e26",
            "messageTitle": "Add comments to Duke.java",
            "messageBody": "Pass checkstyle\nRemove useless comments\n",
            "insertions": 5,
            "deletions": 3
          }
        ]
      },
      {
        "insertions": 214,
        "deletions": 21,
        "date": "2020-02-06",
        "commitResults": [
          {
            "hash": "c913ce8495c55de4752d267e6fc890f0ae9ea86c",
            "messageTitle": "Added task rescheduling",
            "messageBody": "Also refactored some stuff\n",
            "insertions": 214,
            "deletions": 21
          }
        ]
      },
      {
        "insertions": 113,
        "deletions": 101,
        "date": "2020-02-07",
        "commitResults": [
          {
            "hash": "297efc15aea721a9151ed5d071618f0baca6a2d0",
            "messageTitle": "Streamline Ui",
            "messageBody": "ui.newTask,\nui.deleteSuccess, and\nui.doneSuccess\nintegrated into ui.sayLineWithTask\n",
            "insertions": 113,
            "deletions": 101
          }
        ]
      },
      {
        "insertions": 517,
        "deletions": 81,
        "date": "2020-02-08",
        "commitResults": [
          {
            "hash": "bf386e3fe3bd1d9cd076b329c7de5e61462e9390",
            "messageTitle": "Add skeleton",
            "messageBody": "Add contact list and app storage\n",
            "insertions": 88,
            "deletions": 1
          },
          {
            "hash": "7932b34c889bb37aefd15762fd29675a099fb1d9",
            "messageTitle": "execute takes in appStorage",
            "messageBody": "Instead of only tasks\n",
            "insertions": 37,
            "deletions": 23
          },
          {
            "hash": "bbc3c0b3cfdfc3755b5194a94430b5313b943d6c",
            "messageTitle": "add addContactCommand",
            "messageBody": "",
            "insertions": 90,
            "deletions": 1
          },
          {
            "hash": "758ea4ca95073a6748d6ef59db5d252b213829c4",
            "messageTitle": "add ListContactCommand",
            "messageBody": "",
            "insertions": 71,
            "deletions": 1
          },
          {
            "hash": "e1af4c9fbeffab6c8ca160ac45fb58462c28de0f",
            "messageTitle": "Better contactlist printing",
            "messageBody": "",
            "insertions": 27,
            "deletions": 16
          },
          {
            "hash": "17e96cd65ea6e2075f64dbf409d74688c7710ce8",
            "messageTitle": "add contact list storage",
            "messageBody": "",
            "insertions": 107,
            "deletions": 34
          },
          {
            "hash": "921891ce460a406e275d618add11bbf97ec2fce6",
            "messageTitle": "addContact ui update",
            "messageBody": "",
            "insertions": 16,
            "deletions": 3
          },
          {
            "hash": "f5c4c94a5a1c53a787f74c5d17f4c7e1e1f0945a",
            "messageTitle": "add DeleteContactCommand",
            "messageBody": "",
            "insertions": 78,
            "deletions": 2
          },
          {
            "hash": "b99ef39c49dca05633985c0494061ffada366465",
            "messageTitle": "Update help",
            "messageBody": "",
            "insertions": 3,
            "deletions": 0
          }
        ]
      },
      {
        "insertions": 234,
        "deletions": 203,
        "date": "2020-02-11",
        "commitResults": [
          {
            "hash": "9ea73aa735220510ef430ccce668d3180017b663",
            "messageTitle": "Add many asserts",
            "messageBody": "Mainly assert not null.\n",
            "tags": [
              "A-Assertions"
            ],
            "insertions": 63,
            "deletions": 17
          },
          {
            "hash": "a998e5e86a17069ec6d4957e37fb08627ac89728",
            "messageTitle": "Add guardclauses to AliasCommand",
            "messageBody": "",
            "insertions": 20,
            "deletions": 19
          },
          {
            "hash": "145d2cd112fcd6fdfe5078aafd27b2547b5c3d70",
            "messageTitle": "Add guardclauses to FindCommand",
            "messageBody": "",
            "insertions": 3,
            "deletions": 3
          },
          {
            "hash": "390a12c192161d2289ea4499c7b7f44369174fce",
            "messageTitle": "Refactor NewDeadlineCommand",
            "messageBody": "",
            "insertions": 14,
            "deletions": 16
          },
          {
            "hash": "6bdd7310d361a0ed1b0016b5afb675b2f51ec52a",
            "messageTitle": "Refactor NewEventCommand",
            "messageBody": "",
            "insertions": 13,
            "deletions": 16
          },
          {
            "hash": "d58b115d56196ee5e692dc09571820d0fb01e1b9",
            "messageTitle": "Refactor NewTodoCommand",
            "messageBody": "",
            "insertions": 4,
            "deletions": 6
          },
          {
            "hash": "42c266ad8c54d323631c6a8f3a469399a565ee1b",
            "messageTitle": "Refactor ContactDetail",
            "messageBody": "",
            "insertions": 64,
            "deletions": 78
          },
          {
            "hash": "b0ca05c3852d25970e862108e791c193413e3981",
            "messageTitle": "Add javadocs to AppStorage",
            "messageBody": "",
            "insertions": 16,
            "deletions": 0
          },
          {
            "hash": "0c388ce2e85964dcf75ae8e498f30eaef0518e51",
            "messageTitle": "rename withGui to hasGui",
            "messageBody": "",
            "insertions": 13,
            "deletions": 15
          },
          {
            "hash": "c98b834900d8185046ffea86d1647bc9b609ec4e",
            "messageTitle": "Remove unused code",
            "messageBody": "Add more comments\n",
            "insertions": 9,
            "deletions": 24
          },
          {
            "hash": "296e3b80b7aae35b16b1875eadc374247f826116",
            "messageTitle": "Update DateTimeParse.java",
            "messageBody": "",
            "insertions": 2,
            "deletions": 1
          },
          {
            "hash": "694a50851d057c300d670155795b686066ca7031",
            "messageTitle": "Pass checkstyle",
            "messageBody": "",
            "insertions": 13,
            "deletions": 8
          }
        ]
      },
      {
        "insertions": 16,
        "deletions": 32,
        "date": "2020-02-12",
        "commitResults": [
          {
            "hash": "8beb077e35ae88ecd9c9964567cc7fcac6364952",
            "messageTitle": "Enable resizable window",
            "messageBody": "",
            "tags": [
              "Week5"
            ],
            "insertions": 16,
            "deletions": 32
          }
        ]
      }
    ]
  },
  "authorFinalContributionMap": {
    "gerhean": 3121
  },
  "authorFileTypeContributionMap": {
    "gerhean": {
      "java": 2924,
      "md": 9,
      "fxml": 40,
      "sh": 0,
      "bat": 27,
      "gradle": 49,
      "txt": 72
    }
  },
  "authorContributionVariance": {
    "gerhean": 123155.98
  },
  "authorDisplayNameMap": {
    "gerhean": "CS2103T-F10- 2 CHAN..HEAN"
  }
}
