{
  "authorDailyContributionsMap": {
    "akhilvuputuri": [
      {
        "insertions": 244,
        "deletions": 42,
        "date": "2020-01-23",
        "commitResults": [
          {
            "hash": "0e60a4ef72e4818e2f6bf8f5db99af2e74513aab",
            "messageTitle": "Rename mainClassName",
            "messageBody": "",
            "tags": [
              "Level-1"
            ],
            "insertions": 1,
            "deletions": 1
          },
          {
            "hash": "fa423d39fb436e291ab899ecaf61ee42d0ace036",
            "messageTitle": "Finish Level 1",
            "messageBody": "",
            "tags": [
              "Level-2"
            ],
            "insertions": 29,
            "deletions": 1
          },
          {
            "hash": "41038ef156b1519a5a32e9671e90ce25c74c68cf",
            "messageTitle": "Level-2 done.",
            "messageBody": "",
            "tags": [
              "Level-3"
            ],
            "insertions": 19,
            "deletions": 2
          },
          {
            "hash": "54481f494e66859905368f605ed54a4d21458b4e",
            "messageTitle": "Level 3 done.",
            "messageBody": "",
            "tags": [
              "Level-4"
            ],
            "insertions": 46,
            "deletions": 13
          },
          {
            "hash": "afc4bef9fab5b61d7a77bd7447d12993b684cf4b",
            "messageTitle": "Level 4 done.",
            "messageBody": "",
            "tags": [
              "Level-5"
            ],
            "insertions": 50,
            "deletions": 3
          },
          {
            "hash": "7ad582323065b4fe7d45448af91c4ef003b150c8",
            "messageTitle": "Level 5 done.",
            "messageBody": "",
            "tags": [
              "Level-6"
            ],
            "insertions": 43,
            "deletions": 22
          },
          {
            "hash": "2e922de07c8d9c786b4ae7cc2b4627508153a3ef",
            "messageTitle": "Level 6 done.",
            "messageBody": "",
            "insertions": 17,
            "deletions": 0
          },
          {
            "hash": "7c1ea5baf0d6357c2d4464cd0d204c9100e1d612",
            "messageTitle": "Add testing scripts",
            "messageBody": "",
            "insertions": 39,
            "deletions": 0
          }
        ]
      },
      {
        "insertions": 0,
        "deletions": 0,
        "date": "2020-01-26",
        "commitResults": [
          {
            "hash": "db789ff5db456f48eb7644e6bd7c638f7d75d590",
            "messageTitle": "Move test scripts",
            "messageBody": "",
            "tags": [
              "Level-7"
            ],
            "insertions": 0,
            "deletions": 0
          }
        ]
      },
      {
        "insertions": 112,
        "deletions": 7,
        "date": "2020-01-30",
        "commitResults": [
          {
            "hash": "1a6840360260612cf79f01f4b7f7dc276a793ab5",
            "messageTitle": "Level 7 done",
            "messageBody": "",
            "insertions": 112,
            "deletions": 7
          }
        ]
      },
      {
        "insertions": 21,
        "deletions": 14,
        "date": "2020-01-31",
        "commitResults": [
          {
            "hash": "d12110aeaaef2eedeb287e0ee21bbe8668a461f5",
            "messageTitle": "Level 8 done",
            "messageBody": "",
            "tags": [
              "Level-8"
            ],
            "insertions": 19,
            "deletions": 12
          },
          {
            "hash": "8c985fc73d2f33ee921bb9fcb4f97ece941cba6e",
            "messageTitle": "Fix Event toString format",
            "messageBody": "",
            "insertions": 2,
            "deletions": 2
          }
        ]
      },
      {
        "insertions": 496,
        "deletions": 179,
        "date": "2020-02-01",
        "commitResults": [
          {
            "hash": "2c1a3859c97e97f44af36387fc30029b32890a79",
            "messageTitle": "A-MoreOOP",
            "messageBody": "",
            "tags": [
              "A-MoreOOP"
            ],
            "insertions": 220,
            "deletions": 169
          },
          {
            "hash": "ad27ce88b19d94964512965c9ce1346c8e645f87",
            "messageTitle": "A-JUnit done",
            "messageBody": "",
            "tags": [
              "A-JUnit"
            ],
            "insertions": 99,
            "deletions": 2
          },
          {
            "hash": "c4667af3408d375aa07c204105f7a6e2348edb86",
            "messageTitle": "A-Jar done",
            "messageBody": "",
            "tags": [
              "A-Jar"
            ],
            "insertions": 7,
            "deletions": 0
          },
          {
            "hash": "0713e503315a409bfb0161ea0a6c005da69c7c99",
            "messageTitle": "A-JavaDoc done.",
            "messageBody": "",
            "tags": [
              "A-JavaDoc"
            ],
            "insertions": 131,
            "deletions": 7
          },
          {
            "hash": "dda5162fb1a1b73b5f07efacf2fe0e597b6d23f1",
            "messageTitle": "Level-9 done.",
            "messageBody": "",
            "tags": [
              "Level-9"
            ],
            "insertions": 30,
            "deletions": 0
          },
          {
            "hash": "ba495b481279a6aa3bbb61ea35128f49fcc5c205",
            "messageTitle": "Add JavaDoc for new methods",
            "messageBody": "",
            "insertions": 9,
            "deletions": 1
          }
        ]
      },
      {
        "insertions": 384,
        "deletions": 77,
        "date": "2020-02-04",
        "commitResults": [
          {
            "hash": "5d4ebede9de3b54d877f79a40e3efda8c310e9ea",
            "messageTitle": "CheckStyle done.",
            "messageBody": "",
            "tags": [
              "A-CodingStandard",
              "A-CheckStyle"
            ],
            "insertions": 65,
            "deletions": 57
          },
          {
            "hash": "3b51aa754a157ec463f36c9d263b6713d2817500",
            "messageTitle": "Add basic GUI w/o interaction",
            "messageBody": "",
            "insertions": 93,
            "deletions": 17
          },
          {
            "hash": "341f77154632d0c6c90255a3412e0c83bd20c4b8",
            "messageTitle": "Interactions added for GUI. Echo input back to user.",
            "messageBody": "",
            "tags": [
              "A-JavaFx"
            ],
            "insertions": 226,
            "deletions": 2
          },
          {
            "hash": "900386c4d8199562a643a478034700ac704709a4",
            "messageTitle": "Level 10 done.",
            "messageBody": "",
            "tags": [
              "Level-10"
            ],
            "insertions": 0,
            "deletions": 1
          }
        ]
      },
      {
        "insertions": 93,
        "deletions": 54,
        "date": "2020-02-05",
        "commitResults": [
          {
            "hash": "3bc09df17529412e0ba1a83296384e2d1d55bf4a",
            "messageTitle": "Linked input and output with Duke logic",
            "messageBody": "",
            "tags": [
              "A-Gradle"
            ],
            "insertions": 93,
            "deletions": 54
          }
        ]
      },
      {
        "insertions": 115,
        "deletions": 40,
        "date": "2020-02-11",
        "commitResults": [
          {
            "hash": "bdcda99bfb7c6135f93ee768234af46eef96edef",
            "messageTitle": "Fix bug where large chunks of text are abbreviated on GUI instead of enabling scroll down",
            "messageBody": "",
            "insertions": 9,
            "deletions": 4
          },
          {
            "hash": "2d2702d11cc177390f8ebd35cadd6e3e4027d07d",
            "messageTitle": "A-Assertions done.",
            "messageBody": "",
            "tags": [
              "A-Assertions"
            ],
            "insertions": 40,
            "deletions": 24
          },
          {
            "hash": "fd07b8359cb344aaa54c6997dee9bebe49e47a9c",
            "messageTitle": "Add Travis and amend style of asser statements",
            "messageBody": "",
            "tags": [
              "A-Travis"
            ],
            "insertions": 4,
            "deletions": 4
          },
          {
            "hash": "f9f84da12d45f5824706db789ea1b9d65d3985ad",
            "messageTitle": "Add C-Sort",
            "messageBody": "",
            "tags": [
              "C-Sort",
              "A-CodeQuality"
            ],
            "insertions": 62,
            "deletions": 8
          }
        ]
      },
      {
        "insertions": 4,
        "deletions": 4,
        "date": "2020-02-17",
        "commitResults": [
          {
            "hash": "44ee8b449b3133a6e27f486544212f66a4cde10d",
            "messageTitle": "Fix GUI welcome message bug and jar bug",
            "messageBody": "",
            "insertions": 4,
            "deletions": 4
          }
        ]
      },
      {
        "insertions": 305,
        "deletions": 165,
        "date": "2020-02-18",
        "commitResults": [
          {
            "hash": "e5085b99919fd25de33ef4c5ef9e5ddb62a0f572",
            "messageTitle": "Fix style issues",
            "messageBody": "",
            "insertions": 36,
            "deletions": 48
          },
          {
            "hash": "b37e1599632a4567967eb20d4b2f15f77e71354e",
            "messageTitle": "A-UserGuide done.",
            "messageBody": "",
            "insertions": 145,
            "deletions": 9
          },
          {
            "hash": "1b920c6536a960f0953e052e7b6d9deda0306a8f",
            "messageTitle": "GUI changes and code cleanup",
            "messageBody": "",
            "insertions": 67,
            "deletions": 82
          },
          {
            "hash": "3a227595d3292175b8fb1add08a35b9aa4e07eb8",
            "messageTitle": "Create file if not present",
            "messageBody": "",
            "insertions": 10,
            "deletions": 3
          },
          {
            "hash": "666e6281d6c6f591be01ebd830c2d121eb72f9a1",
            "messageTitle": "Style formatting",
            "messageBody": "",
            "insertions": 5,
            "deletions": 1
          },
          {
            "hash": "32b9deb7ca4144cbb9a9972eebc76757565f16c2",
            "messageTitle": "Add images to User Guide",
            "messageBody": "",
            "insertions": 15,
            "deletions": 16
          },
          {
            "hash": "34502bf13bcda704b01720c76a3df0c0bd566e56",
            "messageTitle": "Add Acknowledgements",
            "messageBody": "",
            "insertions": 10,
            "deletions": 1
          },
          {
            "hash": "23e99e15cbc610b1a7a2732a8bb9d27526a1ff91",
            "messageTitle": "Fix style and add javadoc",
            "messageBody": "",
            "insertions": 11,
            "deletions": 2
          },
          {
            "hash": "46a1b32ddaf6ec3fbc1bc88409cc9c2602a98dd2",
            "messageTitle": "Create static final variables",
            "messageBody": "",
            "tags": [
              "A-Release"
            ],
            "insertions": 6,
            "deletions": 3
          }
        ]
      }
    ]
  },
  "authorFinalContributionMap": {
    "akhilvuputuri": 1206
  },
  "authorFileTypeContributionMap": {
    "akhilvuputuri": {
      "java": 929,
      "md": 157,
      "fxml": 43,
      "sh": 34,
      "bat": 0,
      "gradle": 33,
      "txt": 10
    }
  },
  "authorContributionVariance": {
    "akhilvuputuri": 23835.293
  },
  "authorDisplayNameMap": {
    "akhilvuputuri": "CS2103T-W13- 1 AKHI..TURI"
  }
}
