{
  "authorDailyContributionsMap": {
    "airshhlay": [
      {
        "insertions": 320,
        "deletions": 94,
        "date": "2020-01-23",
        "commitResults": [
          {
            "hash": "a99c4d8e92c8d8e88a50f20f3768a0c67503fb27",
            "messageTitle": "add duke greetings and echo",
            "messageBody": "",
            "insertions": 18,
            "deletions": 6
          },
          {
            "hash": "46b691d8701371cfe81c22eb6fd7b7cbd509be2e",
            "messageTitle": "add ability to store input and display on request remove need to add \u0027dude\u0027 to each command",
            "messageBody": "",
            "insertions": 14,
            "deletions": 6
          },
          {
            "hash": "4aa03e78c2575a165bb45f5a9910bd82f390d909",
            "messageTitle": "add numbering for user input list",
            "messageBody": "",
            "tags": [
              "Level-2"
            ],
            "insertions": 3,
            "deletions": 3
          },
          {
            "hash": "5b67c3efeff0d3d2d7abc14ddec2173c9e21000f",
            "messageTitle": "add task class and ability to mark tasks as done",
            "messageBody": "",
            "tags": [
              "Level-3"
            ],
            "insertions": 34,
            "deletions": 6
          },
          {
            "hash": "448825ef10d8ab9baac260c6a362da586bb1efa7",
            "messageTitle": "add support for tracking three types of tasks: ToDos, Deadlines and Events",
            "messageBody": "",
            "insertions": 59,
            "deletions": 5
          },
          {
            "hash": "46e667002d5baaf81f282240426d205121bde8d1",
            "messageTitle": "correct missing bye message",
            "messageBody": "",
            "insertions": 2,
            "deletions": 4
          },
          {
            "hash": "20fdfd441e66eb4e8117043513aadba61111c2e8",
            "messageTitle": "add automated text UI testing using I/O redirection technique",
            "messageBody": "",
            "insertions": 65,
            "deletions": 0
          },
          {
            "hash": "eca383aed4216cb1f0a2da16c012f88c036f8a5e",
            "messageTitle": "add support for tracking three types of tasks",
            "messageBody": "",
            "tags": [
              "Level-4"
            ],
            "insertions": 25,
            "deletions": 28
          },
          {
            "hash": "d24533441623e1e62f4b4f7b1c6cace09e72533a",
            "messageTitle": "add two cases of error handling",
            "messageBody": "",
            "tags": [
              "Level-5"
            ],
            "insertions": 43,
            "deletions": 15
          },
          {
            "hash": "c1f3f15face9a7fdefbf1cb0a146f3cdc0bc3450",
            "messageTitle": "modify test script",
            "messageBody": "",
            "insertions": 7,
            "deletions": 7
          },
          {
            "hash": "2c78607ab09f221bc4aa63cff9238a4f7ebbdade",
            "messageTitle": "modify test script to include error handling",
            "messageBody": "",
            "insertions": 4,
            "deletions": 0
          },
          {
            "hash": "44aa1b79eb37727bd09f888654721623aba69f7d",
            "messageTitle": "modify DukeException to handle more exceptions. add support for deleting tasks from the list.",
            "messageBody": "",
            "insertions": 46,
            "deletions": 14
          }
        ]
      },
      {
        "insertions": 121,
        "deletions": 68,
        "date": "2020-01-26",
        "commitResults": [
          {
            "hash": "8888954025be327a388248015513ebc5ce1a6062",
            "messageTitle": "add support for deleting tasks from the list add new Dude class for better code readability",
            "messageBody": "",
            "tags": [
              "Level-6"
            ],
            "insertions": 119,
            "deletions": 67
          },
          {
            "hash": "b126113e407ac27c40cad7d8850beaa02cb4b7f0",
            "messageTitle": "modify test script to include error handling",
            "messageBody": "",
            "tags": [
              "A-TextUITesting"
            ],
            "insertions": 2,
            "deletions": 1
          }
        ]
      },
      {
        "insertions": 33,
        "deletions": 32,
        "date": "2020-01-29",
        "commitResults": [
          {
            "hash": "8d314c27bd0cb0e308c38797f856977a7eaf1a4e",
            "messageTitle": "modify error handling with more readable code",
            "messageBody": "",
            "insertions": 33,
            "deletions": 32
          }
        ]
      },
      {
        "insertions": 266,
        "deletions": 48,
        "date": "2020-01-30",
        "commitResults": [
          {
            "hash": "4e186ffc770390d1078a6d2f8e663248de9e40bc",
            "messageTitle": "add support for enums in tasks",
            "messageBody": "",
            "tags": [
              "A-Enums"
            ],
            "insertions": 64,
            "deletions": 2
          },
          {
            "hash": "485a7a41fddab2373209e6913ecc8cd310c2d502",
            "messageTitle": "modify Dude class slightly",
            "messageBody": "",
            "insertions": 5,
            "deletions": 4
          },
          {
            "hash": "87d82c6a0dc2bbd4d794e6e19d897d5c210276e8",
            "messageTitle": "modify UI class from dude to squirtle",
            "messageBody": "",
            "insertions": 168,
            "deletions": 21
          },
          {
            "hash": "c3340b0bceb0f358df644bdfa71bf348b9a50f81",
            "messageTitle": "add ability to save and load tasks from hard disk",
            "messageBody": "",
            "tags": [
              "Level-7"
            ],
            "insertions": 1,
            "deletions": 7
          },
          {
            "hash": "298d9bd2922088de335429b8aa54085d72a3900e",
            "messageTitle": "add support for dates, accepts input in format d/MM/yyyy",
            "messageBody": "",
            "tags": [
              "Level-8"
            ],
            "insertions": 28,
            "deletions": 14
          }
        ]
      },
      {
        "insertions": 127,
        "deletions": 38,
        "date": "2020-01-31",
        "commitResults": [
          {
            "hash": "f3cae3183fabb58e455dc0dcfa777aec78f0138c",
            "messageTitle": "add logo for squirtle ui",
            "messageBody": "",
            "insertions": 41,
            "deletions": 0
          },
          {
            "hash": "798ff96e0e74a9fb0a108fa06bbe4939603dcfa2",
            "messageTitle": "modify parsing and Parser class for more complex OOP",
            "messageBody": "",
            "insertions": 86,
            "deletions": 38
          }
        ]
      },
      {
        "insertions": 204,
        "deletions": 149,
        "date": "2020-02-02",
        "commitResults": [
          {
            "hash": "5a1dd7504a775756fe977a581d1c5cd233e3a5fd",
            "messageTitle": "improve code readability with better OOP design",
            "messageBody": "",
            "tags": [
              "A-MoreOOP"
            ],
            "insertions": 204,
            "deletions": 149
          }
        ]
      },
      {
        "insertions": 141,
        "deletions": 69,
        "date": "2020-02-03",
        "commitResults": [
          {
            "hash": "aa28dfef6b5907a89ae22da5aff05471c3bad454",
            "messageTitle": "change name of Squirtle class to Ui class in accordance with instructions",
            "messageBody": "",
            "insertions": 16,
            "deletions": 16
          },
          {
            "hash": "ed7c58ad3afff7268d7c55435bfec964620f9c58",
            "messageTitle": "package files according to function in a main duke package",
            "messageBody": "",
            "tags": [
              "A-Packages"
            ],
            "insertions": 125,
            "deletions": 53
          }
        ]
      },
      {
        "insertions": 770,
        "deletions": 233,
        "date": "2020-02-05",
        "commitResults": [
          {
            "hash": "f5860fdc6545d51c0dc9f080fd2040942ba54153",
            "messageTitle": "add junit tests for Parser and Task classes",
            "messageBody": "",
            "tags": [
              "A-JUnit"
            ],
            "insertions": 83,
            "deletions": 4
          },
          {
            "hash": "c85e711462a43c28425d20d15be9bff295940d78",
            "messageTitle": "handle exception where user passes wrong date format",
            "messageBody": "",
            "insertions": 21,
            "deletions": 9
          },
          {
            "hash": "19c8705b6af780641783ab11e4e9dd77b6d86dec",
            "messageTitle": "move resources into resource folder",
            "messageBody": "",
            "insertions": 0,
            "deletions": 44
          },
          {
            "hash": "6ef5a24c9873a8fe2d382d166ad5c7913be67995",
            "messageTitle": "fix DateTimeParseException where TimeParser was unable to load dates using the default pattern from file",
            "messageBody": "",
            "tags": [
              "A-Jar"
            ],
            "insertions": 9,
            "deletions": 3
          },
          {
            "hash": "e1fbb1b468b10b391e78de358869853fc3db4115",
            "messageTitle": "move resources again",
            "messageBody": "",
            "insertions": 46,
            "deletions": 0
          },
          {
            "hash": "0af93d9a674a2e849581d0b128378805bd1c5b1d",
            "messageTitle": "add JavaDoc comments",
            "messageBody": "",
            "tags": [
              "Level-9",
              "A-JavaDoc",
              "A-CodingStandard"
            ],
            "insertions": 336,
            "deletions": 73
          },
          {
            "hash": "0502bd42772501bcce615c5a09b1f63e6bda3b47",
            "messageTitle": "add GUI framework to duke. TODO: make it pretty",
            "messageBody": "",
            "insertions": 275,
            "deletions": 100
          }
        ]
      },
      {
        "insertions": 27,
        "deletions": 83,
        "date": "2020-02-06",
        "commitResults": [
          {
            "hash": "1a9d1f090f6a99a0f203b000b37c5d0ce1c79805",
            "messageTitle": "modify classes for basic GUI application",
            "messageBody": "",
            "tags": [
              "Level-10"
            ],
            "insertions": 27,
            "deletions": 83
          }
        ]
      },
      {
        "insertions": 365,
        "deletions": 192,
        "date": "2020-02-12",
        "commitResults": [
          {
            "hash": "b6795ce2af98c5d448c2da950e5965c290b07d05",
            "messageTitle": "add assert feature to constructor in Deadline and Event, as well as Parser methods",
            "messageBody": "",
            "tags": [
              "A-Assertions"
            ],
            "insertions": 70,
            "deletions": 38
          },
          {
            "hash": "c64ca09983b1e9da2251b04cfcf98c4241717559",
            "messageTitle": "modify Task and its subclass constructors for better readability, add welcome message to javafx app",
            "messageBody": "",
            "tags": [
              "A-CodeQuality"
            ],
            "insertions": 58,
            "deletions": 101
          },
          {
            "hash": "94fd5471b7511ee36d9086e92a75d62bd75402d7",
            "messageTitle": "add warning popup box and welcome message",
            "messageBody": "",
            "insertions": 16,
            "deletions": 8
          },
          {
            "hash": "03d2b07b97fa4e7aec7aff79d7fc7b6085ee5df4",
            "messageTitle": "change Task class to abstract to avoid repeating code",
            "messageBody": "",
            "insertions": 58,
            "deletions": 17
          },
          {
            "hash": "d10ed3bc2d63171f455bb41f60855170187e56a6",
            "messageTitle": "add update function to update tasks",
            "messageBody": "",
            "tags": [
              "C-Update"
            ],
            "insertions": 163,
            "deletions": 28
          }
        ]
      },
      {
        "insertions": 88,
        "deletions": 34,
        "date": "2020-02-15",
        "commitResults": [
          {
            "hash": "6943ad2badfecb3fd89b5303691de80045bd3a87",
            "messageTitle": "add javadoc",
            "messageBody": "",
            "insertions": 88,
            "deletions": 34
          }
        ]
      },
      {
        "insertions": 59,
        "deletions": 74,
        "date": "2020-02-18",
        "commitResults": [
          {
            "hash": "ad97dd1ab82ea4d3d74f2587ddce5013b2e35232",
            "messageTitle": "modify README to be specific to Squirtle Manager",
            "messageBody": "",
            "insertions": 56,
            "deletions": 33
          },
          {
            "hash": "dbdabb304c9d0f8ad24a3b4604d8cc8d3fd57ba0",
            "messageTitle": "edit the feedback and bug reports section of the README",
            "messageBody": "",
            "insertions": 2,
            "deletions": 37
          },
          {
            "hash": "165986e086d51dbe916b40bb2fbb4c8b685f78d9",
            "messageTitle": "edit some minor details to README",
            "messageBody": "",
            "insertions": 1,
            "deletions": 1
          },
          {
            "hash": "8b3be6320d66a39ec721a199892262fd8828d8ab",
            "messageTitle": "remove merge conflict markings",
            "messageBody": "",
            "insertions": 0,
            "deletions": 3
          }
        ]
      }
    ]
  },
  "authorFinalContributionMap": {
    "airshhlay": 1486
  },
  "authorFileTypeContributionMap": {
    "airshhlay": {
      "java": 1332,
      "md": 53,
      "fxml": 0,
      "sh": 35,
      "bat": 0,
      "gradle": 31,
      "txt": 35
    }
  },
  "authorContributionVariance": {
    "airshhlay": 40802.402
  },
  "authorDisplayNameMap": {
    "airshhlay": "CS2103T-T10- 2 ASHL.. YAN"
  }
}
