[
  {
    "path": "src/main/java/Duke.java",
    "fileType": "java",
    "lines": [
      {
        "lineNumber": 1,
        "author": {
          "gitId": "vigneshbhuvan-nus"
        },
        "content": "import java.util.Scanner;"
      },
      {
        "lineNumber": 2,
        "author": {
          "gitId": "vigneshbhuvan-nus"
        },
        "content": "import java.util.ArrayList;"
      },
      {
        "lineNumber": 3,
        "author": {
          "gitId": "vigneshbhuvan-nus"
        },
        "content": ""
      },
      {
        "lineNumber": 4,
        "author": {
          "gitId": "-"
        },
        "content": "public class Duke {"
      },
      {
        "lineNumber": 5,
        "author": {
          "gitId": "-"
        },
        "content": "    public static void main(String[] args) {"
      },
      {
        "lineNumber": 6,
        "author": {
          "gitId": "vigneshbhuvan-nus"
        },
        "content": "        Scanner sc \u003d new Scanner(System.in);"
      },
      {
        "lineNumber": 7,
        "author": {
          "gitId": "vigneshbhuvan-nus"
        },
        "content": "        ArrayList\u003cString\u003e list \u003d new ArrayList\u003c\u003e();"
      },
      {
        "lineNumber": 8,
        "author": {
          "gitId": "vigneshbhuvan-nus"
        },
        "content": "        boolean end \u003d false;"
      },
      {
        "lineNumber": 9,
        "author": {
          "gitId": "vigneshbhuvan-nus"
        },
        "content": ""
      },
      {
        "lineNumber": 10,
        "author": {
          "gitId": "vigneshbhuvan-nus"
        },
        "content": "        String opening_message \u003d \"____________________________________________________________\\n\" +"
      },
      {
        "lineNumber": 11,
        "author": {
          "gitId": "vigneshbhuvan-nus"
        },
        "content": "                \"     Hello! I\u0027m Duke\\n\" +"
      },
      {
        "lineNumber": 12,
        "author": {
          "gitId": "vigneshbhuvan-nus"
        },
        "content": "                \"     What can I do for you?\\n\" +"
      },
      {
        "lineNumber": 13,
        "author": {
          "gitId": "vigneshbhuvan-nus"
        },
        "content": "                \"____________________________________________________________\\n\";"
      },
      {
        "lineNumber": 14,
        "author": {
          "gitId": "vigneshbhuvan-nus"
        },
        "content": "        System.out.println(opening_message);"
      },
      {
        "lineNumber": 15,
        "author": {
          "gitId": "vigneshbhuvan-nus"
        },
        "content": ""
      },
      {
        "lineNumber": 16,
        "author": {
          "gitId": "vigneshbhuvan-nus"
        },
        "content": "        while(!end) {"
      },
      {
        "lineNumber": 17,
        "author": {
          "gitId": "vigneshbhuvan-nus"
        },
        "content": "            String next_cmd \u003d sc.nextLine();"
      },
      {
        "lineNumber": 18,
        "author": {
          "gitId": "vigneshbhuvan-nus"
        },
        "content": "            if (next_cmd.equals(\"bye\")) {"
      },
      {
        "lineNumber": 19,
        "author": {
          "gitId": "vigneshbhuvan-nus"
        },
        "content": "                end \u003d true;"
      },
      {
        "lineNumber": 20,
        "author": {
          "gitId": "vigneshbhuvan-nus"
        },
        "content": "                System.out.println(\"    ____________________________________________________________\\n\" +"
      },
      {
        "lineNumber": 21,
        "author": {
          "gitId": "vigneshbhuvan-nus"
        },
        "content": "                        \"     Bye. Hope to see you again soon!\\n\" +"
      },
      {
        "lineNumber": 22,
        "author": {
          "gitId": "vigneshbhuvan-nus"
        },
        "content": "                        \"    ____________________________________________________________\");"
      },
      {
        "lineNumber": 23,
        "author": {
          "gitId": "vigneshbhuvan-nus"
        },
        "content": "            }"
      },
      {
        "lineNumber": 24,
        "author": {
          "gitId": "vigneshbhuvan-nus"
        },
        "content": "            else if (next_cmd.equals(\"list\")) {"
      },
      {
        "lineNumber": 25,
        "author": {
          "gitId": "vigneshbhuvan-nus"
        },
        "content": "                String list_of_items \u003d \"\";"
      },
      {
        "lineNumber": 26,
        "author": {
          "gitId": "vigneshbhuvan-nus"
        },
        "content": "                for(int i \u003d 0; i \u003c list.size(); i++) {"
      },
      {
        "lineNumber": 27,
        "author": {
          "gitId": "vigneshbhuvan-nus"
        },
        "content": "                    list_of_items +\u003d list.get(i) + \"\\n\";"
      },
      {
        "lineNumber": 28,
        "author": {
          "gitId": "vigneshbhuvan-nus"
        },
        "content": "                }"
      },
      {
        "lineNumber": 29,
        "author": {
          "gitId": "vigneshbhuvan-nus"
        },
        "content": "                System.out.println(\"    ____________________________________________________________\\n\" +"
      },
      {
        "lineNumber": 30,
        "author": {
          "gitId": "vigneshbhuvan-nus"
        },
        "content": "                        \"     \" + list_of_items + \"\\n\" +"
      },
      {
        "lineNumber": 31,
        "author": {
          "gitId": "vigneshbhuvan-nus"
        },
        "content": "                        \"    ____________________________________________________________\");"
      },
      {
        "lineNumber": 32,
        "author": {
          "gitId": "vigneshbhuvan-nus"
        },
        "content": "            }"
      },
      {
        "lineNumber": 33,
        "author": {
          "gitId": "vigneshbhuvan-nus"
        },
        "content": "            else if (next_cmd.equals(\"blah\")) {"
      },
      {
        "lineNumber": 34,
        "author": {
          "gitId": "vigneshbhuvan-nus"
        },
        "content": "                System.out.println(\"    ____________________________________________________________\\n\" +"
      },
      {
        "lineNumber": 35,
        "author": {
          "gitId": "vigneshbhuvan-nus"
        },
        "content": "                        \"     blah\\n\" +"
      },
      {
        "lineNumber": 36,
        "author": {
          "gitId": "vigneshbhuvan-nus"
        },
        "content": "                        \"    ____________________________________________________________\");"
      },
      {
        "lineNumber": 37,
        "author": {
          "gitId": "vigneshbhuvan-nus"
        },
        "content": ""
      },
      {
        "lineNumber": 38,
        "author": {
          "gitId": "vigneshbhuvan-nus"
        },
        "content": "            }"
      },
      {
        "lineNumber": 39,
        "author": {
          "gitId": "vigneshbhuvan-nus"
        },
        "content": "            else {"
      },
      {
        "lineNumber": 40,
        "author": {
          "gitId": "vigneshbhuvan-nus"
        },
        "content": "                list.add(next_cmd);"
      },
      {
        "lineNumber": 41,
        "author": {
          "gitId": "vigneshbhuvan-nus"
        },
        "content": "                System.out.println(\"    ____________________________________________________________\\n\" +"
      },
      {
        "lineNumber": 42,
        "author": {
          "gitId": "vigneshbhuvan-nus"
        },
        "content": "                        \"     \" + next_cmd + \"\\n\" +"
      },
      {
        "lineNumber": 43,
        "author": {
          "gitId": "vigneshbhuvan-nus"
        },
        "content": "                        \"    ____________________________________________________________\");"
      },
      {
        "lineNumber": 44,
        "author": {
          "gitId": "vigneshbhuvan-nus"
        },
        "content": "            }"
      },
      {
        "lineNumber": 45,
        "author": {
          "gitId": "vigneshbhuvan-nus"
        },
        "content": "        }"
      },
      {
        "lineNumber": 46,
        "author": {
          "gitId": "-"
        },
        "content": "    }"
      },
      {
        "lineNumber": 47,
        "author": {
          "gitId": "-"
        },
        "content": "}"
      }
    ],
    "authorContributionMap": {
      "vigneshbhuvan-nus": 43,
      "-": 4
    }
  }
]
