{
  "authorDailyContributionsMap": {
    "PangKimJin": [
      {
        "insertions": 11,
        "deletions": 0,
        "date": "2020-01-22",
        "commitResults": [
          {
            "hash": "110cf3bb8a01496638d4ecec80577b858381c2e2",
            "messageTitle": "implemented Level 1",
            "messageBody": "",
            "tags": [
              "Level-1"
            ],
            "insertions": 11,
            "deletions": 0
          }
        ]
      },
      {
        "insertions": 267,
        "deletions": 71,
        "date": "2020-01-23",
        "commitResults": [
          {
            "hash": "22178772374e4a8f44f2e20fbabb2e24dac68e04",
            "messageTitle": "implemented level 2.",
            "messageBody": "",
            "tags": [
              "Level-2"
            ],
            "insertions": 18,
            "deletions": 2
          },
          {
            "hash": "4df81aea6f1bcc26c0f04199d985dbb343ad78ed",
            "messageTitle": "implemented level 3.",
            "messageBody": "",
            "tags": [
              "Level-3"
            ],
            "insertions": 21,
            "deletions": 6
          },
          {
            "hash": "2f9864640e1fb54ba992f13b4c66c47e54b8fcde",
            "messageTitle": "implemented level 4.",
            "messageBody": "",
            "tags": [
              "Level-4"
            ],
            "insertions": 132,
            "deletions": 16
          },
          {
            "hash": "77c955b925d017885fc70140ce5590d6afda2636",
            "messageTitle": "implemented level 5.",
            "messageBody": "",
            "tags": [
              "Level-5"
            ],
            "insertions": 61,
            "deletions": 47
          },
          {
            "hash": "953a7bd09b6d4fd23b5762294c8202d4df79f37f",
            "messageTitle": "implemented level 6.",
            "messageBody": "",
            "insertions": 7,
            "deletions": 0
          },
          {
            "hash": "8cdf1a1adb823badb7cc921d1474011933a592b2",
            "messageTitle": "did testing.",
            "messageBody": "",
            "tags": [
              "Level-7",
              "A-textUiTesting"
            ],
            "insertions": 28,
            "deletions": 0
          }
        ]
      },
      {
        "insertions": 48,
        "deletions": 9,
        "date": "2020-02-01",
        "commitResults": [
          {
            "hash": "d0b52558b2eeff5cd478adac8bec843f813e6221",
            "messageTitle": "implemented level 7.",
            "messageBody": "",
            "insertions": 48,
            "deletions": 9
          }
        ]
      },
      {
        "insertions": 33,
        "deletions": 12,
        "date": "2020-02-02",
        "commitResults": [
          {
            "hash": "0864a9d87dc2ab591afc7c119686467d088df70c",
            "messageTitle": "implemented level 8.",
            "messageBody": "",
            "insertions": 33,
            "deletions": 12
          }
        ]
      },
      {
        "insertions": 711,
        "deletions": 64,
        "date": "2020-02-05",
        "commitResults": [
          {
            "hash": "8ae13a2a9a8beb1adcc244736ccff29bb4327264",
            "messageTitle": "implemented A-MoreOOP.",
            "messageBody": "",
            "tags": [
              "A-MoreOOP"
            ],
            "insertions": 350,
            "deletions": 17
          },
          {
            "hash": "c60b018a284cac979c5cb183145ac28343a71322",
            "messageTitle": "added test for Ui and Duke.",
            "messageBody": "",
            "tags": [
              "v0.1",
              "A-JUnit"
            ],
            "insertions": 42,
            "deletions": 1
          },
          {
            "hash": "4179c81969267e7d7ad09d88adb99831cf273f66",
            "messageTitle": "added the javadocs to non-trivial methods.",
            "messageBody": "",
            "tags": [
              "A-JavaDoc"
            ],
            "insertions": 30,
            "deletions": 1
          },
          {
            "hash": "cc7c60019fbb288a2eacc3457ea69116eb4cfcd6",
            "messageTitle": "changed the coding style according to coding standard.",
            "messageBody": "",
            "tags": [
              "A-CodingStandard"
            ],
            "insertions": 14,
            "deletions": 40
          },
          {
            "hash": "e03a347312db4a7226369a5364fd048eba8edd70",
            "messageTitle": "implemented find feature (Level 9).",
            "messageBody": "",
            "insertions": 46,
            "deletions": 2
          },
          {
            "hash": "5da4d4563cf1fc7785db9d580c7645f6965dc61d",
            "messageTitle": "created a \"bye\" case for Parser.",
            "messageBody": "",
            "tags": [
              "Level-9"
            ],
            "insertions": 5,
            "deletions": 0
          },
          {
            "hash": "c0167f5b3a577067e61ed774374ed741730320d4",
            "messageTitle": "implemented Level 10.1 introduction.",
            "messageBody": "",
            "insertions": 97,
            "deletions": 2
          },
          {
            "hash": "208ee6f6914054b325e98dc1703b99d473ae8278",
            "messageTitle": "implemented Level 10.2.",
            "messageBody": "",
            "insertions": 31,
            "deletions": 0
          },
          {
            "hash": "6e194d1da4793d7fde4a161a162a686a6f5f0996",
            "messageTitle": "implemented Level 10.3.",
            "messageBody": "",
            "insertions": 96,
            "deletions": 1
          }
        ]
      },
      {
        "insertions": 156,
        "deletions": 27,
        "date": "2020-02-11",
        "commitResults": [
          {
            "hash": "bdaa35774e400e0b410935af53b5b01bf38d9db5",
            "messageTitle": "implemented Level 10.4.",
            "messageBody": "",
            "tags": [
              "Level-10"
            ],
            "insertions": 156,
            "deletions": 27
          }
        ]
      }
    ]
  },
  "authorFinalContributionMap": {
    "PangKimJin": 1050
  },
  "authorFileTypeContributionMap": {
    "PangKimJin": {
      "java": 943,
      "md": 0,
      "fxml": 35,
      "sh": 0,
      "bat": 21,
      "gradle": 45,
      "txt": 6
    }
  },
  "authorContributionVariance": {
    "PangKimJin": 22919.23
  },
  "authorDisplayNameMap": {
    "PangKimJin": "CS2103-T09- 3 PANG.. JIN"
  }
}
