{
  "authorDailyContributionsMap": {
    "BryanYap972": [
      {
        "insertions": 624,
        "deletions": 138,
        "date": "2020-01-22",
        "commitResults": [
          {
            "hash": "ea6364a5c585a8207716471a0069a1e1055f0896",
            "messageTitle": "Initial commit",
            "messageBody": "",
            "fileTypesAndContributionMap": {
              "java": {
                "insertions": 10,
                "deletions": 0
              },
              "md": {
                "insertions": 68,
                "deletions": 0
              }
            }
          },
          {
            "hash": "e3fb5f7aec260e48cb76006c4db7612079a522c2",
            "messageTitle": "Added interface for chatbot",
            "messageBody": "",
            "fileTypesAndContributionMap": {
              "java": {
                "insertions": 9,
                "deletions": 0
              }
            }
          },
          {
            "hash": "f7fc87306aa8e3a36f0a187f97385b034daadd6c",
            "messageTitle": "Added chatbot class and Duke class",
            "messageBody": "",
            "fileTypesAndContributionMap": {
              "java": {
                "insertions": 4,
                "deletions": 0
              }
            }
          },
          {
            "hash": "2653f7e1a658b87faf6ac76be59c68c7e7aafb60",
            "messageTitle": "Added comments and changed bot\u0027s greeting and goodbye",
            "messageBody": "",
            "tags": [
              "Level-1"
            ],
            "fileTypesAndContributionMap": {
              "java": {
                "insertions": 84,
                "deletions": 8
              }
            }
          },
          {
            "hash": "b57e4f65831b6a7bae1635b54de87e7a21cc6b23",
            "messageTitle": "Added features for level 2",
            "messageBody": "",
            "tags": [
              "Level-2"
            ],
            "fileTypesAndContributionMap": {
              "java": {
                "insertions": 29,
                "deletions": 2
              }
            }
          },
          {
            "hash": "d57ccd5e2dc4d63ef874397b23c99fa59bb6f8e1",
            "messageTitle": "Added features for level 3",
            "messageBody": "",
            "tags": [
              "Level-3"
            ],
            "fileTypesAndContributionMap": {
              "java": {
                "insertions": 76,
                "deletions": 21
              }
            }
          },
          {
            "hash": "7d5bd9e7418331158fcf5f344e9567ebe277d784",
            "messageTitle": "Added features for level 4",
            "messageBody": "",
            "tags": [
              "Level-4"
            ],
            "fileTypesAndContributionMap": {
              "java": {
                "insertions": 115,
                "deletions": 12
              }
            }
          },
          {
            "hash": "d9baa45f55eeab4f62dc6582305c07ba3fe0e07f",
            "messageTitle": "Added features(minimal error handling) for level 5",
            "messageBody": "",
            "fileTypesAndContributionMap": {
              "java": {
                "insertions": 101,
                "deletions": 65
              }
            }
          },
          {
            "hash": "53668a8a4f02fd40af625a61c8c7dfd16d81248c",
            "messageTitle": "Added Automated Text UI Testing",
            "messageBody": "",
            "tags": [
              "A-TextUiTesting"
            ],
            "fileTypesAndContributionMap": {
              "txt": {
                "insertions": 52,
                "deletions": 0
              },
              "sh": {
                "insertions": 34,
                "deletions": 0
              }
            }
          },
          {
            "hash": "b6381d68fd1c33b79c7381aba262c63e20077671",
            "messageTitle": "Made minor changes to error message for level 5.",
            "messageBody": "",
            "fileTypesAndContributionMap": {
              "java": {
                "insertions": 2,
                "deletions": 2
              }
            }
          },
          {
            "hash": "8fd59583438db120703e480cb8c06918d714bf13",
            "messageTitle": "Added features for level 6.",
            "messageBody": "",
            "fileTypesAndContributionMap": {
              "java": {
                "insertions": 25,
                "deletions": 14
              }
            }
          },
          {
            "hash": "a56d6be274e9c905deb5f15d4d6bb1d8d281ba1f",
            "messageTitle": "Minor changes to level 5.",
            "messageBody": "",
            "tags": [
              "Level-5"
            ],
            "fileTypesAndContributionMap": {
              "java": {
                "insertions": 1,
                "deletions": 14
              }
            }
          },
          {
            "hash": "dadd96ef2e26e904945f50311b429cefaa2d6b13",
            "messageTitle": "Minor changes to level 6.",
            "messageBody": "",
            "tags": [
              "Level-6"
            ],
            "fileTypesAndContributionMap": {
              "java": {
                "insertions": 14,
                "deletions": 0
              }
            }
          }
        ]
      },
      {
        "insertions": 543,
        "deletions": 283,
        "date": "2020-01-28",
        "commitResults": [
          {
            "hash": "73bc9e670ea855030675e3cc9e45f1cbe6fbad60",
            "messageTitle": "Added level 7",
            "messageBody": "",
            "fileTypesAndContributionMap": {
              "txt": {
                "insertions": 3,
                "deletions": 0
              },
              "java": {
                "insertions": 126,
                "deletions": 0
              }
            }
          },
          {
            "hash": "5267e5207249346ef33a90bfb788169994ef6000",
            "messageTitle": "Added level 8",
            "messageBody": "",
            "fileTypesAndContributionMap": {
              "java": {
                "insertions": 19,
                "deletions": 1
              }
            }
          },
          {
            "hash": "d222372f903cbb45912bfb58875b43d53019df7f",
            "messageTitle": "Added comments",
            "messageBody": "",
            "fileTypesAndContributionMap": {
              "java": {
                "insertions": 1,
                "deletions": 0
              }
            }
          },
          {
            "hash": "2f175bbdc8d1cca41bf8bd1b5dd58d81172db05c",
            "messageTitle": "A-MoreOOP: Used more OOP.",
            "messageBody": "",
            "fileTypesAndContributionMap": {
              "txt": {
                "insertions": 3,
                "deletions": 1
              },
              "java": {
                "insertions": 336,
                "deletions": 272
              }
            }
          },
          {
            "hash": "ca20c4c08f335f7d7abe5f1ae159c11c36f00a59",
            "messageTitle": "A-MoreOOP: Used more OOP.",
            "messageBody": "",
            "tags": [
              "A-MoreOOP"
            ],
            "fileTypesAndContributionMap": {
              "txt": {
                "insertions": 2,
                "deletions": 1
              },
              "java": {
                "insertions": 2,
                "deletions": 1
              }
            }
          },
          {
            "hash": "068d55f8377025c88da7bec905d9e8f7e185f4c0",
            "messageTitle": "Added JUnit tests.",
            "messageBody": "",
            "fileTypesAndContributionMap": {
              "java": {
                "insertions": 39,
                "deletions": 0
              }
            }
          },
          {
            "hash": "51205c4974c7cc5509a66feb4b5e8276e08cac4b",
            "messageTitle": "Changes made to storage constructor.",
            "messageBody": "",
            "tags": [
              "v0.1",
              "A-JUnit"
            ],
            "fileTypesAndContributionMap": {
              "txt": {
                "insertions": 1,
                "deletions": 6
              },
              "java": {
                "insertions": 11,
                "deletions": 1
              }
            }
          }
        ]
      },
      {
        "insertions": 380,
        "deletions": 77,
        "date": "2020-01-29",
        "commitResults": [
          {
            "hash": "0278fb0a7e0d5f7880405e19aa9af40f3822f966",
            "messageTitle": "Added java doc.",
            "messageBody": "",
            "tags": [
              "A-JavaDoc"
            ],
            "fileTypesAndContributionMap": {
              "txt": {
                "insertions": 1,
                "deletions": 0
              },
              "java": {
                "insertions": 260,
                "deletions": 1
              }
            }
          },
          {
            "hash": "b794e4e223ccdb0f2948813e6b95a7a0f20b5197",
            "messageTitle": "Changed some coding style related issues.",
            "messageBody": "",
            "tags": [
              "A-Jar"
            ],
            "fileTypesAndContributionMap": {
              "java": {
                "insertions": 9,
                "deletions": 8
              }
            }
          },
          {
            "hash": "e34e68b7a54bd498a127573e7f6dd99689b2f88c",
            "messageTitle": "Added level 9 features.",
            "messageBody": "",
            "fileTypesAndContributionMap": {
              "txt": {
                "insertions": 0,
                "deletions": 1
              },
              "java": {
                "insertions": 44,
                "deletions": 0
              }
            }
          },
          {
            "hash": "462b1f2b8b7fa430014fd7a564428754f673f4bd",
            "messageTitle": "Made changes to the coding style.",
            "messageBody": "",
            "fileTypesAndContributionMap": {
              "java": {
                "insertions": 29,
                "deletions": 29
              }
            }
          },
          {
            "hash": "295961c386d6e003f55f54cbec270a72ba7a4c31",
            "messageTitle": "Made changes to the coding style.",
            "messageBody": "",
            "fileTypesAndContributionMap": {
              "txt": {
                "insertions": 0,
                "deletions": 1
              }
            }
          },
          {
            "hash": "d807b701c3f042ea62a862cf9eb8cd4f8467e1d4",
            "messageTitle": "Made changes to the coding style.",
            "messageBody": "",
            "fileTypesAndContributionMap": {
              "java": {
                "insertions": 37,
                "deletions": 37
              }
            }
          }
        ]
      },
      {
        "insertions": 2,
        "deletions": 4,
        "date": "2020-01-31",
        "commitResults": [
          {
            "hash": "ad0a59a4e1203873e6f251fc73a4aef7bb59738c",
            "messageTitle": "Made changes to duke.txt",
            "messageBody": "",
            "fileTypesAndContributionMap": {
              "txt": {
                "insertions": 0,
                "deletions": 1
              }
            }
          },
          {
            "hash": "a735822f8440232239f2da10ce3c4f6176a324cb",
            "messageTitle": "Added gradle to project.",
            "messageBody": "",
            "fileTypesAndContributionMap": {
              "gradle": {
                "insertions": 1,
                "deletions": 1
              }
            }
          },
          {
            "hash": "0bf8687876fdc41e73835f0d4e98f430ebb1edeb",
            "messageTitle": "Added gradle to project.",
            "messageBody": "",
            "fileTypesAndContributionMap": {
              "gradle": {
                "insertions": 1,
                "deletions": 1
              }
            }
          },
          {
            "hash": "c6c49536d08bc5f31390e114e76952428b3d4664",
            "messageTitle": "Added gradle to project.",
            "messageBody": "",
            "fileTypesAndContributionMap": {
              "gradle": {
                "insertions": 0,
                "deletions": 1
              }
            }
          }
        ]
      },
      {
        "insertions": 210,
        "deletions": 9,
        "date": "2020-02-03",
        "commitResults": [
          {
            "hash": "d8b51284db4ddb52aeda8d61086a5f378320ff91",
            "messageTitle": "Downloaded javafx dependencies.",
            "messageBody": "",
            "fileTypesAndContributionMap": {
              "gradle": {
                "insertions": 31,
                "deletions": 0
              },
              "java": {
                "insertions": 15,
                "deletions": 1
              }
            }
          },
          {
            "hash": "5dce9f4bfa39cdbab96c75d3f50c1cfcc0f01da8",
            "messageTitle": "Javafx part 1.",
            "messageBody": "",
            "fileTypesAndContributionMap": {
              "java": {
                "insertions": 14,
                "deletions": 0
              }
            }
          },
          {
            "hash": "1d5408ef76dff7965f875ae2063d0a2156576a23",
            "messageTitle": "Javafx part 2.",
            "messageBody": "",
            "fileTypesAndContributionMap": {
              "java": {
                "insertions": 62,
                "deletions": 8
              }
            }
          },
          {
            "hash": "f97484d34ee23b2b5e3ab7ecce7f21224a9ba313",
            "messageTitle": "Javafx part 3.",
            "messageBody": "",
            "fileTypesAndContributionMap": {
              "java": {
                "insertions": 88,
                "deletions": 0
              }
            }
          }
        ]
      },
      {
        "insertions": 370,
        "deletions": 274,
        "date": "2020-02-04",
        "commitResults": [
          {
            "hash": "1dea853a82a96455aaf074759ba9b8db14f0ab9a",
            "messageTitle": "Added level-10 features.",
            "messageBody": "",
            "fileTypesAndContributionMap": {
              "txt": {
                "insertions": 1,
                "deletions": 1
              },
              "fxml": {
                "insertions": 35,
                "deletions": 0
              },
              "java": {
                "insertions": 333,
                "deletions": 260
              }
            }
          },
          {
            "hash": "68fe7cffd072d4c6f00ef74ba089cc0896fe1370",
            "messageTitle": "Made changes to Ui class.",
            "messageBody": "",
            "tags": [
              "Level-10"
            ],
            "fileTypesAndContributionMap": {
              "txt": {
                "insertions": 1,
                "deletions": 1
              },
              "java": {
                "insertions": 0,
                "deletions": 12
              }
            }
          }
        ]
      },
      {
        "insertions": 344,
        "deletions": 68,
        "date": "2020-02-12",
        "commitResults": [
          {
            "hash": "8732ab71f12e837a91b8d74764e1a4d81cb80a61",
            "messageTitle": "Added shadowJar, new Jar file and fixed problem truncating problem with list.",
            "messageBody": "",
            "fileTypesAndContributionMap": {
              "gradle": {
                "insertions": 9,
                "deletions": 1
              },
              "txt": {
                "insertions": 1,
                "deletions": 0
              },
              "fxml": {
                "insertions": 3,
                "deletions": 3
              },
              "java": {
                "insertions": 18,
                "deletions": 11
              }
            }
          },
          {
            "hash": "afa091d481068e024f5f2d002adda7544203a631",
            "messageTitle": "Minor changes to duke.txt.",
            "messageBody": "",
            "fileTypesAndContributionMap": {
              "txt": {
                "insertions": 1,
                "deletions": 1
              }
            }
          },
          {
            "hash": "823326e6a32d3398411af3244550ef18ba4ecf4d",
            "messageTitle": "Added assertions.",
            "messageBody": "",
            "fileTypesAndContributionMap": {
              "java": {
                "insertions": 10,
                "deletions": 0
              }
            }
          },
          {
            "hash": "dded6baf5205662c5dfd8ad22f88432b09974c4c",
            "messageTitle": "Improved code quality.",
            "messageBody": "",
            "fileTypesAndContributionMap": {
              "java": {
                "insertions": 62,
                "deletions": 35
              }
            }
          },
          {
            "hash": "5be4598be1d95b9b38857af8085e64e5a7a46da5",
            "messageTitle": "Added undo feature.",
            "messageBody": "",
            "tags": [
              "C-Undo"
            ],
            "fileTypesAndContributionMap": {
              "txt": {
                "insertions": 2,
                "deletions": 2
              },
              "java": {
                "insertions": 238,
                "deletions": 15
              }
            }
          }
        ]
      },
      {
        "insertions": 129,
        "deletions": 48,
        "date": "2020-02-20",
        "commitResults": [
          {
            "hash": "d95ec44c429c9e0b67dd651a077a72cbe6c5b35e",
            "messageTitle": "Added undo feature.",
            "messageBody": "",
            "fileTypesAndContributionMap": {
              "gradle": {
                "insertions": 0,
                "deletions": 5
              },
              "txt": {
                "insertions": 3,
                "deletions": 1
              },
              "java": {
                "insertions": 1,
                "deletions": 1
              },
              "md": {
                "insertions": 92,
                "deletions": 5
              }
            }
          },
          {
            "hash": "ead5bdde82b0517363ada34060a18c5da2ec177d",
            "messageTitle": "Added acknowledgements for javaFX codes.",
            "messageBody": "",
            "fileTypesAndContributionMap": {
              "java": {
                "insertions": 30,
                "deletions": 28
              }
            }
          },
          {
            "hash": "9a608c8487a0d5fe8c97da69d247dd68cbda9dc9",
            "messageTitle": "Added acknowledgements for javaFX codes.",
            "messageBody": "",
            "tags": [
              "A-Release"
            ],
            "fileTypesAndContributionMap": {
              "txt": {
                "insertions": 2,
                "deletions": 8
              },
              "java": {
                "insertions": 1,
                "deletions": 0
              }
            }
          }
        ]
      },
      {
        "insertions": 12,
        "deletions": 0,
        "date": "2020-02-21",
        "commitResults": [
          {
            "hash": "df85f58ce6165cc1343760044b94fb9eab88f953",
            "messageTitle": "Updated user guide.",
            "messageBody": "",
            "fileTypesAndContributionMap": {
              "md": {
                "insertions": 12,
                "deletions": 0
              }
            }
          }
        ]
      }
    ]
  },
  "authorFinalContributionMap": {
    "BryanYap972": 1646
  },
  "authorFileTypeContributionMap": {
    "BryanYap972": {
      "java": 1385,
      "md": 105,
      "fxml": 35,
      "sh": 34,
      "bat": 0,
      "gradle": 33,
      "txt": 54
    }
  },
  "authorContributionVariance": {
    "BryanYap972": 45670.95
  },
  "authorDisplayNameMap": {
    "BryanYap972": "CS2103T-F10- 3 YAP ..RYAN"
  }
}
