{
  "authorDailyContributionsMap": {
    "BryanYap972": [
      {
        "insertions": 682,
        "deletions": 138,
        "date": "2020-01-22",
        "commitResults": [
          {
            "hash": "ea6364a5c585a8207716471a0069a1e1055f0896",
            "messageTitle": "Initial commit",
            "messageBody": "",
            "insertions": 92,
            "deletions": 0
          },
          {
            "hash": "e3fb5f7aec260e48cb76006c4db7612079a522c2",
            "messageTitle": "Added interface for chatbot",
            "messageBody": "",
            "insertions": 9,
            "deletions": 0
          },
          {
            "hash": "f7fc87306aa8e3a36f0a187f97385b034daadd6c",
            "messageTitle": "Added chatbot class and Duke class",
            "messageBody": "",
            "insertions": 4,
            "deletions": 0
          },
          {
            "hash": "2653f7e1a658b87faf6ac76be59c68c7e7aafb60",
            "messageTitle": "Added comments and changed bot\u0027s greeting and goodbye",
            "messageBody": "",
            "tags": [
              "Level-1"
            ],
            "insertions": 84,
            "deletions": 8
          },
          {
            "hash": "b57e4f65831b6a7bae1635b54de87e7a21cc6b23",
            "messageTitle": "Added features for level 2",
            "messageBody": "",
            "tags": [
              "Level-2"
            ],
            "insertions": 29,
            "deletions": 2
          },
          {
            "hash": "d57ccd5e2dc4d63ef874397b23c99fa59bb6f8e1",
            "messageTitle": "Added features for level 3",
            "messageBody": "",
            "tags": [
              "Level-3"
            ],
            "insertions": 76,
            "deletions": 21
          },
          {
            "hash": "7d5bd9e7418331158fcf5f344e9567ebe277d784",
            "messageTitle": "Added features for level 4",
            "messageBody": "",
            "tags": [
              "Level-4"
            ],
            "insertions": 115,
            "deletions": 12
          },
          {
            "hash": "d9baa45f55eeab4f62dc6582305c07ba3fe0e07f",
            "messageTitle": "Added features(minimal error handling) for level 5",
            "messageBody": "",
            "insertions": 101,
            "deletions": 65
          },
          {
            "hash": "53668a8a4f02fd40af625a61c8c7dfd16d81248c",
            "messageTitle": "Added Automated Text UI Testing",
            "messageBody": "",
            "tags": [
              "A-TextUiTesting"
            ],
            "insertions": 130,
            "deletions": 0
          },
          {
            "hash": "b6381d68fd1c33b79c7381aba262c63e20077671",
            "messageTitle": "Made minor changes to error message for level 5.",
            "messageBody": "",
            "insertions": 2,
            "deletions": 2
          },
          {
            "hash": "8fd59583438db120703e480cb8c06918d714bf13",
            "messageTitle": "Added features for level 6.",
            "messageBody": "",
            "insertions": 25,
            "deletions": 14
          },
          {
            "hash": "a56d6be274e9c905deb5f15d4d6bb1d8d281ba1f",
            "messageTitle": "Minor changes to level 5.",
            "messageBody": "",
            "tags": [
              "Level-5"
            ],
            "insertions": 1,
            "deletions": 14
          },
          {
            "hash": "dadd96ef2e26e904945f50311b429cefaa2d6b13",
            "messageTitle": "Minor changes to level 6.",
            "messageBody": "",
            "tags": [
              "Level-6"
            ],
            "insertions": 14,
            "deletions": 0
          }
        ]
      },
      {
        "insertions": 546,
        "deletions": 283,
        "date": "2020-01-28",
        "commitResults": [
          {
            "hash": "73bc9e670ea855030675e3cc9e45f1cbe6fbad60",
            "messageTitle": "Added level 7",
            "messageBody": "",
            "insertions": 129,
            "deletions": 0
          },
          {
            "hash": "5267e5207249346ef33a90bfb788169994ef6000",
            "messageTitle": "Added level 8",
            "messageBody": "",
            "insertions": 19,
            "deletions": 1
          },
          {
            "hash": "d222372f903cbb45912bfb58875b43d53019df7f",
            "messageTitle": "Added comments",
            "messageBody": "",
            "insertions": 1,
            "deletions": 0
          },
          {
            "hash": "2f175bbdc8d1cca41bf8bd1b5dd58d81172db05c",
            "messageTitle": "A-MoreOOP: Used more OOP.",
            "messageBody": "",
            "insertions": 339,
            "deletions": 273
          },
          {
            "hash": "ca20c4c08f335f7d7abe5f1ae159c11c36f00a59",
            "messageTitle": "A-MoreOOP: Used more OOP.",
            "messageBody": "",
            "tags": [
              "A-MoreOOP"
            ],
            "insertions": 4,
            "deletions": 2
          },
          {
            "hash": "068d55f8377025c88da7bec905d9e8f7e185f4c0",
            "messageTitle": "Added JUnit tests.",
            "messageBody": "",
            "insertions": 39,
            "deletions": 0
          },
          {
            "hash": "51205c4974c7cc5509a66feb4b5e8276e08cac4b",
            "messageTitle": "Changes made to storage constructor.",
            "messageBody": "",
            "tags": [
              "v0.1",
              "A-JUnit"
            ],
            "insertions": 15,
            "deletions": 7
          }
        ]
      },
      {
        "insertions": 380,
        "deletions": 77,
        "date": "2020-01-29",
        "commitResults": [
          {
            "hash": "0278fb0a7e0d5f7880405e19aa9af40f3822f966",
            "messageTitle": "Added java doc.",
            "messageBody": "",
            "tags": [
              "A-JavaDoc"
            ],
            "insertions": 261,
            "deletions": 1
          },
          {
            "hash": "b794e4e223ccdb0f2948813e6b95a7a0f20b5197",
            "messageTitle": "Changed some coding style related issues.",
            "messageBody": "",
            "tags": [
              "A-Jar"
            ],
            "insertions": 9,
            "deletions": 8
          },
          {
            "hash": "e34e68b7a54bd498a127573e7f6dd99689b2f88c",
            "messageTitle": "Added level 9 features.",
            "messageBody": "",
            "insertions": 44,
            "deletions": 1
          },
          {
            "hash": "462b1f2b8b7fa430014fd7a564428754f673f4bd",
            "messageTitle": "Made changes to the coding style.",
            "messageBody": "",
            "insertions": 29,
            "deletions": 29
          },
          {
            "hash": "295961c386d6e003f55f54cbec270a72ba7a4c31",
            "messageTitle": "Made changes to the coding style.",
            "messageBody": "",
            "insertions": 0,
            "deletions": 1
          },
          {
            "hash": "d807b701c3f042ea62a862cf9eb8cd4f8467e1d4",
            "messageTitle": "Made changes to the coding style.",
            "messageBody": "",
            "insertions": 37,
            "deletions": 37
          }
        ]
      },
      {
        "insertions": 2,
        "deletions": 4,
        "date": "2020-01-31",
        "commitResults": [
          {
            "hash": "ad0a59a4e1203873e6f251fc73a4aef7bb59738c",
            "messageTitle": "Made changes to duke.txt",
            "messageBody": "",
            "insertions": 0,
            "deletions": 1
          },
          {
            "hash": "a735822f8440232239f2da10ce3c4f6176a324cb",
            "messageTitle": "Added gradle to project.",
            "messageBody": "",
            "insertions": 1,
            "deletions": 1
          },
          {
            "hash": "0bf8687876fdc41e73835f0d4e98f430ebb1edeb",
            "messageTitle": "Added gradle to project.",
            "messageBody": "",
            "insertions": 1,
            "deletions": 1
          },
          {
            "hash": "c6c49536d08bc5f31390e114e76952428b3d4664",
            "messageTitle": "Added gradle to project.",
            "messageBody": "",
            "insertions": 0,
            "deletions": 1
          }
        ]
      },
      {
        "insertions": 210,
        "deletions": 9,
        "date": "2020-02-03",
        "commitResults": [
          {
            "hash": "d8b51284db4ddb52aeda8d61086a5f378320ff91",
            "messageTitle": "Downloaded javafx dependencies.",
            "messageBody": "",
            "insertions": 46,
            "deletions": 1
          },
          {
            "hash": "5dce9f4bfa39cdbab96c75d3f50c1cfcc0f01da8",
            "messageTitle": "Javafx part 1.",
            "messageBody": "",
            "insertions": 14,
            "deletions": 0
          },
          {
            "hash": "1d5408ef76dff7965f875ae2063d0a2156576a23",
            "messageTitle": "Javafx part 2.",
            "messageBody": "",
            "insertions": 62,
            "deletions": 8
          },
          {
            "hash": "f97484d34ee23b2b5e3ab7ecce7f21224a9ba313",
            "messageTitle": "Javafx part 3.",
            "messageBody": "",
            "insertions": 88,
            "deletions": 0
          }
        ]
      }
    ]
  },
  "authorFinalContributionMap": {
    "BryanYap972": 1224
  },
  "authorFileTypeContributionMap": {
    "BryanYap972": {
      "gitignore": 1,
      "txt": 57,
      "md": 1,
      "gradle": 30,
      "java": 1054,
      "MF": 3,
      "TXT": 44,
      "sh": 34
    }
  },
  "authorContributionVariance": {
    "BryanYap972": 46490.67
  },
  "authorDisplayNameMap": {
    "BryanYap972": "CS2103T-F10- 3 YAP ..RYAN"
  }
}
