{
  "authorDailyContributionsMap": {
    "WillySeahh": [
      {
        "insertions": 531,
        "deletions": 265,
        "date": "2020-01-22",
        "commitResults": [
          {
            "hash": "072bdd408bf9790002838ddb1e8ff5df7965cdb9",
            "messageTitle": "Added",
            "messageBody": "",
            "fileTypesAndContributionMap": {
              "java": {
                "insertions": 259,
                "deletions": 0
              }
            }
          },
          {
            "hash": "62b2f1728cabb39a350acbd0c9eaf6de85fb119b",
            "messageTitle": "Delete Deadline.java",
            "messageBody": "",
            "fileTypesAndContributionMap": {
              "java": {
                "insertions": 0,
                "deletions": 14
              }
            }
          },
          {
            "hash": "1ad4e2c3ed372878e88f4af85451dce5bda875e0",
            "messageTitle": "Delete Duke.java",
            "messageBody": "",
            "fileTypesAndContributionMap": {
              "java": {
                "insertions": 0,
                "deletions": 59
              }
            }
          },
          {
            "hash": "a4a73bca0f0365760ecd7312401527e9d443fa81",
            "messageTitle": "Delete ToDo.java",
            "messageBody": "",
            "fileTypesAndContributionMap": {
              "java": {
                "insertions": 0,
                "deletions": 11
              }
            }
          },
          {
            "hash": "6869f905dbcccee183d7ea2b2ed56c3ad5d3d65b",
            "messageTitle": "Delete DukeException.java",
            "messageBody": "",
            "fileTypesAndContributionMap": {
              "java": {
                "insertions": 0,
                "deletions": 5
              }
            }
          },
          {
            "hash": "1878cc372c76c002e69169aa29fb8f5f15143cf0",
            "messageTitle": "Delete Event.java",
            "messageBody": "",
            "fileTypesAndContributionMap": {
              "java": {
                "insertions": 0,
                "deletions": 14
              }
            }
          },
          {
            "hash": "04d22479fc1b2b582218c74bdda55f078dff2eba",
            "messageTitle": "Delete FastReader.java",
            "messageBody": "",
            "fileTypesAndContributionMap": {
              "java": {
                "insertions": 0,
                "deletions": 67
              }
            }
          },
          {
            "hash": "69515ea10242fc90034324d69ae8b58922fd0ba9",
            "messageTitle": "Delete TaskManager.java",
            "messageBody": "",
            "fileTypesAndContributionMap": {
              "java": {
                "insertions": 0,
                "deletions": 65
              }
            }
          },
          {
            "hash": "579630a2e02ffe583e931c3424c694e373d201b3",
            "messageTitle": "Delete Task.java",
            "messageBody": "",
            "fileTypesAndContributionMap": {
              "java": {
                "insertions": 0,
                "deletions": 24
              }
            }
          },
          {
            "hash": "b555fc98a3b8279f17c0918b2e2247c5b61c53ab",
            "messageTitle": "testing",
            "messageBody": "",
            "fileTypesAndContributionMap": {
              "java": {
                "insertions": 4,
                "deletions": 0
              }
            }
          },
          {
            "hash": "d486bf10c4d4dd13b89d56a6f02031283bcf61f9",
            "messageTitle": "updated level 1-5",
            "messageBody": "",
            "fileTypesAndContributionMap": {
              "java": {
                "insertions": 250,
                "deletions": 5
              }
            }
          },
          {
            "hash": "94d36c3712243d2701593eb643b94b0ec4ad415e",
            "messageTitle": "updated level 1-5",
            "messageBody": "",
            "fileTypesAndContributionMap": {
              "java": {
                "insertions": 16,
                "deletions": 0
              }
            }
          },
          {
            "hash": "32ca4ba3607aca949fcb862ac617f7471b58a43b",
            "messageTitle": "updated level 1-5",
            "messageBody": "",
            "fileTypesAndContributionMap": {
              "gradle": {
                "insertions": 2,
                "deletions": 1
              }
            }
          }
        ]
      },
      {
        "insertions": 193,
        "deletions": 93,
        "date": "2020-01-23",
        "commitResults": [
          {
            "hash": "1f3ded005d986ead266de417351ee585baa78855",
            "messageTitle": "updated level 1-5",
            "messageBody": "",
            "fileTypesAndContributionMap": {
              "gradle": {
                "insertions": 1,
                "deletions": 1
              },
              "java": {
                "insertions": 13,
                "deletions": 2
              }
            }
          },
          {
            "hash": "e92bab6dbaed28fb269712f6aa2cbaf05856a7f9",
            "messageTitle": "updated level 1-5",
            "messageBody": "",
            "tags": [
              "level6"
            ],
            "fileTypesAndContributionMap": {
              "java": {
                "insertions": 6,
                "deletions": 10
              }
            }
          },
          {
            "hash": "c34ea8ed543862e9fe55029be2d2e1a20332a41e",
            "messageTitle": "updated level 1-5",
            "messageBody": "",
            "fileTypesAndContributionMap": {
              "java": {
                "insertions": 21,
                "deletions": 11
              }
            }
          },
          {
            "hash": "75a8e81ccd052857729bd05c265a91b01e6266c3",
            "messageTitle": "Level 6",
            "messageBody": "",
            "tags": [
              "Level-6"
            ],
            "fileTypesAndContributionMap": {
              "java": {
                "insertions": 1,
                "deletions": 1
              }
            }
          },
          {
            "hash": "6043a49fb997c1c2d0dbcd6d9d25bf9b3adaf887",
            "messageTitle": "Updated with IndexException",
            "messageBody": "",
            "fileTypesAndContributionMap": {
              "java": {
                "insertions": 21,
                "deletions": 2
              }
            }
          },
          {
            "hash": "dbe0c58bbfa537809c7303a0fde8f08e4672b33a",
            "messageTitle": "level-6",
            "messageBody": "",
            "fileTypesAndContributionMap": {
              "java": {
                "insertions": 1,
                "deletions": 1
              }
            }
          },
          {
            "hash": "f6b5960d1fc02ff8cf601a7c42a7dadf71f55818",
            "messageTitle": "Level-1",
            "messageBody": "",
            "fileTypesAndContributionMap": {
              "java": {
                "insertions": 8,
                "deletions": 1
              }
            }
          },
          {
            "hash": "ff0ded6bf7698b1efe3fc48f032203e3cfb5f770",
            "messageTitle": "Level-2",
            "messageBody": "",
            "tags": [
              "Level-2"
            ],
            "fileTypesAndContributionMap": {
              "java": {
                "insertions": 19,
                "deletions": 1
              }
            }
          },
          {
            "hash": "8e3b4a38ee690c65c6a82ed09481cbbc7bbdc1be",
            "messageTitle": "Level-3",
            "messageBody": "",
            "tags": [
              "Level-3"
            ],
            "fileTypesAndContributionMap": {
              "java": {
                "insertions": 14,
                "deletions": 4
              }
            }
          },
          {
            "hash": "7eb6d5fe89cf60b231e10aabd16e35bbcb4d9929",
            "messageTitle": "Level-4",
            "messageBody": "",
            "tags": [
              "Level-4"
            ],
            "fileTypesAndContributionMap": {
              "java": {
                "insertions": 6,
                "deletions": 2
              }
            }
          },
          {
            "hash": "2bc5d6fb4d1a1232e9b24bd507f8a480e3eab677",
            "messageTitle": "A-TextUiTesting",
            "messageBody": "",
            "tags": [
              "A-TextUiTesting"
            ],
            "fileTypesAndContributionMap": {
              "txt": {
                "insertions": 21,
                "deletions": 0
              },
              "bat": {
                "insertions": 21,
                "deletions": 0
              }
            }
          },
          {
            "hash": "712ebc7cdd389f9107c126791a404c6af1d91e83",
            "messageTitle": "Level-5 Handle Error",
            "messageBody": "",
            "tags": [
              "Level-5"
            ],
            "fileTypesAndContributionMap": {
              "java": {
                "insertions": 1,
                "deletions": 1
              }
            }
          },
          {
            "hash": "2e193a3e8d27a89205c74909332065253e8c5a69",
            "messageTitle": "Level-6 Deletion",
            "messageBody": "",
            "fileTypesAndContributionMap": {
              "java": {
                "insertions": 1,
                "deletions": 1
              }
            }
          },
          {
            "hash": "b3e9c133fa34aca2d583a1ef115c0905c7d78603",
            "messageTitle": "Level-6 Deletion (Updated)",
            "messageBody": "",
            "fileTypesAndContributionMap": {
              "java": {
                "insertions": 6,
                "deletions": 39
              }
            }
          },
          {
            "hash": "3ed40a9a1a778ea5718aa315fae6daaceef6e17c",
            "messageTitle": "Level-6 Deletion (Updated with better runtest.bat and with more test cases).",
            "messageBody": "",
            "fileTypesAndContributionMap": {
              "txt": {
                "insertions": 29,
                "deletions": 13
              },
              "java": {
                "insertions": 1,
                "deletions": 1
              }
            }
          },
          {
            "hash": "2c96a8c28e476a4faa9e51f120bb0dbf10c1af53",
            "messageTitle": "Level-6 Deletion (Updated with better runtest.bat and with more test cases).",
            "messageBody": "",
            "fileTypesAndContributionMap": {
              "java": {
                "insertions": 1,
                "deletions": 1
              }
            }
          },
          {
            "hash": "f49a7604697a8257817b5708be4f3e18514f8843",
            "messageTitle": "LevelOneToSixV2",
            "messageBody": "",
            "fileTypesAndContributionMap": {
              "java": {
                "insertions": 1,
                "deletions": 1
              }
            }
          }
        ]
      },
      {
        "insertions": 54,
        "deletions": 6,
        "date": "2020-01-26",
        "commitResults": [
          {
            "hash": "6faca552b083e11419c448d071c2720b14ff25d2",
            "messageTitle": "Level-6 Deletion (Updated with better runtest.bat and with more test cases).",
            "messageBody": "",
            "fileTypesAndContributionMap": {
              "java": {
                "insertions": 1,
                "deletions": 0
              }
            }
          },
          {
            "hash": "cf14068dc2a1f85a393b54d924ce43a93a3c2bb0",
            "messageTitle": "Level-6 Deletion (Updated with better runtest.bat and with more test cases).",
            "messageBody": "",
            "fileTypesAndContributionMap": {
              "java": {
                "insertions": 1,
                "deletions": 1
              }
            }
          },
          {
            "hash": "df4bffada361cc7b92cc265386ef6486a7dd21b8",
            "messageTitle": "Level 7",
            "messageBody": "",
            "tags": [
              "Level-7V2"
            ],
            "fileTypesAndContributionMap": {
              "java": {
                "insertions": 52,
                "deletions": 5
              }
            }
          }
        ]
      },
      {
        "insertions": 74,
        "deletions": 47,
        "date": "2020-01-27",
        "commitResults": [
          {
            "hash": "63dc58d1ad5723b80440f84a425acdb605168a63",
            "messageTitle": "Level 8 (testing phase)",
            "messageBody": "",
            "fileTypesAndContributionMap": {
              "java": {
                "insertions": 1,
                "deletions": 1
              }
            }
          },
          {
            "hash": "301aadf56fbe343cc9fdcfd328492f24ec9171a4",
            "messageTitle": "Level 8 (testing phase)",
            "messageBody": "",
            "tags": [
              "Level-8V2"
            ],
            "fileTypesAndContributionMap": {
              "java": {
                "insertions": 39,
                "deletions": 25
              }
            }
          },
          {
            "hash": "213446c10cbdaa500cf0d94e2e0b47d9e49a7628",
            "messageTitle": "Level-8",
            "messageBody": "",
            "fileTypesAndContributionMap": {
              "java": {
                "insertions": 4,
                "deletions": 4
              }
            }
          },
          {
            "hash": "76c94e0bcbda1ef76429c470947f142b3ebd1998",
            "messageTitle": "Level-8",
            "messageBody": "",
            "fileTypesAndContributionMap": {
              "java": {
                "insertions": 27,
                "deletions": 14
              }
            }
          },
          {
            "hash": "2f71c3d6e1024285bb790664471a8e5a164ba560",
            "messageTitle": "Level-7",
            "messageBody": "",
            "fileTypesAndContributionMap": {
              "java": {
                "insertions": 1,
                "deletions": 1
              }
            }
          },
          {
            "hash": "cd8e8fe6e011c7aa0470ee7ce99af32520d628ad",
            "messageTitle": "Level-8",
            "messageBody": "",
            "tags": [
              "Level-8",
              "Level-7"
            ],
            "fileTypesAndContributionMap": {
              "java": {
                "insertions": 1,
                "deletions": 1
              }
            }
          },
          {
            "hash": "4223ea6a8fe78aae858c476d0e8cb3a9ac4fefea",
            "messageTitle": "Level-8",
            "messageBody": "",
            "fileTypesAndContributionMap": {
              "java": {
                "insertions": 1,
                "deletions": 1
              }
            }
          }
        ]
      },
      {
        "insertions": 533,
        "deletions": 496,
        "date": "2020-01-28",
        "commitResults": [
          {
            "hash": "ef67cbc4382b199535ceb6267a31a75b4a9458e3",
            "messageTitle": "Level-8",
            "messageBody": "",
            "tags": [
              "MergedLevel7and8"
            ],
            "fileTypesAndContributionMap": {
              "java": {
                "insertions": 1,
                "deletions": 1
              }
            }
          },
          {
            "hash": "631bab8e84aee06b1f2e4499237d6d2ed8bbc6ed",
            "messageTitle": "Level-8",
            "messageBody": "",
            "fileTypesAndContributionMap": {
              "java": {
                "insertions": 1,
                "deletions": 1
              }
            }
          },
          {
            "hash": "e8ca656e8ed2b702c11c080c9b9042c9b680cc87",
            "messageTitle": "Level-7 (Redo to make data.txt save data in english alphabets format)",
            "messageBody": "",
            "tags": [
              "Level-7Version3"
            ],
            "fileTypesAndContributionMap": {
              "java": {
                "insertions": 116,
                "deletions": 27
              }
            }
          },
          {
            "hash": "528af69a954a3027d661ba4154bc6a31085c8498",
            "messageTitle": "Updated with level 7 and 8",
            "messageBody": "",
            "fileTypesAndContributionMap": {
              "java": {
                "insertions": 2,
                "deletions": 2
              }
            }
          },
          {
            "hash": "8e7adfbe44de88b9cdeca0830605c84db08f0401",
            "messageTitle": "Updated with level 7 and 8",
            "messageBody": "",
            "tags": [
              "Level7and8Version2"
            ],
            "fileTypesAndContributionMap": {
              "java": {
                "insertions": 5,
                "deletions": 7
              }
            }
          },
          {
            "hash": "600aa63bb21963ff04329939b163f93b57ffda24",
            "messageTitle": "Level7\u00268 Version 3",
            "messageBody": "",
            "tags": [
              "Level7and8Version3"
            ],
            "fileTypesAndContributionMap": {
              "txt": {
                "insertions": 0,
                "deletions": 2
              },
              "java": {
                "insertions": 1,
                "deletions": 1
              }
            }
          },
          {
            "hash": "36220326b5c65456bebec823715743d831a09b7b",
            "messageTitle": "added storage.java",
            "messageBody": "",
            "fileTypesAndContributionMap": {
              "txt": {
                "insertions": 1,
                "deletions": 0
              },
              "java": {
                "insertions": 118,
                "deletions": 9
              }
            }
          },
          {
            "hash": "6d57c403dac795148d5df109b03e5c02a2af6764",
            "messageTitle": "added Ui.java",
            "messageBody": "",
            "fileTypesAndContributionMap": {
              "txt": {
                "insertions": 0,
                "deletions": 1
              },
              "java": {
                "insertions": 29,
                "deletions": 1
              }
            }
          },
          {
            "hash": "cf88d50aef5407990ad51f48c5cb7f14c96aa048",
            "messageTitle": "Done A-MoreOOP",
            "messageBody": "",
            "tags": [
              "A-MoreOOP"
            ],
            "fileTypesAndContributionMap": {
              "txt": {
                "insertions": 2,
                "deletions": 0
              },
              "java": {
                "insertions": 85,
                "deletions": 8
              }
            }
          },
          {
            "hash": "c579db676a79775ddb3639be899b5c312d9f2f0c",
            "messageTitle": "Done A-MoreOOP",
            "messageBody": "",
            "tags": [
              "A-Packages"
            ],
            "fileTypesAndContributionMap": {
              "java": {
                "insertions": 1,
                "deletions": 1
              }
            }
          },
          {
            "hash": "5cd184dd22512cf00f7f7270c2017b924bbd176d",
            "messageTitle": "Doing A-JUnit",
            "messageBody": "",
            "fileTypesAndContributionMap": {
              "gradle": {
                "insertions": 7,
                "deletions": 0
              },
              "txt": {
                "insertions": 1,
                "deletions": 1
              },
              "java": {
                "insertions": 3,
                "deletions": 0
              },
              "bat": {
                "insertions": 1,
                "deletions": 0
              }
            }
          },
          {
            "hash": "341cda31b702d4817720ff34c38cc7f1c1569901",
            "messageTitle": "Doing A-JUnit",
            "messageBody": "",
            "fileTypesAndContributionMap": {
              "java": {
                "insertions": 1,
                "deletions": 1
              }
            }
          },
          {
            "hash": "d079d6f2db76844c03f0d31404c60c6f310085fe",
            "messageTitle": "Done A-JUnit",
            "messageBody": "",
            "tags": [
              "A-Jar",
              "A-JUnit"
            ],
            "fileTypesAndContributionMap": {
              "gradle": {
                "insertions": 7,
                "deletions": 0
              },
              "txt": {
                "insertions": 0,
                "deletions": 1
              },
              "java": {
                "insertions": 0,
                "deletions": 3
              }
            }
          },
          {
            "hash": "a78344d749128a51103fae9cd56d9146c827cd57",
            "messageTitle": "Done A-JUnit",
            "messageBody": "",
            "fileTypesAndContributionMap": {
              "java": {
                "insertions": 14,
                "deletions": 0
              }
            }
          },
          {
            "hash": "7647577d932b4b62dcc75618bf7567ff517eae6f",
            "messageTitle": "Done A-JUnit2",
            "messageBody": "",
            "fileTypesAndContributionMap": {
              "java": {
                "insertions": 1,
                "deletions": 1
              }
            }
          },
          {
            "hash": "06bacb85f564d2fcbc3a3777dd951ff6023bd544",
            "messageTitle": "Done A-Jar",
            "messageBody": "",
            "fileTypesAndContributionMap": {
              "java": {
                "insertions": 4,
                "deletions": 4
              }
            }
          },
          {
            "hash": "ba223bcd91a53a9855baafe19fec050c460ad830",
            "messageTitle": "Done A-JavaDoc (Half)",
            "messageBody": "",
            "tags": [
              "A-JavaDoc"
            ],
            "fileTypesAndContributionMap": {
              "java": {
                "insertions": 27,
                "deletions": 182
              }
            }
          },
          {
            "hash": "09adcab7bc61b51ec77eb25bdaed1df192b0b2f2",
            "messageTitle": "A-CodingStandard",
            "messageBody": "",
            "tags": [
              "A-CodingStandard"
            ],
            "fileTypesAndContributionMap": {
              "java": {
                "insertions": 21,
                "deletions": 134
              }
            }
          },
          {
            "hash": "eb84add4a6af3e6d1b9aef2acd4e6b9ee3d52413",
            "messageTitle": "A-CodingStandard",
            "messageBody": "",
            "tags": [
              "A-CodingStandardV2"
            ],
            "fileTypesAndContributionMap": {
              "java": {
                "insertions": 0,
                "deletions": 81
              }
            }
          },
          {
            "hash": "706120e11386d4520fb382e0afe251bcea5cd67e",
            "messageTitle": "Level-9",
            "messageBody": "",
            "tags": [
              "Level-9"
            ],
            "fileTypesAndContributionMap": {
              "txt": {
                "insertions": 4,
                "deletions": 0
              },
              "java": {
                "insertions": 12,
                "deletions": 0
              }
            }
          },
          {
            "hash": "4f83d4e5d574a235a703a14cbfe3e34d35e01b62",
            "messageTitle": "Level-9 Version 2",
            "messageBody": "",
            "tags": [
              "Level-9Version2"
            ],
            "fileTypesAndContributionMap": {
              "java": {
                "insertions": 68,
                "deletions": 27
              }
            }
          }
        ]
      },
      {
        "insertions": 212,
        "deletions": 99,
        "date": "2020-01-29",
        "commitResults": [
          {
            "hash": "c05db2bde9eebb1362069375cecdb82485c45c8f",
            "messageTitle": "Level-9 Version 2 (updated with more test cases)",
            "messageBody": "",
            "fileTypesAndContributionMap": {
              "java": {
                "insertions": 12,
                "deletions": 2
              }
            }
          },
          {
            "hash": "4fb0dec83f00cdc263fdcef032247735945fd1b4",
            "messageTitle": "Level-9 Version 3",
            "messageBody": "",
            "fileTypesAndContributionMap": {
              "gradle": {
                "insertions": 19,
                "deletions": 11
              },
              "txt": {
                "insertions": 2,
                "deletions": 3
              },
              "java": {
                "insertions": 36,
                "deletions": 2
              }
            }
          },
          {
            "hash": "2d232d821014a8999df90c810ce266db8b861daa",
            "messageTitle": "Level-9 Version 4 (Updated with better refactoring)",
            "messageBody": "",
            "fileTypesAndContributionMap": {
              "txt": {
                "insertions": 2,
                "deletions": 4
              },
              "java": {
                "insertions": 117,
                "deletions": 77
              }
            }
          },
          {
            "hash": "e2d66fe27e7561e5c8d0fbe04d47a0a06a57d3a1",
            "messageTitle": "Level-9 Version 4 (Updated with better refactoring)",
            "messageBody": "",
            "fileTypesAndContributionMap": {
              "java": {
                "insertions": 24,
                "deletions": 0
              }
            }
          }
        ]
      },
      {
        "insertions": 111,
        "deletions": 65,
        "date": "2020-01-30",
        "commitResults": [
          {
            "hash": "a6c9257f6b0fd3672032ec8cdbcbeaf3b94198e5",
            "messageTitle": "Level-9 Version 5 (Updated with better refactoring)",
            "messageBody": "",
            "fileTypesAndContributionMap": {
              "txt": {
                "insertions": 27,
                "deletions": 30
              },
              "java": {
                "insertions": 3,
                "deletions": 0
              }
            }
          },
          {
            "hash": "8ba08fbee2af5b1b26155142309d3d72e668e3f3",
            "messageTitle": "Level-9 Version 5 (Packaged everything into a new package, because naming the package duke won\u0027t work)",
            "messageBody": "",
            "fileTypesAndContributionMap": {
              "txt": {
                "insertions": 5,
                "deletions": 3
              },
              "java": {
                "insertions": 74,
                "deletions": 30
              },
              "md": {
                "insertions": 2,
                "deletions": 2
              }
            }
          }
        ]
      },
      {
        "insertions": 61,
        "deletions": 19,
        "date": "2020-01-31",
        "commitResults": [
          {
            "hash": "8550b29a0ae1aa3be2634366884097b08405650b",
            "messageTitle": "Level-9 Version 6",
            "messageBody": "",
            "fileTypesAndContributionMap": {
              "txt": {
                "insertions": 2,
                "deletions": 3
              },
              "java": {
                "insertions": 35,
                "deletions": 7
              }
            }
          },
          {
            "hash": "1d00f03d8a7da1d1f8f6ee2c76c452cb77de1c0e",
            "messageTitle": "Level-9 Version 6",
            "messageBody": "",
            "fileTypesAndContributionMap": {
              "txt": {
                "insertions": 1,
                "deletions": 0
              },
              "java": {
                "insertions": 15,
                "deletions": 7
              }
            }
          },
          {
            "hash": "4117ccba9b2e1a5e7db387bafb43afde0de85031",
            "messageTitle": "Level-9 Version 7",
            "messageBody": "",
            "fileTypesAndContributionMap": {
              "gradle": {
                "insertions": 7,
                "deletions": 1
              },
              "java": {
                "insertions": 1,
                "deletions": 1
              }
            }
          }
        ]
      },
      {
        "insertions": 80,
        "deletions": 85,
        "date": "2020-02-01",
        "commitResults": [
          {
            "hash": "c89b8bcf6d33ec2a8dc49a797c953f6ab3e58458",
            "messageTitle": "Level-9 Version 8",
            "messageBody": "",
            "tags": [
              "A-Gradle"
            ],
            "fileTypesAndContributionMap": {
              "gradle": {
                "insertions": 3,
                "deletions": 0
              },
              "txt": {
                "insertions": 1,
                "deletions": 2
              },
              "java": {
                "insertions": 14,
                "deletions": 2
              }
            }
          },
          {
            "hash": "05dac82463e6c1764d7a25c91a9d9b56b7c40840",
            "messageTitle": "Level-9 Version 8",
            "messageBody": "",
            "fileTypesAndContributionMap": {
              "gradle": {
                "insertions": 1,
                "deletions": 1
              },
              "txt": {
                "insertions": 4,
                "deletions": 4
              },
              "java": {
                "insertions": 20,
                "deletions": 36
              },
              "md": {
                "insertions": 2,
                "deletions": 2
              }
            }
          },
          {
            "hash": "eb1e28a4b295371a351587276e4de283e6d705cc",
            "messageTitle": "Level-9 Version 8",
            "messageBody": "",
            "tags": [
              "A-CheckStyle"
            ],
            "fileTypesAndContributionMap": {
              "java": {
                "insertions": 2,
                "deletions": 2
              }
            }
          },
          {
            "hash": "403cee766c72ba36f758c62f2f29e683dfa9110b",
            "messageTitle": "Level-9 Version 9",
            "messageBody": "",
            "fileTypesAndContributionMap": {
              "gradle": {
                "insertions": 20,
                "deletions": 25
              },
              "txt": {
                "insertions": 3,
                "deletions": 3
              },
              "java": {
                "insertions": 5,
                "deletions": 5
              },
              "bat": {
                "insertions": 1,
                "deletions": 1
              }
            }
          },
          {
            "hash": "694c551119223b01d1923cd797bfc7d777225963",
            "messageTitle": "Level-9 Version 9",
            "messageBody": "",
            "fileTypesAndContributionMap": {
              "gradle": {
                "insertions": 1,
                "deletions": 0
              }
            }
          },
          {
            "hash": "adca3b310814851518e01632b1d100a4e59bca42",
            "messageTitle": "Level-9 Version 10",
            "messageBody": "",
            "fileTypesAndContributionMap": {
              "txt": {
                "insertions": 3,
                "deletions": 2
              }
            }
          }
        ]
      },
      {
        "insertions": 476,
        "deletions": 169,
        "date": "2020-02-02",
        "commitResults": [
          {
            "hash": "70fd85614406b8af01d4bb69f93392a06a3cf06a",
            "messageTitle": "Level-9 Version 11",
            "messageBody": "",
            "fileTypesAndContributionMap": {
              "java": {
                "insertions": 111,
                "deletions": 78
              }
            }
          },
          {
            "hash": "801280ba6db382ea553942c35cc09a82d5fb0736",
            "messageTitle": "Level-9 Version 11",
            "messageBody": "",
            "fileTypesAndContributionMap": {
              "java": {
                "insertions": 45,
                "deletions": 20
              }
            }
          },
          {
            "hash": "7d2848628d3c10a56cb6e9b082891a11264b57b4",
            "messageTitle": "Level-9 Version 11",
            "messageBody": "",
            "fileTypesAndContributionMap": {
              "java": {
                "insertions": 51,
                "deletions": 50
              }
            }
          },
          {
            "hash": "af34a92f669b9082591fa0057d0b5ec196c34823",
            "messageTitle": "Level-9 Version 11",
            "messageBody": "",
            "fileTypesAndContributionMap": {
              "java": {
                "insertions": 18,
                "deletions": 18
              }
            }
          },
          {
            "hash": "647cb13defc542f67b696c6067607ddb6fa47a94",
            "messageTitle": "Doing midway for Level-10 pushed to branch-Level-10",
            "messageBody": "",
            "fileTypesAndContributionMap": {
              "gradle": {
                "insertions": 6,
                "deletions": 0
              },
              "txt": {
                "insertions": 2,
                "deletions": 1
              },
              "java": {
                "insertions": 243,
                "deletions": 2
              }
            }
          }
        ]
      },
      {
        "insertions": 201,
        "deletions": 45,
        "date": "2020-02-03",
        "commitResults": [
          {
            "hash": "8e41e94ca13f8c18512317cbeb821202d123097d",
            "messageTitle": "Doing midway for Level-10 pushed to branch-Level-10 V2",
            "messageBody": "",
            "fileTypesAndContributionMap": {
              "fxml": {
                "insertions": 35,
                "deletions": 0
              },
              "java": {
                "insertions": 127,
                "deletions": 38
              }
            }
          },
          {
            "hash": "387d3b269616ec1bf0d531a18444e4ae0bcefdd1",
            "messageTitle": "Doing midway for Level-10 pushed to branch-Level-10 V3",
            "messageBody": "",
            "fileTypesAndContributionMap": {
              "txt": {
                "insertions": 3,
                "deletions": 0
              },
              "java": {
                "insertions": 36,
                "deletions": 7
              }
            }
          }
        ]
      },
      {
        "insertions": 53,
        "deletions": 28,
        "date": "2020-02-04",
        "commitResults": [
          {
            "hash": "801db5f87ff1ba8a6e2dc2bc8af5fd2749332e37",
            "messageTitle": "Done Level-10",
            "messageBody": "",
            "tags": [
              "Level-10"
            ],
            "fileTypesAndContributionMap": {
              "txt": {
                "insertions": 0,
                "deletions": 1
              }
            }
          },
          {
            "hash": "1ab705990a7c49460c1b1b419968d48fe24acecb",
            "messageTitle": "Done Level-10 V2",
            "messageBody": "",
            "fileTypesAndContributionMap": {
              "txt": {
                "insertions": 2,
                "deletions": 2
              },
              "java": {
                "insertions": 41,
                "deletions": 18
              }
            }
          },
          {
            "hash": "2564235c1435868790c3af69e69c9aacfe826a08",
            "messageTitle": "Done Level-10 V3",
            "messageBody": "",
            "tags": [
              "Level-10V2",
              "A-Varargs"
            ],
            "fileTypesAndContributionMap": {
              "txt": {
                "insertions": 3,
                "deletions": 6
              },
              "java": {
                "insertions": 7,
                "deletions": 1
              }
            }
          }
        ]
      },
      {
        "insertions": 25,
        "deletions": 19,
        "date": "2020-02-05",
        "commitResults": [
          {
            "hash": "7c45ecb06c2c585f665807d84dd3cdb2b69a6226",
            "messageTitle": "D",
            "messageBody": "",
            "fileTypesAndContributionMap": {
              "txt": {
                "insertions": 3,
                "deletions": 3
              },
              "fxml": {
                "insertions": 2,
                "deletions": 2
              },
              "java": {
                "insertions": 20,
                "deletions": 14
              }
            }
          }
        ]
      },
      {
        "insertions": 25,
        "deletions": 170,
        "date": "2020-02-06",
        "commitResults": [
          {
            "hash": "40e44d28652ce3fc6d342424e7f69bb2cda2f8c3",
            "messageTitle": "A-Assertions done for done (cannot be done 0)",
            "messageBody": "",
            "tags": [
              "A-Assertions"
            ],
            "fileTypesAndContributionMap": {
              "txt": {
                "insertions": 1,
                "deletions": 2
              },
              "java": {
                "insertions": 24,
                "deletions": 168
              }
            }
          }
        ]
      },
      {
        "insertions": 99,
        "deletions": 35,
        "date": "2020-02-07",
        "commitResults": [
          {
            "hash": "ca5f041e41f9aeb45353d60d01ed3f7c2cb3ce47",
            "messageTitle": "More assertions done",
            "messageBody": "",
            "tags": [
              "A-AssertionsV2"
            ],
            "fileTypesAndContributionMap": {
              "txt": {
                "insertions": 2,
                "deletions": 0
              },
              "java": {
                "insertions": 3,
                "deletions": 1
              }
            }
          },
          {
            "hash": "6351296c0ee31e2aca3c5e84e82b111d752b897e",
            "messageTitle": "A-CodeQuality Done",
            "messageBody": "",
            "tags": [
              "A-Streams",
              "A-Lambdas",
              "A-CodeQuality"
            ],
            "fileTypesAndContributionMap": {
              "java": {
                "insertions": 5,
                "deletions": 20
              }
            }
          },
          {
            "hash": "4bf3f09ff420d779d14279a71f76d42abaecb9fe",
            "messageTitle": "Doing C-Priority halfway",
            "messageBody": "",
            "fileTypesAndContributionMap": {
              "txt": {
                "insertions": 1,
                "deletions": 4
              },
              "java": {
                "insertions": 40,
                "deletions": 5
              }
            }
          },
          {
            "hash": "c0a395b401454f330d1dbaa8447b4d37e2210212",
            "messageTitle": "C-Priority Done",
            "messageBody": "",
            "tags": [
              "C-Priority"
            ],
            "fileTypesAndContributionMap": {
              "txt": {
                "insertions": 2,
                "deletions": 1
              },
              "java": {
                "insertions": 46,
                "deletions": 4
              }
            }
          }
        ]
      },
      {
        "insertions": 40,
        "deletions": 9,
        "date": "2020-02-08",
        "commitResults": [
          {
            "hash": "2626ea1a836798b99a3088447aeaf975e96b44a9",
            "messageTitle": "C-Priority Done and updated more asserts",
            "messageBody": "",
            "fileTypesAndContributionMap": {
              "txt": {
                "insertions": 1,
                "deletions": 1
              },
              "java": {
                "insertions": 33,
                "deletions": 7
              }
            }
          },
          {
            "hash": "56cdad8ef1d4652a2f390b8da98cce5deff88812",
            "messageTitle": "C-Priority Done and updated more asserts",
            "messageBody": "",
            "fileTypesAndContributionMap": {
              "java": {
                "insertions": 6,
                "deletions": 1
              }
            }
          }
        ]
      },
      {
        "insertions": 1,
        "deletions": 1,
        "date": "2020-02-09",
        "commitResults": [
          {
            "hash": "74567c8c7ecc0ec18f9babd43060d7a947f58a1f",
            "messageTitle": "Done A-Travis",
            "messageBody": "",
            "tags": [
              "A-Travis"
            ],
            "fileTypesAndContributionMap": {
              "java": {
                "insertions": 1,
                "deletions": 1
              }
            }
          }
        ]
      },
      {
        "insertions": 3,
        "deletions": 2,
        "date": "2020-02-11",
        "commitResults": [
          {
            "hash": "716ab6b3990621ee1ab4e5ce291518d73406d688",
            "messageTitle": "Done C-PriorityV2",
            "messageBody": "",
            "fileTypesAndContributionMap": {
              "txt": {
                "insertions": 3,
                "deletions": 2
              }
            }
          }
        ]
      },
      {
        "insertions": 12,
        "deletions": 2,
        "date": "2020-02-12",
        "commitResults": [
          {
            "hash": "f26285497ab35b7ca90ca9fbfd116f75426fb6c0",
            "messageTitle": "Done C-PriorityV3",
            "messageBody": "",
            "fileTypesAndContributionMap": {
              "java": {
                "insertions": 3,
                "deletions": 0
              }
            }
          },
          {
            "hash": "ec7ab9a5d0f2a89cdb76817b08562d7046f5469c",
            "messageTitle": "Done C-PriorityV4",
            "messageBody": "",
            "fileTypesAndContributionMap": {
              "java": {
                "insertions": 3,
                "deletions": 1
              }
            }
          },
          {
            "hash": "dac3cedf164d6e6afd3b4d5e16c61bb5ce89edf4",
            "messageTitle": "Done C-PriorityV4",
            "messageBody": "",
            "fileTypesAndContributionMap": {
              "md": {
                "insertions": 6,
                "deletions": 1
              }
            }
          }
        ]
      },
      {
        "insertions": 208,
        "deletions": 66,
        "date": "2020-02-16",
        "commitResults": [
          {
            "hash": "880577cdce232b73fd9baa62dba677e70c01bf48",
            "messageTitle": "PR1",
            "messageBody": "",
            "fileTypesAndContributionMap": {
              "java": {
                "insertions": 1,
                "deletions": 1
              }
            }
          },
          {
            "hash": "b0db015e589cbdfb08b76cd37f79678e8fd41a3e",
            "messageTitle": "PR2",
            "messageBody": "",
            "fileTypesAndContributionMap": {
              "java": {
                "insertions": 1,
                "deletions": 1
              }
            }
          },
          {
            "hash": "6104a1fae6665835fa5c92063118427f9b7ff806",
            "messageTitle": "PR2",
            "messageBody": "",
            "fileTypesAndContributionMap": {
              "txt": {
                "insertions": 1,
                "deletions": 1
              },
              "java": {
                "insertions": 2,
                "deletions": 0
              }
            }
          },
          {
            "hash": "5729698a8c24e35882e66202c02695290e80a961",
            "messageTitle": "updated code to try catch more errors",
            "messageBody": "",
            "fileTypesAndContributionMap": {
              "txt": {
                "insertions": 2,
                "deletions": 2
              },
              "java": {
                "insertions": 42,
                "deletions": 10
              }
            }
          },
          {
            "hash": "292bcf96cd1cba68ce28ff3e098a0b4b74dd5b87",
            "messageTitle": "A-UserGuide",
            "messageBody": "",
            "fileTypesAndContributionMap": {
              "txt": {
                "insertions": 3,
                "deletions": 3
              },
              "java": {
                "insertions": 2,
                "deletions": 1
              },
              "md": {
                "insertions": 76,
                "deletions": 11
              }
            }
          },
          {
            "hash": "c2e64033bd68340e201bf92f226589c4cf855c53",
            "messageTitle": "A-UserGuide",
            "messageBody": "",
            "fileTypesAndContributionMap": {
              "txt": {
                "insertions": 2,
                "deletions": 1
              },
              "md": {
                "insertions": 1,
                "deletions": 4
              }
            }
          },
          {
            "hash": "c3b94047ba49d88281c6ef76c6ba66d080938eef",
            "messageTitle": "A-UserGuide",
            "messageBody": "",
            "fileTypesAndContributionMap": {
              "txt": {
                "insertions": 0,
                "deletions": 1
              },
              "fxml": {
                "insertions": 3,
                "deletions": 1
              },
              "java": {
                "insertions": 1,
                "deletions": 1
              }
            }
          },
          {
            "hash": "1396466fd3a1ac75d3c182479e9047edd96922c8",
            "messageTitle": "A-UserGuide",
            "messageBody": "",
            "fileTypesAndContributionMap": {
              "fxml": {
                "insertions": 6,
                "deletions": 2
              },
              "java": {
                "insertions": 1,
                "deletions": 1
              }
            }
          },
          {
            "hash": "477b60882eef1a52d7fe226d05fe6da2af593766",
            "messageTitle": "A-UserGuide",
            "messageBody": "",
            "fileTypesAndContributionMap": {
              "txt": {
                "insertions": 1,
                "deletions": 0
              },
              "md": {
                "insertions": 3,
                "deletions": 1
              }
            }
          },
          {
            "hash": "f6b27d200992a8022f0ac31ac35449306e2bce61",
            "messageTitle": "A-UserGuide",
            "messageBody": "",
            "fileTypesAndContributionMap": {
              "txt": {
                "insertions": 2,
                "deletions": 0
              },
              "md": {
                "insertions": 7,
                "deletions": 3
              }
            }
          },
          {
            "hash": "48a2ca6a185149c533ff76d166e22763f906bcf0",
            "messageTitle": "A-UserGuide",
            "messageBody": "",
            "fileTypesAndContributionMap": {
              "md": {
                "insertions": 1,
                "deletions": 1
              }
            }
          },
          {
            "hash": "6c4b5b994ab5a369e3b8372fac116b1eb5b379aa",
            "messageTitle": "A-UserGuide",
            "messageBody": "",
            "fileTypesAndContributionMap": {
              "md": {
                "insertions": 1,
                "deletions": 1
              }
            }
          },
          {
            "hash": "86522b13b50427cff342e64f6356bbf40fc30339",
            "messageTitle": "A-UserGuide",
            "messageBody": "",
            "fileTypesAndContributionMap": {
              "md": {
                "insertions": 4,
                "deletions": 2
              }
            }
          },
          {
            "hash": "3859c1fe282d32142912101731f5f42bd0123c38",
            "messageTitle": "A-UserGuide",
            "messageBody": "",
            "fileTypesAndContributionMap": {
              "txt": {
                "insertions": 2,
                "deletions": 2
              },
              "md": {
                "insertions": 18,
                "deletions": 3
              }
            }
          },
          {
            "hash": "1d6f3f27187ab0bc4544c6fc3c971fab6e726aee",
            "messageTitle": "A-UserGuide",
            "messageBody": "",
            "fileTypesAndContributionMap": {
              "md": {
                "insertions": 21,
                "deletions": 10
              }
            }
          },
          {
            "hash": "5ed61852af4faffa63293829997d93b359361380",
            "messageTitle": "A-UserGuide",
            "messageBody": "",
            "tags": [
              "A-UserGuideV2",
              "A-Release",
              "A-JarVersion2"
            ],
            "fileTypesAndContributionMap": {
              "md": {
                "insertions": 1,
                "deletions": 1
              }
            }
          },
          {
            "hash": "f7c409d0ce623733d1ff0299593caa16eac581fb",
            "messageTitle": "A-Release",
            "messageBody": "",
            "fileTypesAndContributionMap": {
              "gradle": {
                "insertions": 3,
                "deletions": 1
              }
            }
          }
        ]
      },
      {
        "insertions": 115,
        "deletions": 79,
        "date": "2020-02-18",
        "commitResults": [
          {
            "hash": "f00dc86521ea1fecc0b96d949853608a64d11697",
            "messageTitle": "A-Release V2",
            "messageBody": "",
            "fileTypesAndContributionMap": {
              "gradle": {
                "insertions": 1,
                "deletions": 1
              },
              "txt": {
                "insertions": 2,
                "deletions": 5
              },
              "java": {
                "insertions": 18,
                "deletions": 25
              }
            }
          },
          {
            "hash": "cac942a2dbbc298f25860c30f7341b30f105c21f",
            "messageTitle": "A-Release V2",
            "messageBody": "",
            "fileTypesAndContributionMap": {
              "java": {
                "insertions": 1,
                "deletions": 1
              },
              "md": {
                "insertions": 3,
                "deletions": 2
              }
            }
          },
          {
            "hash": "42d9b9aa0fb0079471488d12ff9932521fd2c9c8",
            "messageTitle": "A-Release V2",
            "messageBody": "",
            "fileTypesAndContributionMap": {
              "md": {
                "insertions": 24,
                "deletions": 17
              }
            }
          },
          {
            "hash": "5de4c427f964c4d418e8a920737b462fa01148a4",
            "messageTitle": "A-Release V2",
            "messageBody": "",
            "fileTypesAndContributionMap": {
              "md": {
                "insertions": 5,
                "deletions": 2
              }
            }
          },
          {
            "hash": "0cc3e7f83faccbb7845676b39e2859035bf80138",
            "messageTitle": "A-Release V2",
            "messageBody": "",
            "fileTypesAndContributionMap": {
              "java": {
                "insertions": 2,
                "deletions": 2
              }
            }
          },
          {
            "hash": "e9893c014f034008c265a1853464ff08be40cf8e",
            "messageTitle": "A-Release V2",
            "messageBody": "",
            "fileTypesAndContributionMap": {
              "txt": {
                "insertions": 1,
                "deletions": 0
              }
            }
          },
          {
            "hash": "5630bbb0e7a77304a4bc82fc5e82b26caac26774",
            "messageTitle": "A-Release V2",
            "messageBody": "",
            "tags": [
              "v0.2",
              "A-VersionV2"
            ],
            "fileTypesAndContributionMap": {
              "gradle": {
                "insertions": 1,
                "deletions": 1
              },
              "txt": {
                "insertions": 1,
                "deletions": 4
              },
              "java": {
                "insertions": 40,
                "deletions": 14
              }
            }
          },
          {
            "hash": "d4f5c3722f5d085ce4b44ed6d6e85756b50d9b2f",
            "messageTitle": "A-Release V2",
            "messageBody": "",
            "fileTypesAndContributionMap": {
              "java": {
                "insertions": 1,
                "deletions": 1
              }
            }
          },
          {
            "hash": "4f815ab32ea49e3dcff85593f2ee95288ead2a1c",
            "messageTitle": "A-Release V2",
            "messageBody": "",
            "fileTypesAndContributionMap": {
              "gradle": {
                "insertions": 15,
                "deletions": 4
              }
            }
          }
        ]
      },
      {
        "insertions": 11,
        "deletions": 0,
        "date": "2020-02-19",
        "commitResults": [
          {
            "hash": "b8ecf83faf48235aa88efb4e42cbd7e94f16e5d5",
            "messageTitle": "A-Release V3",
            "messageBody": "",
            "fileTypesAndContributionMap": {
              "md": {
                "insertions": 11,
                "deletions": 0
              }
            }
          }
        ]
      },
      {
        "insertions": 46,
        "deletions": 5,
        "date": "2020-02-23",
        "commitResults": [
          {
            "hash": "81c08cf8ee282108679489b8ed3abf0a7547f47e",
            "messageTitle": "Improved code to make GUI window close after typing \"bye\"",
            "messageBody": "",
            "fileTypesAndContributionMap": {
              "txt": {
                "insertions": 4,
                "deletions": 1
              },
              "java": {
                "insertions": 23,
                "deletions": 0
              },
              "md": {
                "insertions": 9,
                "deletions": 3
              }
            }
          },
          {
            "hash": "be3845487ac7740ddfe89b1c024f8413e5b81146",
            "messageTitle": "Reccess Week update!",
            "messageBody": "",
            "fileTypesAndContributionMap": {
              "java": {
                "insertions": 10,
                "deletions": 1
              }
            }
          }
        ]
      },
      {
        "insertions": 6,
        "deletions": 7,
        "date": "2020-02-24",
        "commitResults": [
          {
            "hash": "a29a3c72f8c29b41b5b17ce581e211ac8c33d7de",
            "messageTitle": "Reccess Week update!",
            "messageBody": "",
            "fileTypesAndContributionMap": {
              "fxml": {
                "insertions": 5,
                "deletions": 6
              }
            }
          },
          {
            "hash": "b2ca0b6eba49296fec7bcdfd0dd64c5cd99ca7bc",
            "messageTitle": "Reccess Week update!",
            "messageBody": "",
            "fileTypesAndContributionMap": {
              "fxml": {
                "insertions": 1,
                "deletions": 1
              }
            }
          }
        ]
      },
      {
        "insertions": 24,
        "deletions": 6,
        "date": "2020-02-29",
        "commitResults": [
          {
            "hash": "d5472422734641afe8437185c53c5a790e8959f2",
            "messageTitle": "Reccess Week updateV2!",
            "messageBody": "",
            "fileTypesAndContributionMap": {
              "java": {
                "insertions": 20,
                "deletions": 0
              }
            }
          },
          {
            "hash": "cae8cbd439bcc57a969c12efd2e24273d1b5e0bf",
            "messageTitle": "Reccess Week updateV3! Fix a bug",
            "messageBody": "",
            "fileTypesAndContributionMap": {
              "txt": {
                "insertions": 2,
                "deletions": 4
              },
              "java": {
                "insertions": 2,
                "deletions": 2
              }
            }
          }
        ]
      },
      {
        "insertions": 1,
        "deletions": 1,
        "date": "2020-03-02",
        "commitResults": [
          {
            "hash": "b5a36578b32dac50bdc85b8665faf010d3568f28",
            "messageTitle": "Fixed checkStyleTest Error",
            "messageBody": "",
            "fileTypesAndContributionMap": {
              "java": {
                "insertions": 1,
                "deletions": 1
              }
            }
          }
        ]
      }
    ]
  },
  "authorFinalContributionMap": {
    "WillySeahh": 1573
  },
  "authorFileTypeContributionMap": {
    "WillySeahh": {
      "java": 1290,
      "md": 136,
      "fxml": 40,
      "sh": 0,
      "bat": 22,
      "gradle": 48,
      "txt": 37
    }
  },
  "authorContributionVariance": {
    "WillySeahh": 42223.29
  },
  "authorDisplayNameMap": {
    "WillySeahh": "CS2103T-W13- 1 WILL..HUNG"
  }
}
