{
  "authorDailyContributionsMap": {
    "WANG-Yuchen-Alice": [
      {
        "insertions": 254,
        "deletions": 36,
        "date": "2020-01-21",
        "commitResults": [
          {
            "hash": "fa64053fb406bb56b8b79a36b00180292b872e2e",
            "messageTitle": "Adding Plugins (checkstyle)",
            "messageBody": "",
            "insertions": 22,
            "deletions": 1
          },
          {
            "hash": "2928bffb8284e5c78a44ed287243424437ed7ad7",
            "messageTitle": "Level 1 basic",
            "messageBody": "",
            "insertions": 33,
            "deletions": 0
          },
          {
            "hash": "814ba9ea98d1c21cf1602722e9ed8d8f2c9d7612",
            "messageTitle": "Level-1",
            "messageBody": "",
            "tags": [
              "Level-1"
            ],
            "insertions": 7,
            "deletions": 5
          },
          {
            "hash": "2bad9a90cb8b7740670c0048e1cb44f8ea007c61",
            "messageTitle": "Level-2",
            "messageBody": "",
            "tags": [
              "Level-2"
            ],
            "insertions": 30,
            "deletions": 3
          },
          {
            "hash": "abbeae383d52c02c556317b45f89ebcdef1c1899",
            "messageTitle": "Level-3",
            "messageBody": "",
            "tags": [
              "Level-3"
            ],
            "insertions": 74,
            "deletions": 8
          },
          {
            "hash": "0e084e634d2f00b803904edf0a9bb9e8c2131c6e",
            "messageTitle": "Level-4",
            "messageBody": "",
            "insertions": 88,
            "deletions": 19
          }
        ]
      },
      {
        "insertions": 273,
        "deletions": 24,
        "date": "2020-01-22",
        "commitResults": [
          {
            "hash": "a1005889237a00548f342de4d1748f7a00b41e7c",
            "messageTitle": "Level-4",
            "messageBody": "",
            "insertions": 49,
            "deletions": 12
          },
          {
            "hash": "42e49cf6835cc67377e921227eeb234028ac367f",
            "messageTitle": "Level-4",
            "messageBody": "",
            "tags": [
              "Level-4"
            ],
            "insertions": 69,
            "deletions": 1
          },
          {
            "hash": "4ef9461c39c736c37e8d1b8a5b403ba675de37bd",
            "messageTitle": "A-TextUiTesting",
            "messageBody": "",
            "tags": [
              "A-TextUiTesting"
            ],
            "insertions": 19,
            "deletions": 2
          },
          {
            "hash": "935e1e6a8540c6b2dd8be5159f144ced5d83100a",
            "messageTitle": "Level-5",
            "messageBody": "",
            "tags": [
              "Level-5"
            ],
            "insertions": 75,
            "deletions": 3
          },
          {
            "hash": "a5930b8c8a226e82cff9c3acda13c4dc8d7d4710",
            "messageTitle": "Level-5",
            "messageBody": "",
            "tags": [
              "A-Exceptions"
            ],
            "insertions": 11,
            "deletions": 1
          },
          {
            "hash": "ab8176677f1fa171ef3c6734d3f0a5889d5e8c5f",
            "messageTitle": "Level-6",
            "messageBody": "",
            "tags": [
              "Level-6"
            ],
            "insertions": 29,
            "deletions": 1
          },
          {
            "hash": "42f77286c09f596f0931e67c0d399553ca804fb5",
            "messageTitle": "A-Enums: adding enum keywords of the tasks, including TODO, EVENT, DEADLINE, and OTHERS",
            "messageBody": "",
            "tags": [
              "A-Enums"
            ],
            "insertions": 21,
            "deletions": 4
          }
        ]
      },
      {
        "insertions": 149,
        "deletions": 7,
        "date": "2020-01-26",
        "commitResults": [
          {
            "hash": "363fa5abbb263e6be93ff4927d9416b70972a8e1",
            "messageTitle": "Level-7",
            "messageBody": "",
            "tags": [
              "Level-7"
            ],
            "insertions": 149,
            "deletions": 7
          }
        ]
      },
      {
        "insertions": 109,
        "deletions": 57,
        "date": "2020-01-27",
        "commitResults": [
          {
            "hash": "92984bcae5d17395b09164b5f078dcf3e96e2db0",
            "messageTitle": "Level-8",
            "messageBody": "",
            "insertions": 109,
            "deletions": 57
          },
          {
            "hash": "65d1fea0db6fcf2c951e52b1621293a4d7b2f0b0",
            "messageTitle": "Level-8",
            "messageBody": "",
            "insertions": 0,
            "deletions": 0
          }
        ]
      },
      {
        "insertions": 619,
        "deletions": 325,
        "date": "2020-01-28",
        "commitResults": [
          {
            "hash": "7cf899f92d88b22ca17f79c9fb6eae24a5300177",
            "messageTitle": "A-MoreOOP: use more OOP",
            "messageBody": "",
            "tags": [
              "A-MoreOOP"
            ],
            "insertions": 547,
            "deletions": 101
          },
          {
            "hash": "7e0fc3c9f2fff8934155fb17024cabfa91ed10b2",
            "messageTitle": "A-Packages: Organize into packages",
            "messageBody": "",
            "tags": [
              "A-Packages"
            ],
            "insertions": 22,
            "deletions": 31
          },
          {
            "hash": "756016bdd3ab265d66e86ff7167433468885348c",
            "messageTitle": "A-JUnit: Add JUnit tests",
            "messageBody": "",
            "tags": [
              "A-JUnit"
            ],
            "insertions": 40,
            "deletions": 192
          },
          {
            "hash": "b501d38aca2ab289ac56171380a9ae99f0edb2ae",
            "messageTitle": "A-JUnit: Adding JUnit support to the project",
            "messageBody": "",
            "tags": [
              "v0.1",
              "A-JUnit-support"
            ],
            "insertions": 10,
            "deletions": 1
          }
        ]
      },
      {
        "insertions": 341,
        "deletions": 98,
        "date": "2020-01-29",
        "commitResults": [
          {
            "hash": "dcf4acf2d5aad38cb97c5911bafea736c4ba6127",
            "messageTitle": "A-Gradle",
            "messageBody": "",
            "tags": [
              "A-Gradle"
            ],
            "insertions": 9,
            "deletions": 34
          },
          {
            "hash": "0aae9ef6196c334d857819459bee60110518fcdf",
            "messageTitle": "Level-9: Find",
            "messageBody": "",
            "tags": [
              "Level-9"
            ],
            "insertions": 75,
            "deletions": 27
          },
          {
            "hash": "59e566314f1f8dbf22dbdfe8233b312f1d296e70",
            "messageTitle": "A-CodingStandard: follow the coding standard",
            "messageBody": "",
            "tags": [
              "A-CodingStandard"
            ],
            "insertions": 13,
            "deletions": 24
          },
          {
            "hash": "b06a3123342ebdba1beb808a3cab0ef9ed19c720",
            "messageTitle": "test1",
            "messageBody": "",
            "insertions": 3,
            "deletions": 4
          },
          {
            "hash": "5f6d94d8037c7bcb714e66a099161f8ca6e5c16a",
            "messageTitle": "A-JavaDoc: JavaDoc",
            "messageBody": "",
            "tags": [
              "A-JavaDoc"
            ],
            "insertions": 241,
            "deletions": 9
          }
        ]
      },
      {
        "insertions": 253,
        "deletions": 105,
        "date": "2020-02-03",
        "commitResults": [
          {
            "hash": "beae59384f8bfebe02d491c8c602417eae12cef6",
            "messageTitle": "A-Gradle: use Gradle to run duke main class and unit tests",
            "messageBody": "",
            "tags": [
              "A-Gradle-v2.0"
            ],
            "insertions": 3,
            "deletions": 0
          },
          {
            "hash": "71e8b57d708ad701bec38edbf67f2b1b66c99571",
            "messageTitle": "A-CheckStyle: use CheckStyle",
            "messageBody": "",
            "tags": [
              "A-CheckStyle"
            ],
            "insertions": 250,
            "deletions": 105
          }
        ]
      },
      {
        "insertions": 369,
        "deletions": 26,
        "date": "2020-02-04",
        "commitResults": [
          {
            "hash": "bce89d697901e6035547b4d3e18e7537ec9f38c4",
            "messageTitle": "Level-10: GUI v1.0 default images; without independent of FXML file",
            "messageBody": "",
            "tags": [
              "Level-10"
            ],
            "insertions": 367,
            "deletions": 26
          },
          {
            "hash": "c874d5ecb27cb0ffbc6a8cff779059ff3e9efa0f",
            "messageTitle": "A-Varargs: Use varargs",
            "messageBody": "",
            "tags": [
              "A-Varargs"
            ],
            "insertions": 2,
            "deletions": 0
          }
        ]
      },
      {
        "insertions": 158,
        "deletions": 146,
        "date": "2020-02-07",
        "commitResults": [
          {
            "hash": "b805b11bb4d2d6b555039c27316d3765b70d8594",
            "messageTitle": "Level-10: GUI duke v2.0 Implement duke with JavaFX",
            "messageBody": "",
            "tags": [
              "Level-10_v2.0"
            ],
            "insertions": 158,
            "deletions": 146
          }
        ]
      },
      {
        "insertions": 21,
        "deletions": 139,
        "date": "2020-02-08",
        "commitResults": [
          {
            "hash": "ac02685f7f22fd27856b0e6a89800898edcf2b2f",
            "messageTitle": "Generate a new Jar file using Gradle",
            "messageBody": "",
            "tags": [
              "Generate_a_new_Jar_file"
            ],
            "insertions": 8,
            "deletions": 0
          },
          {
            "hash": "3637a2d3aa75a8192f4d85654b1157d8f0a39071",
            "messageTitle": "Remove redundant codes",
            "messageBody": "",
            "insertions": 0,
            "deletions": 105
          },
          {
            "hash": "dc11df5affb0abb66bf091ca9af8453fc61fb271",
            "messageTitle": "A-Assertions: Use Assertions",
            "messageBody": "",
            "tags": [
              "A-Assertions"
            ],
            "insertions": 9,
            "deletions": 12
          },
          {
            "hash": "cbcd932eff8ef2c8787ec1d847d88d80d38ca594",
            "messageTitle": "A-CodeQuality: Improve code quality",
            "messageBody": "",
            "tags": [
              "A-CodeQuality"
            ],
            "insertions": 4,
            "deletions": 22
          }
        ]
      },
      {
        "insertions": 150,
        "deletions": 26,
        "date": "2020-02-09",
        "commitResults": [
          {
            "hash": "b6b8fc62b4f523b8b450a8ca42ce434ed1bdd545",
            "messageTitle": "A-Travis: set up Travis",
            "messageBody": "",
            "tags": [
              "A-Travis"
            ],
            "insertions": 3,
            "deletions": 17
          },
          {
            "hash": "7e918f478f684c636aae6c8101f73772935ce983",
            "messageTitle": "B-Reminders",
            "messageBody": "",
            "tags": [
              "B-Reminders"
            ],
            "insertions": 147,
            "deletions": 9
          }
        ]
      },
      {
        "insertions": 2,
        "deletions": 0,
        "date": "2020-02-11",
        "commitResults": [
          {
            "hash": "721acf178575b0e148d461a3c0c9bf6f953b6ba8",
            "messageTitle": "Add assertion",
            "messageBody": "",
            "tags": [
              "A-assertion"
            ],
            "insertions": 2,
            "deletions": 0
          }
        ]
      }
    ]
  },
  "authorFinalContributionMap": {
    "WANG-Yuchen-Alice": 1729
  },
  "authorFileTypeContributionMap": {
    "WANG-Yuchen-Alice": {
      "java": 1541,
      "md": 0,
      "fxml": 35,
      "sh": 0,
      "bat": 21,
      "gradle": 31,
      "txt": 101
    }
  },
  "authorContributionVariance": {
    "WANG-Yuchen-Alice": 42937.016
  },
  "authorDisplayNameMap": {
    "WANG-Yuchen-Alice": "CS2103-T09- 4 WANG..CHEN"
  }
}
