{
  "authorDailyContributionsMap": {
    "jadetayy": [
      {
        "insertions": 123,
        "deletions": 14,
        "date": "2020-01-22",
        "commitResults": [
          {
            "hash": "67bcaafdb283e34509ccb1a7eb097bfb7b62a25d",
            "messageTitle": "gradle tutorial",
            "messageBody": "",
            "insertions": 4,
            "deletions": 0
          },
          {
            "hash": "4b0e97fdfa7469de99c43adf6fd01924b386f4d7",
            "messageTitle": "gradle tutorial",
            "messageBody": "",
            "insertions": 25,
            "deletions": 3
          },
          {
            "hash": "2a76eef23feb7ba1455461add88871f4afcea2a1",
            "messageTitle": "Level-1",
            "messageBody": "",
            "tags": [
              "Level-1"
            ],
            "insertions": 43,
            "deletions": 0
          },
          {
            "hash": "44a5395013e376c4c25eb9cbaa41c786e4ae4826",
            "messageTitle": "Level-2",
            "messageBody": "",
            "tags": [
              "Level-2"
            ],
            "insertions": 11,
            "deletions": 2
          },
          {
            "hash": "c5e29bbba545154b4f7f57133343d408b2edab03",
            "messageTitle": "Level-3",
            "messageBody": "",
            "tags": [
              "Level-3"
            ],
            "insertions": 40,
            "deletions": 9
          }
        ]
      },
      {
        "insertions": 247,
        "deletions": 90,
        "date": "2020-01-23",
        "commitResults": [
          {
            "hash": "3139de42511dd80357a59ea6ae80c951d61ebbc0",
            "messageTitle": "Level-4",
            "messageBody": "",
            "tags": [
              "Level-4"
            ],
            "insertions": 68,
            "deletions": 17
          },
          {
            "hash": "45add47dc938333e01cd79743c43f7edc066d2d8",
            "messageTitle": "TextUiTesting",
            "messageBody": "",
            "tags": [
              "TextUiTesting"
            ],
            "insertions": 74,
            "deletions": 11
          },
          {
            "hash": "7fe16f9c141c8f51f89ab53575ee502242b1d0c0",
            "messageTitle": "Level-5",
            "messageBody": "",
            "tags": [
              "Level-5"
            ],
            "insertions": 71,
            "deletions": 36
          },
          {
            "hash": "bb547131b7c70d853e8ccfb8946a622fc0fab546",
            "messageTitle": "Level-6",
            "messageBody": "",
            "tags": [
              "Level-6"
            ],
            "insertions": 34,
            "deletions": 26
          }
        ]
      },
      {
        "insertions": 102,
        "deletions": 74,
        "date": "2020-01-28",
        "commitResults": [
          {
            "hash": "f9f2c7df86c5d0fe779e812375100640b319d8f2",
            "messageTitle": "organised code",
            "messageBody": "",
            "insertions": 102,
            "deletions": 74
          }
        ]
      },
      {
        "insertions": 123,
        "deletions": 20,
        "date": "2020-01-29",
        "commitResults": [
          {
            "hash": "b770b80b5cece672e061f6787a2367ec2225024e",
            "messageTitle": "Level-7",
            "messageBody": "",
            "tags": [
              "Level-7"
            ],
            "insertions": 123,
            "deletions": 20
          }
        ]
      },
      {
        "insertions": 98,
        "deletions": 26,
        "date": "2020-01-30",
        "commitResults": [
          {
            "hash": "b9ebbdc14c77a4a121a26c91c76656d8de1d5550",
            "messageTitle": "Level-8",
            "messageBody": "",
            "tags": [
              "Level-8"
            ],
            "insertions": 98,
            "deletions": 26
          }
        ]
      },
      {
        "insertions": 509,
        "deletions": 263,
        "date": "2020-01-31",
        "commitResults": [
          {
            "hash": "c19a7a3722b9bfb50b73f195cfad93b58d3fd448",
            "messageTitle": "A-MoreOOP",
            "messageBody": "",
            "tags": [
              "A-MoreOOP"
            ],
            "insertions": 509,
            "deletions": 263
          }
        ]
      },
      {
        "insertions": 704,
        "deletions": 89,
        "date": "2020-02-01",
        "commitResults": [
          {
            "hash": "c8cd14195becf371d99e5d30980503f144bf4cbd",
            "messageTitle": "A-Packages",
            "messageBody": "",
            "tags": [
              "A-Packages"
            ],
            "insertions": 115,
            "deletions": 5
          },
          {
            "hash": "1c68ccefea434d0a74a21bb66eae6917931a6e72",
            "messageTitle": "A-JUnit",
            "messageBody": "",
            "tags": [
              "A-Jar",
              "A-JUnit"
            ],
            "insertions": 39,
            "deletions": 0
          },
          {
            "hash": "e0acd791d193e376ad270585db34c24c3e146e7f",
            "messageTitle": "A-JavaDoc",
            "messageBody": "",
            "insertions": 363,
            "deletions": 33
          },
          {
            "hash": "20248401220ea1e79a3a86ebb015c96eaae8d63a",
            "messageTitle": "A-CodingStandard",
            "messageBody": "",
            "insertions": 56,
            "deletions": 6
          },
          {
            "hash": "23834efc6c5e8ec5d01046960e8bfec261f0fea9",
            "messageTitle": "Level-9",
            "messageBody": "",
            "insertions": 68,
            "deletions": 4
          },
          {
            "hash": "92f0f1e4a97375319fa3b920dafa6ff39f863e34",
            "messageTitle": "A-CheckStyle",
            "messageBody": "",
            "insertions": 63,
            "deletions": 41
          }
        ]
      },
      {
        "insertions": 1133,
        "deletions": 935,
        "date": "2020-02-02",
        "commitResults": [
          {
            "hash": "3017e7fc8e1911d468d94ea05b49fa01749ea84e",
            "messageTitle": "GUI Implementation",
            "messageBody": "",
            "insertions": 253,
            "deletions": 2
          },
          {
            "hash": "3d755c2267be36e333c07f0f1de4b470af37f0ae",
            "messageTitle": "Revert \"GUI Implementation\"",
            "messageBody": "This reverts commit 3017e7fc8e1911d468d94ea05b49fa01749ea84e.\n",
            "insertions": 2,
            "deletions": 253
          },
          {
            "hash": "8a09aeff22d08439703ee935201af377721cfd70",
            "messageTitle": "Revert \"A-CheckStyle\"",
            "messageBody": "This reverts commit 92f0f1e4a97375319fa3b920dafa6ff39f863e34.\n",
            "insertions": 41,
            "deletions": 63
          },
          {
            "hash": "108d8ae9f995d6706982d1415926c66c101e77dc",
            "messageTitle": "Revert \"Level-9\"",
            "messageBody": "This reverts commit 23834efc6c5e8ec5d01046960e8bfec261f0fea9.\n",
            "insertions": 4,
            "deletions": 68
          },
          {
            "hash": "ad7f3d6d4a97af7efecd0ea71f89a6f1f758efa8",
            "messageTitle": "Revert \"A-CodingStandard\"",
            "messageBody": "This reverts commit 20248401220ea1e79a3a86ebb015c96eaae8d63a.\n",
            "insertions": 6,
            "deletions": 56
          },
          {
            "hash": "97ce2a38ef26f2e9cfd68db2093d03773dedd752",
            "messageTitle": "Revert \"A-JavaDoc\"",
            "messageBody": "This reverts commit e0acd791d193e376ad270585db34c24c3e146e7f.\n",
            "insertions": 33,
            "deletions": 363
          },
          {
            "hash": "d8527aa1d0f3b6c9ddf4cce778bd9ff9998e082b",
            "messageTitle": "A-JavaDoc",
            "messageBody": "",
            "tags": [
              "A-JavaDoc"
            ],
            "insertions": 363,
            "deletions": 33
          },
          {
            "hash": "987dd8ec93553e4d46ee8c16ee67c0b54c537c12",
            "messageTitle": "A-CodingStandard",
            "messageBody": "",
            "tags": [
              "A-CodingStandard"
            ],
            "insertions": 25,
            "deletions": 12
          },
          {
            "hash": "50409ece45ab7d01f6e35d7fa06e20560ef3d589",
            "messageTitle": "Level-9",
            "messageBody": "",
            "tags": [
              "Level-9"
            ],
            "insertions": 85,
            "deletions": 24
          },
          {
            "hash": "973371b58e2cf8b50ef4afacc58c4c1761602f1d",
            "messageTitle": "A-CheckStyle",
            "messageBody": "",
            "tags": [
              "A-CheckStyle"
            ],
            "insertions": 63,
            "deletions": 41
          },
          {
            "hash": "06570df851f1b2ef2a44896646fa217e5fd973c5",
            "messageTitle": "Level-10 GUI v1.0",
            "messageBody": "",
            "tags": [
              "Level-10"
            ],
            "insertions": 258,
            "deletions": 20
          }
        ]
      },
      {
        "insertions": 18,
        "deletions": 53,
        "date": "2020-02-08",
        "commitResults": [
          {
            "hash": "6c2da6f59c3f246afdf89aa33d41097c294d74e5",
            "messageTitle": "Generate new jar file",
            "messageBody": "",
            "insertions": 18,
            "deletions": 53
          }
        ]
      },
      {
        "insertions": 8,
        "deletions": 2,
        "date": "2020-02-09",
        "commitResults": [
          {
            "hash": "771468072f20eafdeb36fcec3955a67c1877e2e8",
            "messageTitle": "A-Assertions",
            "messageBody": "",
            "insertions": 8,
            "deletions": 2
          }
        ]
      },
      {
        "insertions": 51,
        "deletions": 63,
        "date": "2020-02-10",
        "commitResults": [
          {
            "hash": "d6f9ba2934818694dd359caaaed28075d6d258cd",
            "messageTitle": "A-CodeQuality",
            "messageBody": "",
            "insertions": 0,
            "deletions": 5
          },
          {
            "hash": "de36d6c8b94ecfb526fc76aaf370cd64de0c6655",
            "messageTitle": "A-CodeQuality",
            "messageBody": "",
            "insertions": 26,
            "deletions": 56
          },
          {
            "hash": "944d155df679dd538b397145494a77b33ab63e00",
            "messageTitle": "A-Assertions",
            "messageBody": "",
            "tags": [
              "A-Assertions"
            ],
            "insertions": 1,
            "deletions": 0
          },
          {
            "hash": "c4be00955853e64916f9743e4c46ffc63d10be13",
            "messageTitle": "A-CodeQuality 3.0",
            "messageBody": "",
            "tags": [
              "A-CodeQuality"
            ],
            "insertions": 24,
            "deletions": 2
          }
        ]
      },
      {
        "insertions": 168,
        "deletions": 31,
        "date": "2020-02-11",
        "commitResults": [
          {
            "hash": "6b0347a852979783795da3ad0667f9acb8082e03",
            "messageTitle": "D-Notes 1.0",
            "messageBody": "",
            "tags": [
              "D-Notes"
            ],
            "insertions": 134,
            "deletions": 12
          },
          {
            "hash": "8d0ea3dcfefb80fe3c4d0e0f326da997576aadc0",
            "messageTitle": "Minor changes to GUI",
            "messageBody": "",
            "insertions": 7,
            "deletions": 8
          },
          {
            "hash": "be2d13ce35d3fbad95f1c77d0c28ff5f8794af88",
            "messageTitle": "Minor changes to GUI \\",
            "messageBody": "",
            "insertions": 27,
            "deletions": 11
          }
        ]
      },
      {
        "insertions": 132,
        "deletions": 53,
        "date": "2020-02-16",
        "commitResults": [
          {
            "hash": "5d25c4b9822b4bd9cd0522662638585d62361a2e",
            "messageTitle": "Added Ui.png",
            "messageBody": "",
            "insertions": 14,
            "deletions": 6
          },
          {
            "hash": "46a441eeb5d6bc15b17d42ad1a2a1362067c647d",
            "messageTitle": "A-UserGuide",
            "messageBody": "",
            "tags": [
              "A-UserGuide"
            ],
            "insertions": 78,
            "deletions": 9
          },
          {
            "hash": "803ade931ea71bfe17db03218ef8e5634ba2fc4f",
            "messageTitle": "Minor changes to user guide",
            "messageBody": "",
            "insertions": 11,
            "deletions": 11
          },
          {
            "hash": "b4e0c82dedea705f1e52ee02f505d636530317f4",
            "messageTitle": "Update README.md",
            "messageBody": "",
            "insertions": 1,
            "deletions": 1
          },
          {
            "hash": "6c5bb85f8f789a3f3765bfd18fea5ac9ecb39f2e",
            "messageTitle": "A-Release, fixed GUI input issues",
            "messageBody": "",
            "tags": [
              "A-Release"
            ],
            "insertions": 27,
            "deletions": 25
          },
          {
            "hash": "d101c11002cf9e7cba282f78ca1a1977533e5e2a",
            "messageTitle": "Minor changes to String formatting of InvalidDateTimeException.java",
            "messageBody": "",
            "insertions": 1,
            "deletions": 1
          }
        ]
      }
    ]
  },
  "authorFinalContributionMap": {
    "jadetayy": 1760
  },
  "authorFileTypeContributionMap": {
    "jadetayy": {
      "java": 1529,
      "md": 78,
      "fxml": 41,
      "sh": 34,
      "bat": 0,
      "gradle": 42,
      "txt": 36
    }
  },
  "authorContributionVariance": {
    "jadetayy": 144026.92
  },
  "authorDisplayNameMap": {
    "jadetayy": "CS2103T-W13- 3 TAY ..JADE"
  }
}
