{
  "authorDailyContributionsMap": {
    "CranstonYeo": [
      {
        "insertions": 99,
        "deletions": 29,
        "date": "2020-01-21",
        "commitResults": [
          {
            "hash": "194db6cfd53569725c01a711e2298e32eaf3b354",
            "messageTitle": "Level-1",
            "messageBody": "",
            "insertions": 22,
            "deletions": 1
          },
          {
            "hash": "21d453546b8b6f6913c73e002a4f06d2e055d05b",
            "messageTitle": "Update Gradle",
            "messageBody": "",
            "insertions": 22,
            "deletions": 1
          },
          {
            "hash": "37c1d031136d3e735a6b0f5c926ce58eda1ea3b9",
            "messageTitle": "Level-1",
            "messageBody": "",
            "insertions": 1,
            "deletions": 11
          },
          {
            "hash": "2c5d5935b172e882706c5e09b05ce42c6dcea216",
            "messageTitle": "Level-2",
            "messageBody": "",
            "insertions": 11,
            "deletions": 1
          },
          {
            "hash": "1c9d3b7fbce15519a9c007557d99563c8705d043",
            "messageTitle": "Level-1",
            "messageBody": "",
            "tags": [
              "Level-1"
            ],
            "insertions": 1,
            "deletions": 11
          },
          {
            "hash": "cc87ee41bd5f0ba156003b50df01d00f57116b78",
            "messageTitle": "Level-2",
            "messageBody": "",
            "tags": [
              "Level-2"
            ],
            "insertions": 11,
            "deletions": 1
          },
          {
            "hash": "ddc0cc5487f1d85abbc32414806f34e4e98fcee6",
            "messageTitle": "Level-3",
            "messageBody": "",
            "tags": [
              "Level-3"
            ],
            "insertions": 31,
            "deletions": 3
          }
        ]
      },
      {
        "insertions": 174,
        "deletions": 35,
        "date": "2020-01-22",
        "commitResults": [
          {
            "hash": "b1c7ac35163edffcc87b9f960f4750ad3baf1ed9",
            "messageTitle": "Level-4",
            "messageBody": "",
            "tags": [
              "Level-4"
            ],
            "insertions": 32,
            "deletions": 11
          },
          {
            "hash": "52d3d87f095658d7206772dd1d4472ee7b57f8b4",
            "messageTitle": "A-TextUiTesting",
            "messageBody": "",
            "tags": [
              "A-TextUiTesting"
            ],
            "insertions": 65,
            "deletions": 0
          },
          {
            "hash": "239142a1d614e18aa46d9b4e1766c018493180e7",
            "messageTitle": "Level-5",
            "messageBody": "",
            "tags": [
              "Level-5"
            ],
            "insertions": 77,
            "deletions": 24
          }
        ]
      },
      {
        "insertions": 101,
        "deletions": 59,
        "date": "2020-01-23",
        "commitResults": [
          {
            "hash": "c30a13c7ecc90d44cf05e4e00a5aadcfc7f2eb75",
            "messageTitle": "Level-6",
            "messageBody": "",
            "insertions": 29,
            "deletions": 18
          },
          {
            "hash": "ac215cf58783399b95ceb5cfb50a3d7fd85ae7d4",
            "messageTitle": "Level-6",
            "messageBody": "",
            "insertions": 72,
            "deletions": 41
          }
        ]
      },
      {
        "insertions": 183,
        "deletions": 82,
        "date": "2020-01-29",
        "commitResults": [
          {
            "hash": "c437c37a7d9f02a5bf5a3c3dd99380c637911957",
            "messageTitle": "Level-7",
            "messageBody": "",
            "insertions": 162,
            "deletions": 66
          },
          {
            "hash": "95c961c25bc4524cc2e7afe87e48c983b04e840d",
            "messageTitle": "Level-8",
            "messageBody": "",
            "insertions": 21,
            "deletions": 16
          }
        ]
      },
      {
        "insertions": 371,
        "deletions": 199,
        "date": "2020-02-02",
        "commitResults": [
          {
            "hash": "defc6fd55a5288c23f33cb2ac612d92d324b1b8d",
            "messageTitle": "A-MoreOOP",
            "messageBody": "",
            "tags": [
              "A-MoreOOP"
            ],
            "insertions": 306,
            "deletions": 190
          },
          {
            "hash": "87965f9d5baff10aa5a8eb9628a1167b90cac2be",
            "messageTitle": "A-Packages",
            "messageBody": "",
            "tags": [
              "A-Packages"
            ],
            "insertions": 25,
            "deletions": 5
          },
          {
            "hash": "cb5c3b7d96d25ae4b9fad248e143be985fcc8a91",
            "messageTitle": "A-JUnit",
            "messageBody": "",
            "tags": [
              "v0.1",
              "A-JUnit"
            ],
            "insertions": 40,
            "deletions": 4
          }
        ]
      },
      {
        "insertions": 289,
        "deletions": 58,
        "date": "2020-02-03",
        "commitResults": [
          {
            "hash": "acbf433704fc03eeb9e0f98effa796d7b4bd24bc",
            "messageTitle": "A-JavaDoc",
            "messageBody": "",
            "insertions": 212,
            "deletions": 22
          },
          {
            "hash": "212abc2ec0707c8d4ea61201df2fffe051c7bae9",
            "messageTitle": "Level-9",
            "messageBody": "",
            "insertions": 27,
            "deletions": 0
          },
          {
            "hash": "386a8fb0c9237f05a8e9da2404123ac2594169ec",
            "messageTitle": "A-CheckStyle",
            "messageBody": "",
            "insertions": 50,
            "deletions": 36
          }
        ]
      },
      {
        "insertions": 339,
        "deletions": 81,
        "date": "2020-02-09",
        "commitResults": [
          {
            "hash": "470aea96967c7b70e5edcc67e77f05af05eeed09",
            "messageTitle": "Level-10",
            "messageBody": "",
            "insertions": 318,
            "deletions": 74
          },
          {
            "hash": "2f4459e6a444d6c0b30f947507bc1345178b59c3",
            "messageTitle": "A-Assertions",
            "messageBody": "",
            "insertions": 21,
            "deletions": 7
          }
        ]
      },
      {
        "insertions": 470,
        "deletions": 275,
        "date": "2020-02-10",
        "commitResults": [
          {
            "hash": "411565592b9d323a41006ce571cb37d4b33a2241",
            "messageTitle": "A-CodeQuality",
            "messageBody": "",
            "insertions": 470,
            "deletions": 275
          }
        ]
      },
      {
        "insertions": 99,
        "deletions": 14,
        "date": "2020-02-11",
        "commitResults": [
          {
            "hash": "4085d8b319853fd1315fe38d0e41803f3bef8320",
            "messageTitle": "C-Sort",
            "messageBody": "",
            "insertions": 99,
            "deletions": 14
          }
        ]
      }
    ]
  },
  "authorFinalContributionMap": {
    "CranstonYeo": 1306
  },
  "authorFileTypeContributionMap": {
    "CranstonYeo": {
      "java": 1159,
      "md": 2,
      "fxml": 38,
      "sh": 35,
      "bat": 0,
      "gradle": 32,
      "txt": 40
    }
  },
  "authorContributionVariance": {
    "CranstonYeo": 35131.05
  },
  "authorDisplayNameMap": {
    "CranstonYeo": "CS2103-W15- 3 CRAN..IJIE"
  }
}
