{
  "authorDailyContributionsMap": {
    "AdarshChugani": [
      {
        "insertions": 71,
        "deletions": 16,
        "date": "2020-01-21",
        "commitResults": [
          {
            "hash": "8c23cc88ebabdee8693a791a31146a95c2ef4439",
            "messageTitle": "Level-1",
            "messageBody": "",
            "insertions": 17,
            "deletions": 6
          },
          {
            "hash": "1ac4c1f602edaa79b2a05b5cbd9ab52965d058b1",
            "messageTitle": "Level-2",
            "messageBody": "",
            "insertions": 12,
            "deletions": 1
          },
          {
            "hash": "51807d6c06c6843981b105f988bbfd6f92319a80",
            "messageTitle": "Level-3",
            "messageBody": "",
            "insertions": 42,
            "deletions": 9
          }
        ]
      },
      {
        "insertions": 133,
        "deletions": 27,
        "date": "2020-01-22",
        "commitResults": [
          {
            "hash": "e0bde75fff9524aaf141ee5a3b1e120f4b4361db",
            "messageTitle": "Level-4",
            "messageBody": "",
            "insertions": 78,
            "deletions": 5
          },
          {
            "hash": "07877d7f7b22ef93e3d56a02ba0e3ec9834ca94a",
            "messageTitle": "Level-5",
            "messageBody": "",
            "insertions": 45,
            "deletions": 20
          },
          {
            "hash": "f7a58e906ca40348fced4fc4d16fc850b20a982c",
            "messageTitle": "Level-6",
            "messageBody": "",
            "insertions": 10,
            "deletions": 2
          }
        ]
      },
      {
        "insertions": 288,
        "deletions": 194,
        "date": "2020-01-23",
        "commitResults": [
          {
            "hash": "e9168502dad009ed53dd4cece49ae6364f740900",
            "messageTitle": "A-TextUiTesting",
            "messageBody": "",
            "insertions": 6,
            "deletions": 0
          },
          {
            "hash": "27b066242bdcb0a89b01007ae0d10827a67da22a",
            "messageTitle": "Level-1: Greet, Echo, Exit",
            "messageBody": "",
            "tags": [
              "Level-1"
            ],
            "insertions": 3,
            "deletions": 159
          },
          {
            "hash": "d70718c4fc2de262a0097577e04f50364d141b95",
            "messageTitle": "Level-2: Add,List",
            "messageBody": "",
            "tags": [
              "Level-2"
            ],
            "insertions": 12,
            "deletions": 1
          },
          {
            "hash": "613181711fcb7a5885cae7d3f1128a8a0bb65306",
            "messageTitle": "Level-3: Mark as Done",
            "messageBody": "",
            "tags": [
              "Level-3"
            ],
            "insertions": 42,
            "deletions": 9
          },
          {
            "hash": "8adaac6dd14ecb366b8664d54b09b34aed859b2f",
            "messageTitle": "Level-4: ToDos, Events, Deadlines",
            "messageBody": "",
            "tags": [
              "Level-4"
            ],
            "insertions": 77,
            "deletions": 4
          },
          {
            "hash": "fc75a9b6a3c5d2b75da62ed9c34fd8009b756dcd",
            "messageTitle": "Level-5: Handle Errors",
            "messageBody": "",
            "insertions": 59,
            "deletions": 20
          },
          {
            "hash": "d0cc0a12bd60bb48f51a48587beabfc788543efc",
            "messageTitle": "Level-5: Handle Errors",
            "messageBody": "",
            "tags": [
              "Level-5"
            ],
            "insertions": 1,
            "deletions": 1
          },
          {
            "hash": "0db10bcc20bb272a8771a898b54fc6829ba5da0b",
            "messageTitle": "Level-6: Delete",
            "messageBody": "",
            "tags": [
              "Level-6"
            ],
            "insertions": 8,
            "deletions": 0
          },
          {
            "hash": "99baee760f0164ba1622884d223b59b799e278ab",
            "messageTitle": "A-TextUiTesting",
            "messageBody": "",
            "tags": [
              "A-TextUiTesting"
            ],
            "insertions": 80,
            "deletions": 0
          }
        ]
      },
      {
        "insertions": 193,
        "deletions": 7,
        "date": "2020-01-26",
        "commitResults": [
          {
            "hash": "05691ac3c9c1feb2af0b0822ac8f3059705d7222",
            "messageTitle": "Level-7: Save",
            "messageBody": "",
            "tags": [
              "Level-7"
            ],
            "insertions": 93,
            "deletions": 5
          },
          {
            "hash": "137ccb5d5ce8f9780cbfff94719a5a2fa95a0371",
            "messageTitle": "Level-8: Dates and Times",
            "messageBody": "",
            "insertions": 100,
            "deletions": 2
          }
        ]
      },
      {
        "insertions": 409,
        "deletions": 144,
        "date": "2020-01-27",
        "commitResults": [
          {
            "hash": "c2992ddbe2d428bcaeddb8b6e4745ec4d34bc1ef",
            "messageTitle": "A-MoreOOP: Use More OOP",
            "messageBody": "",
            "tags": [
              "A-MoreOOP"
            ],
            "insertions": 314,
            "deletions": 144
          },
          {
            "hash": "9270bbcba861e71d27c86bf85ba5de7f5e2ce418",
            "messageTitle": "A-JUnit: Add JUnit Tests",
            "messageBody": "",
            "tags": [
              "A-JUnit"
            ],
            "insertions": 95,
            "deletions": 0
          }
        ]
      },
      {
        "insertions": 295,
        "deletions": 115,
        "date": "2020-01-28",
        "commitResults": [
          {
            "hash": "f1aa80f532af460ef867bf1021c4b820a7afa26b",
            "messageTitle": "A-CodingStandard: Follow the Coding Standard",
            "messageBody": "",
            "insertions": 263,
            "deletions": 113
          },
          {
            "hash": "508fbd9496b815e511fb8e5b6217b230055d92d7",
            "messageTitle": "Level-9: Find",
            "messageBody": "",
            "insertions": 30,
            "deletions": 0
          },
          {
            "hash": "c454c1f6c5a513c317faea8dd04a845146134cc7",
            "messageTitle": "edit phrasing",
            "messageBody": "",
            "tags": [
              "A-Jar"
            ],
            "insertions": 1,
            "deletions": 1
          },
          {
            "hash": "bb021b7b9b04ef5abe9ae1f44691adb010078e6f",
            "messageTitle": "A-Gradle: Extension to set up gradle",
            "messageBody": "",
            "insertions": 1,
            "deletions": 1
          }
        ]
      },
      {
        "insertions": 48,
        "deletions": 5,
        "date": "2020-02-01",
        "commitResults": [
          {
            "hash": "2e5618724a5ffbeab71776bbad658413bff4bd1a",
            "messageTitle": "Added basic GUI launcher",
            "messageBody": "",
            "insertions": 48,
            "deletions": 5
          }
        ]
      },
      {
        "insertions": 5,
        "deletions": 30,
        "date": "2020-02-02",
        "commitResults": [
          {
            "hash": "3c621cf9db292e34a4509ac811a33b67e48aaaf2",
            "messageTitle": "Undo GUI launcher",
            "messageBody": "",
            "insertions": 5,
            "deletions": 30
          }
        ]
      },
      {
        "insertions": 421,
        "deletions": 91,
        "date": "2020-02-04",
        "commitResults": [
          {
            "hash": "a1288f6a26c29fc4be3c5781173f1df355831e35",
            "messageTitle": "Level-10: GUI",
            "messageBody": "",
            "tags": [
              "Level-10"
            ],
            "insertions": 378,
            "deletions": 82
          },
          {
            "hash": "396f7426cbd4cba3dbbea54c15817c6503d60d7b",
            "messageTitle": "Minor formatting change",
            "messageBody": "",
            "tags": [
              "A-Gradle"
            ],
            "insertions": 0,
            "deletions": 3
          },
          {
            "hash": "71c623a25ed3251f4ff8f29642e180bd7f05a77f",
            "messageTitle": "A-CheckStyle: Use CheckStyle",
            "messageBody": "",
            "tags": [
              "A-CheckStyle"
            ],
            "insertions": 41,
            "deletions": 6
          },
          {
            "hash": "adb050b6186f22158ac63634d9248d3629615d01",
            "messageTitle": "Resolved an issue causing text truncation.",
            "messageBody": "",
            "insertions": 2,
            "deletions": 0
          }
        ]
      },
      {
        "insertions": 77,
        "deletions": 75,
        "date": "2020-02-10",
        "commitResults": [
          {
            "hash": "4e709958fc2420b8441192461f28f04b29861c76",
            "messageTitle": "A-CodeQuality: Improve Code Quality",
            "messageBody": "",
            "insertions": 77,
            "deletions": 75
          }
        ]
      },
      {
        "insertions": 45,
        "deletions": 1,
        "date": "2020-02-11",
        "commitResults": [
          {
            "hash": "f90b75bc451e97cac21f9c3b165d6a8fb6be3418",
            "messageTitle": "A-Assertions: Use Assertions",
            "messageBody": "",
            "insertions": 4,
            "deletions": 1
          },
          {
            "hash": "8d245619d0666a82e391b9c94ee1b8a954e3d752",
            "messageTitle": "B-Snooze: Added Snooze functionality",
            "messageBody": "",
            "insertions": 41,
            "deletions": 0
          }
        ]
      },
      {
        "insertions": 12,
        "deletions": 1,
        "date": "2020-02-18",
        "commitResults": [
          {
            "hash": "e13caae88a04c07925ef4046845a8370dc25ad31",
            "messageTitle": "A-UserGuide: User Guide",
            "messageBody": "",
            "tags": [
              "A-UserGuide"
            ],
            "insertions": 11,
            "deletions": 1
          },
          {
            "hash": "c07f7f1779b075c7b0636f761634625e6a6decb6",
            "messageTitle": "Update ReadMe file",
            "messageBody": "",
            "tags": [
              "test",
              "0.3"
            ],
            "insertions": 1,
            "deletions": 0
          }
        ]
      },
      {
        "insertions": 336,
        "deletions": 77,
        "date": "2020-03-01",
        "commitResults": [
          {
            "hash": "d7f432168fc320d7141e02781d1970d4d793be18",
            "messageTitle": "Update Duke UI",
            "messageBody": "",
            "insertions": 51,
            "deletions": 14
          },
          {
            "hash": "06b1fcd362f9a192436c39df3ff5c71934c09fdc",
            "messageTitle": "Modified UI and User Guide",
            "messageBody": "",
            "insertions": 257,
            "deletions": 32
          },
          {
            "hash": "e9c962cfc8170369608e952de20cb4fd961b6a65",
            "messageTitle": "Updated User Guide",
            "messageBody": "",
            "insertions": 10,
            "deletions": 0
          },
          {
            "hash": "f9afe7b9f9861583e375b814bcd337ecd211dee9",
            "messageTitle": "improved the user guide",
            "messageBody": "",
            "insertions": 11,
            "deletions": 3
          },
          {
            "hash": "85c77a8d2be93266310e4bb08384626406d6f534",
            "messageTitle": "modified user guide",
            "messageBody": "",
            "insertions": 1,
            "deletions": 4
          },
          {
            "hash": "5ba3c8a703d71f89838d528146f6cc38df3413fe",
            "messageTitle": "Cleaned up the user guide.",
            "messageBody": "",
            "insertions": 6,
            "deletions": 24
          }
        ]
      },
      {
        "insertions": 480,
        "deletions": 402,
        "date": "2020-03-02",
        "commitResults": [
          {
            "hash": "6e5acc3c06cdc02b6b79dc1355314e320d6890da",
            "messageTitle": "update gradle",
            "messageBody": "",
            "tags": [
              "0.4"
            ],
            "insertions": 1,
            "deletions": 6
          },
          {
            "hash": "ff52581c7d953790e34157ab4f9f57ba2811b878",
            "messageTitle": "Improved the user guide.",
            "messageBody": "",
            "insertions": 134,
            "deletions": 106
          },
          {
            "hash": "2e00424f75a6b8d97c08d057905b33721545d5e4",
            "messageTitle": "Updated user guide",
            "messageBody": "",
            "insertions": 4,
            "deletions": 4
          },
          {
            "hash": "c510db0afc37c9ef2b5800d2713a71e26457d259",
            "messageTitle": "test out user guide functionality",
            "messageBody": "",
            "insertions": 3,
            "deletions": 3
          },
          {
            "hash": "6a9b46ff24a79989e269e1f40705d4a9d8263575",
            "messageTitle": "test user guide functionality",
            "messageBody": "",
            "insertions": 3,
            "deletions": 3
          },
          {
            "hash": "dd745f310509ddc723b32ca7b035e6bf07f35ad9",
            "messageTitle": "Update User Guide",
            "messageBody": "",
            "insertions": 5,
            "deletions": 5
          },
          {
            "hash": "5e0f0c80960ca30e87bedbae4b4f850eebab3614",
            "messageTitle": "fixed bugs in user guide",
            "messageBody": "",
            "insertions": 2,
            "deletions": 2
          },
          {
            "hash": "049faa921846dc9bf7f8c070aa3621a681cd0251",
            "messageTitle": "fixed more bugs in user guide",
            "messageBody": "",
            "insertions": 2,
            "deletions": 2
          },
          {
            "hash": "ac1b9aeb7c8693ef8448dd92b5f5bf93a7780525",
            "messageTitle": "Updated Duke and User Guide",
            "messageBody": "",
            "insertions": 56,
            "deletions": 16
          },
          {
            "hash": "50c998fd73ae74a7270ca5cd34b463a5b2ac1b7b",
            "messageTitle": "Update User Guide",
            "messageBody": "",
            "insertions": 8,
            "deletions": 4
          },
          {
            "hash": "e70648b4d9e43e7be803601844823a247b1b30ad",
            "messageTitle": "improved the user guide",
            "messageBody": "",
            "insertions": 3,
            "deletions": 3
          },
          {
            "hash": "92cb1cbeaa6cb2568267702e994c7ca4ce5f345a",
            "messageTitle": "Improved the User Guide",
            "messageBody": "",
            "insertions": 27,
            "deletions": 22
          },
          {
            "hash": "8cecbec072786c113b08e900f384f00404a001de",
            "messageTitle": "Update User Guide",
            "messageBody": "",
            "insertions": 7,
            "deletions": 7
          },
          {
            "hash": "06c35c75b61876a2dc41f9370b5103422b292a2f",
            "messageTitle": "Improved the User Guide",
            "messageBody": "",
            "insertions": 2,
            "deletions": 0
          },
          {
            "hash": "a7f1d6e6da5175c006056c50ed6e55d005303e91",
            "messageTitle": "Improve user guide",
            "messageBody": "",
            "insertions": 24,
            "deletions": 0
          },
          {
            "hash": "1e520ede13521051119a74958b9bbae73215ba9f",
            "messageTitle": "changed user guide",
            "messageBody": "",
            "insertions": 2,
            "deletions": 4
          },
          {
            "hash": "7d7e1a9e61d30fafb0e26c26022684883bacb536",
            "messageTitle": "Improved User Guide",
            "messageBody": "",
            "insertions": 6,
            "deletions": 18
          },
          {
            "hash": "5a064822806c7db94144af06a67e08588d7710df",
            "messageTitle": "Fixed Table of Contents in User Guide",
            "messageBody": "",
            "insertions": 9,
            "deletions": 21
          },
          {
            "hash": "c980299418115deb210f785e7ed18b7dc2f880aa",
            "messageTitle": "Improve user guide",
            "messageBody": "",
            "insertions": 18,
            "deletions": 16
          },
          {
            "hash": "6b0907b7336391689e8e8e057e3aba897cc3dfd8",
            "messageTitle": "User Guide improvements",
            "messageBody": "",
            "insertions": 13,
            "deletions": 15
          },
          {
            "hash": "de13dfabae7dc28cf750483b4fea651325b02649",
            "messageTitle": "further user guide improvements",
            "messageBody": "",
            "insertions": 3,
            "deletions": 3
          },
          {
            "hash": "0903a705ba8f4d258a6c596bf4997d6678ec228e",
            "messageTitle": "More user guide improvements",
            "messageBody": "",
            "insertions": 3,
            "deletions": 3
          },
          {
            "hash": "4640688641c3e2e2a4de831a6efa988897a3f678",
            "messageTitle": "Fixed Checkstyle issues",
            "messageBody": "",
            "insertions": 73,
            "deletions": 59
          },
          {
            "hash": "5644f7c2eb715665c28cb760105dfaffe24dd89c",
            "messageTitle": "Update Duke and User Guide",
            "messageBody": "",
            "insertions": 4,
            "deletions": 25
          },
          {
            "hash": "e7769b199ff9033ba6d8dd0a29cc1f44a24f76fe",
            "messageTitle": "User Guide improvements",
            "messageBody": "",
            "insertions": 11,
            "deletions": 10
          },
          {
            "hash": "b9a2add1e8316b5f17722f192fa553ef15c74e87",
            "messageTitle": "User Guide improvements",
            "messageBody": "",
            "insertions": 3,
            "deletions": 2
          },
          {
            "hash": "4df534f9bd4687aab4f7fbb570f0343fc65a8bd5",
            "messageTitle": "User Guide changes",
            "messageBody": "",
            "insertions": 1,
            "deletions": 1
          },
          {
            "hash": "cb3b94f4dfb9cd9c0907f4bb8ce9fee489fe5a78",
            "messageTitle": "Clean up user guide",
            "messageBody": "",
            "insertions": 1,
            "deletions": 2
          },
          {
            "hash": "43eb36ae9d8253481ddd4e07394f5560db0fe428",
            "messageTitle": "Added functionality when duke is unable to list tasks.",
            "messageBody": "",
            "insertions": 14,
            "deletions": 7
          },
          {
            "hash": "64cf6f4081cbb24461b180b9f5e85e2b070e5147",
            "messageTitle": "Final changes.",
            "messageBody": "",
            "insertions": 9,
            "deletions": 8
          },
          {
            "hash": "4f30ed069918edb40d32b43a9fd7c5882b8011b2",
            "messageTitle": "fixed user guide formatting",
            "messageBody": "",
            "tags": [
              "v0.5"
            ],
            "insertions": 1,
            "deletions": 1
          },
          {
            "hash": "8dc8a7ff0b022967fbf0b31e8dff25fe2c724d57",
            "messageTitle": "no message",
            "messageBody": "",
            "insertions": 1,
            "deletions": 0
          },
          {
            "hash": "e3897cabc4f5576a71661c4ee2b78e3cc9320627",
            "messageTitle": "Credited reused code snippet",
            "messageBody": "",
            "tags": [
              "A-Release"
            ],
            "insertions": 3,
            "deletions": 0
          },
          {
            "hash": "bc3e87a6107a3d1eb0d050d805faea897900be63",
            "messageTitle": "fixed formatting in user guide",
            "messageBody": "",
            "insertions": 1,
            "deletions": 1
          },
          {
            "hash": "ee74ee613575027c6d7f9e10ca86277cb577bdfc",
            "messageTitle": "Update User Guide",
            "messageBody": "",
            "insertions": 23,
            "deletions": 23
          }
        ]
      }
    ]
  },
  "authorFinalContributionMap": {
    "AdarshChugani": 1564
  },
  "authorFileTypeContributionMap": {
    "AdarshChugani": {
      "java": 1117,
      "md": 276,
      "fxml": 41,
      "sh": 0,
      "bat": 25,
      "gradle": 30,
      "txt": 75
    }
  },
  "authorContributionVariance": {
    "AdarshChugani": 33995.65
  },
  "authorDisplayNameMap": {
    "AdarshChugani": "CS2103T-W12- 4 ADAR..GANI"
  }
}
