{
  "authorDailyContributionsMap": {
    "AdarshChugani": [
      {
        "insertions": 71,
        "deletions": 16,
        "date": "2020-01-21",
        "commitResults": [
          {
            "hash": "8c23cc88ebabdee8693a791a31146a95c2ef4439",
            "messageTitle": "Level-1",
            "messageBody": "",
            "insertions": 17,
            "deletions": 6
          },
          {
            "hash": "1ac4c1f602edaa79b2a05b5cbd9ab52965d058b1",
            "messageTitle": "Level-2",
            "messageBody": "",
            "insertions": 12,
            "deletions": 1
          },
          {
            "hash": "51807d6c06c6843981b105f988bbfd6f92319a80",
            "messageTitle": "Level-3",
            "messageBody": "",
            "insertions": 42,
            "deletions": 9
          }
        ]
      },
      {
        "insertions": 133,
        "deletions": 27,
        "date": "2020-01-22",
        "commitResults": [
          {
            "hash": "e0bde75fff9524aaf141ee5a3b1e120f4b4361db",
            "messageTitle": "Level-4",
            "messageBody": "",
            "insertions": 78,
            "deletions": 5
          },
          {
            "hash": "07877d7f7b22ef93e3d56a02ba0e3ec9834ca94a",
            "messageTitle": "Level-5",
            "messageBody": "",
            "insertions": 45,
            "deletions": 20
          },
          {
            "hash": "f7a58e906ca40348fced4fc4d16fc850b20a982c",
            "messageTitle": "Level-6",
            "messageBody": "",
            "insertions": 10,
            "deletions": 2
          }
        ]
      },
      {
        "insertions": 326,
        "deletions": 194,
        "date": "2020-01-23",
        "commitResults": [
          {
            "hash": "e9168502dad009ed53dd4cece49ae6364f740900",
            "messageTitle": "A-TextUiTesting",
            "messageBody": "",
            "insertions": 6,
            "deletions": 0
          },
          {
            "hash": "27b066242bdcb0a89b01007ae0d10827a67da22a",
            "messageTitle": "Level-1: Greet, Echo, Exit",
            "messageBody": "",
            "tags": [
              "Level-1"
            ],
            "insertions": 3,
            "deletions": 159
          },
          {
            "hash": "d70718c4fc2de262a0097577e04f50364d141b95",
            "messageTitle": "Level-2: Add,List",
            "messageBody": "",
            "tags": [
              "Level-2"
            ],
            "insertions": 12,
            "deletions": 1
          },
          {
            "hash": "613181711fcb7a5885cae7d3f1128a8a0bb65306",
            "messageTitle": "Level-3: Mark as Done",
            "messageBody": "",
            "tags": [
              "Level-3"
            ],
            "insertions": 42,
            "deletions": 9
          },
          {
            "hash": "8adaac6dd14ecb366b8664d54b09b34aed859b2f",
            "messageTitle": "Level-4: ToDos, Events, Deadlines",
            "messageBody": "",
            "tags": [
              "Level-4"
            ],
            "insertions": 77,
            "deletions": 4
          },
          {
            "hash": "fc75a9b6a3c5d2b75da62ed9c34fd8009b756dcd",
            "messageTitle": "Level-5: Handle Errors",
            "messageBody": "",
            "insertions": 59,
            "deletions": 20
          },
          {
            "hash": "d0cc0a12bd60bb48f51a48587beabfc788543efc",
            "messageTitle": "Level-5: Handle Errors",
            "messageBody": "",
            "tags": [
              "Level-5"
            ],
            "insertions": 1,
            "deletions": 1
          },
          {
            "hash": "0db10bcc20bb272a8771a898b54fc6829ba5da0b",
            "messageTitle": "Level-6: Delete",
            "messageBody": "",
            "tags": [
              "Level-6"
            ],
            "insertions": 8,
            "deletions": 0
          },
          {
            "hash": "99baee760f0164ba1622884d223b59b799e278ab",
            "messageTitle": "A-TextUiTesting",
            "messageBody": "",
            "tags": [
              "A-TextUiTesting"
            ],
            "insertions": 118,
            "deletions": 0
          }
        ]
      },
      {
        "insertions": 204,
        "deletions": 7,
        "date": "2020-01-26",
        "commitResults": [
          {
            "hash": "05691ac3c9c1feb2af0b0822ac8f3059705d7222",
            "messageTitle": "Level-7: Save",
            "messageBody": "",
            "tags": [
              "Level-7"
            ],
            "insertions": 93,
            "deletions": 5
          },
          {
            "hash": "137ccb5d5ce8f9780cbfff94719a5a2fa95a0371",
            "messageTitle": "Level-8: Dates and Times",
            "messageBody": "",
            "insertions": 111,
            "deletions": 2
          }
        ]
      },
      {
        "insertions": 409,
        "deletions": 144,
        "date": "2020-01-27",
        "commitResults": [
          {
            "hash": "c2992ddbe2d428bcaeddb8b6e4745ec4d34bc1ef",
            "messageTitle": "A-MoreOOP: Use More OOP",
            "messageBody": "",
            "tags": [
              "A-MoreOOP"
            ],
            "insertions": 314,
            "deletions": 144
          },
          {
            "hash": "9270bbcba861e71d27c86bf85ba5de7f5e2ce418",
            "messageTitle": "A-JUnit: Add JUnit Tests",
            "messageBody": "",
            "tags": [
              "A-JUnit"
            ],
            "insertions": 95,
            "deletions": 0
          }
        ]
      },
      {
        "insertions": 298,
        "deletions": 115,
        "date": "2020-01-28",
        "commitResults": [
          {
            "hash": "38082571ffc0b88f5f857c8019a385576ccacc53",
            "messageTitle": "Add Manifest file from A-Jar",
            "messageBody": "",
            "insertions": 3,
            "deletions": 0
          },
          {
            "hash": "f1aa80f532af460ef867bf1021c4b820a7afa26b",
            "messageTitle": "A-CodingStandard: Follow the Coding Standard",
            "messageBody": "",
            "insertions": 263,
            "deletions": 113
          },
          {
            "hash": "508fbd9496b815e511fb8e5b6217b230055d92d7",
            "messageTitle": "Level-9: Find",
            "messageBody": "",
            "insertions": 30,
            "deletions": 0
          },
          {
            "hash": "c454c1f6c5a513c317faea8dd04a845146134cc7",
            "messageTitle": "edit phrasing",
            "messageBody": "",
            "tags": [
              "A-Jar"
            ],
            "insertions": 1,
            "deletions": 1
          },
          {
            "hash": "bb021b7b9b04ef5abe9ae1f44691adb010078e6f",
            "messageTitle": "A-Gradle: Extension to set up gradle",
            "messageBody": "",
            "tags": [
              "A-Gradle"
            ],
            "insertions": 1,
            "deletions": 1
          }
        ]
      },
      {
        "insertions": 51,
        "deletions": 7,
        "date": "2020-02-01",
        "commitResults": [
          {
            "hash": "2e5618724a5ffbeab71776bbad658413bff4bd1a",
            "messageTitle": "Added basic GUI launcher",
            "messageBody": "",
            "insertions": 51,
            "deletions": 7
          }
        ]
      },
      {
        "insertions": 5,
        "deletions": 30,
        "date": "2020-02-02",
        "commitResults": [
          {
            "hash": "3c621cf9db292e34a4509ac811a33b67e48aaaf2",
            "messageTitle": "Undo GUI launcher",
            "messageBody": "",
            "insertions": 5,
            "deletions": 30
          }
        ]
      },
      {
        "insertions": 392,
        "deletions": 82,
        "date": "2020-02-04",
        "commitResults": [
          {
            "hash": "a1288f6a26c29fc4be3c5781173f1df355831e35",
            "messageTitle": "Level-10: GUI",
            "messageBody": "",
            "tags": [
              "Level-10"
            ],
            "insertions": 392,
            "deletions": 82
          }
        ]
      }
    ]
  },
  "authorFinalContributionMap": {
    "AdarshChugani": 1195
  },
  "authorFileTypeContributionMap": {
    "AdarshChugani": {
      "gradle": 19,
      "txt": 66,
      "properties": 3,
      "java": 992,
      "MF": 3,
      "tld": 14,
      "fxml": 35,
      "TXT": 38,
      "bat": 25
    }
  },
  "authorContributionVariance": {
    "AdarshChugani": 26771.818
  },
  "authorDisplayNameMap": {
    "AdarshChugani": "CS2103T-W12- 4 ADAR..GANI"
  }
}
