{
  "authorDailyContributionsMap": {
    "NicholasCF": [
      {
        "insertions": 343,
        "deletions": 27,
        "date": "2020-01-23",
        "commitResults": [
          {
            "hash": "2b292521a025854a8a3be008df70767a6e500317",
            "messageTitle": "Change gradle mainClassName",
            "messageBody": "",
            "insertions": 1,
            "deletions": 1
          },
          {
            "hash": "86d65ffdc9c95c7031812e57b9c808d44bb78ec4",
            "messageTitle": "Add gradle checkstyle plugin",
            "messageBody": "",
            "insertions": 5,
            "deletions": 0
          },
          {
            "hash": "36c11300ca8ee6390114da4135b3db61126b1a0e",
            "messageTitle": "Add gradle shadowJar plugin",
            "messageBody": "",
            "insertions": 8,
            "deletions": 0
          },
          {
            "hash": "8fe5a1c60ce1e69aa311bc73cdb37327b516271d",
            "messageTitle": "Add basic chatbot skeleton",
            "messageBody": "",
            "tags": [
              "Level-1"
            ],
            "insertions": 45,
            "deletions": 6
          },
          {
            "hash": "018968f6c8149498d8a31d0dd8e5571930228bdc",
            "messageTitle": "Add ability to add list item",
            "messageBody": "",
            "insertions": 10,
            "deletions": 1
          },
          {
            "hash": "1962cee6ffb6f6b0bb3e507c85e2f0e83e10b325",
            "messageTitle": "Add ability to list tasks",
            "messageBody": "",
            "tags": [
              "Level-2"
            ],
            "insertions": 27,
            "deletions": 0
          },
          {
            "hash": "dfa2770bcdbe85c04b11c2f0457bc8c2c5363766",
            "messageTitle": "Add task object",
            "messageBody": "",
            "insertions": 32,
            "deletions": 9
          },
          {
            "hash": "aabc180e75bae80f0ae20bd1af732aa217736dcd",
            "messageTitle": "Add ability to mark task as done",
            "messageBody": "",
            "tags": [
              "Level-3"
            ],
            "insertions": 15,
            "deletions": 0
          },
          {
            "hash": "ba371c95c5ad5ed9950b27f88f39b4f2f177f753",
            "messageTitle": "Add Todo class",
            "messageBody": "",
            "insertions": 10,
            "deletions": 0
          },
          {
            "hash": "f5e2254e535a29945650de9e71128d492fc48183",
            "messageTitle": "Add Deadline class",
            "messageBody": "",
            "insertions": 14,
            "deletions": 0
          },
          {
            "hash": "26dad32bbc6ad42e7479e1ad1276fc6c4c0cae3a",
            "messageTitle": "Add Event class",
            "messageBody": "",
            "insertions": 14,
            "deletions": 0
          },
          {
            "hash": "2fdeec24f8d9e7f1225426884f8eb2ec4248bd7c",
            "messageTitle": "Add ability to add Todo, Event and Deadline",
            "messageBody": "",
            "tags": [
              "Level-4"
            ],
            "insertions": 46,
            "deletions": 3
          },
          {
            "hash": "78805bd065f4417c44bebdea5a5b1e8610fb2db1",
            "messageTitle": "Add semi-automated UI test",
            "messageBody": "",
            "tags": [
              "A-TextUiTesting"
            ],
            "insertions": 73,
            "deletions": 0
          },
          {
            "hash": "fbfad39baae15a3f4c86123aefe40de5c91edc04",
            "messageTitle": "Add empty todo and unknown command exception handling",
            "messageBody": "",
            "insertions": 10,
            "deletions": 7
          },
          {
            "hash": "293759625b2891e8a87921afa2b65468321e5f47",
            "messageTitle": "Update test input and output",
            "messageBody": "",
            "tags": [
              "Level-5"
            ],
            "insertions": 10,
            "deletions": 0
          },
          {
            "hash": "670c1a134f261e6742964748e404dc1b5e1c84cf",
            "messageTitle": "Add ability to delete task",
            "messageBody": "",
            "insertions": 10,
            "deletions": 0
          },
          {
            "hash": "45c0095c432efeaef0adb3f662322f88167b02b3",
            "messageTitle": "Update automated test input and output",
            "messageBody": "",
            "tags": [
              "Level-6"
            ],
            "insertions": 13,
            "deletions": 0
          }
        ]
      },
      {
        "insertions": 81,
        "deletions": 3,
        "date": "2020-01-28",
        "commitResults": [
          {
            "hash": "c0882634c03bb86ec6f7d6324c4ad14862d66f25",
            "messageTitle": "Add ability to save list",
            "messageBody": "",
            "insertions": 81,
            "deletions": 3
          }
        ]
      },
      {
        "insertions": 19,
        "deletions": 4,
        "date": "2020-01-29",
        "commitResults": [
          {
            "hash": "574e69848480366b1cb92cdeab5d7b47ebbd1af6",
            "messageTitle": "Add ability to load saved file",
            "messageBody": "",
            "insertions": 19,
            "deletions": 4
          }
        ]
      },
      {
        "insertions": 919,
        "deletions": 367,
        "date": "2020-01-30",
        "commitResults": [
          {
            "hash": "fe14b76b7085bae6f12668a649d4558211993fca",
            "messageTitle": "Add saving when deleting list",
            "messageBody": "",
            "insertions": 2,
            "deletions": 0
          },
          {
            "hash": "9ec55f3254a2a898e61c3f7f0ad64941d5cbda29",
            "messageTitle": "Add gson for saving",
            "messageBody": "",
            "insertions": 4,
            "deletions": 0
          },
          {
            "hash": "4602482b3c37918472a9aa17cb058659bd44d926",
            "messageTitle": "Save tasks as json",
            "messageBody": "",
            "insertions": 14,
            "deletions": 13
          },
          {
            "hash": "ec5e6c125ef9185e052a5516b309789eb21bbecb",
            "messageTitle": "Modify date processing",
            "messageBody": "",
            "insertions": 6,
            "deletions": 7
          },
          {
            "hash": "005c8118b28e4c9825f04083866190b2aa8340ad",
            "messageTitle": "Change date procesing and display in Tasks",
            "messageBody": "",
            "insertions": 24,
            "deletions": 6
          },
          {
            "hash": "6e7d26eadc69e8ae35b03a661d6cc23921be5554",
            "messageTitle": "Remove obsolete Coder class",
            "messageBody": "",
            "insertions": 0,
            "deletions": 32
          },
          {
            "hash": "12e193e6dfa825149ace6dd7c769d895f1c7db4d",
            "messageTitle": "Add Storage class",
            "messageBody": "",
            "insertions": 38,
            "deletions": 0
          },
          {
            "hash": "526d9dc6ac5750f84090b98e6be19827cb4ce5b2",
            "messageTitle": "Add TaskList class",
            "messageBody": "",
            "insertions": 29,
            "deletions": 0
          },
          {
            "hash": "41d59bcdd1b0f5518b47d5964e8d6115e9fbd376",
            "messageTitle": "Remove obsolete encode function in Task subclasses",
            "messageBody": "",
            "insertions": 0,
            "deletions": 23
          },
          {
            "hash": "89797066fc498544ee8fcd8558a074b282104c9e",
            "messageTitle": "Add Ui class",
            "messageBody": "",
            "insertions": 71,
            "deletions": 0
          },
          {
            "hash": "015ba50d238c0154bdb22da4214321e908c30399",
            "messageTitle": "Add Command abstract class",
            "messageBody": "",
            "insertions": 9,
            "deletions": 0
          },
          {
            "hash": "b70f0a3a9d60ff19b1c93b6e365b0dcd4ee4f36a",
            "messageTitle": "Add getAllTasks in TaskList",
            "messageBody": "",
            "insertions": 4,
            "deletions": 0
          },
          {
            "hash": "c6154f87752f4466a668c851522c4fa405258c64",
            "messageTitle": "Add counter in TaskList",
            "messageBody": "",
            "insertions": 4,
            "deletions": 0
          },
          {
            "hash": "f3837450c4404de36d2e4ce1eb7592fc07ff2a35",
            "messageTitle": "Add AddCommand class and subclasses",
            "messageBody": "",
            "insertions": 25,
            "deletions": 0
          },
          {
            "hash": "6492cdc8814c8dd2d5df9ceca4f53ad79b8eab10",
            "messageTitle": "Add ExitCommand class",
            "messageBody": "",
            "insertions": 11,
            "deletions": 1
          },
          {
            "hash": "7ab921ea58fd882fc388596ad8086996247b0021",
            "messageTitle": "Add DeleteCommand class",
            "messageBody": "",
            "insertions": 14,
            "deletions": 0
          },
          {
            "hash": "af18f3114e9125362a5e6576b7b813ba9731e409",
            "messageTitle": "Add CompleteTaskCommand",
            "messageBody": "",
            "insertions": 20,
            "deletions": 0
          },
          {
            "hash": "a234b6f08ba72c5c0356d94a20c128fb3ea67b3e",
            "messageTitle": "Add ShowTasksCommand",
            "messageBody": "",
            "insertions": 7,
            "deletions": 1
          },
          {
            "hash": "ccac91bba1239b7396595f79904f0f72d16b562a",
            "messageTitle": "Change Storage abstraction details",
            "messageBody": "",
            "insertions": 3,
            "deletions": 6
          },
          {
            "hash": "12eeb2aa44d3b3b99d60fc5982fe2719c8b1ae95",
            "messageTitle": "Add command to show errors",
            "messageBody": "",
            "insertions": 12,
            "deletions": 0
          },
          {
            "hash": "07c7b0ce652c1cf983304893c67d8566c4a522cd",
            "messageTitle": "Add input ability to ui",
            "messageBody": "",
            "insertions": 10,
            "deletions": 2
          },
          {
            "hash": "7cf667dd97e443d0b9e4741fa966c1458146f9bb",
            "messageTitle": "Add parser",
            "messageBody": "",
            "insertions": 74,
            "deletions": 0
          },
          {
            "hash": "96118307a129b7c86aa23f407089d3b97c40e769",
            "messageTitle": "Change tasklist abstraction",
            "messageBody": "",
            "insertions": 3,
            "deletions": 2
          },
          {
            "hash": "4f67d152d37855dbb00d36ce6a63ea0b99b100b1",
            "messageTitle": "Change parsing methods to static",
            "messageBody": "",
            "insertions": 6,
            "deletions": 6
          },
          {
            "hash": "8fdf6e6b1dff30792b9a38f1ff651a698f81aaca",
            "messageTitle": "Refactor Duke",
            "messageBody": "",
            "insertions": 21,
            "deletions": 179
          },
          {
            "hash": "983355624dc7d3a959f86bd6df0e5d70721a2b7b",
            "messageTitle": "Fix parser errors",
            "messageBody": "",
            "insertions": 36,
            "deletions": 37
          },
          {
            "hash": "e814d4d4e7111d514cd34032cb22f234ac32a462",
            "messageTitle": "Fix storage command",
            "messageBody": "",
            "tags": [
              "A-MoreOOP"
            ],
            "insertions": 3,
            "deletions": 3
          },
          {
            "hash": "47d8819af24943b365b8f0f42e048279041dd642",
            "messageTitle": "Add JUnit to gradle build file",
            "messageBody": "",
            "insertions": 5,
            "deletions": 0
          },
          {
            "hash": "397d5d9700e3882158fff1f1bfe6f2217192c73c",
            "messageTitle": "Add JUnit tests",
            "messageBody": "",
            "tags": [
              "A-JUnit"
            ],
            "insertions": 45,
            "deletions": 0
          },
          {
            "hash": "70a5da527261695fd423142e61b6950178741d5a",
            "messageTitle": "Change version name of shadowjar package",
            "messageBody": "",
            "tags": [
              "A-Jar"
            ],
            "insertions": 1,
            "deletions": 1
          },
          {
            "hash": "47868c0a9b06385bc6e34e4b013c5ceedabbe5dc",
            "messageTitle": "Add javadoc",
            "messageBody": "",
            "tags": [
              "A-JavaDoc"
            ],
            "insertions": 272,
            "deletions": 6
          },
          {
            "hash": "6ffc54fac0a585b071ad47b9436f96b297a09c72",
            "messageTitle": "Fix coding standard violations",
            "messageBody": "",
            "tags": [
              "A-CodingStandard"
            ],
            "insertions": 79,
            "deletions": 41
          },
          {
            "hash": "36d2002e30d30583aeaf42eca60ca93f07a0dd72",
            "messageTitle": "Add find message in UI",
            "messageBody": "",
            "insertions": 7,
            "deletions": 0
          },
          {
            "hash": "d87d3ff07cb956756781a2dd0e45ef59fb7ebc82",
            "messageTitle": "Add search ethod in TaskList",
            "messageBody": "",
            "insertions": 22,
            "deletions": 0
          },
          {
            "hash": "98a8356ca1ff79f9677dddee1acd4f7985ea5d6d",
            "messageTitle": "Add FindCommand",
            "messageBody": "",
            "insertions": 27,
            "deletions": 0
          },
          {
            "hash": "d79e25f73f40bc3d6c59cd98d487aa0043439843",
            "messageTitle": "Add new command to parser",
            "messageBody": "",
            "insertions": 6,
            "deletions": 0
          },
          {
            "hash": "9eb99ce7a5e5085a3c7d10332352f4e4e79f272f",
            "messageTitle": "Fix coding standard violations",
            "messageBody": "",
            "tags": [
              "A-Gradle",
              "A-CheckStyle"
            ],
            "insertions": 5,
            "deletions": 1
          }
        ]
      },
      {
        "insertions": 2217,
        "deletions": 0,
        "date": "2020-02-04",
        "commitResults": [
          {
            "hash": "1b1f81ad8a0b148a84ad594687629814aab1df59",
            "messageTitle": "Add javaFX folder",
            "messageBody": "",
            "insertions": 2198,
            "deletions": 0
          },
          {
            "hash": "79deb66ba602329d64caba6bcbcef00934f5f749",
            "messageTitle": "Add javaFX in gradle dependency",
            "messageBody": "",
            "insertions": 19,
            "deletions": 0
          }
        ]
      },
      {
        "insertions": 442,
        "deletions": 218,
        "date": "2020-02-05",
        "commitResults": [
          {
            "hash": "13d860c9563a6561e24ba45a271a62772d09eff3",
            "messageTitle": "Add compability for JavaFX to Duke",
            "messageBody": "",
            "insertions": 35,
            "deletions": 2
          },
          {
            "hash": "c7b8963b3810d1fef402ce9402e1efc333bae0b1",
            "messageTitle": "Add functional GUI to Duke",
            "messageBody": "",
            "insertions": 167,
            "deletions": 4
          },
          {
            "hash": "dc856f6a848e0c601a17aaecc289f28256764169",
            "messageTitle": "Move away GUI aspects from Duke to Main",
            "messageBody": "",
            "tags": [
              "Level-10"
            ],
            "insertions": 149,
            "deletions": 146
          },
          {
            "hash": "a3f35523609d6a87df6880b9ab1b6d069ff8c5cc",
            "messageTitle": "Fix TaskList toString",
            "messageBody": "",
            "insertions": 1,
            "deletions": 1
          },
          {
            "hash": "f167892640c26bf48c28de455579ab6955b28c1e",
            "messageTitle": "Split Duke into CliDuke and GuiDuke",
            "messageBody": "",
            "insertions": 89,
            "deletions": 64
          },
          {
            "hash": "8278b1bd87f50f343a1eb6d432fc5cd2c152bc5c",
            "messageTitle": "Change entry class to Launcher",
            "messageBody": "",
            "insertions": 1,
            "deletions": 1
          }
        ]
      },
      {
        "insertions": 94,
        "deletions": 12,
        "date": "2020-02-08",
        "commitResults": [
          {
            "hash": "9bef47060978a77112657518fed88d6193a3b75a",
            "messageTitle": "Fix documentation",
            "messageBody": "",
            "insertions": 65,
            "deletions": 11
          },
          {
            "hash": "4d42dfd4b1a1706f4420f8445c954f0ff565fe64",
            "messageTitle": "Fix documentation",
            "messageBody": "",
            "insertions": 16,
            "deletions": 0
          },
          {
            "hash": "9c6336a0c61e7df4429ba016a575bf085d805010",
            "messageTitle": "Add assert statements",
            "messageBody": "",
            "tags": [
              "A-CodeQuality",
              "A-Assertions"
            ],
            "insertions": 11,
            "deletions": 0
          },
          {
            "hash": "5fcb15af5a67971b9c621dda3002e9ddd58cc661",
            "messageTitle": "Fix checkstyle violations",
            "messageBody": "",
            "tags": [
              "A-Travis"
            ],
            "insertions": 2,
            "deletions": 1
          }
        ]
      },
      {
        "insertions": 138,
        "deletions": 4,
        "date": "2020-02-09",
        "commitResults": [
          {
            "hash": "f370be58d43df3943972eda51e24ba1b4db9b266",
            "messageTitle": "Add snooze-related message",
            "messageBody": "",
            "insertions": 26,
            "deletions": 1
          },
          {
            "hash": "656ae2d8dfceb4633ef6a50347667a8139cc3444",
            "messageTitle": "Add snooze aspects to tasks",
            "messageBody": "",
            "insertions": 36,
            "deletions": 1
          },
          {
            "hash": "f29c888e76127eedee522e604279e1598b726fb1",
            "messageTitle": "Fix naming violation",
            "messageBody": "",
            "insertions": 1,
            "deletions": 1
          },
          {
            "hash": "1770b53857725298293f44581db00cc5aefbbc6d",
            "messageTitle": "Add snooze support to TaskList",
            "messageBody": "",
            "insertions": 36,
            "deletions": 0
          },
          {
            "hash": "e470a09386b9bf5e8076950fd0ca04aadffccb68",
            "messageTitle": "Add snooze command",
            "messageBody": "",
            "insertions": 24,
            "deletions": 0
          },
          {
            "hash": "b385dcb17b3617367e751c37d656a5a1c70d4c16",
            "messageTitle": "Add snooze option for parse",
            "messageBody": "",
            "tags": [
              "B-Snooze"
            ],
            "insertions": 14,
            "deletions": 0
          },
          {
            "hash": "5268d57f5be3a240fa203f78fb3480e3e4ade1c3",
            "messageTitle": "Fix checkstyle violations",
            "messageBody": "",
            "insertions": 1,
            "deletions": 1
          }
        ]
      },
      {
        "insertions": 9,
        "deletions": 8,
        "date": "2020-02-12",
        "commitResults": [
          {
            "hash": "07b5cd353b6bed858aeddadbde04e98a3a7ae36c",
            "messageTitle": "Simplify assertions",
            "messageBody": "",
            "insertions": 2,
            "deletions": 4
          },
          {
            "hash": "05806df398b39c1fe0634884f5a4b9033e4093cd",
            "messageTitle": "Fix javadoc",
            "messageBody": "",
            "insertions": 7,
            "deletions": 4
          }
        ]
      },
      {
        "insertions": 2,
        "deletions": 2,
        "date": "2020-02-15",
        "commitResults": [
          {
            "hash": "d717eb8ccb50608504d8782d3bccac4bb1457f2b",
            "messageTitle": "Update TaskList.java",
            "messageBody": "",
            "insertions": 2,
            "deletions": 2
          }
        ]
      },
      {
        "insertions": 227,
        "deletions": 34,
        "date": "2020-02-18",
        "commitResults": [
          {
            "hash": "596b2833a469d23c20175878ce8a9a6e327d6f63",
            "messageTitle": "Add type member to Task and subclasses",
            "messageBody": "",
            "insertions": 35,
            "deletions": 0
          },
          {
            "hash": "5c45b898b5fbcf0ef181bbbb96cda44ada767f01",
            "messageTitle": "Add precaution for JavaFX weird exception handling",
            "messageBody": "",
            "insertions": 1,
            "deletions": 1
          },
          {
            "hash": "e721223d99c19341390b26907cb1cd038cd8a538",
            "messageTitle": "Add ability to convert polymorphic list to JSON and vice versa",
            "messageBody": "",
            "insertions": 109,
            "deletions": 3
          },
          {
            "hash": "22751e864f8dcc1e28d66f48c90bbd8494992ef4",
            "messageTitle": "Update javadoc",
            "messageBody": "",
            "insertions": 1,
            "deletions": 1
          },
          {
            "hash": "54c68f1904d2a01efa1ba0d1ba9318de13396d50",
            "messageTitle": "Change access level of TaskList constructor",
            "messageBody": "",
            "insertions": 1,
            "deletions": 1
          },
          {
            "hash": "4b4ab48fa8cdd2f628cd07b6f73aacb267b5363b",
            "messageTitle": "Add invalid date format handling",
            "messageBody": "",
            "insertions": 35,
            "deletions": 12
          },
          {
            "hash": "03ad39187646cbd646843c80b8b3b0747df54297",
            "messageTitle": "Add opening and closing actions for chatbot",
            "messageBody": "",
            "insertions": 15,
            "deletions": 0
          },
          {
            "hash": "0ba46de78c1d94457ef7f610170e7cca12e48e1c",
            "messageTitle": "Change button color",
            "messageBody": "",
            "insertions": 3,
            "deletions": 3
          },
          {
            "hash": "a1265818f529bec0a4a43cdcc9750f8e4a3e94fd",
            "messageTitle": "Set stage minimum height and width",
            "messageBody": "",
            "insertions": 3,
            "deletions": 0
          },
          {
            "hash": "73be3090c003ecd9f705efb0757e63ed3729927b",
            "messageTitle": "Set container to be responsive",
            "messageBody": "",
            "insertions": 3,
            "deletions": 3
          },
          {
            "hash": "38fc0283820e7c73096f91b3d60a0cfb6e812924",
            "messageTitle": "Add basic commands to user guide",
            "messageBody": "",
            "tags": [
              "A-UserGuide"
            ],
            "insertions": 20,
            "deletions": 9
          },
          {
            "hash": "eba67ed04df83bcade2f7a9066759ce1b05242de",
            "messageTitle": "Increase product version",
            "messageBody": "",
            "tags": [
              "pre-release",
              "A-Release"
            ],
            "insertions": 1,
            "deletions": 1
          }
        ]
      },
      {
        "insertions": 14,
        "deletions": 8,
        "date": "2020-02-19",
        "commitResults": [
          {
            "hash": "43856e161553f93e6476b3b168110b18066c12bf",
            "messageTitle": "Add CSS for button",
            "messageBody": "",
            "insertions": 2,
            "deletions": 2
          },
          {
            "hash": "34aa161257409f3d6dafbbe5cb8999383cb13538",
            "messageTitle": "Add CSS for dialog boxes",
            "messageBody": "",
            "insertions": 8,
            "deletions": 3
          },
          {
            "hash": "f34c8ce9d4c4765920c892c605f1b6a9d58d8c10",
            "messageTitle": "Add padding to dialog text",
            "messageBody": "",
            "insertions": 4,
            "deletions": 3
          }
        ]
      },
      {
        "insertions": 154,
        "deletions": 50,
        "date": "2020-02-25",
        "commitResults": [
          {
            "hash": "00d956b855e6b0abf53e810e08a42ff558cbac49",
            "messageTitle": "Improve UI appearance",
            "messageBody": "",
            "insertions": 12,
            "deletions": 1
          },
          {
            "hash": "07409d5a63a2afb39fa5971edde6b9c7cec79d60",
            "messageTitle": "Add small padding in text field",
            "messageBody": "",
            "insertions": 4,
            "deletions": 1
          },
          {
            "hash": "ce95b3ed9375e328f20d6747c70e21c9af673f32",
            "messageTitle": "Update UI before closing",
            "messageBody": "",
            "insertions": 16,
            "deletions": 3
          },
          {
            "hash": "c2604795b845c31cc1039cb6ac347b4e66076a63",
            "messageTitle": "Handle invalid index",
            "messageBody": "",
            "insertions": 43,
            "deletions": 16
          },
          {
            "hash": "14e19999a7cd8f23ff3428318e0997cce4e34731",
            "messageTitle": "Add invalid index handling in snooze",
            "messageBody": "",
            "insertions": 20,
            "deletions": 13
          },
          {
            "hash": "6172fe9e74483383e096e43c927ea99d558e20b3",
            "messageTitle": "Change UI closing message",
            "messageBody": "",
            "insertions": 2,
            "deletions": 1
          },
          {
            "hash": "2ed962e06cb5ab1dc547dfefb29dc77c3796f5fc",
            "messageTitle": "Fix checkstyle violations",
            "messageBody": "",
            "insertions": 20,
            "deletions": 4
          },
          {
            "hash": "59ba5f9822fcdb4037037b3a89781749c1c6e103",
            "messageTitle": "Prevent clipping in dialog text",
            "messageBody": "",
            "insertions": 2,
            "deletions": 0
          },
          {
            "hash": "1f79795972ea3a8538ab40e8a55b60eabce4589c",
            "messageTitle": "Remove unused import statements",
            "messageBody": "",
            "insertions": 0,
            "deletions": 2
          },
          {
            "hash": "4d739228a4558fe4349ac8c47e1c8810f9d586cb",
            "messageTitle": "Change version name",
            "messageBody": "",
            "insertions": 1,
            "deletions": 1
          },
          {
            "hash": "0604d538f91d1589366441123d7fbee71f5dd5c0",
            "messageTitle": "Update user guide",
            "messageBody": "",
            "insertions": 31,
            "deletions": 6
          },
          {
            "hash": "57d76211a760d8c88b90452809017f04ee1238bf",
            "messageTitle": "Fix date time format bug",
            "messageBody": "",
            "insertions": 2,
            "deletions": 2
          },
          {
            "hash": "b0dc92c80a3b4bb3472e25fb45d278eeb2918596",
            "messageTitle": "Add UI screenshot",
            "messageBody": "",
            "insertions": 1,
            "deletions": 0
          }
        ]
      },
      {
        "insertions": 6,
        "deletions": 0,
        "date": "2020-02-26",
        "commitResults": [
          {
            "hash": "b037bfcee4670e8ffb5b6ba6ce9a333c6410afb7",
            "messageTitle": "Update README",
            "messageBody": "",
            "insertions": 6,
            "deletions": 0
          }
        ]
      }
    ]
  },
  "authorFinalContributionMap": {
    "NicholasCF": 3869
  },
  "authorFileTypeContributionMap": {
    "NicholasCF": {
      "java": 1448,
      "md": 2246,
      "fxml": 41,
      "sh": 34,
      "bat": 0,
      "gradle": 38,
      "txt": 62
    }
  },
  "authorContributionVariance": {
    "NicholasCF": 147609.98
  },
  "authorDisplayNameMap": {
    "NicholasCF": "CS2103-W14- 2 NICH..ANDO"
  }
}
