{
  "authorDailyContributionsMap": {
    "tohkerwei": [
      {
        "insertions": 23,
        "deletions": 0,
        "date": "2020-02-01",
        "commitResults": [
          {
            "hash": "fad845c63e2585fd0a0026e80c7442da470f0688",
            "messageTitle": "Level 1. Greet, Echo, Exit",
            "messageBody": "",
            "insertions": 23,
            "deletions": 0
          }
        ]
      },
      {
        "insertions": 70,
        "deletions": 30,
        "date": "2020-02-02",
        "commitResults": [
          {
            "hash": "af70cff2be6f243d238213eca481535cde216d99",
            "messageTitle": "no message",
            "messageBody": "",
            "insertions": 17,
            "deletions": 2
          },
          {
            "hash": "f032b53ba26c37620d962cd6b8687ee2be55b217",
            "messageTitle": "Revert \"no message\"",
            "messageBody": "This reverts commit af70cff2be6f243d238213eca481535cde216d99.\n",
            "insertions": 2,
            "deletions": 17
          },
          {
            "hash": "67409664059da9a95641f4b0fd94699999e08ff0",
            "messageTitle": "Level 2. Add, List",
            "messageBody": "",
            "insertions": 15,
            "deletions": 2
          },
          {
            "hash": "10ae7efb99c4251f103547c74d115c33ce65743b",
            "messageTitle": "Level 3. Mark as Done",
            "messageBody": "",
            "insertions": 36,
            "deletions": 9
          }
        ]
      },
      {
        "insertions": 333,
        "deletions": 120,
        "date": "2020-02-03",
        "commitResults": [
          {
            "hash": "b052d604778e1eacb0a0ee9399a36e34b9b72b64",
            "messageTitle": "Level 4. ToDos, Events, Deadlines",
            "messageBody": "",
            "insertions": 103,
            "deletions": 26
          },
          {
            "hash": "eca7310a55b0a968cbad0aaf9322529d432ac93e",
            "messageTitle": "Level 5. Handle Errors",
            "messageBody": "",
            "insertions": 97,
            "deletions": 41
          },
          {
            "hash": "021889c44bbc46529e16f9520e061905528e2c49",
            "messageTitle": "Level 6. Delete",
            "messageBody": "",
            "insertions": 28,
            "deletions": 5
          },
          {
            "hash": "c75c231770371d51d18b3caaa9b2068063797698",
            "messageTitle": "Level 7. Save",
            "messageBody": "",
            "insertions": 105,
            "deletions": 48
          }
        ]
      },
      {
        "insertions": 99,
        "deletions": 96,
        "date": "2020-02-04",
        "commitResults": [
          {
            "hash": "4cb042a04fcb9f7b6ca1f10d558f7bdfda9eb0ff",
            "messageTitle": "Level 8. Dates and Times",
            "messageBody": "",
            "insertions": 69,
            "deletions": 20
          },
          {
            "hash": "627e9fb95a3b484cb4dfc86aa85eca4ddb6cce87",
            "messageTitle": "Revert \"Level 8. Dates and Times\"",
            "messageBody": "This reverts commit 4cb042a04fcb9f7b6ca1f10d558f7bdfda9eb0ff.\n",
            "insertions": 20,
            "deletions": 69
          },
          {
            "hash": "1e5c9f57d976912aea8dd75d371b03fe0477b4c7",
            "messageTitle": "Level 8. Dates and Times",
            "messageBody": "",
            "insertions": 10,
            "deletions": 7
          }
        ]
      },
      {
        "insertions": 242,
        "deletions": 185,
        "date": "2020-02-10",
        "commitResults": [
          {
            "hash": "f541e2a4261f459513017590cb4370a9e10cbbcf",
            "messageTitle": "Added Storage class",
            "messageBody": "",
            "insertions": 78,
            "deletions": 58
          },
          {
            "hash": "d2cdac1ef6f6b8453e3516a528487c1fea4fb88f",
            "messageTitle": "Added UI and Parser class",
            "messageBody": "",
            "insertions": 164,
            "deletions": 127
          }
        ]
      },
      {
        "insertions": 184,
        "deletions": 31,
        "date": "2020-02-11",
        "commitResults": [
          {
            "hash": "7711de9f657a993c1098fd7f0835bf895ae5667d",
            "messageTitle": "Added TaskList class",
            "messageBody": "",
            "insertions": 61,
            "deletions": 28
          },
          {
            "hash": "b8c8244bac260c1132098b149f9bd4835409b679",
            "messageTitle": "Added JavaDoc",
            "messageBody": "",
            "insertions": 105,
            "deletions": 3
          },
          {
            "hash": "055ee901c82de30f21ddb31ea2be1c6cbfa5b8f4",
            "messageTitle": "Level 9. Find",
            "messageBody": "",
            "insertions": 18,
            "deletions": 0
          }
        ]
      },
      {
        "insertions": 241,
        "deletions": 44,
        "date": "2020-02-12",
        "commitResults": [
          {
            "hash": "a110a0bfb90c684e1262cda6997f276a905b5725",
            "messageTitle": "Shifted code in Main to runDuke method",
            "messageBody": "",
            "insertions": 199,
            "deletions": 14
          },
          {
            "hash": "b7fd902bb0a554fa4592764c16b3c4642a4ff1b4",
            "messageTitle": "Level 10. GUI",
            "messageBody": "",
            "insertions": 26,
            "deletions": 24
          },
          {
            "hash": "ffbd4f48dd23d5591210f755455fc2221f60ed52",
            "messageTitle": "Updated Duke",
            "messageBody": "",
            "insertions": 16,
            "deletions": 6
          }
        ]
      },
      {
        "insertions": 288,
        "deletions": 91,
        "date": "2020-02-13",
        "commitResults": [
          {
            "hash": "741483041f9bf35ba061c9b089a0da9ccf51f98b",
            "messageTitle": "Added extension: Undo",
            "messageBody": "",
            "insertions": 288,
            "deletions": 91
          }
        ]
      },
      {
        "insertions": 4,
        "deletions": 4,
        "date": "2020-02-14",
        "commitResults": [
          {
            "hash": "0dc52182a9d2c2d7cce38acdd771daffdb912e67",
            "messageTitle": "Edited Duke class",
            "messageBody": "",
            "insertions": 2,
            "deletions": 2
          },
          {
            "hash": "79763f26b769e9922f26b15366b0eb58879b1d82",
            "messageTitle": "A-Assertions",
            "messageBody": "",
            "insertions": 2,
            "deletions": 2
          }
        ]
      },
      {
        "insertions": 68,
        "deletions": 25,
        "date": "2020-02-18",
        "commitResults": [
          {
            "hash": "c3c68aff7a8fd0d7b1577d255991862abed23de5",
            "messageTitle": "Added Datetime class",
            "messageBody": "",
            "insertions": 67,
            "deletions": 24
          },
          {
            "hash": "0cd8a107f573bd9204279a818acec705411d0684",
            "messageTitle": "A-CodeQuality",
            "messageBody": "",
            "insertions": 1,
            "deletions": 1
          }
        ]
      },
      {
        "insertions": 1357,
        "deletions": 201,
        "date": "2020-02-25",
        "commitResults": [
          {
            "hash": "397a29591581b2cfb1a19c0ce8022a1fbe0e5567",
            "messageTitle": "Fixing my repo",
            "messageBody": "",
            "insertions": 1298,
            "deletions": 201
          },
          {
            "hash": "1f53216d81178ede21b308d04254d1d9dc925bfe",
            "messageTitle": "Fixed my repo Level 1. Greet, Echo, Exit Level 2. Add, List Level 3. Mark as Done Level 4. ToDo, Event, Deadline Level 5. Handle Errors Level 6. Delete A-Enums Level 7. Save Level 8. Dates and Times A-MoreOOP A-JavaDoc A-CodingStandard Level 9. Find Level 10. GUI A-Assertions A-CodeQuality C-Undo",
            "messageBody": "",
            "insertions": 59,
            "deletions": 0
          }
        ]
      },
      {
        "insertions": 1416,
        "deletions": 1175,
        "date": "2020-03-02",
        "commitResults": [
          {
            "hash": "0ca30d86e07922348d6f4adcaa1bd558ed0aa3b4",
            "messageTitle": "A-Release:Release",
            "messageBody": "",
            "insertions": 1237,
            "deletions": 1159
          },
          {
            "hash": "ad5c49ecc1c12de12f93125558d5232259ac2dbd",
            "messageTitle": "A-UserGuide:User Guide",
            "messageBody": "",
            "insertions": 174,
            "deletions": 11
          },
          {
            "hash": "114dc9af98b2b2ce8b24b4ec3b4ad4d6f1cd1170",
            "messageTitle": "Updated User Guide",
            "messageBody": "",
            "insertions": 2,
            "deletions": 2
          },
          {
            "hash": "04f6c57abe8edaedf9a59a0dbe9012d9b7654050",
            "messageTitle": "Updated User Guide: added link to release page for download",
            "messageBody": "",
            "insertions": 3,
            "deletions": 3
          }
        ]
      },
      {
        "insertions": 1,
        "deletions": 1,
        "date": "2020-03-06",
        "commitResults": [
          {
            "hash": "3667ef542f458de5af056ebf7e6b44113ed21dab",
            "messageTitle": "Update README.md",
            "messageBody": "",
            "tags": [
              "v0.2.1"
            ],
            "insertions": 1,
            "deletions": 1
          }
        ]
      },
      {
        "insertions": 2,
        "deletions": 2,
        "date": "2020-03-23",
        "commitResults": [
          {
            "hash": "2041c4db9d2a68977e5bdeb6be2c711b3475ce85",
            "messageTitle": "Update README.md",
            "messageBody": "",
            "insertions": 2,
            "deletions": 2
          }
        ]
      }
    ]
  },
  "authorFinalContributionMap": {
    "tohkerwei": 2342
  },
  "authorFileTypeContributionMap": {
    "tohkerwei": {
      "java": 1864,
      "md": 174,
      "fxml": 0,
      "sh": 0,
      "bat": 252,
      "gradle": 50,
      "txt": 2
    }
  },
  "authorContributionVariance": {
    "tohkerwei": 130868.63
  },
  "authorDisplayNameMap": {
    "tohkerwei": "CS2103T-F11- 2 TOH .. WEI"
  }
}
