{
  "authorDailyContributionsMap": {
    "wyt-sonia": [
      {
        "insertions": 277,
        "deletions": 54,
        "date": "2020-01-21",
        "commitResults": [
          {
            "hash": "acce8f9953b1178d0ecc883a6a43aa0a6c7e2bdd",
            "messageTitle": "commit for the gradle set up",
            "messageBody": "",
            "insertions": 25,
            "deletions": 3
          },
          {
            "hash": "1eeaeff2eec29b4358e211899434bd2365e44fd5",
            "messageTitle": "Level 1 task",
            "messageBody": "",
            "insertions": 28,
            "deletions": 6
          },
          {
            "hash": "a2fe4235c96ae6c988621b3bd338aa1d25bbc41e",
            "messageTitle": "Level 2 implementation",
            "messageBody": "",
            "tags": [
              "Level-2"
            ],
            "insertions": 53,
            "deletions": 10
          },
          {
            "hash": "11e23f498d13a10fee78d448843c0f027c6e24a5",
            "messageTitle": "Level 3 implementation",
            "messageBody": "",
            "tags": [
              "Level-3"
            ],
            "insertions": 45,
            "deletions": 7
          },
          {
            "hash": "1211395b28b0c746d5334bf0a7f86527914f32f0",
            "messageTitle": "Level 4 implementation + modification of previous levels\u0027 toString part",
            "messageBody": "",
            "tags": [
              "Level-4"
            ],
            "insertions": 126,
            "deletions": 28
          }
        ]
      },
      {
        "insertions": 201,
        "deletions": 94,
        "date": "2020-01-22",
        "commitResults": [
          {
            "hash": "3242afcbc8077baa01f90b9e5cde325bd9e3fc63",
            "messageTitle": "Level 5 implementation and improving of coding style",
            "messageBody": "",
            "tags": [
              "Level-5",
              "A-TextUiTesting"
            ],
            "insertions": 156,
            "deletions": 90
          },
          {
            "hash": "cd7a361bb574cf0253dfdf447db5cf061f64004b",
            "messageTitle": "Level 6 implementation",
            "messageBody": "",
            "tags": [
              "Level-6",
              "A-Enums"
            ],
            "insertions": 45,
            "deletions": 4
          }
        ]
      },
      {
        "insertions": 1189,
        "deletions": 29,
        "date": "2020-01-23",
        "commitResults": [
          {
            "hash": "a7172a4b20a6bec290515362c400c8dbfeb984e0",
            "messageTitle": "- utilisation of greeting and exception     - add guide in greeting     - add empty list exception for deleting and done queries - use String.trim() to filter out spaces at the beginning and ending of a string.",
            "messageBody": "",
            "insertions": 1189,
            "deletions": 29
          }
        ]
      },
      {
        "insertions": 671,
        "deletions": 278,
        "date": "2020-02-01",
        "commitResults": [
          {
            "hash": "c9b32916f44e7dc82814fc2c6c8097781db9e465",
            "messageTitle": "Level 7 implementation and bug fix",
            "messageBody": "",
            "tags": [
              "Level-7"
            ],
            "insertions": 120,
            "deletions": 10
          },
          {
            "hash": "387f6ce308962554a8064d6741ae8844a7de5bf3",
            "messageTitle": "Level 8 implement",
            "messageBody": "",
            "tags": [
              "Level-8"
            ],
            "insertions": 35,
            "deletions": 22
          },
          {
            "hash": "a63ed30b12e0721b373ee74f8beeb3d0c0364017",
            "messageTitle": "bug fix for level 7 and 8 merge",
            "messageBody": "",
            "insertions": 17,
            "deletions": 7
          },
          {
            "hash": "04d803791c6bb4e52559791ab0c2fb890e4081a1",
            "messageTitle": "A-MoreOOP implement",
            "messageBody": "",
            "tags": [
              "A-MoreOOP"
            ],
            "insertions": 415,
            "deletions": 230
          },
          {
            "hash": "f991daa1d46777800b51dca4840ebbba34490662",
            "messageTitle": "A-Packages implement",
            "messageBody": "",
            "tags": [
              "v0.1.8",
              "A-Packages"
            ],
            "insertions": 84,
            "deletions": 9
          }
        ]
      },
      {
        "insertions": 1294,
        "deletions": 547,
        "date": "2020-02-02",
        "commitResults": [
          {
            "hash": "4184e06533ebb9b87b664b23b70badb58ffbb609",
            "messageTitle": "A-JUnit implement, A-Jar implement, A-Gradle implement",
            "messageBody": "",
            "tags": [
              "A-Jar",
              "A-JUnit",
              "A-Gradle"
            ],
            "insertions": 283,
            "deletions": 58
          },
          {
            "hash": "649faa5cf3efe3cefb7385131c6b20138895706f",
            "messageTitle": "A-JavaDoc increment implement",
            "messageBody": "",
            "insertions": 421,
            "deletions": 38
          },
          {
            "hash": "da27e8d65ca1f31d784f448110d5848386fd9500",
            "messageTitle": "A-CodingStandard increment implement",
            "messageBody": "",
            "insertions": 323,
            "deletions": 274
          },
          {
            "hash": "a95d1b598fde4cebaf2957b2271c8841e2bc3d77",
            "messageTitle": "Level-9 implement",
            "messageBody": "",
            "insertions": 267,
            "deletions": 177
          }
        ]
      }
    ]
  },
  "authorFinalContributionMap": {
    "wyt-sonia": 1550
  },
  "authorFileTypeContributionMap": {
    "wyt-sonia": {
      "md": 46,
      "gradle": 20,
      "txt": 30,
      "properties": 3,
      "gradlew": 3,
      "bat": 4,
      "java": 1388,
      "TXT": 22,
      "sh": 34
    }
  },
  "authorContributionVariance": {
    "wyt-sonia": 175139.78
  },
  "authorDisplayNameMap": {
    "wyt-sonia": "CS2103T-W16- 3 WANG..TING"
  }
}
