{
  "authorDailyContributionsMap": {
    "wyt-sonia": [
      {
        "insertions": 274,
        "deletions": 52,
        "date": "2020-01-21",
        "commitResults": [
          {
            "hash": "acce8f9953b1178d0ecc883a6a43aa0a6c7e2bdd",
            "messageTitle": "commit for the gradle set up",
            "messageBody": "",
            "insertions": 22,
            "deletions": 1
          },
          {
            "hash": "1eeaeff2eec29b4358e211899434bd2365e44fd5",
            "messageTitle": "Level 1 task",
            "messageBody": "",
            "tags": [
              "Level-1"
            ],
            "insertions": 28,
            "deletions": 6
          },
          {
            "hash": "a2fe4235c96ae6c988621b3bd338aa1d25bbc41e",
            "messageTitle": "Level 2 implementation",
            "messageBody": "",
            "tags": [
              "Level-2"
            ],
            "insertions": 53,
            "deletions": 10
          },
          {
            "hash": "11e23f498d13a10fee78d448843c0f027c6e24a5",
            "messageTitle": "Level 3 implementation",
            "messageBody": "",
            "tags": [
              "Level-3"
            ],
            "insertions": 45,
            "deletions": 7
          },
          {
            "hash": "1211395b28b0c746d5334bf0a7f86527914f32f0",
            "messageTitle": "Level 4 implementation + modification of previous levels\u0027 toString part",
            "messageBody": "",
            "tags": [
              "Level-4"
            ],
            "insertions": 126,
            "deletions": 28
          }
        ]
      },
      {
        "insertions": 201,
        "deletions": 94,
        "date": "2020-01-22",
        "commitResults": [
          {
            "hash": "3242afcbc8077baa01f90b9e5cde325bd9e3fc63",
            "messageTitle": "Level 5 implementation and improving of coding style",
            "messageBody": "",
            "tags": [
              "Level-5",
              "A-TextUiTesting"
            ],
            "insertions": 156,
            "deletions": 90
          },
          {
            "hash": "cd7a361bb574cf0253dfdf447db5cf061f64004b",
            "messageTitle": "Level 6 implementation",
            "messageBody": "",
            "tags": [
              "Level-6",
              "A-Enums"
            ],
            "insertions": 45,
            "deletions": 4
          }
        ]
      },
      {
        "insertions": 1121,
        "deletions": 29,
        "date": "2020-01-23",
        "commitResults": [
          {
            "hash": "a7172a4b20a6bec290515362c400c8dbfeb984e0",
            "messageTitle": "- utilisation of greeting and exception     - add guide in greeting     - add empty list exception for deleting and done queries - use String.trim() to filter out spaces at the beginning and ending of a string.",
            "messageBody": "",
            "insertions": 1121,
            "deletions": 29
          }
        ]
      },
      {
        "insertions": 671,
        "deletions": 278,
        "date": "2020-02-01",
        "commitResults": [
          {
            "hash": "c9b32916f44e7dc82814fc2c6c8097781db9e465",
            "messageTitle": "Level 7 implementation and bug fix",
            "messageBody": "",
            "tags": [
              "Level-7"
            ],
            "insertions": 120,
            "deletions": 10
          },
          {
            "hash": "387f6ce308962554a8064d6741ae8844a7de5bf3",
            "messageTitle": "Level 8 implement",
            "messageBody": "",
            "tags": [
              "Level-8"
            ],
            "insertions": 35,
            "deletions": 22
          },
          {
            "hash": "a63ed30b12e0721b373ee74f8beeb3d0c0364017",
            "messageTitle": "bug fix for level 7 and 8 merge",
            "messageBody": "",
            "insertions": 17,
            "deletions": 7
          },
          {
            "hash": "04d803791c6bb4e52559791ab0c2fb890e4081a1",
            "messageTitle": "A-MoreOOP implement",
            "messageBody": "",
            "tags": [
              "A-MoreOOP"
            ],
            "insertions": 415,
            "deletions": 230
          },
          {
            "hash": "f991daa1d46777800b51dca4840ebbba34490662",
            "messageTitle": "A-Packages implement",
            "messageBody": "",
            "tags": [
              "v0.1.8",
              "A-Packages"
            ],
            "insertions": 84,
            "deletions": 9
          }
        ]
      },
      {
        "insertions": 1290,
        "deletions": 543,
        "date": "2020-02-02",
        "commitResults": [
          {
            "hash": "4184e06533ebb9b87b664b23b70badb58ffbb609",
            "messageTitle": "A-JUnit implement, A-Jar implement, A-Gradle implement",
            "messageBody": "",
            "tags": [
              "A-Jar",
              "A-JUnit",
              "A-Gradle"
            ],
            "insertions": 279,
            "deletions": 54
          },
          {
            "hash": "649faa5cf3efe3cefb7385131c6b20138895706f",
            "messageTitle": "A-JavaDoc increment implement",
            "messageBody": "",
            "insertions": 421,
            "deletions": 38
          },
          {
            "hash": "da27e8d65ca1f31d784f448110d5848386fd9500",
            "messageTitle": "A-CodingStandard increment implement",
            "messageBody": "",
            "insertions": 323,
            "deletions": 274
          },
          {
            "hash": "a95d1b598fde4cebaf2957b2271c8841e2bc3d77",
            "messageTitle": "Level-9 implement",
            "messageBody": "",
            "insertions": 267,
            "deletions": 177
          }
        ]
      },
      {
        "insertions": 215,
        "deletions": 8,
        "date": "2020-02-03",
        "commitResults": [
          {
            "hash": "cedbb11308e8598d786e52e05e302798ab21e4a9",
            "messageTitle": "level-10 partial implement",
            "messageBody": "",
            "insertions": 215,
            "deletions": 8
          }
        ]
      },
      {
        "insertions": 246,
        "deletions": 226,
        "date": "2020-02-04",
        "commitResults": [
          {
            "hash": "8d4b92b891d7ac3d4eb7d9664f044cc7664636ee",
            "messageTitle": "Level-10 implement, with GUI for all function, further style modification needed.",
            "messageBody": "",
            "tags": [
              "Level-10",
              "A-JavaFx"
            ],
            "insertions": 246,
            "deletions": 226
          }
        ]
      },
      {
        "insertions": 46,
        "deletions": 40,
        "date": "2020-02-05",
        "commitResults": [
          {
            "hash": "b4fb18412fe099b6d421c4d951ac0b48c54bcd19",
            "messageTitle": "Level-10 modification",
            "messageBody": "",
            "insertions": 46,
            "deletions": 40
          }
        ]
      },
      {
        "insertions": 612,
        "deletions": 311,
        "date": "2020-02-11",
        "commitResults": [
          {
            "hash": "84377f194cfed5954c5cc37655516ec62be10985",
            "messageTitle": "New jar file",
            "messageBody": "",
            "insertions": 3,
            "deletions": 10
          },
          {
            "hash": "be4fb17b338399f3f3a6ebfa8f6be50264d8f994",
            "messageTitle": "Assertion implemented",
            "messageBody": "",
            "insertions": 8,
            "deletions": 4
          },
          {
            "hash": "259e4002fbd05ae9980a0b1766fdfd000b7f89a8",
            "messageTitle": "A-CodeQuality and A-Streams implement",
            "messageBody": "",
            "insertions": 178,
            "deletions": 90
          },
          {
            "hash": "605f67991086f15f19543b23c1842c932af9fe47",
            "messageTitle": "- Optimise Event Task with valid start and end date. - Lambdas script used, C-Sort implemented:      Can sort by description or deadline.      The start date of Event Task and the deadline of Deadline Task are used for sorting by deadline.      When Sorting by deadline the Todo tasks will be ranged at the back of the whole list and ordered by their description within them.",
            "messageBody": "",
            "tags": [
              "C-Sort"
            ],
            "insertions": 259,
            "deletions": 63
          },
          {
            "hash": "04d89cbe55bd4404c1806adb0a7e7ada195f217a",
            "messageTitle": "Improve code style",
            "messageBody": "",
            "insertions": 163,
            "deletions": 142
          },
          {
            "hash": "247624f57af9a0a5dfc24abac331258a9aa52b4b",
            "messageTitle": "no message",
            "messageBody": "",
            "insertions": 1,
            "deletions": 2
          }
        ]
      },
      {
        "insertions": 45,
        "deletions": 50,
        "date": "2020-02-12",
        "commitResults": [
          {
            "hash": "27aaa56095c98e7fc06c5027c0f4504e338b75f9",
            "messageTitle": "reverse change to make PRs.",
            "messageBody": "",
            "insertions": 11,
            "deletions": 21
          },
          {
            "hash": "9758acf400a68876493d3de6eb6aa6c6e955e319",
            "messageTitle": "reverse change to make PRs",
            "messageBody": "",
            "insertions": 0,
            "deletions": 10
          },
          {
            "hash": "72454b7de2b2903daffa57de4f7dedea176bfed5",
            "messageTitle": "commit",
            "messageBody": "",
            "insertions": 1,
            "deletions": 1
          },
          {
            "hash": "a8fee17892b15f76d0fe2c016b0821823bc60b74",
            "messageTitle": "A-Assertions, A-CodeQuality, A-Lambdas, A-Streams implement",
            "messageBody": "",
            "tags": [
              "New-Jar",
              "A-Travis",
              "A-Streams",
              "A-Lambdas",
              "A-CodeQuality",
              "A-Assertions"
            ],
            "insertions": 32,
            "deletions": 17
          },
          {
            "hash": "bf5af0d7bc661db2846511647c03d8d4cb919a84",
            "messageTitle": "test",
            "messageBody": "",
            "insertions": 1,
            "deletions": 1
          }
        ]
      },
      {
        "insertions": 471,
        "deletions": 1480,
        "date": "2020-02-17",
        "commitResults": [
          {
            "hash": "0a025e8a1724aaba7a3fece11126c12c085d965e",
            "messageTitle": "Rename project Ui improve",
            "messageBody": "",
            "insertions": 471,
            "deletions": 1480
          }
        ]
      },
      {
        "insertions": 190,
        "deletions": 180,
        "date": "2020-02-18",
        "commitResults": [
          {
            "hash": "aacec622d2fb88b8fa7324b407330bbfa74c9d79",
            "messageTitle": "UI update",
            "messageBody": "",
            "insertions": 2,
            "deletions": 2
          },
          {
            "hash": "81dbaa370e8b47f0ae820ad5ad3ee4fd7d43b6e7",
            "messageTitle": "UG update",
            "messageBody": "",
            "insertions": 11,
            "deletions": 1
          },
          {
            "hash": "2b9e54c1fb82ce7ee4fee24fa6116cf2b39a70d5",
            "messageTitle": "A-Release and code style update",
            "messageBody": "",
            "tags": [
              "A-Release"
            ],
            "insertions": 169,
            "deletions": 176
          },
          {
            "hash": "8d6683fd1e5a998aa3b3a61f3b5d8cecfa9b3a23",
            "messageTitle": "Fix file path bug If there is no such dir, new dir and file will be created base on the location of the jar file.",
            "messageBody": "",
            "insertions": 8,
            "deletions": 1
          }
        ]
      },
      {
        "insertions": 22,
        "deletions": 4,
        "date": "2020-02-24",
        "commitResults": [
          {
            "hash": "af4a51fb14c57235f3aa87788baa937823d773ba",
            "messageTitle": "fix jar issue",
            "messageBody": "Fix the issue that the jar file cannot be opened at windows platform.\n",
            "insertions": 21,
            "deletions": 1
          },
          {
            "hash": "dc40630d1a4ba4e9121e077d9ad29417c43fd63e",
            "messageTitle": "code style update",
            "messageBody": "",
            "insertions": 1,
            "deletions": 3
          }
        ]
      },
      {
        "insertions": 0,
        "deletions": 30,
        "date": "2020-02-25",
        "commitResults": [
          {
            "hash": "0f0499417a8a5355d84b8b3cb99d1efebd733898",
            "messageTitle": "Delete README.md",
            "messageBody": "",
            "insertions": 0,
            "deletions": 30
          }
        ]
      },
      {
        "insertions": 26,
        "deletions": 53,
        "date": "2020-02-26",
        "commitResults": [
          {
            "hash": "a1c3d007c77a7830f08a2df7c16bfb611b3f1625",
            "messageTitle": "Datetime bug fix",
            "messageBody": "",
            "insertions": 18,
            "deletions": 8
          },
          {
            "hash": "4d6087d6395391fc43632872034e7ad304c2958c",
            "messageTitle": "dateTime bug fix",
            "messageBody": "",
            "tags": [
              "v0.2"
            ],
            "insertions": 8,
            "deletions": 6
          },
          {
            "hash": "f2fe46b917b6c77959b642ed350f38f671fb86e4",
            "messageTitle": "User guide update, demo gif added",
            "messageBody": "",
            "insertions": 0,
            "deletions": 39
          }
        ]
      },
      {
        "insertions": 178,
        "deletions": 0,
        "date": "2020-03-01",
        "commitResults": [
          {
            "hash": "eca2721555445bd7ff0b21395a9119b8665ad299",
            "messageTitle": "Add files via upload",
            "messageBody": "",
            "insertions": 178,
            "deletions": 0
          }
        ]
      }
    ]
  },
  "authorFinalContributionMap": {
    "wyt-sonia": 2262
  },
  "authorFileTypeContributionMap": {
    "wyt-sonia": {
      "java": 1902,
      "md": 0,
      "fxml": 69,
      "sh": 34,
      "bat": 4,
      "gradle": 48,
      "txt": 205
    }
  },
  "authorContributionVariance": {
    "wyt-sonia": 188817.02
  },
  "authorDisplayNameMap": {
    "wyt-sonia": "CS2103T-W16- 3 WANG..TING"
  }
}
