{
  "repoSenseVersion": "a9fedc6689",
  "reportGeneratedTime": "Fri Feb 7 15:56:33 2020 UTC+08:00",
  "repos": [
    {
      "location": {
        "location": "https://github.com/ChesterSim/duke.git",
        "repoName": "duke",
        "organization": "ChesterSim"
      },
      "branch": "master",
      "displayName": "ChesterSim/duke[master]",
      "outputFolderName": "ChesterSim_duke_master"
    },
    {
      "location": {
        "location": "https://github.com/KEVVVINN/duke.git",
        "repoName": "duke",
        "organization": "KEVVVINN"
      },
      "branch": "master",
      "displayName": "KEVVVINN/duke[master]",
      "outputFolderName": "KEVVVINN_duke_master"
    },
    {
      "location": {
        "location": "https://github.com/nelsontky/duke.git",
        "repoName": "duke",
        "organization": "nelsontky"
      },
      "branch": "master",
      "displayName": "nelsontky/duke[master]",
      "outputFolderName": "nelsontky_duke_master"
    },
    {
      "location": {
        "location": "https://github.com/Denise-Ng/duke.git",
        "repoName": "duke",
        "organization": "Denise-Ng"
      },
      "branch": "master",
      "displayName": "Denise-Ng/duke[master]",
      "outputFolderName": "Denise-Ng_duke_master"
    },
    {
      "location": {
        "location": "https://github.com/alam8064/duke.git",
        "repoName": "duke",
        "organization": "alam8064"
      },
      "branch": "master",
      "displayName": "alam8064/duke[master]",
      "outputFolderName": "alam8064_duke_master"
    },
    {
      "location": {
        "location": "https://github.com/Clouddoggo/duke.git",
        "repoName": "duke",
        "organization": "Clouddoggo"
      },
      "branch": "master",
      "displayName": "Clouddoggo/duke[master]",
      "outputFolderName": "Clouddoggo_duke_master"
    },
    {
      "location": {
        "location": "https://github.com/eedenong/duke.git",
        "repoName": "duke",
        "organization": "eedenong"
      },
      "branch": "master",
      "displayName": "eedenong/duke[master]",
      "outputFolderName": "eedenong_duke_master"
    },
    {
      "location": {
        "location": "https://github.com/yaojiethng/duke.git",
        "repoName": "duke",
        "organization": "yaojiethng"
      },
      "branch": "master",
      "displayName": "yaojiethng/duke[master]",
      "outputFolderName": "yaojiethng_duke_master"
    },
    {
      "location": {
        "location": "https://github.com/yapdianhao/duke.git",
        "repoName": "duke",
        "organization": "yapdianhao"
      },
      "branch": "master",
      "displayName": "yapdianhao/duke[master]",
      "outputFolderName": "yapdianhao_duke_master"
    },
    {
      "location": {
        "location": "https://github.com/dargohzy/duke.git",
        "repoName": "duke",
        "organization": "dargohzy"
      },
      "branch": "master",
      "displayName": "dargohzy/duke[master]",
      "outputFolderName": "dargohzy_duke_master"
    },
    {
      "location": {
        "location": "https://github.com/nathanaelseen/duke.git",
        "repoName": "duke",
        "organization": "nathanaelseen"
      },
      "branch": "master",
      "displayName": "nathanaelseen/duke[master]",
      "outputFolderName": "nathanaelseen_duke_master"
    },
    {
      "location": {
        "location": "https://github.com/teriaiw/duke.git",
        "repoName": "duke",
        "organization": "teriaiw"
      },
      "branch": "master",
      "displayName": "teriaiw/duke[master]",
      "outputFolderName": "teriaiw_duke_master"
    },
    {
      "location": {
        "location": "https://github.com/waynewee/duke.git",
        "repoName": "duke",
        "organization": "waynewee"
      },
      "branch": "master",
      "displayName": "waynewee/duke[master]",
      "outputFolderName": "waynewee_duke_master"
    },
    {
      "location": {
        "location": "https://github.com/yjskrs/duke.git",
        "repoName": "duke",
        "organization": "yjskrs"
      },
      "branch": "master",
      "displayName": "yjskrs/duke[master]",
      "outputFolderName": "yjskrs_duke_master"
    },
    {
      "location": {
        "location": "https://github.com/grrrrnt/duke.git",
        "repoName": "duke",
        "organization": "grrrrnt"
      },
      "branch": "master",
      "displayName": "grrrrnt/duke[master]",
      "outputFolderName": "grrrrnt_duke_master"
    },
    {
      "location": {
        "location": "https://github.com/mikhailfaiz/duke.git",
        "repoName": "duke",
        "organization": "mikhailfaiz"
      },
      "branch": "master",
      "displayName": "mikhailfaiz/duke[master]",
      "outputFolderName": "mikhailfaiz_duke_master"
    },
    {
      "location": {
        "location": "https://github.com/raniceyue/duke.git",
        "repoName": "duke",
        "organization": "raniceyue"
      },
      "branch": "master",
      "displayName": "raniceyue/duke[master]",
      "outputFolderName": "raniceyue_duke_master"
    },
    {
      "location": {
        "location": "https://github.com/zsoh97/duke.git",
        "repoName": "duke",
        "organization": "zsoh97"
      },
      "branch": "master",
      "displayName": "zsoh97/duke[master]",
      "outputFolderName": "zsoh97_duke_master"
    },
    {
      "location": {
        "location": "https://github.com/vuhieunguyen/duke.git",
        "repoName": "duke",
        "organization": "vuhieunguyen"
      },
      "branch": "master",
      "displayName": "vuhieunguyen/duke[master]",
      "outputFolderName": "vuhieunguyen_duke_master"
    },
    {
      "location": {
        "location": "https://github.com/chrisjwelly/duke.git",
        "repoName": "duke",
        "organization": "chrisjwelly"
      },
      "branch": "master",
      "displayName": "chrisjwelly/duke[master]",
      "outputFolderName": "chrisjwelly_duke_master"
    },
    {
      "location": {
        "location": "https://github.com/helloImHai/duke.git",
        "repoName": "duke",
        "organization": "helloImHai"
      },
      "branch": "master",
      "displayName": "helloImHai/duke[master]",
      "outputFolderName": "helloImHai_duke_master"
    },
    {
      "location": {
        "location": "https://github.com/wardetu/duke.git",
        "repoName": "duke",
        "organization": "wardetu"
      },
      "branch": "master",
      "displayName": "wardetu/duke[master]",
      "outputFolderName": "wardetu_duke_master"
    },
    {
      "location": {
        "location": "https://github.com/nhamhung/duke.git",
        "repoName": "duke",
        "organization": "nhamhung"
      },
      "branch": "master",
      "displayName": "nhamhung/duke[master]",
      "outputFolderName": "nhamhung_duke_master"
    },
    {
      "location": {
        "location": "https://github.com/duongphammmm/duke.git",
        "repoName": "duke",
        "organization": "duongphammmm"
      },
      "branch": "master",
      "displayName": "duongphammmm/duke[master]",
      "outputFolderName": "duongphammmm_duke_master"
    },
    {
      "location": {
        "location": "https://github.com/gerhean/duke.git",
        "repoName": "duke",
        "organization": "gerhean"
      },
      "branch": "master",
      "displayName": "gerhean/duke[master]",
      "outputFolderName": "gerhean_duke_master"
    },
    {
      "location": {
        "location": "https://github.com/FeliciaTay/duke.git",
        "repoName": "duke",
        "organization": "FeliciaTay"
      },
      "branch": "master",
      "displayName": "FeliciaTay/duke[master]",
      "outputFolderName": "FeliciaTay_duke_master"
    },
    {
      "location": {
        "location": "https://github.com/foochifa/duke.git",
        "repoName": "duke",
        "organization": "foochifa"
      },
      "branch": "master",
      "displayName": "foochifa/duke[master]",
      "outputFolderName": "foochifa_duke_master"
    },
    {
      "location": {
        "location": "https://github.com/ongch00/duke.git",
        "repoName": "duke",
        "organization": "ongch00"
      },
      "branch": "master",
      "displayName": "ongch00/duke[master]",
      "outputFolderName": "ongch00_duke_master"
    },
    {
      "location": {
        "location": "https://github.com/wxwxwxwx9/duke.git",
        "repoName": "duke",
        "organization": "wxwxwxwx9"
      },
      "branch": "master",
      "displayName": "wxwxwxwx9/duke[master]",
      "outputFolderName": "wxwxwxwx9_duke_master"
    },
    {
      "location": {
        "location": "https://github.com/huixianc/duke.git",
        "repoName": "duke",
        "organization": "huixianc"
      },
      "branch": "master",
      "displayName": "huixianc/duke[master]",
      "outputFolderName": "huixianc_duke_master"
    },
    {
      "location": {
        "location": "https://github.com/lohszeying/duke.git",
        "repoName": "duke",
        "organization": "lohszeying"
      },
      "branch": "master",
      "displayName": "lohszeying/duke[master]",
      "outputFolderName": "lohszeying_duke_master"
    },
    {
      "location": {
        "location": "https://github.com/xCelestialPhoenix/duke.git",
        "repoName": "duke",
        "organization": "xCelestialPhoenix"
      },
      "branch": "master",
      "displayName": "xCelestialPhoenix/duke[master]",
      "outputFolderName": "xCelestialPhoenix_duke_master"
    },
    {
      "location": {
        "location": "https://github.com/mightyrabbit99/duke.git",
        "repoName": "duke",
        "organization": "mightyrabbit99"
      },
      "branch": "master",
      "displayName": "mightyrabbit99/duke[master]",
      "outputFolderName": "mightyrabbit99_duke_master"
    },
    {
      "location": {
        "location": "https://github.com/BryanYap972/duke.git",
        "repoName": "duke",
        "organization": "BryanYap972"
      },
      "branch": "master",
      "displayName": "BryanYap972/duke[master]",
      "outputFolderName": "BryanYap972_duke_master"
    },
    {
      "location": {
        "location": "https://github.com/alushingg/duke.git",
        "repoName": "duke",
        "organization": "alushingg"
      },
      "branch": "master",
      "displayName": "alushingg/duke[master]",
      "outputFolderName": "alushingg_duke_master"
    },
    {
      "location": {
        "location": "https://github.com/heidicrq/duke.git",
        "repoName": "duke",
        "organization": "heidicrq"
      },
      "branch": "master",
      "displayName": "heidicrq/duke[master]",
      "outputFolderName": "heidicrq_duke_master"
    },
    {
      "location": {
        "location": "https://github.com/dinhnhobao/duke.git",
        "repoName": "duke",
        "organization": "dinhnhobao"
      },
      "branch": "master",
      "displayName": "dinhnhobao/duke[master]",
      "outputFolderName": "dinhnhobao_duke_master"
    },
    {
      "location": {
        "location": "https://github.com/zixinn/duke.git",
        "repoName": "duke",
        "organization": "zixinn"
      },
      "branch": "master",
      "displayName": "zixinn/duke[master]",
      "outputFolderName": "zixinn_duke_master"
    },
    {
      "location": {
        "location": "https://github.com/NNpanpan/duke.git",
        "repoName": "duke",
        "organization": "NNpanpan"
      },
      "branch": "master",
      "displayName": "NNpanpan/duke[master]",
      "outputFolderName": "NNpanpan_duke_master"
    },
    {
      "location": {
        "location": "https://github.com/ray-97/duke.git",
        "repoName": "duke",
        "organization": "ray-97"
      },
      "branch": "master",
      "displayName": "ray-97/duke[master]",
      "outputFolderName": "ray-97_duke_master"
    },
    {
      "location": {
        "location": "https://github.com/eugenetyc/duke.git",
        "repoName": "duke",
        "organization": "eugenetyc"
      },
      "branch": "master",
      "displayName": "eugenetyc/duke[master]",
      "outputFolderName": "eugenetyc_duke_master"
    },
    {
      "location": {
        "location": "https://github.com/J-Dan23/duke.git",
        "repoName": "duke",
        "organization": "J-Dan23"
      },
      "branch": "master",
      "displayName": "J-Dan23/duke[master]",
      "outputFolderName": "J-Dan23_duke_master"
    },
    {
      "location": {
        "location": "https://github.com/buddhavineeth/duke.git",
        "repoName": "duke",
        "organization": "buddhavineeth"
      },
      "branch": "master",
      "displayName": "buddhavineeth/duke[master]",
      "outputFolderName": "buddhavineeth_duke_master"
    },
    {
      "location": {
        "location": "https://github.com/jeremylow97/duke.git",
        "repoName": "duke",
        "organization": "jeremylow97"
      },
      "branch": "master",
      "displayName": "jeremylow97/duke[master]",
      "outputFolderName": "jeremylow97_duke_master"
    },
    {
      "location": {
        "location": "https://github.com/AaronCQL/duke.git",
        "repoName": "duke",
        "organization": "AaronCQL"
      },
      "branch": "master",
      "displayName": "AaronCQL/duke[master]",
      "outputFolderName": "AaronCQL_duke_master"
    },
    {
      "location": {
        "location": "https://github.com/Yonggiee/duke.git",
        "repoName": "duke",
        "organization": "Yonggiee"
      },
      "branch": "master",
      "displayName": "Yonggiee/duke[master]",
      "outputFolderName": "Yonggiee_duke_master"
    },
    {
      "location": {
        "location": "https://github.com/ziyingli/duke.git",
        "repoName": "duke",
        "organization": "ziyingli"
      },
      "branch": "master",
      "displayName": "ziyingli/duke[master]",
      "outputFolderName": "ziyingli_duke_master"
    },
    {
      "location": {
        "location": "https://github.com/Dban1/duke.git",
        "repoName": "duke",
        "organization": "Dban1"
      },
      "branch": "master",
      "displayName": "Dban1/duke[master]",
      "outputFolderName": "Dban1_duke_master"
    },
    {
      "location": {
        "location": "https://github.com/tohkerwei/duke.git",
        "repoName": "duke",
        "organization": "tohkerwei"
      },
      "branch": "master",
      "displayName": "tohkerwei/duke[master]",
      "outputFolderName": "tohkerwei_duke_master"
    },
    {
      "location": {
        "location": "https://github.com/SHAUNGOH97/duke.git",
        "repoName": "duke",
        "organization": "SHAUNGOH97"
      },
      "branch": "master",
      "displayName": "SHAUNGOH97/duke[master]",
      "outputFolderName": "SHAUNGOH97_duke_master"
    },
    {
      "location": {
        "location": "https://github.com/ignatiusong/duke.git",
        "repoName": "duke",
        "organization": "ignatiusong"
      },
      "branch": "master",
      "displayName": "ignatiusong/duke[master]",
      "outputFolderName": "ignatiusong_duke_master"
    },
    {
      "location": {
        "location": "https://github.com/lsjxavier/duke.git",
        "repoName": "duke",
        "organization": "lsjxavier"
      },
      "branch": "master",
      "displayName": "lsjxavier/duke[master]",
      "outputFolderName": "lsjxavier_duke_master"
    },
    {
      "location": {
        "location": "https://github.com/leslieharland/duke.git",
        "repoName": "duke",
        "organization": "leslieharland"
      },
      "branch": "master",
      "displayName": "leslieharland/duke[master]",
      "outputFolderName": "leslieharland_duke_master"
    },
    {
      "location": {
        "location": "https://github.com/Samanthaseahpl/duke.git",
        "repoName": "duke",
        "organization": "Samanthaseahpl"
      },
      "branch": "master",
      "displayName": "Samanthaseahpl/duke[master]",
      "outputFolderName": "Samanthaseahpl_duke_master"
    },
    {
      "location": {
        "location": "https://github.com/shanecsj/duke.git",
        "repoName": "duke",
        "organization": "shanecsj"
      },
      "branch": "master",
      "displayName": "shanecsj/duke[master]",
      "outputFolderName": "shanecsj_duke_master"
    },
    {
      "location": {
        "location": "https://github.com/gohkh/duke.git",
        "repoName": "duke",
        "organization": "gohkh"
      },
      "branch": "master",
      "displayName": "gohkh/duke[master]",
      "outputFolderName": "gohkh_duke_master"
    },
    {
      "location": {
        "location": "https://github.com/hans555/duke.git",
        "repoName": "duke",
        "organization": "hans555"
      },
      "branch": "master",
      "displayName": "hans555/duke[master]",
      "outputFolderName": "hans555_duke_master"
    },
    {
      "location": {
        "location": "https://github.com/tzihiang/duke.git",
        "repoName": "duke",
        "organization": "tzihiang"
      },
      "branch": "master",
      "displayName": "tzihiang/duke[master]",
      "outputFolderName": "tzihiang_duke_master"
    },
    {
      "location": {
        "location": "https://github.com/teo-jun-xiong/duke.git",
        "repoName": "duke",
        "organization": "teo-jun-xiong"
      },
      "branch": "master",
      "displayName": "teo-jun-xiong/duke[master]",
      "outputFolderName": "teo-jun-xiong_duke_master"
    },
    {
      "location": {
        "location": "https://github.com/YuuTon9/duke.git",
        "repoName": "duke",
        "organization": "YuuTon9"
      },
      "branch": "master",
      "displayName": "YuuTon9/duke[master]",
      "outputFolderName": "YuuTon9_duke_master"
    },
    {
      "location": {
        "location": "https://github.com/pekchinsiongbrian/duke.git",
        "repoName": "duke",
        "organization": "pekchinsiongbrian"
      },
      "branch": "master",
      "displayName": "pekchinsiongbrian/duke[master]",
      "outputFolderName": "pekchinsiongbrian_duke_master"
    },
    {
      "location": {
        "location": "https://github.com/beatricetay/duke.git",
        "repoName": "duke",
        "organization": "beatricetay"
      },
      "branch": "master",
      "displayName": "beatricetay/duke[master]",
      "outputFolderName": "beatricetay_duke_master"
    },
    {
      "location": {
        "location": "https://github.com/tharshita/duke.git",
        "repoName": "duke",
        "organization": "tharshita"
      },
      "branch": "master",
      "displayName": "tharshita/duke[master]",
      "outputFolderName": "tharshita_duke_master"
    },
    {
      "location": {
        "location": "https://github.com/airshhlay/duke.git",
        "repoName": "duke",
        "organization": "airshhlay"
      },
      "branch": "master",
      "displayName": "airshhlay/duke[master]",
      "outputFolderName": "airshhlay_duke_master"
    },
    {
      "location": {
        "location": "https://github.com/phaebaez/duke.git",
        "repoName": "duke",
        "organization": "phaebaez"
      },
      "branch": "master",
      "displayName": "phaebaez/duke[master]",
      "outputFolderName": "phaebaez_duke_master"
    },
    {
      "location": {
        "location": "https://github.com/haveaqiupill/duke.git",
        "repoName": "duke",
        "organization": "haveaqiupill"
      },
      "branch": "master",
      "displayName": "haveaqiupill/duke[master]",
      "outputFolderName": "haveaqiupill_duke_master"
    },
    {
      "location": {
        "location": "https://github.com/sigmund-c/duke.git",
        "repoName": "duke",
        "organization": "sigmund-c"
      },
      "branch": "master",
      "displayName": "sigmund-c/duke[master]",
      "outputFolderName": "sigmund-c_duke_master"
    },
    {
      "location": {
        "location": "https://github.com/JJiahui/duke.git",
        "repoName": "duke",
        "organization": "JJiahui"
      },
      "branch": "master",
      "displayName": "JJiahui/duke[master]",
      "outputFolderName": "JJiahui_duke_master"
    },
    {
      "location": {
        "location": "https://github.com/zwasd/duke.git",
        "repoName": "duke",
        "organization": "zwasd"
      },
      "branch": "master",
      "displayName": "zwasd/duke[master]",
      "outputFolderName": "zwasd_duke_master"
    },
    {
      "location": {
        "location": "https://github.com/XinPei-ng/duke.git",
        "repoName": "duke",
        "organization": "XinPei-ng"
      },
      "branch": "master",
      "displayName": "XinPei-ng/duke[master]",
      "outputFolderName": "XinPei-ng_duke_master"
    },
    {
      "location": {
        "location": "https://github.com/sp-shaopeng/duke.git",
        "repoName": "duke",
        "organization": "sp-shaopeng"
      },
      "branch": "master",
      "displayName": "sp-shaopeng/duke[master]",
      "outputFolderName": "sp-shaopeng_duke_master"
    },
    {
      "location": {
        "location": "https://github.com/CharmaineKoh/duke.git",
        "repoName": "duke",
        "organization": "CharmaineKoh"
      },
      "branch": "master",
      "displayName": "CharmaineKoh/duke[master]",
      "outputFolderName": "CharmaineKoh_duke_master"
    },
    {
      "location": {
        "location": "https://github.com/don-tay/duke.git",
        "repoName": "duke",
        "organization": "don-tay"
      },
      "branch": "master",
      "displayName": "don-tay/duke[master]",
      "outputFolderName": "don-tay_duke_master"
    },
    {
      "location": {
        "location": "https://github.com/EdmondOng/duke.git",
        "repoName": "duke",
        "organization": "EdmondOng"
      },
      "branch": "master",
      "displayName": "EdmondOng/duke[master]",
      "outputFolderName": "EdmondOng_duke_master"
    },
    {
      "location": {
        "location": "https://github.com/kester-ng/duke.git",
        "repoName": "duke",
        "organization": "kester-ng"
      },
      "branch": "master",
      "displayName": "kester-ng/duke[master]",
      "outputFolderName": "kester-ng_duke_master"
    },
    {
      "location": {
        "location": "https://github.com/Amoscheong97/duke.git",
        "repoName": "duke",
        "organization": "Amoscheong97"
      },
      "branch": "master",
      "displayName": "Amoscheong97/duke[master]",
      "outputFolderName": "Amoscheong97_duke_master"
    },
    {
      "location": {
        "location": "https://github.com/Cherweijie/duke.git",
        "repoName": "duke",
        "organization": "Cherweijie"
      },
      "branch": "master",
      "displayName": "Cherweijie/duke[master]",
      "outputFolderName": "Cherweijie_duke_master"
    },
    {
      "location": {
        "location": "https://github.com/Exeexe93/duke.git",
        "repoName": "duke",
        "organization": "Exeexe93"
      },
      "branch": "master",
      "displayName": "Exeexe93/duke[master]",
      "outputFolderName": "Exeexe93_duke_master"
    },
    {
      "location": {
        "location": "https://github.com/khsc96/duke.git",
        "repoName": "duke",
        "organization": "khsc96"
      },
      "branch": "master",
      "displayName": "khsc96/duke[master]",
      "outputFolderName": "khsc96_duke_master"
    },
    {
      "location": {
        "location": "https://github.com/JeremyLoh/duke.git",
        "repoName": "duke",
        "organization": "JeremyLoh"
      },
      "branch": "master",
      "displayName": "JeremyLoh/duke[master]",
      "outputFolderName": "JeremyLoh_duke_master"
    },
    {
      "location": {
        "location": "https://github.com/garysyndromes/duke.git",
        "repoName": "duke",
        "organization": "garysyndromes"
      },
      "branch": "master",
      "displayName": "garysyndromes/duke[master]",
      "outputFolderName": "garysyndromes_duke_master"
    },
    {
      "location": {
        "location": "https://github.com/tingalinga/duke.git",
        "repoName": "duke",
        "organization": "tingalinga"
      },
      "branch": "master",
      "displayName": "tingalinga/duke[master]",
      "outputFolderName": "tingalinga_duke_master"
    },
    {
      "location": {
        "location": "https://github.com/jerrenss/duke.git",
        "repoName": "duke",
        "organization": "jerrenss"
      },
      "branch": "master",
      "displayName": "jerrenss/duke[master]",
      "outputFolderName": "jerrenss_duke_master"
    },
    {
      "location": {
        "location": "https://github.com/TheElectricBlender/duke.git",
        "repoName": "duke",
        "organization": "TheElectricBlender"
      },
      "branch": "master",
      "displayName": "TheElectricBlender/duke[master]",
      "outputFolderName": "TheElectricBlender_duke_master"
    },
    {
      "location": {
        "location": "https://github.com/Yuanyu97/duke.git",
        "repoName": "duke",
        "organization": "Yuanyu97"
      },
      "branch": "master",
      "displayName": "Yuanyu97/duke[master]",
      "outputFolderName": "Yuanyu97_duke_master"
    },
    {
      "location": {
        "location": "https://github.com/syinyichen/duke.git",
        "repoName": "duke",
        "organization": "syinyichen"
      },
      "branch": "master",
      "displayName": "syinyichen/duke[master]",
      "outputFolderName": "syinyichen_duke_master"
    },
    {
      "location": {
        "location": "https://github.com/CheyanneSim/duke.git",
        "repoName": "duke",
        "organization": "CheyanneSim"
      },
      "branch": "master",
      "displayName": "CheyanneSim/duke[master]",
      "outputFolderName": "CheyanneSim_duke_master"
    },
    {
      "location": {
        "location": "https://github.com/gracegrape/duke.git",
        "repoName": "duke",
        "organization": "gracegrape"
      },
      "branch": "master",
      "displayName": "gracegrape/duke[master]",
      "outputFolderName": "gracegrape_duke_master"
    },
    {
      "location": {
        "location": "https://github.com/jumpcutfindo/duke.git",
        "repoName": "duke",
        "organization": "jumpcutfindo"
      },
      "branch": "master",
      "displayName": "jumpcutfindo/duke[master]",
      "outputFolderName": "jumpcutfindo_duke_master"
    },
    {
      "location": {
        "location": "https://github.com/joel-lim/duke.git",
        "repoName": "duke",
        "organization": "joel-lim"
      },
      "branch": "master",
      "displayName": "joel-lim/duke[master]",
      "outputFolderName": "joel-lim_duke_master"
    },
    {
      "location": {
        "location": "https://github.com/AdarshChugani/duke.git",
        "repoName": "duke",
        "organization": "AdarshChugani"
      },
      "branch": "master",
      "displayName": "AdarshChugani/duke[master]",
      "outputFolderName": "AdarshChugani_duke_master"
    },
    {
      "location": {
        "location": "https://github.com/e0316059/duke.git",
        "repoName": "duke",
        "organization": "e0316059"
      },
      "branch": "master",
      "displayName": "e0316059/duke[master]",
      "outputFolderName": "e0316059_duke_master"
    },
    {
      "location": {
        "location": "https://github.com/sharadhr/duke.git",
        "repoName": "duke",
        "organization": "sharadhr"
      },
      "branch": "master",
      "displayName": "sharadhr/duke[master]",
      "outputFolderName": "sharadhr_duke_master"
    },
    {
      "location": {
        "location": "https://github.com/kevinswk94/duke.git",
        "repoName": "duke",
        "organization": "kevinswk94"
      },
      "branch": "master",
      "displayName": "kevinswk94/duke[master]",
      "outputFolderName": "kevinswk94_duke_master"
    },
    {
      "location": {
        "location": "https://github.com/muhd97/duke.git",
        "repoName": "duke",
        "organization": "muhd97"
      },
      "branch": "master",
      "displayName": "muhd97/duke[master]",
      "outputFolderName": "muhd97_duke_master"
    },
    {
      "location": {
        "location": "https://github.com/akhilvuputuri/duke.git",
        "repoName": "duke",
        "organization": "akhilvuputuri"
      },
      "branch": "master",
      "displayName": "akhilvuputuri/duke[master]",
      "outputFolderName": "akhilvuputuri_duke_master"
    },
    {
      "location": {
        "location": "https://github.com/sheexiong/duke.git",
        "repoName": "duke",
        "organization": "sheexiong"
      },
      "branch": "master",
      "displayName": "sheexiong/duke[master]",
      "outputFolderName": "sheexiong_duke_master"
    },
    {
      "location": {
        "location": "https://github.com/Jarrod-Bob/duke.git",
        "repoName": "duke",
        "organization": "Jarrod-Bob"
      },
      "branch": "master",
      "displayName": "Jarrod-Bob/duke[master]",
      "outputFolderName": "Jarrod-Bob_duke_master"
    },
    {
      "location": {
        "location": "https://github.com/ailanthustng/duke.git",
        "repoName": "duke",
        "organization": "ailanthustng"
      },
      "branch": "master",
      "displayName": "ailanthustng/duke[master]",
      "outputFolderName": "ailanthustng_duke_master"
    },
    {
      "location": {
        "location": "https://github.com/WillySeahh/duke.git",
        "repoName": "duke",
        "organization": "WillySeahh"
      },
      "branch": "master",
      "displayName": "WillySeahh/duke[master]",
      "outputFolderName": "WillySeahh_duke_master"
    },
    {
      "location": {
        "location": "https://github.com/dawidjaja/duke.git",
        "repoName": "duke",
        "organization": "dawidjaja"
      },
      "branch": "master",
      "displayName": "dawidjaja/duke[master]",
      "outputFolderName": "dawidjaja_duke_master"
    },
    {
      "location": {
        "location": "https://github.com/youaremysky99/duke.git",
        "repoName": "duke",
        "organization": "youaremysky99"
      },
      "branch": "master",
      "displayName": "youaremysky99/duke[master]",
      "outputFolderName": "youaremysky99_duke_master"
    },
    {
      "location": {
        "location": "https://github.com/sancharib-git/duke.git",
        "repoName": "duke",
        "organization": "sancharib-git"
      },
      "branch": "master",
      "displayName": "sancharib-git/duke[master]",
      "outputFolderName": "sancharib-git_duke_master"
    },
    {
      "location": {
        "location": "https://github.com/hmtey/duke.git",
        "repoName": "duke",
        "organization": "hmtey"
      },
      "branch": "master",
      "displayName": "hmtey/duke[master]",
      "outputFolderName": "hmtey_duke_master"
    },
    {
      "location": {
        "location": "https://github.com/tanphatls987/duke.git",
        "repoName": "duke",
        "organization": "tanphatls987"
      },
      "branch": "master",
      "displayName": "tanphatls987/duke[master]",
      "outputFolderName": "tanphatls987_duke_master"
    },
    {
      "location": {
        "location": "https://github.com/chanckben/duke.git",
        "repoName": "duke",
        "organization": "chanckben"
      },
      "branch": "master",
      "displayName": "chanckben/duke[master]",
      "outputFolderName": "chanckben_duke_master"
    },
    {
      "location": {
        "location": "https://github.com/wanxuanong/duke.git",
        "repoName": "duke",
        "organization": "wanxuanong"
      },
      "branch": "master",
      "displayName": "wanxuanong/duke[master]",
      "outputFolderName": "wanxuanong_duke_master"
    },
    {
      "location": {
        "location": "https://github.com/gyant6/duke.git",
        "repoName": "duke",
        "organization": "gyant6"
      },
      "branch": "master",
      "displayName": "gyant6/duke[master]",
      "outputFolderName": "gyant6_duke_master"
    },
    {
      "location": {
        "location": "https://github.com/jadetayy/duke.git",
        "repoName": "duke",
        "organization": "jadetayy"
      },
      "branch": "master",
      "displayName": "jadetayy/duke[master]",
      "outputFolderName": "jadetayy_duke_master"
    },
    {
      "location": {
        "location": "https://github.com/joycelynteo/duke.git",
        "repoName": "duke",
        "organization": "joycelynteo"
      },
      "branch": "master",
      "displayName": "joycelynteo/duke[master]",
      "outputFolderName": "joycelynteo_duke_master"
    },
    {
      "location": {
        "location": "https://github.com/vigneshbhuvan-nus/duke.git",
        "repoName": "duke",
        "organization": "vigneshbhuvan-nus"
      },
      "branch": "master",
      "displayName": "vigneshbhuvan-nus/duke[master]",
      "outputFolderName": "vigneshbhuvan-nus_duke_master"
    },
    {
      "location": {
        "location": "https://github.com/thetruevincentchow/duke.git",
        "repoName": "duke",
        "organization": "thetruevincentchow"
      },
      "branch": "master",
      "displayName": "thetruevincentchow/duke[master]",
      "outputFolderName": "thetruevincentchow_duke_master"
    },
    {
      "location": {
        "location": "https://github.com/capeguy/duke.git",
        "repoName": "duke",
        "organization": "capeguy"
      },
      "branch": "master",
      "displayName": "capeguy/duke[master]",
      "outputFolderName": "capeguy_duke_master"
    },
    {
      "location": {
        "location": "https://github.com/DANamic/duke.git",
        "repoName": "duke",
        "organization": "DANamic"
      },
      "branch": "master",
      "displayName": "DANamic/duke[master]",
      "outputFolderName": "DANamic_duke_master"
    },
    {
      "location": {
        "location": "https://github.com/gruntultra/duke.git",
        "repoName": "duke",
        "organization": "gruntultra"
      },
      "branch": "master",
      "displayName": "gruntultra/duke[master]",
      "outputFolderName": "gruntultra_duke_master"
    },
    {
      "location": {
        "location": "https://github.com/artlee06/duke.git",
        "repoName": "duke",
        "organization": "artlee06"
      },
      "branch": "master",
      "displayName": "artlee06/duke[master]",
      "outputFolderName": "artlee06_duke_master"
    },
    {
      "location": {
        "location": "https://github.com/BransonNg/duke.git",
        "repoName": "duke",
        "organization": "BransonNg"
      },
      "branch": "master",
      "displayName": "BransonNg/duke[master]",
      "outputFolderName": "BransonNg_duke_master"
    },
    {
      "location": {
        "location": "https://github.com/FyonnOh/duke.git",
        "repoName": "duke",
        "organization": "FyonnOh"
      },
      "branch": "master",
      "displayName": "FyonnOh/duke[master]",
      "outputFolderName": "FyonnOh_duke_master"
    },
    {
      "location": {
        "location": "https://github.com/Hardoh/duke.git",
        "repoName": "duke",
        "organization": "Hardoh"
      },
      "branch": "master",
      "displayName": "Hardoh/duke[master]",
      "outputFolderName": "Hardoh_duke_master"
    },
    {
      "location": {
        "location": "https://github.com/Permas-Teo/duke.git",
        "repoName": "duke",
        "organization": "Permas-Teo"
      },
      "branch": "master",
      "displayName": "Permas-Teo/duke[master]",
      "outputFolderName": "Permas-Teo_duke_master"
    },
    {
      "location": {
        "location": "https://github.com/alloystory/duke.git",
        "repoName": "duke",
        "organization": "alloystory"
      },
      "branch": "master",
      "displayName": "alloystory/duke[master]",
      "outputFolderName": "alloystory_duke_master"
    },
    {
      "location": {
        "location": "https://github.com/gb3h/duke.git",
        "repoName": "duke",
        "organization": "gb3h"
      },
      "branch": "master",
      "displayName": "gb3h/duke[master]",
      "outputFolderName": "gb3h_duke_master"
    },
    {
      "location": {
        "location": "https://github.com/jiachen247/duke.git",
        "repoName": "duke",
        "organization": "jiachen247"
      },
      "branch": "master",
      "displayName": "jiachen247/duke[master]",
      "outputFolderName": "jiachen247_duke_master"
    },
    {
      "location": {
        "location": "https://github.com/Guofeng-Tang/duke.git",
        "repoName": "duke",
        "organization": "Guofeng-Tang"
      },
      "branch": "master",
      "displayName": "Guofeng-Tang/duke[master]",
      "outputFolderName": "Guofeng-Tang_duke_master"
    },
    {
      "location": {
        "location": "https://github.com/chishanw/duke.git",
        "repoName": "duke",
        "organization": "chishanw"
      },
      "branch": "master",
      "displayName": "chishanw/duke[master]",
      "outputFolderName": "chishanw_duke_master"
    },
    {
      "location": {
        "location": "https://github.com/gx-huang/duke.git",
        "repoName": "duke",
        "organization": "gx-huang"
      },
      "branch": "master",
      "displayName": "gx-huang/duke[master]",
      "outputFolderName": "gx-huang_duke_master"
    },
    {
      "location": {
        "location": "https://github.com/souwmyaa/duke.git",
        "repoName": "duke",
        "organization": "souwmyaa"
      },
      "branch": "master",
      "displayName": "souwmyaa/duke[master]",
      "outputFolderName": "souwmyaa_duke_master"
    },
    {
      "location": {
        "location": "https://github.com/teikjun/duke.git",
        "repoName": "duke",
        "organization": "teikjun"
      },
      "branch": "master",
      "displayName": "teikjun/duke[master]",
      "outputFolderName": "teikjun_duke_master"
    },
    {
      "location": {
        "location": "https://github.com/aegis-bot/duke.git",
        "repoName": "duke",
        "organization": "aegis-bot"
      },
      "branch": "master",
      "displayName": "aegis-bot/duke[master]",
      "outputFolderName": "aegis-bot_duke_master"
    },
    {
      "location": {
        "location": "https://github.com/wyt-sonia/duke.git",
        "repoName": "duke",
        "organization": "wyt-sonia"
      },
      "branch": "master",
      "displayName": "wyt-sonia/duke[master]",
      "outputFolderName": "wyt-sonia_duke_master"
    },
    {
      "location": {
        "location": "https://github.com/watsheldon/duke.git",
        "repoName": "duke",
        "organization": "watsheldon"
      },
      "branch": "master",
      "displayName": "watsheldon/duke[master]",
      "outputFolderName": "watsheldon_duke_master"
    },
    {
      "location": {
        "location": "https://github.com/Kangwkk/duke.git",
        "repoName": "duke",
        "organization": "Kangwkk"
      },
      "branch": "master",
      "displayName": "Kangwkk/duke[master]",
      "outputFolderName": "Kangwkk_duke_master"
    },
    {
      "location": {
        "location": "https://github.com/mpang45456/duke.git",
        "repoName": "duke",
        "organization": "mpang45456"
      },
      "branch": "master",
      "displayName": "mpang45456/duke[master]",
      "outputFolderName": "mpang45456_duke_master"
    },
    {
      "location": {
        "location": "https://github.com/xuanxinng/duke.git",
        "repoName": "duke",
        "organization": "xuanxinng"
      },
      "branch": "master",
      "displayName": "xuanxinng/duke[master]",
      "outputFolderName": "xuanxinng_duke_master"
    },
    {
      "location": {
        "location": "https://github.com/zhouxinwei97/duke.git",
        "repoName": "duke",
        "organization": "zhouxinwei97"
      },
      "branch": "master",
      "displayName": "zhouxinwei97/duke[master]",
      "outputFolderName": "zhouxinwei97_duke_master"
    },
    {
      "location": {
        "location": "https://github.com/amrl/duke.git",
        "repoName": "duke",
        "organization": "amrl"
      },
      "branch": "master",
      "displayName": "amrl/duke[master]",
      "outputFolderName": "amrl_duke_master"
    },
    {
      "location": {
        "location": "https://github.com/kschiew/duke.git",
        "repoName": "duke",
        "organization": "kschiew"
      },
      "branch": "master",
      "displayName": "kschiew/duke[master]",
      "outputFolderName": "kschiew_duke_master"
    },
    {
      "location": {
        "location": "https://github.com/ncslzh/duke.git",
        "repoName": "duke",
        "organization": "ncslzh"
      },
      "branch": "master",
      "displayName": "ncslzh/duke[master]",
      "outputFolderName": "ncslzh_duke_master"
    },
    {
      "location": {
        "location": "https://github.com/oLiXino/duke.git",
        "repoName": "duke",
        "organization": "oLiXino"
      },
      "branch": "master",
      "displayName": "oLiXino/duke[master]",
      "outputFolderName": "oLiXino_duke_master"
    },
    {
      "location": {
        "location": "https://github.com/lacedaemon98/duke.git",
        "repoName": "duke",
        "organization": "lacedaemon98"
      },
      "branch": "master",
      "displayName": "lacedaemon98/duke[master]",
      "outputFolderName": "lacedaemon98_duke_master"
    },
    {
      "location": {
        "location": "https://github.com/firzanarmani/duke.git",
        "repoName": "duke",
        "organization": "firzanarmani"
      },
      "branch": "master",
      "displayName": "firzanarmani/duke[master]",
      "outputFolderName": "firzanarmani_duke_master"
    },
    {
      "location": {
        "location": "https://github.com/HemanshuGandhi/duke.git",
        "repoName": "duke",
        "organization": "HemanshuGandhi"
      },
      "branch": "master",
      "displayName": "HemanshuGandhi/duke[master]",
      "outputFolderName": "HemanshuGandhi_duke_master"
    },
    {
      "location": {
        "location": "https://github.com/johannagwan/duke.git",
        "repoName": "duke",
        "organization": "johannagwan"
      },
      "branch": "master",
      "displayName": "johannagwan/duke[master]",
      "outputFolderName": "johannagwan_duke_master"
    },
    {
      "location": {
        "location": "https://github.com/kevinputera/duke.git",
        "repoName": "duke",
        "organization": "kevinputera"
      },
      "branch": "master",
      "displayName": "kevinputera/duke[master]",
      "outputFolderName": "kevinputera_duke_master"
    },
    {
      "location": {
        "location": "https://github.com/ljiazh3ng/duke.git",
        "repoName": "duke",
        "organization": "ljiazh3ng"
      },
      "branch": "master",
      "displayName": "ljiazh3ng/duke[master]",
      "outputFolderName": "ljiazh3ng_duke_master"
    },
    {
      "location": {
        "location": "https://github.com/Deunitato/duke.git",
        "repoName": "duke",
        "organization": "Deunitato"
      },
      "branch": "master",
      "displayName": "Deunitato/duke[master]",
      "outputFolderName": "Deunitato_duke_master"
    },
    {
      "location": {
        "location": "https://github.com/zenatrick/duke.git",
        "repoName": "duke",
        "organization": "zenatrick"
      },
      "branch": "master",
      "displayName": "zenatrick/duke[master]",
      "outputFolderName": "zenatrick_duke_master"
    },
    {
      "location": {
        "location": "https://github.com/joshlay96/duke.git",
        "repoName": "duke",
        "organization": "joshlay96"
      },
      "branch": "master",
      "displayName": "joshlay96/duke[master]",
      "outputFolderName": "joshlay96_duke_master"
    },
    {
      "location": {
        "location": "https://github.com/loycatherine/duke.git",
        "repoName": "duke",
        "organization": "loycatherine"
      },
      "branch": "master",
      "displayName": "loycatherine/duke[master]",
      "outputFolderName": "loycatherine_duke_master"
    },
    {
      "location": {
        "location": "https://github.com/jwee97/duke.git",
        "repoName": "duke",
        "organization": "jwee97"
      },
      "branch": "master",
      "displayName": "jwee97/duke[master]",
      "outputFolderName": "jwee97_duke_master"
    },
    {
      "location": {
        "location": "https://github.com/aakanksha-rai/duke.git",
        "repoName": "duke",
        "organization": "aakanksha-rai"
      },
      "branch": "master",
      "displayName": "aakanksha-rai/duke[master]",
      "outputFolderName": "aakanksha-rai_duke_master"
    },
    {
      "location": {
        "location": "https://github.com/chuayijing/duke.git",
        "repoName": "duke",
        "organization": "chuayijing"
      },
      "branch": "master",
      "displayName": "chuayijing/duke[master]",
      "outputFolderName": "chuayijing_duke_master"
    },
    {
      "location": {
        "location": "https://github.com/fatin99/duke.git",
        "repoName": "duke",
        "organization": "fatin99"
      },
      "branch": "master",
      "displayName": "fatin99/duke[master]",
      "outputFolderName": "fatin99_duke_master"
    },
    {
      "location": {
        "location": "https://github.com/PotatoCombat/duke.git",
        "repoName": "duke",
        "organization": "PotatoCombat"
      },
      "branch": "master",
      "displayName": "PotatoCombat/duke[master]",
      "outputFolderName": "PotatoCombat_duke_master"
    },
    {
      "location": {
        "location": "https://github.com/eclmist/duke.git",
        "repoName": "duke",
        "organization": "eclmist"
      },
      "branch": "master",
      "displayName": "eclmist/duke[master]",
      "outputFolderName": "eclmist_duke_master"
    },
    {
      "location": {
        "location": "https://github.com/lth08091998/duke.git",
        "repoName": "duke",
        "organization": "lth08091998"
      },
      "branch": "master",
      "displayName": "lth08091998/duke[master]",
      "outputFolderName": "lth08091998_duke_master"
    },
    {
      "location": {
        "location": "https://github.com/tiendat161/duke.git",
        "repoName": "duke",
        "organization": "tiendat161"
      },
      "branch": "master",
      "displayName": "tiendat161/duke[master]",
      "outputFolderName": "tiendat161_duke_master"
    },
    {
      "location": {
        "location": "https://github.com/ShengXue97/duke.git",
        "repoName": "duke",
        "organization": "ShengXue97"
      },
      "branch": "master",
      "displayName": "ShengXue97/duke[master]",
      "outputFolderName": "ShengXue97_duke_master"
    },
    {
      "location": {
        "location": "https://github.com/ivanteejj/duke.git",
        "repoName": "duke",
        "organization": "ivanteejj"
      },
      "branch": "master",
      "displayName": "ivanteejj/duke[master]",
      "outputFolderName": "ivanteejj_duke_master"
    },
    {
      "location": {
        "location": "https://github.com/FangShaoHua94/duke.git",
        "repoName": "duke",
        "organization": "FangShaoHua94"
      },
      "branch": "master",
      "displayName": "FangShaoHua94/duke[master]",
      "outputFolderName": "FangShaoHua94_duke_master"
    },
    {
      "location": {
        "location": "https://github.com/LiuChao93/duke.git",
        "repoName": "duke",
        "organization": "LiuChao93"
      },
      "branch": "master",
      "displayName": "LiuChao93/duke[master]",
      "outputFolderName": "LiuChao93_duke_master"
    },
    {
      "location": {
        "location": "https://github.com/NicholasCF/duke.git",
        "repoName": "duke",
        "organization": "NicholasCF"
      },
      "branch": "master",
      "displayName": "NicholasCF/duke[master]",
      "outputFolderName": "NicholasCF_duke_master"
    },
    {
      "location": {
        "location": "https://github.com/PangJiaDa/duke.git",
        "repoName": "duke",
        "organization": "PangJiaDa"
      },
      "branch": "master",
      "displayName": "PangJiaDa/duke[master]",
      "outputFolderName": "PangJiaDa_duke_master"
    },
    {
      "location": {
        "location": "https://github.com/nidorinas/duke.git",
        "repoName": "duke",
        "organization": "nidorinas"
      },
      "branch": "master",
      "displayName": "nidorinas/duke[master]",
      "outputFolderName": "nidorinas_duke_master"
    },
    {
      "location": {
        "location": "https://github.com/ElysiaTanZY/duke.git",
        "repoName": "duke",
        "organization": "ElysiaTanZY"
      },
      "branch": "master",
      "displayName": "ElysiaTanZY/duke[master]",
      "outputFolderName": "ElysiaTanZY_duke_master"
    },
    {
      "location": {
        "location": "https://github.com/hhjoel/duke.git",
        "repoName": "duke",
        "organization": "hhjoel"
      },
      "branch": "master",
      "displayName": "hhjoel/duke[master]",
      "outputFolderName": "hhjoel_duke_master"
    },
    {
      "location": {
        "location": "https://github.com/Vanessa1098/duke.git",
        "repoName": "duke",
        "organization": "Vanessa1098"
      },
      "branch": "master",
      "displayName": "Vanessa1098/duke[master]",
      "outputFolderName": "Vanessa1098_duke_master"
    },
    {
      "location": {
        "location": "https://github.com/harrychengly/duke.git",
        "repoName": "duke",
        "organization": "harrychengly"
      },
      "branch": "master",
      "displayName": "harrychengly/duke[master]",
      "outputFolderName": "harrychengly_duke_master"
    },
    {
      "location": {
        "location": "https://github.com/l2ejected/duke.git",
        "repoName": "duke",
        "organization": "l2ejected"
      },
      "branch": "master",
      "displayName": "l2ejected/duke[master]",
      "outputFolderName": "l2ejected_duke_master"
    },
    {
      "location": {
        "location": "https://github.com/terencemah/duke.git",
        "repoName": "duke",
        "organization": "terencemah"
      },
      "branch": "master",
      "displayName": "terencemah/duke[master]",
      "outputFolderName": "terencemah_duke_master"
    },
    {
      "location": {
        "location": "https://github.com/raivatshah/duke.git",
        "repoName": "duke",
        "organization": "raivatshah"
      },
      "branch": "master",
      "displayName": "raivatshah/duke[master]",
      "outputFolderName": "raivatshah_duke_master"
    },
    {
      "location": {
        "location": "https://github.com/Yujian-Fu/duke.git",
        "repoName": "duke",
        "organization": "Yujian-Fu"
      },
      "branch": "master",
      "displayName": "Yujian-Fu/duke[master]",
      "outputFolderName": "Yujian-Fu_duke_master"
    },
    {
      "location": {
        "location": "https://github.com/JKOK005/duke.git",
        "repoName": "duke",
        "organization": "JKOK005"
      },
      "branch": "master",
      "displayName": "JKOK005/duke[master]",
      "outputFolderName": "JKOK005_duke_master"
    },
    {
      "location": {
        "location": "https://github.com/agnesnatasya/duke.git",
        "repoName": "duke",
        "organization": "agnesnatasya"
      },
      "branch": "master",
      "displayName": "agnesnatasya/duke[master]",
      "outputFolderName": "agnesnatasya_duke_master"
    },
    {
      "location": {
        "location": "https://github.com/CornCobs/duke.git",
        "repoName": "duke",
        "organization": "CornCobs"
      },
      "branch": "master",
      "displayName": "CornCobs/duke[master]",
      "outputFolderName": "CornCobs_duke_master"
    },
    {
      "location": {
        "location": "https://github.com/mario7lorenzo/duke.git",
        "repoName": "duke",
        "organization": "mario7lorenzo"
      },
      "branch": "master",
      "displayName": "mario7lorenzo/duke[master]",
      "outputFolderName": "mario7lorenzo_duke_master"
    },
    {
      "location": {
        "location": "https://github.com/weiichengg/duke.git",
        "repoName": "duke",
        "organization": "weiichengg"
      },
      "branch": "master",
      "displayName": "weiichengg/duke[master]",
      "outputFolderName": "weiichengg_duke_master"
    },
    {
      "location": {
        "location": "https://github.com/bscrow/duke.git",
        "repoName": "duke",
        "organization": "bscrow"
      },
      "branch": "master",
      "displayName": "bscrow/duke[master]",
      "outputFolderName": "bscrow_duke_master"
    },
    {
      "location": {
        "location": "https://github.com/shunde97/duke.git",
        "repoName": "duke",
        "organization": "shunde97"
      },
      "branch": "master",
      "displayName": "shunde97/duke[master]",
      "outputFolderName": "shunde97_duke_master"
    },
    {
      "location": {
        "location": "https://github.com/CranstonYeo/duke.git",
        "repoName": "duke",
        "organization": "CranstonYeo"
      },
      "branch": "master",
      "displayName": "CranstonYeo/duke[master]",
      "outputFolderName": "CranstonYeo_duke_master"
    },
    {
      "location": {
        "location": "https://github.com/suwoons/duke.git",
        "repoName": "duke",
        "organization": "suwoons"
      },
      "branch": "master",
      "displayName": "suwoons/duke[master]",
      "outputFolderName": "suwoons_duke_master"
    },
    {
      "location": {
        "location": "https://github.com/nigelnnk/duke.git",
        "repoName": "duke",
        "organization": "nigelnnk"
      },
      "branch": "master",
      "displayName": "nigelnnk/duke[master]",
      "outputFolderName": "nigelnnk_duke_master"
    },
    {
      "location": {
        "location": "https://github.com/hanchingyong/duke.git",
        "repoName": "duke",
        "organization": "hanchingyong"
      },
      "branch": "master",
      "displayName": "hanchingyong/duke[master]",
      "outputFolderName": "hanchingyong_duke_master"
    },
    {
      "location": {
        "location": "https://github.com/shenghaoc/duke.git",
        "repoName": "duke",
        "organization": "shenghaoc"
      },
      "branch": "master",
      "displayName": "shenghaoc/duke[master]",
      "outputFolderName": "shenghaoc_duke_master"
    },
    {
      "location": {
        "location": "https://github.com/limdylan/duke.git",
        "repoName": "duke",
        "organization": "limdylan"
      },
      "branch": "master",
      "displayName": "limdylan/duke[master]",
      "outputFolderName": "limdylan_duke_master"
    },
    {
      "location": {
        "location": "https://github.com/umaikaze/duke.git",
        "repoName": "duke",
        "organization": "umaikaze"
      },
      "branch": "master",
      "displayName": "umaikaze/duke[master]",
      "outputFolderName": "umaikaze_duke_master"
    },
    {
      "location": {
        "location": "https://github.com/tianqi77/duke.git",
        "repoName": "duke",
        "organization": "tianqi77"
      },
      "branch": "master",
      "displayName": "tianqi77/duke[master]",
      "outputFolderName": "tianqi77_duke_master"
    },
    {
      "location": {
        "location": "https://github.com/Zhu-Ruicong/duke.git",
        "repoName": "duke",
        "organization": "Zhu-Ruicong"
      },
      "branch": "master",
      "displayName": "Zhu-Ruicong/duke[master]",
      "outputFolderName": "Zhu-Ruicong_duke_master"
    },
    {
      "location": {
        "location": "https://github.com/seanlowcy77/duke.git",
        "repoName": "duke",
        "organization": "seanlowcy77"
      },
      "branch": "master",
      "displayName": "seanlowcy77/duke[master]",
      "outputFolderName": "seanlowcy77_duke_master"
    },
    {
      "location": {
        "location": "https://github.com/JingYuOng/duke.git",
        "repoName": "duke",
        "organization": "JingYuOng"
      },
      "branch": "master",
      "displayName": "JingYuOng/duke[master]",
      "outputFolderName": "JingYuOng_duke_master"
    },
    {
      "location": {
        "location": "https://github.com/ErnTekTeoh/duke.git",
        "repoName": "duke",
        "organization": "ErnTekTeoh"
      },
      "branch": "master",
      "displayName": "ErnTekTeoh/duke[master]",
      "outputFolderName": "ErnTekTeoh_duke_master"
    },
    {
      "location": {
        "location": "https://github.com/zhuhanming/duke.git",
        "repoName": "duke",
        "organization": "zhuhanming"
      },
      "branch": "master",
      "displayName": "zhuhanming/duke[master]",
      "outputFolderName": "zhuhanming_duke_master"
    },
    {
      "location": {
        "location": "https://github.com/YingxuH/duke.git",
        "repoName": "duke",
        "organization": "YingxuH"
      },
      "branch": "master",
      "displayName": "YingxuH/duke[master]",
      "outputFolderName": "YingxuH_duke_master"
    },
    {
      "location": {
        "location": "https://github.com/GreenMapleLeaves/duke.git",
        "repoName": "duke",
        "organization": "GreenMapleLeaves"
      },
      "branch": "master",
      "displayName": "GreenMapleLeaves/duke[master]",
      "outputFolderName": "GreenMapleLeaves_duke_master"
    },
    {
      "location": {
        "location": "https://github.com/junhaotan/duke.git",
        "repoName": "duke",
        "organization": "junhaotan"
      },
      "branch": "master",
      "displayName": "junhaotan/duke[master]",
      "outputFolderName": "junhaotan_duke_master"
    },
    {
      "location": {
        "location": "https://github.com/aliciatxl/duke.git",
        "repoName": "duke",
        "organization": "aliciatxl"
      },
      "branch": "master",
      "displayName": "aliciatxl/duke[master]",
      "outputFolderName": "aliciatxl_duke_master"
    },
    {
      "location": {
        "location": "https://github.com/chlalstjr/duke.git",
        "repoName": "duke",
        "organization": "chlalstjr"
      },
      "branch": "master",
      "displayName": "chlalstjr/duke[master]",
      "outputFolderName": "chlalstjr_duke_master"
    },
    {
      "location": {
        "location": "https://github.com/BenFheng/duke.git",
        "repoName": "duke",
        "organization": "BenFheng"
      },
      "branch": "master",
      "displayName": "BenFheng/duke[master]",
      "outputFolderName": "BenFheng_duke_master"
    },
    {
      "location": {
        "location": "https://github.com/HubertHalim/duke.git",
        "repoName": "duke",
        "organization": "HubertHalim"
      },
      "branch": "master",
      "displayName": "HubertHalim/duke[master]",
      "outputFolderName": "HubertHalim_duke_master"
    },
    {
      "location": {
        "location": "https://github.com/PangKimJin/duke.git",
        "repoName": "duke",
        "organization": "PangKimJin"
      },
      "branch": "master",
      "displayName": "PangKimJin/duke[master]",
      "outputFolderName": "PangKimJin_duke_master"
    },
    {
      "location": {
        "location": "https://github.com/lm5lm5/duke.git",
        "repoName": "duke",
        "organization": "lm5lm5"
      },
      "branch": "master",
      "displayName": "lm5lm5/duke[master]",
      "outputFolderName": "lm5lm5_duke_master"
    },
    {
      "location": {
        "location": "https://github.com/WANG-Yuchen-Alice/duke.git",
        "repoName": "duke",
        "organization": "WANG-Yuchen-Alice"
      },
      "branch": "master",
      "displayName": "WANG-Yuchen-Alice/duke[master]",
      "outputFolderName": "WANG-Yuchen-Alice_duke_master"
    },
    {
      "location": {
        "location": "https://github.com/IYVVVVV/duke.git",
        "repoName": "duke",
        "organization": "IYVVVVV"
      },
      "branch": "master",
      "displayName": "IYVVVVV/duke[master]",
      "outputFolderName": "IYVVVVV_duke_master"
    },
    {
      "location": {
        "location": "https://github.com/ZhangYiping126/duke.git",
        "repoName": "duke",
        "organization": "ZhangYiping126"
      },
      "branch": "master",
      "displayName": "ZhangYiping126/duke[master]",
      "outputFolderName": "ZhangYiping126_duke_master"
    }
  ],
  "errorList": [
    {
      "repoName": "alcen/duke[master]",
      "errorMessage": "Failed to clone from https://github.com/alcen/duke.git"
    }
  ],
  "sinceDate": "2020-01-13",
  "untilDate": "2020-02-07",
  "isSinceDateProvided": true,
  "isUntilDateProvided": false
}
