{
  "authorDailyContributionsMap": {
    "CheyanneSim": [
      {
        "insertions": 331,
        "deletions": 54,
        "date": "2020-01-19",
        "commitResults": [
          {
            "hash": "7fc74078e3cb9d8f455b010524d981d0684b289c",
            "messageTitle": "add greet, echo and exit",
            "messageBody": "",
            "tags": [
              "Level-1"
            ],
            "insertions": 22,
            "deletions": 2
          },
          {
            "hash": "732495582f9192deb2f5dfff24070c4737a3ba28",
            "messageTitle": "add list",
            "messageBody": "",
            "tags": [
              "Level-2"
            ],
            "insertions": 12,
            "deletions": 4
          },
          {
            "hash": "df3e1fc11763ace9dc3475bf9cb93738a5af6782",
            "messageTitle": "add Task.java, add the ability to mark tasks as done",
            "messageBody": "",
            "tags": [
              "Level-3"
            ],
            "insertions": 34,
            "deletions": 7
          },
          {
            "hash": "3855f2b0fbe86da93f56cd8f3cdcb6c092a71f7f",
            "messageTitle": "add gradle",
            "messageBody": "",
            "tags": [
              "A-Gradle"
            ],
            "insertions": 1,
            "deletions": 1
          },
          {
            "hash": "5d2c12b638db499458ddcbbafdfa6346d5219fb1",
            "messageTitle": "add suport for tracking todos, deadlines and events",
            "messageBody": "",
            "tags": [
              "Level-4"
            ],
            "insertions": 55,
            "deletions": 4
          },
          {
            "hash": "dbe4ed0a255b4e81b0ad03ca95493bbe6b21f8d9",
            "messageTitle": "add runtest.sh, EXPECTED.txt, input.txt",
            "messageBody": "",
            "tags": [
              "A-TextUiTesting"
            ],
            "insertions": 137,
            "deletions": 10
          },
          {
            "hash": "1e0a1d7b9abdb9c45d29ee145cd7b737bb21638f",
            "messageTitle": "add error handling",
            "messageBody": "",
            "tags": [
              "Level-5"
            ],
            "insertions": 55,
            "deletions": 25
          },
          {
            "hash": "367fddcab57769c5f26ef6217189a68fdd21c6c3",
            "messageTitle": "add support for deleting tasks from the list",
            "messageBody": "",
            "tags": [
              "Level-6"
            ],
            "insertions": 15,
            "deletions": 1
          }
        ]
      },
      {
        "insertions": 55,
        "deletions": 26,
        "date": "2020-01-22",
        "commitResults": [
          {
            "hash": "8be1f6624e3c6aefa0605c8f4d91d35de16e11ca",
            "messageTitle": "cleanup Duke.java and Task.java",
            "messageBody": "",
            "tags": [
              "Level-6a"
            ],
            "insertions": 55,
            "deletions": 26
          }
        ]
      },
      {
        "insertions": 186,
        "deletions": 70,
        "date": "2020-01-26",
        "commitResults": [
          {
            "hash": "0163ada5fad4f14fcc6d2b6a726c8c7ab7e41103",
            "messageTitle": "cleanup indentation on Duke.java",
            "messageBody": "",
            "insertions": 59,
            "deletions": 59
          },
          {
            "hash": "3ca156aeab7761e1848a34db2ed4ab0cb9028f10",
            "messageTitle": "add Storage.java, supports loading from and saving to disk",
            "messageBody": "",
            "insertions": 106,
            "deletions": 2
          },
          {
            "hash": "bd64c9b667cfe2bbcbbb1e677038695343ccee2d",
            "messageTitle": "add date formatting for Deadline.java and Event.java",
            "messageBody": "",
            "insertions": 21,
            "deletions": 9
          }
        ]
      },
      {
        "insertions": 1033,
        "deletions": 146,
        "date": "2020-01-27",
        "commitResults": [
          {
            "hash": "0dd91f2ab736f86c47ac9a9ed60e091a977fc439",
            "messageTitle": "make the code more OOP",
            "messageBody": "",
            "tags": [
              "A-MoreOOP"
            ],
            "insertions": 296,
            "deletions": 119
          },
          {
            "hash": "71781dd1bfa54a420f222fca1c9d46e9db35a282",
            "messageTitle": "organise classes into packages",
            "messageBody": "",
            "tags": [
              "A-Packages"
            ],
            "insertions": 83,
            "deletions": 3
          },
          {
            "hash": "076e11ca483c660ca7fd306befdd1fc0faf53dca",
            "messageTitle": "add JUnit tests",
            "messageBody": "",
            "tags": [
              "A-Jar",
              "A-JUnit"
            ],
            "insertions": 230,
            "deletions": 0
          },
          {
            "hash": "542bcc399ed82f0a9325d6057b48e47bfde63631",
            "messageTitle": "add shadow plugin to create jar file",
            "messageBody": "",
            "insertions": 8,
            "deletions": 0
          },
          {
            "hash": "a31a897f43348b8eea30447b378092d04a262dc9",
            "messageTitle": "add JavaDoc comments",
            "messageBody": "",
            "insertions": 290,
            "deletions": 0
          },
          {
            "hash": "282886b5b85bebc664233d87d0fa1b0609724041",
            "messageTitle": "comply to the coding standard",
            "messageBody": "",
            "insertions": 23,
            "deletions": 16
          },
          {
            "hash": "a0f7622e0eab702e3575b23d491b15684ebcf288",
            "messageTitle": "add support for searching tasks by keyword",
            "messageBody": "",
            "insertions": 100,
            "deletions": 5
          },
          {
            "hash": "8f46636403b8693d110a565032126cfdf012cfc9",
            "messageTitle": "bug fixes in Parser.java",
            "messageBody": "",
            "insertions": 3,
            "deletions": 3
          }
        ]
      },
      {
        "insertions": 59,
        "deletions": 53,
        "date": "2020-01-31",
        "commitResults": [
          {
            "hash": "93aec36ea3da06cbe5ed1151025644782db9954f",
            "messageTitle": "cleanup code with checkstyle and according to coding style",
            "messageBody": "",
            "tags": [
              "A-CheckStyle"
            ],
            "insertions": 59,
            "deletions": 53
          }
        ]
      },
      {
        "insertions": 376,
        "deletions": 275,
        "date": "2020-02-02",
        "commitResults": [
          {
            "hash": "cac246197b8d7afb5df92951d11d609a3a3608a1",
            "messageTitle": "add GUI to Duke",
            "messageBody": "",
            "insertions": 376,
            "deletions": 275
          }
        ]
      },
      {
        "insertions": 309,
        "deletions": 48,
        "date": "2020-02-03",
        "commitResults": [
          {
            "hash": "50945abb1d4c5e50aa8c87cf51c53692a5145d00",
            "messageTitle": "add CLI back",
            "messageBody": "",
            "insertions": 309,
            "deletions": 48
          }
        ]
      },
      {
        "insertions": 140,
        "deletions": 64,
        "date": "2020-02-07",
        "commitResults": [
          {
            "hash": "d3be909a3b2f470937ee3a7e28b8ae6934d773eb",
            "messageTitle": "create classes for different exceptions, change view in dialog box",
            "messageBody": "",
            "insertions": 140,
            "deletions": 64
          }
        ]
      },
      {
        "insertions": 270,
        "deletions": 122,
        "date": "2020-02-08",
        "commitResults": [
          {
            "hash": "6d073d0f770713cf652e1edb38fe89fa162107d3",
            "messageTitle": "use assertion feature in FindCommand.java, Storage.java and Task.java, change test result in ParserTest.java",
            "messageBody": "",
            "insertions": 7,
            "deletions": 3
          },
          {
            "hash": "d96733088603638cebb6c72cca23732b66542ec5",
            "messageTitle": "improve code quality",
            "messageBody": "",
            "insertions": 171,
            "deletions": 96
          },
          {
            "hash": "7d1b8952870f953b63dac8550bdf6ee76ada36b1",
            "messageTitle": "use lambdas",
            "messageBody": "",
            "insertions": 3,
            "deletions": 6
          },
          {
            "hash": "d8475d260abbc9825b6edddfd92f8dbf87ef1aab",
            "messageTitle": "add support to remind users on the overdue and upcoming deadlines when the application starts.",
            "messageBody": "",
            "insertions": 89,
            "deletions": 17
          }
        ]
      },
      {
        "insertions": 125,
        "deletions": 175,
        "date": "2020-02-10",
        "commitResults": [
          {
            "hash": "ea319ba30f51e0c8050a0b9d7618983ba802c1f9",
            "messageTitle": "make changes based on code review",
            "messageBody": "",
            "insertions": 125,
            "deletions": 91
          },
          {
            "hash": "ba6856097398e26a74c9411e4fa3839385972976",
            "messageTitle": "untrack unnecessary files",
            "messageBody": "",
            "insertions": 0,
            "deletions": 84
          }
        ]
      }
    ]
  },
  "authorFinalContributionMap": {
    "CheyanneSim": 1929
  },
  "authorFileTypeContributionMap": {
    "CheyanneSim": {
      "java": 1661,
      "md": 0,
      "fxml": 56,
      "sh": 39,
      "bat": 0,
      "gradle": 37,
      "txt": 136
    }
  },
  "authorContributionVariance": {
    "CheyanneSim": 66564.55
  },
  "authorDisplayNameMap": {
    "CheyanneSim": "CS2103T-W12- 3 CHEY.. SIM"
  }
}
