{
  "authorDailyContributionsMap": {
    "ZhangYiping126": [
      {
        "insertions": 11,
        "deletions": 1,
        "date": "2020-01-20",
        "commitResults": [
          {
            "hash": "f4cb6f8ab5b1b9ad4873f26993d56d4bdd48f08d",
            "messageTitle": "Level-1",
            "messageBody": "",
            "tags": [
              "Level-1"
            ],
            "insertions": 11,
            "deletions": 1
          }
        ]
      },
      {
        "insertions": 341,
        "deletions": 65,
        "date": "2020-01-21",
        "commitResults": [
          {
            "hash": "329db3285939aa32cd9fb33f4670a36f2c7c4ce2",
            "messageTitle": "Level-2",
            "messageBody": "",
            "tags": [
              "Level-2"
            ],
            "insertions": 38,
            "deletions": 1
          },
          {
            "hash": "2b38e76618433ac18b9a85714c92f481315f947d",
            "messageTitle": "Level-3",
            "messageBody": "",
            "tags": [
              "Level-3"
            ],
            "insertions": 41,
            "deletions": 13
          },
          {
            "hash": "aaa84109aad18ac9fe67b41a5c62fb8f0876a235",
            "messageTitle": "Level-4",
            "messageBody": "",
            "tags": [
              "Level-4"
            ],
            "insertions": 74,
            "deletions": 6
          },
          {
            "hash": "e900e13107507ce083ad749ac97e3faf67866d98",
            "messageTitle": "add text-ui-test",
            "messageBody": "",
            "insertions": 94,
            "deletions": 12
          },
          {
            "hash": "7bc9c3f3b41e897fba00e2eb3ce3dafb97b84790",
            "messageTitle": "Level-5",
            "messageBody": "",
            "tags": [
              "Level-5"
            ],
            "insertions": 57,
            "deletions": 25
          },
          {
            "hash": "db857683ffe19b6dda52979b84724199b8b97762",
            "messageTitle": "Level-6",
            "messageBody": "",
            "tags": [
              "Level-6"
            ],
            "insertions": 37,
            "deletions": 8
          }
        ]
      },
      {
        "insertions": 241,
        "deletions": 146,
        "date": "2020-01-28",
        "commitResults": [
          {
            "hash": "337af97d239d98833ca5e8d7ead0a3a245d7a8ba",
            "messageTitle": "Level-7",
            "messageBody": "",
            "insertions": 135,
            "deletions": 11
          },
          {
            "hash": "c24a6ddf28e2a877c1b28cd52f9982bc10ac9120",
            "messageTitle": "Level-7 edit path",
            "messageBody": "",
            "insertions": 7,
            "deletions": 0
          },
          {
            "hash": "60eac8865231616cebfedb966ce5680b01080863",
            "messageTitle": "Level-7 edit path",
            "messageBody": "",
            "insertions": 9,
            "deletions": 7
          },
          {
            "hash": "f5c31973366c178e7f5c8e5dc93cfb47d263e5a1",
            "messageTitle": "edit Level-7",
            "messageBody": "",
            "insertions": 40,
            "deletions": 51
          },
          {
            "hash": "db3fc60a89939f4b010d088d68bbeca13143c0e7",
            "messageTitle": "edit Level-7",
            "messageBody": "",
            "insertions": 2,
            "deletions": 2
          },
          {
            "hash": "2de8869436177ff5920973b07f499d4da26cf8a7",
            "messageTitle": "Level-8",
            "messageBody": "",
            "insertions": 38,
            "deletions": 23
          },
          {
            "hash": "da6534d2a7053f716f5d7d3047bb6d55ef9fb678",
            "messageTitle": "Level-7",
            "messageBody": "",
            "tags": [
              "Level-7"
            ],
            "insertions": 7,
            "deletions": 15
          },
          {
            "hash": "9c61373e0ac09c1d7c95ade7e2f28cdc7a6b1f4d",
            "messageTitle": "Level-8",
            "messageBody": "",
            "tags": [
              "Level-8"
            ],
            "insertions": 3,
            "deletions": 37
          }
        ]
      },
      {
        "insertions": 375,
        "deletions": 195,
        "date": "2020-01-29",
        "commitResults": [
          {
            "hash": "303d582d5ea81f2c917fddd508cb4e7b17674148",
            "messageTitle": "A-MoreOOP",
            "messageBody": "",
            "tags": [
              "A-MoreOOP"
            ],
            "insertions": 240,
            "deletions": 175
          },
          {
            "hash": "6074cefefbf5e6ccf6ad892ec0683ec57453b28b",
            "messageTitle": "A-JUnit",
            "messageBody": "",
            "tags": [
              "v0.0",
              "A-JUnit"
            ],
            "insertions": 36,
            "deletions": 13
          },
          {
            "hash": "88bfecd4d0fdd42d6e44c4898c164c4ad4628f56",
            "messageTitle": "add gradle checkstyle",
            "messageBody": "",
            "insertions": 5,
            "deletions": 0
          },
          {
            "hash": "a96ad932b0cedda1ad0416af721e28430740aad6",
            "messageTitle": "A-JavaDoc",
            "messageBody": "",
            "tags": [
              "A-JavaDoc"
            ],
            "insertions": 78,
            "deletions": 6
          },
          {
            "hash": "a3634b91bbd914ffdd05f4bfadbc61645a7de703",
            "messageTitle": "Level-9",
            "messageBody": "",
            "tags": [
              "Level-9"
            ],
            "insertions": 16,
            "deletions": 1
          }
        ]
      },
      {
        "insertions": 19,
        "deletions": 14,
        "date": "2020-01-30",
        "commitResults": [
          {
            "hash": "d927da38b3d248edb0d8ec0d8ae664a7c8a2f41e",
            "messageTitle": "Update JUnit",
            "messageBody": "",
            "insertions": 1,
            "deletions": 3
          },
          {
            "hash": "43710c9012f08ba300b0637c1bb3f086e1fb0f62",
            "messageTitle": "Update JUnit",
            "messageBody": "",
            "insertions": 0,
            "deletions": 2
          },
          {
            "hash": "383d1e973555981dbf28bedbcd94f6194b381997",
            "messageTitle": "A-CodingStandard",
            "messageBody": "",
            "tags": [
              "A-CodingStandard"
            ],
            "insertions": 14,
            "deletions": 2
          },
          {
            "hash": "16e3b401711eb7cddf782bd8cf3869723d8ccfef",
            "messageTitle": "Edit Test",
            "messageBody": "",
            "insertions": 4,
            "deletions": 7
          }
        ]
      },
      {
        "insertions": 396,
        "deletions": 158,
        "date": "2020-02-05",
        "commitResults": [
          {
            "hash": "78037b9286cb7ddfd8e6b2e9262ea6c3a1dbfedb",
            "messageTitle": "Added Level 10",
            "messageBody": "",
            "tags": [
              "Level-10"
            ],
            "insertions": 298,
            "deletions": 123
          },
          {
            "hash": "22667daf223eb4db15c4ca17e50d2dd5d025c2f6",
            "messageTitle": "A-CheckStyle",
            "messageBody": "",
            "tags": [
              "A-CheckStyle"
            ],
            "insertions": 95,
            "deletions": 35
          },
          {
            "hash": "8445992612548a0d7ee5796d6aad7ba9051012b2",
            "messageTitle": "A-Gradle",
            "messageBody": "",
            "tags": [
              "A-Gradle"
            ],
            "insertions": 3,
            "deletions": 0
          }
        ]
      },
      {
        "insertions": 49,
        "deletions": 32,
        "date": "2020-02-06",
        "commitResults": [
          {
            "hash": "c8ee156313243d4f57f41881de3352036a154c73",
            "messageTitle": "Add dialog resize",
            "messageBody": "",
            "insertions": 41,
            "deletions": 26
          },
          {
            "hash": "b8d01da2fdaa6b5609593f1ce6f1e6774cdb65a7",
            "messageTitle": "Edit icon to be circular",
            "messageBody": "",
            "insertions": 7,
            "deletions": 5
          },
          {
            "hash": "cbba5aa979fc27e266725171cdbc106f9a2658bb",
            "messageTitle": "Edit build.gradle",
            "messageBody": "",
            "insertions": 1,
            "deletions": 1
          }
        ]
      },
      {
        "insertions": 129,
        "deletions": 42,
        "date": "2020-02-11",
        "commitResults": [
          {
            "hash": "a2a114581de1ff007946b396a9210e98fb02825f",
            "messageTitle": "build jar file",
            "messageBody": "",
            "insertions": 24,
            "deletions": 20
          },
          {
            "hash": "005a1a0e2c699aec44e953a7d736855e2d5acdc3",
            "messageTitle": "A-Assertions",
            "messageBody": "",
            "tags": [
              "A-Assertions"
            ],
            "insertions": 7,
            "deletions": 0
          },
          {
            "hash": "65ae16391dda4456e257852c11cec9d593fbf6e0",
            "messageTitle": "Add C-Sort",
            "messageBody": "",
            "tags": [
              "C-Sort"
            ],
            "insertions": 61,
            "deletions": 1
          },
          {
            "hash": "0e7358c0e33c7c4e5fe92841490bbe5bb894b5d7",
            "messageTitle": "A-CodeQuality",
            "messageBody": "",
            "tags": [
              "A-CodeQuality"
            ],
            "insertions": 37,
            "deletions": 21
          }
        ]
      },
      {
        "insertions": 334,
        "deletions": 116,
        "date": "2020-02-18",
        "commitResults": [
          {
            "hash": "f88ec3c16dc9d768afa00f790f9a87e10dfbfc25",
            "messageTitle": "change in output",
            "messageBody": "",
            "insertions": 6,
            "deletions": 0
          },
          {
            "hash": "4400f7534b027b101993da3d6fe836eb5338f0f9",
            "messageTitle": "change output",
            "messageBody": "",
            "insertions": 1,
            "deletions": 4
          },
          {
            "hash": "af925c9bdee54636c17d32601f7f8522617a5b36",
            "messageTitle": "add assertion",
            "messageBody": "",
            "insertions": 1,
            "deletions": 0
          },
          {
            "hash": "04810b777974635c5d9395d55e88476ec58f48e8",
            "messageTitle": "add A-CodeQuality",
            "messageBody": "",
            "insertions": 28,
            "deletions": 26
          },
          {
            "hash": "8c8300b95734d16d2560caeb0a788ad92d4a3320",
            "messageTitle": "fix storage bug",
            "messageBody": "",
            "insertions": 14,
            "deletions": 19
          },
          {
            "hash": "3dbd6a0fa5f909499dfc53582cfd08878f2120de",
            "messageTitle": "change load txt method",
            "messageBody": "",
            "insertions": 82,
            "deletions": 35
          },
          {
            "hash": "cb5f83eb60a451483af1b89ec4c7a7eb49bbd917",
            "messageTitle": "add A-UserGuide",
            "messageBody": "",
            "tags": [
              "A-UserGuide"
            ],
            "insertions": 143,
            "deletions": 10
          },
          {
            "hash": "25b6ff9abc006ab6751b8e132e51edac493dffc2",
            "messageTitle": "improve ui",
            "messageBody": "",
            "insertions": 51,
            "deletions": 21
          },
          {
            "hash": "81faed068ca510d5aa263abd1d12a5219f37a049",
            "messageTitle": "update README",
            "messageBody": "",
            "insertions": 8,
            "deletions": 1
          }
        ]
      },
      {
        "insertions": 99,
        "deletions": 77,
        "date": "2020-02-22",
        "commitResults": [
          {
            "hash": "23f36a63c7aa15b7a82cc14277685afa51713269",
            "messageTitle": "add exit and edit sort",
            "messageBody": "",
            "insertions": 82,
            "deletions": 33
          },
          {
            "hash": "f36aadafcc0c01ab835e7e1a17ab05d0872785f3",
            "messageTitle": "edit format",
            "messageBody": "",
            "insertions": 11,
            "deletions": 37
          },
          {
            "hash": "8352b17b239d942ef8fef5707e34635a5ccbb2b4",
            "messageTitle": "configure checkstyle",
            "messageBody": "",
            "insertions": 4,
            "deletions": 5
          },
          {
            "hash": "3953695071715fd914756fa684a2b9ad3862bace",
            "messageTitle": "Update README.md",
            "messageBody": "",
            "tags": [
              "0.1.3"
            ],
            "insertions": 2,
            "deletions": 2
          }
        ]
      },
      {
        "insertions": 80,
        "deletions": 54,
        "date": "2020-02-23",
        "commitResults": [
          {
            "hash": "e27ab30777d3d982d795da09fc1605b700785e59",
            "messageTitle": "prevent duplicates",
            "messageBody": "",
            "insertions": 77,
            "deletions": 51
          },
          {
            "hash": "4834b9811e5b9d6f2f6769b0f5813c56ae700547",
            "messageTitle": "update readme",
            "messageBody": "",
            "tags": [
              "1.0.5",
              "0.1.4"
            ],
            "insertions": 3,
            "deletions": 3
          }
        ]
      }
    ]
  },
  "authorFinalContributionMap": {
    "ZhangYiping126": 1226
  },
  "authorFileTypeContributionMap": {
    "ZhangYiping126": {
      "java": 883,
      "md": 139,
      "fxml": 73,
      "sh": 34,
      "bat": 0,
      "gradle": 48,
      "txt": 49
    }
  },
  "authorContributionVariance": {
    "ZhangYiping126": 24388.115
  },
  "authorDisplayNameMap": {
    "ZhangYiping126": "CS2103-T09- 4 ZHAN..PING"
  }
}
