{
  "authorDailyContributionsMap": {
    "Samanthaseahpl": [
      {
        "insertions": 389,
        "deletions": 77,
        "date": "2020-01-22",
        "commitResults": [
          {
            "hash": "3cc22cf9f22c92899a6e7584e49ee224b6363505",
            "messageTitle": "level 1",
            "messageBody": "",
            "tags": [
              "Level-1"
            ],
            "insertions": 24,
            "deletions": 0
          },
          {
            "hash": "4b26ec7ecec5957e1004b694213c8a0922fc97aa",
            "messageTitle": "level 2",
            "messageBody": "",
            "tags": [
              "Level-2"
            ],
            "insertions": 42,
            "deletions": 9
          },
          {
            "hash": "af88d4208bdc51c4d21a0022da3d54f7c78b5a4e",
            "messageTitle": "level 3",
            "messageBody": "",
            "tags": [
              "Level-3"
            ],
            "insertions": 39,
            "deletions": 5
          },
          {
            "hash": "7a3e19a6aa8aff81b90dbd47d2e379ef5eed80f9",
            "messageTitle": "level 4",
            "messageBody": "",
            "tags": [
              "Level-4"
            ],
            "insertions": 101,
            "deletions": 1
          },
          {
            "hash": "58e597fb30645832f9afa5b6c2a2f39f0c706981",
            "messageTitle": "A-TextUiTesting",
            "messageBody": "",
            "tags": [
              "A-TextUiTesting"
            ],
            "insertions": 42,
            "deletions": 3
          },
          {
            "hash": "3cd799105b89bf6a88320746b7b69c6e3387b1d7",
            "messageTitle": "level 5",
            "messageBody": "",
            "tags": [
              "Level-5"
            ],
            "insertions": 79,
            "deletions": 26
          },
          {
            "hash": "8b351a2df365861c21d07a330d10774f07f363ea",
            "messageTitle": "level 6",
            "messageBody": "",
            "tags": [
              "Level-6"
            ],
            "insertions": 62,
            "deletions": 33
          }
        ]
      },
      {
        "insertions": 257,
        "deletions": 101,
        "date": "2020-01-29",
        "commitResults": [
          {
            "hash": "c49f88a8407152087675d67dd8b9d441409325f9",
            "messageTitle": "level 7",
            "messageBody": "",
            "tags": [
              "Level-7"
            ],
            "insertions": 97,
            "deletions": 26
          },
          {
            "hash": "80b2552f556a60efaf86479079d6278070492342",
            "messageTitle": "level 8",
            "messageBody": "",
            "tags": [
              "Level-8"
            ],
            "insertions": 45,
            "deletions": 8
          },
          {
            "hash": "d907b01c436c8ee958722e3157ae605427bba499",
            "messageTitle": "A-MoreOOP",
            "messageBody": "",
            "tags": [
              "A-MoreOOP"
            ],
            "insertions": 115,
            "deletions": 67
          }
        ]
      },
      {
        "insertions": 307,
        "deletions": 115,
        "date": "2020-01-30",
        "commitResults": [
          {
            "hash": "6efd2f451f838844c9a13616a95d5b3a97f0bbf4",
            "messageTitle": "A-JUnit",
            "messageBody": "",
            "tags": [
              "A-Jar",
              "A-JUnit"
            ],
            "insertions": 30,
            "deletions": 9
          },
          {
            "hash": "d3800e35f2e0556de00295f9072049741bc81c60",
            "messageTitle": "branch-A-JavaDoc",
            "messageBody": "",
            "tags": [
              "branch-A-JavaDoc"
            ],
            "insertions": 213,
            "deletions": 68
          },
          {
            "hash": "e983c51786bfc404fa22bb939aafcf1e5aab66f7",
            "messageTitle": "branch-A-CodingStandard",
            "messageBody": "",
            "tags": [
              "branch-A-CodingStandard",
              "A-CodingStandard"
            ],
            "insertions": 15,
            "deletions": 23
          },
          {
            "hash": "209048cfee5c77209703b5f6ae360c634202a920",
            "messageTitle": "branch-Level-9",
            "messageBody": "",
            "tags": [
              "branch-Level-9",
              "Level-9"
            ],
            "insertions": 45,
            "deletions": 15
          },
          {
            "hash": "222af6e3d6812b742965056c43f15178babc3692",
            "messageTitle": "Merge branch \u0027branch-A-JavaDoc\u0027 \u0027branch-A-CodingStandard\u0027 \u0027branch-Level-9\u0027",
            "messageBody": "",
            "insertions": 4,
            "deletions": 0
          }
        ]
      },
      {
        "insertions": 39,
        "deletions": 17,
        "date": "2020-02-06",
        "commitResults": [
          {
            "hash": "5902bffbc54521ccbe458e939e9beb035c30ad12",
            "messageTitle": "A-CheckStyle",
            "messageBody": "",
            "tags": [
              "A-CheckStyle"
            ],
            "insertions": 19,
            "deletions": 13
          },
          {
            "hash": "97b2401ebe4b00cda943f1ccdbed0aafec5ba8ee",
            "messageTitle": "Gradle-Shadow",
            "messageBody": "",
            "insertions": 12,
            "deletions": 4
          },
          {
            "hash": "72ccfc170c53c284d1f9177243173056ca6949fe",
            "messageTitle": "Gradle-JUnit",
            "messageBody": "",
            "insertions": 8,
            "deletions": 0
          }
        ]
      },
      {
        "insertions": 5,
        "deletions": 1,
        "date": "2020-02-07",
        "commitResults": [
          {
            "hash": "7336e14931a77b1bf9b19fa53b82fd2056318cc2",
            "messageTitle": "branch-A-JavaFX-Tut1",
            "messageBody": "",
            "insertions": 5,
            "deletions": 1
          }
        ]
      },
      {
        "insertions": 259,
        "deletions": 38,
        "date": "2020-02-10",
        "commitResults": [
          {
            "hash": "d6511fa9ae0982dc4ec78948ba2f2ea4beefb317",
            "messageTitle": "branch-A-JavaFX-Tut2",
            "messageBody": "",
            "insertions": 97,
            "deletions": 33
          },
          {
            "hash": "540d464b4444d14599e81fa1db58048c5175a50c",
            "messageTitle": "branch-A-JavaFX-Tut3",
            "messageBody": "",
            "insertions": 80,
            "deletions": 1
          },
          {
            "hash": "0bc8a79031caa055b7cd5b93f488da6e241b9a77",
            "messageTitle": "branch-A-JavaFX-Tut4",
            "messageBody": "",
            "insertions": 82,
            "deletions": 4
          }
        ]
      },
      {
        "insertions": 342,
        "deletions": 268,
        "date": "2020-02-11",
        "commitResults": [
          {
            "hash": "9322f82723a0aa0b8543b0532ecce8c966d271ac",
            "messageTitle": "branch-Linking to Duke",
            "messageBody": "",
            "insertions": 236,
            "deletions": 245
          },
          {
            "hash": "82b6b51fee4c357b5c9f4e838d1a684bc7baf122",
            "messageTitle": "Level-10",
            "messageBody": "",
            "tags": [
              "Level-10",
              "A-JavaFx"
            ],
            "insertions": 74,
            "deletions": 6
          },
          {
            "hash": "746c535cd0396275da7583c507366f807f50b256",
            "messageTitle": "A-Assertions",
            "messageBody": "",
            "tags": [
              "A-Assertions"
            ],
            "insertions": 32,
            "deletions": 17
          }
        ]
      },
      {
        "insertions": 360,
        "deletions": 244,
        "date": "2020-02-12",
        "commitResults": [
          {
            "hash": "688085cc2b75f09e908c2d6ea64789ecee31f069",
            "messageTitle": "A-CodeQuality",
            "messageBody": "",
            "tags": [
              "A-CodeQuality"
            ],
            "insertions": 217,
            "deletions": 211
          },
          {
            "hash": "d9266158089586c1601f045f3c93c2cf31dc82ed",
            "messageTitle": "B-DetectAnomalies",
            "messageBody": "",
            "tags": [
              "B-DetectAnomalies"
            ],
            "insertions": 143,
            "deletions": 33
          }
        ]
      },
      {
        "insertions": 8,
        "deletions": 1,
        "date": "2020-02-14",
        "commitResults": [
          {
            "hash": "747e9d90a9fe1fe6ded596644871102910c24235",
            "messageTitle": "branch-A-CodeQuality - for pull request purpose.",
            "messageBody": "",
            "insertions": 1,
            "deletions": 0
          },
          {
            "hash": "74e7a88878769ef98b42cac37421bff8f22c922c",
            "messageTitle": "branch-A-Assertions - for pull request purpose.",
            "messageBody": "",
            "insertions": 7,
            "deletions": 1
          }
        ]
      },
      {
        "insertions": 185,
        "deletions": 39,
        "date": "2020-02-19",
        "commitResults": [
          {
            "hash": "6d39b5cecbfdaf89d352f7f828612f58c7e6e6c4",
            "messageTitle": "A-UserGuide",
            "messageBody": "",
            "tags": [
              "A-UserGuide"
            ],
            "insertions": 124,
            "deletions": 38
          },
          {
            "hash": "2ef8f7ded2d62dc9b14030cdf96305d07e4cbd47",
            "messageTitle": "A-Release",
            "messageBody": "",
            "insertions": 61,
            "deletions": 1
          }
        ]
      },
      {
        "insertions": 19,
        "deletions": 1,
        "date": "2020-02-21",
        "commitResults": [
          {
            "hash": "97b6205272bab8d03031eb721c4ca457e807d788",
            "messageTitle": "A-Release (Updated)",
            "messageBody": "",
            "insertions": 19,
            "deletions": 1
          }
        ]
      }
    ]
  },
  "authorFinalContributionMap": {
    "Samanthaseahpl": 1296
  },
  "authorFileTypeContributionMap": {
    "Samanthaseahpl": {
      "java": 1082,
      "md": 116,
      "fxml": 35,
      "sh": 0,
      "bat": 21,
      "gradle": 26,
      "txt": 16
    }
  },
  "authorContributionVariance": {
    "Samanthaseahpl": 29160.715
  },
  "authorDisplayNameMap": {
    "Samanthaseahpl": "CS2103T-F11- 3 SEAH..NTHA"
  }
}
