{
  "authorDailyContributionsMap": {
    "pekchinsiongbrian": [
      {
        "insertions": 251,
        "deletions": 33,
        "date": "2020-01-25",
        "commitResults": [
          {
            "hash": "81a6503a453811494e2a52d0b98ebaf033ae6a2b",
            "messageTitle": "Added Level-1 features",
            "messageBody": "",
            "insertions": 17,
            "deletions": 7
          },
          {
            "hash": "2a176a0a6ac525a6dbed15a3567f8c41d1fb4dc4",
            "messageTitle": "Added Level-2 features",
            "messageBody": "",
            "tags": [
              "Level-2"
            ],
            "insertions": 23,
            "deletions": 6
          },
          {
            "hash": "bbe287013a4561fc0839febf8b9e57c4143b12fc",
            "messageTitle": "Added Level-3 features",
            "messageBody": "",
            "tags": [
              "Level-3"
            ],
            "insertions": 68,
            "deletions": 12
          },
          {
            "hash": "f1c1335b98c7be239296e5de6ef010cb018dc0ec",
            "messageTitle": "Added Level-4 features",
            "messageBody": "",
            "tags": [
              "Level-4"
            ],
            "insertions": 64,
            "deletions": 8
          },
          {
            "hash": "7ad527558ddeb6f550fc0eb19a3ca804de4160d4",
            "messageTitle": "Added A-TextUiTesting",
            "messageBody": "",
            "tags": [
              "A-TextUiTesting"
            ],
            "insertions": 79,
            "deletions": 0
          }
        ]
      },
      {
        "insertions": 167,
        "deletions": 68,
        "date": "2020-01-26",
        "commitResults": [
          {
            "hash": "0cd68f94fad4f041e50576905e72e267223dc14a",
            "messageTitle": "Added Level-5 features",
            "messageBody": "",
            "tags": [
              "Level-5"
            ],
            "insertions": 123,
            "deletions": 53
          },
          {
            "hash": "e8439fc5d7ce3dbe486af639776c228a648895d7",
            "messageTitle": "Added Level-6 features",
            "messageBody": "",
            "tags": [
              "Level-6"
            ],
            "insertions": 44,
            "deletions": 15
          }
        ]
      },
      {
        "insertions": 310,
        "deletions": 62,
        "date": "2020-01-28",
        "commitResults": [
          {
            "hash": "61ef39d4f5299a957b577e57e867e4024af380c2",
            "messageTitle": "Added Level-7 features",
            "messageBody": "",
            "tags": [
              "Level-7"
            ],
            "insertions": 23,
            "deletions": 1
          },
          {
            "hash": "eca24ad3efecd90d88468bc0fcaec57a27bc0605",
            "messageTitle": "Added Level-8 features",
            "messageBody": "",
            "insertions": 287,
            "deletions": 61
          }
        ]
      },
      {
        "insertions": 1,
        "deletions": 0,
        "date": "2020-01-29",
        "commitResults": [
          {
            "hash": "43f5c94d6ce3db1714badabc97657591034a50e4",
            "messageTitle": "Added the saved copy of task list",
            "messageBody": "",
            "insertions": 1,
            "deletions": 0
          }
        ]
      },
      {
        "insertions": 599,
        "deletions": 298,
        "date": "2020-01-31",
        "commitResults": [
          {
            "hash": "d8be6de0e3f3b2de76663d1ca44b2e477070822d",
            "messageTitle": "Added A-MoreOOP",
            "messageBody": "",
            "tags": [
              "A-MoreOOP"
            ],
            "insertions": 599,
            "deletions": 297
          },
          {
            "hash": "a0be4038bf1fda522a44a005fa9fd02b8f79bf31",
            "messageTitle": "Trivial deletion of newline",
            "messageBody": "",
            "insertions": 0,
            "deletions": 1
          }
        ]
      },
      {
        "insertions": 501,
        "deletions": 151,
        "date": "2020-02-01",
        "commitResults": [
          {
            "hash": "d610a96f36b2f7cef79a443ca8b8e044a4d2233a",
            "messageTitle": "Organized into packages",
            "messageBody": "",
            "tags": [
              "A-Packages"
            ],
            "insertions": 23,
            "deletions": 1
          },
          {
            "hash": "398da5e645b33c7bb7643a5c100d9908d0587980",
            "messageTitle": "Added Command class",
            "messageBody": "",
            "tags": [
              "A-Command"
            ],
            "insertions": 280,
            "deletions": 130
          },
          {
            "hash": "6565b8080b2ce724eca71b44e640a954e250a726",
            "messageTitle": "Added more packages",
            "messageBody": "",
            "tags": [
              "A-MorePackages"
            ],
            "insertions": 77,
            "deletions": 19
          },
          {
            "hash": "4e7ef60c601bbeadfe5c47a0c9bb2775e295f506",
            "messageTitle": "Added JUnit tests",
            "messageBody": "",
            "tags": [
              "A-Jar",
              "A-JUnit"
            ],
            "insertions": 99,
            "deletions": 0
          },
          {
            "hash": "655c4b4d3a181d546e859e0151b16c8471d20c91",
            "messageTitle": "Set up gradle",
            "messageBody": "",
            "tags": [
              "A-Gradle"
            ],
            "insertions": 22,
            "deletions": 1
          }
        ]
      },
      {
        "insertions": 943,
        "deletions": 424,
        "date": "2020-02-03",
        "commitResults": [
          {
            "hash": "85e37857a57337eb39371f733eb536024568bf47",
            "messageTitle": "Added Javadocs",
            "messageBody": "",
            "tags": [
              "A-JavaDoc"
            ],
            "insertions": 378,
            "deletions": 29
          },
          {
            "hash": "61e712790a72411d70e44abf8d5c5fab04179cfb",
            "messageTitle": "Edited code to adhere to coding standard",
            "messageBody": "",
            "tags": [
              "A-CodingStandard"
            ],
            "insertions": 393,
            "deletions": 342
          },
          {
            "hash": "162df95e1413a25d163fc9bf85e93c8c2ebbe01a",
            "messageTitle": "Added Find feature",
            "messageBody": "",
            "tags": [
              "Level-9",
              "Find"
            ],
            "insertions": 172,
            "deletions": 53
          }
        ]
      },
      {
        "insertions": 416,
        "deletions": 201,
        "date": "2020-02-04",
        "commitResults": [
          {
            "hash": "eb0497b6df7087055f649a46958407f9ae3a7c6d",
            "messageTitle": "Added Level-10 features",
            "messageBody": "",
            "insertions": 370,
            "deletions": 160
          },
          {
            "hash": "979aa59c597f9c0b184667ebde0c3cccec7e5ba4",
            "messageTitle": "Merged Level-10 branch with master branch and updated Javadocs",
            "messageBody": "",
            "tags": [
              "Level-10"
            ],
            "insertions": 46,
            "deletions": 41
          }
        ]
      },
      {
        "insertions": 1,
        "deletions": 1,
        "date": "2020-02-06",
        "commitResults": [
          {
            "hash": "3e38e8704dad89bf77b13042c9b1a5b1be73a4c0",
            "messageTitle": "Updated build.gradle to point to correct main class",
            "messageBody": "",
            "tags": [
              "v0.1.3"
            ],
            "insertions": 1,
            "deletions": 1
          }
        ]
      },
      {
        "insertions": 119,
        "deletions": 67,
        "date": "2020-02-12",
        "commitResults": [
          {
            "hash": "505601b5d8c54fdeb7cf1cdcc6ba240a9ee40082",
            "messageTitle": "Improved code quality",
            "messageBody": "",
            "tags": [
              "A-CodeQuality"
            ],
            "insertions": 32,
            "deletions": 33
          },
          {
            "hash": "2d3df176577d7f54342424972b7b3b0e6383a550",
            "messageTitle": "Added assertions",
            "messageBody": "",
            "tags": [
              "A-Assertions"
            ],
            "insertions": 11,
            "deletions": 0
          },
          {
            "hash": "84b509490e8e1aca6fe7cfdbc0c62e139ec88ed9",
            "messageTitle": "Added MassOps feature",
            "messageBody": "",
            "tags": [
              "C-MassOps"
            ],
            "insertions": 76,
            "deletions": 34
          }
        ]
      }
    ]
  },
  "authorFinalContributionMap": {
    "pekchinsiongbrian": 2030
  },
  "authorFileTypeContributionMap": {
    "pekchinsiongbrian": {
      "java": 1879,
      "md": 0,
      "fxml": 35,
      "sh": 0,
      "bat": 21,
      "gradle": 37,
      "txt": 58
    }
  },
  "authorContributionVariance": {
    "pekchinsiongbrian": 100048.79
  },
  "authorDisplayNameMap": {
    "pekchinsiongbrian": "CS2103T-T10- 1 PEK ..RIAN"
  }
}
