{
  "authorDailyContributionsMap": {
    "sp-shaopeng": [
      {
        "insertions": 256,
        "deletions": 26,
        "date": "2020-01-20",
        "commitResults": [
          {
            "hash": "c48db09a9030aea1b2f02c5e601822e6d6019242",
            "messageTitle": "Gradle set up",
            "messageBody": "",
            "tags": [
              "A-Gradle",
              "A-CheckStyle"
            ],
            "insertions": 27,
            "deletions": 1
          },
          {
            "hash": "e36df8055fd54d7363995ac93c72c4cccd9294ae",
            "messageTitle": "Level 1. Greet, Echo, Exit",
            "messageBody": "",
            "tags": [
              "Level-1"
            ],
            "insertions": 26,
            "deletions": 0
          },
          {
            "hash": "e1a1ad4933ab1a1461fd44447b203ac4c3ff693c",
            "messageTitle": "Level 2. Add, List",
            "messageBody": "",
            "tags": [
              "Level-2"
            ],
            "insertions": 22,
            "deletions": 1
          },
          {
            "hash": "5b2649b03b19ff6711e0e17dd3dcc929f0163d39",
            "messageTitle": "Level 3. Mark as Done",
            "messageBody": "",
            "tags": [
              "Level-3"
            ],
            "insertions": 40,
            "deletions": 4
          },
          {
            "hash": "ffd8bcc00cdeb6ee6a19252c59352ea7aef564b3",
            "messageTitle": "Level 4. ToDos, Events, Deadlines",
            "messageBody": "",
            "tags": [
              "Level-4"
            ],
            "insertions": 80,
            "deletions": 19
          },
          {
            "hash": "aafa5998c9afeabecc038dcfd59a1aede06c1ccc",
            "messageTitle": "A-TextUiTesting: Automated Text UI Testing",
            "messageBody": "",
            "tags": [
              "A-TextUiTesting"
            ],
            "insertions": 61,
            "deletions": 1
          }
        ]
      },
      {
        "insertions": 125,
        "deletions": 42,
        "date": "2020-01-21",
        "commitResults": [
          {
            "hash": "e7d13cf5cf9490e4d2efc92f7fa0fe3b504fe240",
            "messageTitle": "Level 5. Handle Errors",
            "messageBody": "",
            "tags": [
              "Level-5"
            ],
            "insertions": 84,
            "deletions": 31
          },
          {
            "hash": "7aebb19e3e09c96c2e1b48e8df23e22cacb46dfe",
            "messageTitle": "Level 6. Delete and minor indentation changes",
            "messageBody": "",
            "tags": [
              "Level-6"
            ],
            "insertions": 41,
            "deletions": 11
          }
        ]
      },
      {
        "insertions": 207,
        "deletions": 51,
        "date": "2020-01-28",
        "commitResults": [
          {
            "hash": "96e6f819b8eac9868c04813bf11cdaa5381c4cdf",
            "messageTitle": "Trying to do level 7 in a new branch",
            "messageBody": "",
            "insertions": 59,
            "deletions": 0
          },
          {
            "hash": "5b4a609d610de93f2bf576c868fcd3f1fcdc912e",
            "messageTitle": "UPDATE LVL 7",
            "messageBody": "",
            "insertions": 1,
            "deletions": 1
          },
          {
            "hash": "416146346b8e9a8a256db9d8d2b1c6d5cba00e78",
            "messageTitle": "LEVEL 7 - STILL DEBUGGING",
            "messageBody": "",
            "insertions": 82,
            "deletions": 12
          },
          {
            "hash": "b88fe5e5bc1d61d8a935d0f4948f801ce0208e03",
            "messageTitle": "Level 7 done",
            "messageBody": "",
            "tags": [
              "Level-7"
            ],
            "insertions": 32,
            "deletions": 23
          },
          {
            "hash": "97e8a22b6a9466ca4e6c9968b4f02d5e44c3278b",
            "messageTitle": "Level 8 done",
            "messageBody": "",
            "tags": [
              "Level-8"
            ],
            "insertions": 33,
            "deletions": 15
          }
        ]
      },
      {
        "insertions": 598,
        "deletions": 382,
        "date": "2020-01-29",
        "commitResults": [
          {
            "hash": "84705db152c36a4da65025fef9392e477a611067",
            "messageTitle": "Try to make things more OOP NEW CLASSES: Storage, TaskList and Ui are added Duke Class has been modified for more OOP purpose",
            "messageBody": "",
            "insertions": 311,
            "deletions": 262
          },
          {
            "hash": "aa55eb11045654ccb794501cde5ba7cb6af953a9",
            "messageTitle": "A-MoreOOP DEBUG",
            "messageBody": "",
            "tags": [
              "A-MoreOOP"
            ],
            "insertions": 8,
            "deletions": 5
          },
          {
            "hash": "79a82b8f12e8fdd69854eea85174467b0cdd1195",
            "messageTitle": "A-Package debug and done",
            "messageBody": "",
            "tags": [
              "A-Packages"
            ],
            "insertions": 40,
            "deletions": 16
          },
          {
            "hash": "56176223c2e182b7565c295cdfe8c5e78f1f84a8",
            "messageTitle": "Fix some syntax in Task package Trying out Junit",
            "messageBody": "",
            "insertions": 80,
            "deletions": 18
          },
          {
            "hash": "96b318f8d00fb4157ed7522c64cf98358c72366a",
            "messageTitle": " Add JUnit Tess",
            "messageBody": "",
            "tags": [
              "v0.1",
              "V0.1",
              "A-JUnit"
            ],
            "insertions": 34,
            "deletions": 7
          },
          {
            "hash": "8776e2d1ad0810d5a52dc4ffdecd478e28a789c1",
            "messageTitle": "Create a JAR File",
            "messageBody": "",
            "tags": [
              "A-Jar"
            ],
            "insertions": 17,
            "deletions": 12
          },
          {
            "hash": "53f8affa53c48f00a183c7ae56e88bfd717d9700",
            "messageTitle": "Add Find Function Level-9",
            "messageBody": "",
            "tags": [
              "Level-9"
            ],
            "insertions": 45,
            "deletions": 6
          },
          {
            "hash": "1e97910d759628583943d49640ad26f6da1bb49d",
            "messageTitle": " Tweak the code to comply with a coding standard",
            "messageBody": "",
            "tags": [
              "A-CodingStandard"
            ],
            "insertions": 63,
            "deletions": 56
          }
        ]
      },
      {
        "insertions": 120,
        "deletions": 11,
        "date": "2020-01-30",
        "commitResults": [
          {
            "hash": "65ba93b44516ab0341b6851a9bf95daa3d836986",
            "messageTitle": "Minor change to syntax",
            "messageBody": "",
            "insertions": 120,
            "deletions": 11
          }
        ]
      },
      {
        "insertions": 160,
        "deletions": 138,
        "date": "2020-01-31",
        "commitResults": [
          {
            "hash": "6d71193aed64f5dadef87e749fdec4fffe88c1ed",
            "messageTitle": "Minor Syntax change",
            "messageBody": "",
            "insertions": 160,
            "deletions": 138
          }
        ]
      },
      {
        "insertions": 456,
        "deletions": 153,
        "date": "2020-02-02",
        "commitResults": [
          {
            "hash": "06a95b77d0e60c7f0208652c6271469b62dc8b5c",
            "messageTitle": "Fix all the code before WEEK 3 according to checkstyle",
            "messageBody": "",
            "insertions": 456,
            "deletions": 153
          }
        ]
      },
      {
        "insertions": 885,
        "deletions": 634,
        "date": "2020-02-04",
        "commitResults": [
          {
            "hash": "495722c5be3d9be9e17ee0a3a672368bcefeed6f",
            "messageTitle": "Level 10... Finish up to TUT 3",
            "messageBody": "",
            "insertions": 348,
            "deletions": 135
          },
          {
            "hash": "76879d3d45227f25f4aee263f7f9dc047c510409",
            "messageTitle": "Level 10... Finish up to tut 4",
            "messageBody": "",
            "tags": [
              "Level-10"
            ],
            "insertions": 236,
            "deletions": 253
          },
          {
            "hash": "4ea581b32418e8b57a154800df5cc97c23ed0abc",
            "messageTitle": "Use var-args in FindTask.java, implemented search method",
            "messageBody": "",
            "tags": [
              "A-Varargs"
            ],
            "insertions": 32,
            "deletions": 7
          },
          {
            "hash": "245ff5ebffa6df99479c0e4f628fe916576483a2",
            "messageTitle": "Minor syntax change and clean up code",
            "messageBody": "",
            "insertions": 105,
            "deletions": 97
          },
          {
            "hash": "3b81fc10d419b981894f8ebb9c2b50c93d336de5",
            "messageTitle": "Minor JavaFX adjustment",
            "messageBody": "",
            "insertions": 164,
            "deletions": 142
          }
        ]
      },
      {
        "insertions": 68,
        "deletions": 25,
        "date": "2020-02-05",
        "commitResults": [
          {
            "hash": "448fb8a4907eff1221e6ca492fabf173b379d961",
            "messageTitle": "add in icon change the layout for text field and send button",
            "messageBody": "",
            "insertions": 68,
            "deletions": 25
          }
        ]
      },
      {
        "insertions": 307,
        "deletions": 83,
        "date": "2020-02-09",
        "commitResults": [
          {
            "hash": "f9335400726cb2d4b31cea8bf170ad65ae576fc4",
            "messageTitle": "mirror syntax fix",
            "messageBody": "",
            "insertions": 42,
            "deletions": 30
          },
          {
            "hash": "11392067c692a05787ce6bf6277bd5e388917931",
            "messageTitle": "Adding in dependency and Set up shadow Jar",
            "messageBody": "",
            "insertions": 21,
            "deletions": 2
          },
          {
            "hash": "2a4db8ff1e8bee40185516be232dfe2dff1d775b",
            "messageTitle": "Assertion added",
            "messageBody": "",
            "insertions": 18,
            "deletions": 6
          },
          {
            "hash": "d0bfd2b2a1b419497ceb6d72c9ed8a5e6feee0ae",
            "messageTitle": "Improve on code quality",
            "messageBody": "",
            "tags": [
              "A-CodeQuality"
            ],
            "insertions": 44,
            "deletions": 24
          },
          {
            "hash": "78f9579d5e9d026de26744d1c61c93c563502119",
            "messageTitle": "Add undo feature... Allows multiple undo",
            "messageBody": "",
            "insertions": 160,
            "deletions": 19
          },
          {
            "hash": "0ab05d0161198ec8cb2a93bf1c0f5173cae195e4",
            "messageTitle": "Syntax fix",
            "messageBody": "",
            "insertions": 22,
            "deletions": 2
          }
        ]
      },
      {
        "insertions": 19,
        "deletions": 7,
        "date": "2020-02-15",
        "commitResults": [
          {
            "hash": "93455401e7d3630980cc6b28d46d29fbebaa051b",
            "messageTitle": "code - clean up",
            "messageBody": "",
            "insertions": 1,
            "deletions": 1
          },
          {
            "hash": "83a2c746bde12d8855103617fb3f0f6f4c45d6cf",
            "messageTitle": "fix some bug",
            "messageBody": "",
            "insertions": 14,
            "deletions": 5
          },
          {
            "hash": "20fca4600570ea73a409a12de15e7e428451c540",
            "messageTitle": "fix java doc",
            "messageBody": "",
            "insertions": 4,
            "deletions": 1
          }
        ]
      },
      {
        "insertions": 310,
        "deletions": 151,
        "date": "2020-02-17",
        "commitResults": [
          {
            "hash": "686281bb6e03b6eba2da849107170d55a059a67b",
            "messageTitle": "Add Ui.png.png",
            "messageBody": "",
            "insertions": 14,
            "deletions": 11
          },
          {
            "hash": "dc6f6a6a62a43f65416d3ba7bea4a48f58ed02d1",
            "messageTitle": "Change Ui.png",
            "messageBody": "",
            "insertions": 1,
            "deletions": 0
          },
          {
            "hash": "e0db95c92d112ee4945db8cc3c1d8723eb6db186",
            "messageTitle": "User guide",
            "messageBody": "",
            "insertions": 145,
            "deletions": 11
          },
          {
            "hash": "7c76e2d7cbfdac3702e9d9365538d9e35f25abef",
            "messageTitle": "User Guide modification",
            "messageBody": "",
            "insertions": 36,
            "deletions": 36
          },
          {
            "hash": "c4acb52cac20719eb3c7b9a0a1c319057b4313f2",
            "messageTitle": "User Guide modification: fix the container issue",
            "messageBody": "",
            "insertions": 111,
            "deletions": 86
          },
          {
            "hash": "66667082406228294d9bb44db4b6cafe40911882",
            "messageTitle": "User Guide modification: fix UG\u0027s layout",
            "messageBody": "",
            "tags": [
              "A-UserGuide"
            ],
            "insertions": 3,
            "deletions": 7
          }
        ]
      },
      {
        "insertions": 222,
        "deletions": 119,
        "date": "2020-02-18",
        "commitResults": [
          {
            "hash": "893c98fce76b5553f5c93a394fe51dec6a1e67fb",
            "messageTitle": "Fix some codes and UG",
            "messageBody": "",
            "insertions": 28,
            "deletions": 5
          },
          {
            "hash": "b61a6c4deb0c2b02949c1aa42fa9fd6a37d16731",
            "messageTitle": "Minor bug fix",
            "messageBody": "",
            "insertions": 23,
            "deletions": 5
          },
          {
            "hash": "583db3106ca8f1bf3d0971ab330851ef361b29ab",
            "messageTitle": "Add in time format for Deadlines and Events",
            "messageBody": "",
            "insertions": 171,
            "deletions": 109
          }
        ]
      },
      {
        "insertions": 15,
        "deletions": 11,
        "date": "2020-02-19",
        "commitResults": [
          {
            "hash": "88e14b5b3986c4681ce6ba3386f85870ba343c67",
            "messageTitle": "Tidy up UG",
            "messageBody": "",
            "insertions": 15,
            "deletions": 11
          }
        ]
      },
      {
        "insertions": 16,
        "deletions": 10,
        "date": "2020-02-21",
        "commitResults": [
          {
            "hash": "b18b5fb60b6b178dfd464ebdb146b8d008d4b9e2",
            "messageTitle": "Minor bug fix",
            "messageBody": "",
            "tags": [
              "V0.3"
            ],
            "insertions": 16,
            "deletions": 10
          }
        ]
      },
      {
        "insertions": 6,
        "deletions": 10,
        "date": "2020-02-29",
        "commitResults": [
          {
            "hash": "b1538cbf6958093ffc49a6b4b92bfe46f45bfb9c",
            "messageTitle": "Fix test case",
            "messageBody": "",
            "insertions": 6,
            "deletions": 10
          }
        ]
      }
    ]
  },
  "authorFinalContributionMap": {
    "sp-shaopeng": 1858
  },
  "authorFileTypeContributionMap": {
    "sp-shaopeng": {
      "java": 1504,
      "md": 155,
      "fxml": 69,
      "sh": 0,
      "bat": 21,
      "gradle": 56,
      "txt": 53
    }
  },
  "authorContributionVariance": {
    "sp-shaopeng": 78160.62
  },
  "authorDisplayNameMap": {
    "sp-shaopeng": "CS2103T-T10- 3 ZHEN..PENG"
  }
}
