{
  "authorDailyContributionsMap": {
    "sp-shaopeng": [
      {
        "insertions": 256,
        "deletions": 26,
        "date": "2020-01-20",
        "commitResults": [
          {
            "hash": "c48db09a9030aea1b2f02c5e601822e6d6019242",
            "messageTitle": "Gradle set up",
            "messageBody": "",
            "tags": [
              "A-Gradle",
              "A-CheckStyle"
            ],
            "insertions": 27,
            "deletions": 1
          },
          {
            "hash": "e36df8055fd54d7363995ac93c72c4cccd9294ae",
            "messageTitle": "Level 1. Greet, Echo, Exit",
            "messageBody": "",
            "tags": [
              "Level-1"
            ],
            "insertions": 26,
            "deletions": 0
          },
          {
            "hash": "e1a1ad4933ab1a1461fd44447b203ac4c3ff693c",
            "messageTitle": "Level 2. Add, List",
            "messageBody": "",
            "tags": [
              "Level-2"
            ],
            "insertions": 22,
            "deletions": 1
          },
          {
            "hash": "5b2649b03b19ff6711e0e17dd3dcc929f0163d39",
            "messageTitle": "Level 3. Mark as Done",
            "messageBody": "",
            "tags": [
              "Level-3"
            ],
            "insertions": 40,
            "deletions": 4
          },
          {
            "hash": "ffd8bcc00cdeb6ee6a19252c59352ea7aef564b3",
            "messageTitle": "Level 4. ToDos, Events, Deadlines",
            "messageBody": "",
            "tags": [
              "Level-4"
            ],
            "insertions": 80,
            "deletions": 19
          },
          {
            "hash": "aafa5998c9afeabecc038dcfd59a1aede06c1ccc",
            "messageTitle": "A-TextUiTesting: Automated Text UI Testing",
            "messageBody": "",
            "tags": [
              "A-TextUiTesting"
            ],
            "insertions": 61,
            "deletions": 1
          }
        ]
      },
      {
        "insertions": 125,
        "deletions": 42,
        "date": "2020-01-21",
        "commitResults": [
          {
            "hash": "e7d13cf5cf9490e4d2efc92f7fa0fe3b504fe240",
            "messageTitle": "Level 5. Handle Errors",
            "messageBody": "",
            "tags": [
              "Level-5"
            ],
            "insertions": 84,
            "deletions": 31
          },
          {
            "hash": "7aebb19e3e09c96c2e1b48e8df23e22cacb46dfe",
            "messageTitle": "Level 6. Delete and minor indentation changes",
            "messageBody": "",
            "tags": [
              "Level-6"
            ],
            "insertions": 41,
            "deletions": 11
          }
        ]
      },
      {
        "insertions": 207,
        "deletions": 51,
        "date": "2020-01-28",
        "commitResults": [
          {
            "hash": "96e6f819b8eac9868c04813bf11cdaa5381c4cdf",
            "messageTitle": "Trying to do level 7 in a new branch",
            "messageBody": "",
            "insertions": 59,
            "deletions": 0
          },
          {
            "hash": "5b4a609d610de93f2bf576c868fcd3f1fcdc912e",
            "messageTitle": "UPDATE LVL 7",
            "messageBody": "",
            "insertions": 1,
            "deletions": 1
          },
          {
            "hash": "416146346b8e9a8a256db9d8d2b1c6d5cba00e78",
            "messageTitle": "LEVEL 7 - STILL DEBUGGING",
            "messageBody": "",
            "insertions": 82,
            "deletions": 12
          },
          {
            "hash": "b88fe5e5bc1d61d8a935d0f4948f801ce0208e03",
            "messageTitle": "Level 7 done",
            "messageBody": "",
            "tags": [
              "Level-7"
            ],
            "insertions": 32,
            "deletions": 23
          },
          {
            "hash": "97e8a22b6a9466ca4e6c9968b4f02d5e44c3278b",
            "messageTitle": "Level 8 done",
            "messageBody": "",
            "tags": [
              "Level-8"
            ],
            "insertions": 33,
            "deletions": 15
          }
        ]
      },
      {
        "insertions": 598,
        "deletions": 382,
        "date": "2020-01-29",
        "commitResults": [
          {
            "hash": "84705db152c36a4da65025fef9392e477a611067",
            "messageTitle": "Try to make things more OOP NEW CLASSES: Storage, TaskList and Ui are added Duke Class has been modified for more OOP purpose",
            "messageBody": "",
            "insertions": 311,
            "deletions": 262
          },
          {
            "hash": "aa55eb11045654ccb794501cde5ba7cb6af953a9",
            "messageTitle": "A-MoreOOP DEBUG",
            "messageBody": "",
            "tags": [
              "A-MoreOOP"
            ],
            "insertions": 8,
            "deletions": 5
          },
          {
            "hash": "79a82b8f12e8fdd69854eea85174467b0cdd1195",
            "messageTitle": "A-Package debug and done",
            "messageBody": "",
            "tags": [
              "A-Packages"
            ],
            "insertions": 40,
            "deletions": 16
          },
          {
            "hash": "56176223c2e182b7565c295cdfe8c5e78f1f84a8",
            "messageTitle": "Fix some syntax in Task package Trying out Junit",
            "messageBody": "",
            "insertions": 80,
            "deletions": 18
          },
          {
            "hash": "96b318f8d00fb4157ed7522c64cf98358c72366a",
            "messageTitle": " Add JUnit Tess",
            "messageBody": "",
            "tags": [
              "v0.1",
              "V0.1",
              "A-JUnit"
            ],
            "insertions": 34,
            "deletions": 7
          },
          {
            "hash": "8776e2d1ad0810d5a52dc4ffdecd478e28a789c1",
            "messageTitle": "Create a JAR File",
            "messageBody": "",
            "tags": [
              "A-Jar"
            ],
            "insertions": 17,
            "deletions": 12
          },
          {
            "hash": "53f8affa53c48f00a183c7ae56e88bfd717d9700",
            "messageTitle": "Add Find Function Level-9",
            "messageBody": "",
            "tags": [
              "Level-9"
            ],
            "insertions": 45,
            "deletions": 6
          },
          {
            "hash": "1e97910d759628583943d49640ad26f6da1bb49d",
            "messageTitle": " Tweak the code to comply with a coding standard",
            "messageBody": "",
            "tags": [
              "A-CodingStandard"
            ],
            "insertions": 63,
            "deletions": 56
          }
        ]
      },
      {
        "insertions": 120,
        "deletions": 11,
        "date": "2020-01-30",
        "commitResults": [
          {
            "hash": "65ba93b44516ab0341b6851a9bf95daa3d836986",
            "messageTitle": "Minor change to syntax",
            "messageBody": "",
            "insertions": 120,
            "deletions": 11
          }
        ]
      },
      {
        "insertions": 160,
        "deletions": 138,
        "date": "2020-01-31",
        "commitResults": [
          {
            "hash": "6d71193aed64f5dadef87e749fdec4fffe88c1ed",
            "messageTitle": "Minor Syntax change",
            "messageBody": "",
            "insertions": 160,
            "deletions": 138
          }
        ]
      },
      {
        "insertions": 456,
        "deletions": 153,
        "date": "2020-02-02",
        "commitResults": [
          {
            "hash": "06a95b77d0e60c7f0208652c6271469b62dc8b5c",
            "messageTitle": "Fix all the code before WEEK 3 according to checkstyle",
            "messageBody": "",
            "insertions": 456,
            "deletions": 153
          }
        ]
      },
      {
        "insertions": 721,
        "deletions": 492,
        "date": "2020-02-04",
        "commitResults": [
          {
            "hash": "495722c5be3d9be9e17ee0a3a672368bcefeed6f",
            "messageTitle": "Level 10... Finish up to TUT 3",
            "messageBody": "",
            "insertions": 348,
            "deletions": 135
          },
          {
            "hash": "76879d3d45227f25f4aee263f7f9dc047c510409",
            "messageTitle": "Level 10... Finish up to tut 4",
            "messageBody": "",
            "tags": [
              "Level-10"
            ],
            "insertions": 236,
            "deletions": 253
          },
          {
            "hash": "4ea581b32418e8b57a154800df5cc97c23ed0abc",
            "messageTitle": "Use var-args in FindTask.java, implemented search method",
            "messageBody": "",
            "tags": [
              "A-Varargs"
            ],
            "insertions": 32,
            "deletions": 7
          },
          {
            "hash": "245ff5ebffa6df99479c0e4f628fe916576483a2",
            "messageTitle": "Minor syntax change and clean up code",
            "messageBody": "",
            "insertions": 105,
            "deletions": 97
          }
        ]
      }
    ]
  },
  "authorFinalContributionMap": {
    "sp-shaopeng": 1282
  },
  "authorFileTypeContributionMap": {
    "sp-shaopeng": {
      "java": 1146,
      "md": 0,
      "fxml": 35,
      "sh": 0,
      "bat": 21,
      "gradle": 37,
      "txt": 43
    }
  },
  "authorContributionVariance": {
    "sp-shaopeng": 104710.35
  },
  "authorDisplayNameMap": {
    "sp-shaopeng": "CS2103T-T10- 3 ZHEN..PENG"
  }
}
