{
  "authorDailyContributionsMap": {
    "johannagwan": [
      {
        "insertions": 407,
        "deletions": 91,
        "date": "2020-01-23",
        "commitResults": [
          {
            "hash": "f4f368c4a2255917fa41a3ee1d6df7ad9af8dc9c",
            "messageTitle": "Add greet, echo, exit for Level-1",
            "messageBody": "",
            "insertions": 27,
            "deletions": 6
          },
          {
            "hash": "a695eedd3062d9d7df05c053452a044f9526da79",
            "messageTitle": "Add add, list for Level-2",
            "messageBody": "",
            "insertions": 27,
            "deletions": 9
          },
          {
            "hash": "220dadd87922b19a20bf6529a71749f622d83983",
            "messageTitle": "Add mark as done for Level-3",
            "messageBody": "",
            "insertions": 48,
            "deletions": 10
          },
          {
            "hash": "733eb6ecf549c42e56aab54e6fe87759430ceb90",
            "messageTitle": "add ToDos, Events, Deadlines for Level-4",
            "messageBody": "",
            "insertions": 91,
            "deletions": 4
          },
          {
            "hash": "4479af1e0a7e2e92b5a19d539d0f64e5f295ecf5",
            "messageTitle": "Add A-TextUiTesting",
            "messageBody": "",
            "insertions": 89,
            "deletions": 0
          },
          {
            "hash": "5ebdf3efece876f52d29af5e500654aea327d3cc",
            "messageTitle": "Add Exceptions for Level-5",
            "messageBody": "",
            "insertions": 49,
            "deletions": 30
          },
          {
            "hash": "3770b0d202ec615b9648f690f1fda3bc5cbcfc3a",
            "messageTitle": "Add Exceptions for Level-5",
            "messageBody": "",
            "insertions": 23,
            "deletions": 2
          },
          {
            "hash": "d5042820bd9283f57bf12a46f6b948306faab6f1",
            "messageTitle": "Add delete for Level-6",
            "messageBody": "",
            "insertions": 19,
            "deletions": 1
          },
          {
            "hash": "94a9babf86602c2aa71ef46202851b86202351b2",
            "messageTitle": "Add delete for Level-6",
            "messageBody": "",
            "insertions": 34,
            "deletions": 29
          }
        ]
      },
      {
        "insertions": 240,
        "deletions": 87,
        "date": "2020-01-27",
        "commitResults": [
          {
            "hash": "cfe8c72df6e4432609a6adf15521a6803ff4aeb7",
            "messageTitle": "Reorganise Duke.java",
            "messageBody": "",
            "insertions": 11,
            "deletions": 2
          },
          {
            "hash": "3a1f84ff748ba8da7196779e1b98d871640407b4",
            "messageTitle": "Add InvalidTaskInputException",
            "messageBody": "",
            "insertions": 21,
            "deletions": 19
          },
          {
            "hash": "af5dca98a9a8218b8cd37a18eb893cb727c16273",
            "messageTitle": "Check input validation for Done",
            "messageBody": "",
            "insertions": 20,
            "deletions": 2
          },
          {
            "hash": "00b0dfac38d25e4c39da910cafc04920be4debd2",
            "messageTitle": "Add reading file input for Level-7",
            "messageBody": "",
            "insertions": 81,
            "deletions": 28
          },
          {
            "hash": "90aeb6fceb80aa021fce3d02bf32204435d9f6d3",
            "messageTitle": "Add save to hard disk for Level-7",
            "messageBody": "",
            "insertions": 107,
            "deletions": 36
          }
        ]
      },
      {
        "insertions": 96,
        "deletions": 28,
        "date": "2020-01-28",
        "commitResults": [
          {
            "hash": "91be115ae093f30a5a2c92831337f0e2afac9bc0",
            "messageTitle": "Add automatic save to hard disk for Level-7",
            "messageBody": "",
            "insertions": 45,
            "deletions": 18
          },
          {
            "hash": "be8e805bdf63c82980f2322f653ff31c217c671f",
            "messageTitle": "Add dates formatting for Level-8",
            "messageBody": "",
            "insertions": 51,
            "deletions": 10
          }
        ]
      },
      {
        "insertions": 852,
        "deletions": 336,
        "date": "2020-01-29",
        "commitResults": [
          {
            "hash": "7a6056a43c1efc21401e337977c1555a4f89562a",
            "messageTitle": "Add A-MoreOOP",
            "messageBody": "",
            "insertions": 430,
            "deletions": 287
          },
          {
            "hash": "060be277d0a8c7af70484ee2224070040f0c06a8",
            "messageTitle": "Add delete in storage for Level-7",
            "messageBody": "",
            "insertions": 30,
            "deletions": 6
          },
          {
            "hash": "3a897bacca82a01c8411e4f99e8ac7135a29389f",
            "messageTitle": "Put all classes in a package for A-Packages",
            "messageBody": "",
            "insertions": 30,
            "deletions": 5
          },
          {
            "hash": "02912bc7ef4de8e52d9f7e4eff5825a7afcab195",
            "messageTitle": "Add JavaDoc comments",
            "messageBody": "",
            "insertions": 105,
            "deletions": 19
          },
          {
            "hash": "0b9c478e26afa703c4fb166115ee93145a6ce422",
            "messageTitle": "Automate project builds using Gradle",
            "messageBody": "",
            "insertions": 12,
            "deletions": 0
          },
          {
            "hash": "57289d39548379c47911c33a68bed82b163412f1",
            "messageTitle": "Add JUnit tests to test the behavior of the code",
            "messageBody": "",
            "insertions": 51,
            "deletions": 0
          },
          {
            "hash": "7068d29e69d17d88245222fd72f24951ca6e41b3",
            "messageTitle": "Add JUnit tests to test the behavior of the code",
            "messageBody": "",
            "insertions": 16,
            "deletions": 1
          },
          {
            "hash": "8372d0d48729047262a7ca98740a715f3d11b599",
            "messageTitle": "Package the App as a JAR file",
            "messageBody": "",
            "insertions": 13,
            "deletions": 1
          },
          {
            "hash": "e3051bf99a78b501e61283d4fce738c4a3a1c9aa",
            "messageTitle": "Add JavaDoc comments for A-JavaDoc",
            "messageBody": "",
            "insertions": 165,
            "deletions": 17
          }
        ]
      },
      {
        "insertions": 132,
        "deletions": 128,
        "date": "2020-01-30",
        "commitResults": [
          {
            "hash": "11d46091683f1b46a7883e75b04eff4a9b01c71d",
            "messageTitle": "Add find task for Level-9",
            "messageBody": "",
            "insertions": 132,
            "deletions": 128
          }
        ]
      },
      {
        "insertions": 52,
        "deletions": 8,
        "date": "2020-02-01",
        "commitResults": [
          {
            "hash": "d3c39134fbafe84f6ba120375726177f7024af53",
            "messageTitle": "Add checkStyle to detect coding style violations for A-CheckStyle",
            "messageBody": "",
            "insertions": 7,
            "deletions": 3
          },
          {
            "hash": "c65b0d48687d1b7e891b72d88922cb7361441682",
            "messageTitle": "Set up Java FX and add Launcher",
            "messageBody": "",
            "insertions": 45,
            "deletions": 5
          }
        ]
      },
      {
        "insertions": 163,
        "deletions": 10,
        "date": "2020-02-02",
        "commitResults": [
          {
            "hash": "0c86a879a899720340a071c3ce256be328bd3caf",
            "messageTitle": "Create a GUI for Duke (JavaFX Tutorial Part 2)",
            "messageBody": "",
            "insertions": 57,
            "deletions": 4
          },
          {
            "hash": "973ca8660ad4fdb22462f5ceed60b14b19feca7f",
            "messageTitle": "Echo the user (JavaFx Tutorial 3 Iteration 1)",
            "messageBody": "",
            "insertions": 28,
            "deletions": 0
          },
          {
            "hash": "e61a7258f7aa04edc0facdb5bd2892a21e8740e7",
            "messageTitle": "Add dialog boxes (JavaFx Tutorial 3 Iteration 2)",
            "messageBody": "",
            "insertions": 53,
            "deletions": 4
          },
          {
            "hash": "573d41b1561a55788be06ddf44c1267cfa9a5ba8",
            "messageTitle": "Add custom behavior to DialogBox (JavaFX Tutorial 3 Iteration 3)",
            "messageBody": "",
            "insertions": 25,
            "deletions": 2
          }
        ]
      },
      {
        "insertions": 401,
        "deletions": 398,
        "date": "2020-02-03",
        "commitResults": [
          {
            "hash": "7b6dee398c2e9a831f0a36d251d5fa6e93f7d91a",
            "messageTitle": "Add FXML (JavaFx Tutorial 4)",
            "messageBody": "",
            "insertions": 274,
            "deletions": 266
          },
          {
            "hash": "09de508cb496061866f76ef6f082eed48f4fbcb3",
            "messageTitle": "Refactor code",
            "messageBody": "",
            "insertions": 127,
            "deletions": 132
          }
        ]
      }
    ]
  },
  "authorFinalContributionMap": {
    "johannagwan": 1270
  },
  "authorFileTypeContributionMap": {
    "johannagwan": {
      "gradle": 35,
      "txt": 5,
      "properties": 3,
      "java": 38,
      "java": 61,
      "java": 63,
      "java": 4,
      "java": 8,
      "java": 37,
      "java": 8,
      "java": 8,
      "java": 13,
      "java": 12,
      "java": 40,
      "java": 51,
      "java": 89,
      "java": 251,
      "java": 57,
      "java": 8,
      "java": 235,
      "java": 27,
      "java": 28,
      "fxml": 16,
      "fxml": 19,
      "java": 4,
      "java": 14,
      "java": 18,
      "java": 29,
      "TXT": 29,
      "txt": 29,
      "txt": 10,
      "bat": 21
    }
  },
  "authorContributionVariance": {
    "johannagwan": 69093.266
  },
  "authorDisplayNameMap": {
    "johannagwan": "CS2103T-W17- 2 JOHA..ANNA"
  }
}
