[
  {
    "path": "src/main/java/Deadline.java",
    "fileType": "java",
    "lines": [
      {
        "lineNumber": 1,
        "author": {
          "gitId": "vuhieunguyen"
        },
        "content": "public class Deadline extends Task {"
      },
      {
        "lineNumber": 2,
        "author": {
          "gitId": "vuhieunguyen"
        },
        "content": ""
      },
      {
        "lineNumber": 3,
        "author": {
          "gitId": "vuhieunguyen"
        },
        "content": "    protected String by;"
      },
      {
        "lineNumber": 4,
        "author": {
          "gitId": "vuhieunguyen"
        },
        "content": ""
      },
      {
        "lineNumber": 5,
        "author": {
          "gitId": "vuhieunguyen"
        },
        "content": "    public Deadline(String description, String by) {"
      },
      {
        "lineNumber": 6,
        "author": {
          "gitId": "vuhieunguyen"
        },
        "content": "        super(description);"
      },
      {
        "lineNumber": 7,
        "author": {
          "gitId": "vuhieunguyen"
        },
        "content": "        this.by \u003d by;"
      },
      {
        "lineNumber": 8,
        "author": {
          "gitId": "vuhieunguyen"
        },
        "content": "    }"
      },
      {
        "lineNumber": 9,
        "author": {
          "gitId": "vuhieunguyen"
        },
        "content": ""
      },
      {
        "lineNumber": 10,
        "author": {
          "gitId": "vuhieunguyen"
        },
        "content": "    @Override"
      },
      {
        "lineNumber": 11,
        "author": {
          "gitId": "vuhieunguyen"
        },
        "content": "    public String toString() {"
      },
      {
        "lineNumber": 12,
        "author": {
          "gitId": "vuhieunguyen"
        },
        "content": "        return \"[D]\" + super.toString() + \" (by: \" + by + \")\";"
      },
      {
        "lineNumber": 13,
        "author": {
          "gitId": "vuhieunguyen"
        },
        "content": "    }"
      },
      {
        "lineNumber": 14,
        "author": {
          "gitId": "vuhieunguyen"
        },
        "content": "}"
      }
    ],
    "authorContributionMap": {
      "vuhieunguyen": 14
    }
  },
  {
    "path": "src/main/java/Duke.java",
    "fileType": "java",
    "lines": [
      {
        "lineNumber": 1,
        "author": {
          "gitId": "vuhieunguyen"
        },
        "content": "import java.util.ArrayList;"
      },
      {
        "lineNumber": 2,
        "author": {
          "gitId": "vuhieunguyen"
        },
        "content": "import java.util.Scanner;"
      },
      {
        "lineNumber": 3,
        "author": {
          "gitId": "vuhieunguyen"
        },
        "content": ""
      },
      {
        "lineNumber": 4,
        "author": {
          "gitId": "-"
        },
        "content": "public class Duke {"
      },
      {
        "lineNumber": 5,
        "author": {
          "gitId": "vuhieunguyen"
        },
        "content": ""
      },
      {
        "lineNumber": 6,
        "author": {
          "gitId": "vuhieunguyen"
        },
        "content": "    public static void main(String[] args) throws DukeException{"
      },
      {
        "lineNumber": 7,
        "author": {
          "gitId": "-"
        },
        "content": "        String logo \u003d \" ____        _        \\n\""
      },
      {
        "lineNumber": 8,
        "author": {
          "gitId": "-"
        },
        "content": "                + \"|  _ \\\\ _   _| | _____ \\n\""
      },
      {
        "lineNumber": 9,
        "author": {
          "gitId": "-"
        },
        "content": "                + \"| | | | | | | |/ / _ \\\\\\n\""
      },
      {
        "lineNumber": 10,
        "author": {
          "gitId": "-"
        },
        "content": "                + \"| |_| | |_| |   \u003c  __/\\n\""
      },
      {
        "lineNumber": 11,
        "author": {
          "gitId": "-"
        },
        "content": "                + \"|____/ \\\\__,_|_|\\\\_\\\\___|\\n\";"
      },
      {
        "lineNumber": 12,
        "author": {
          "gitId": "-"
        },
        "content": "        System.out.println(\"Hello from\\n\" + logo);"
      },
      {
        "lineNumber": 13,
        "author": {
          "gitId": "vuhieunguyen"
        },
        "content": ""
      },
      {
        "lineNumber": 14,
        "author": {
          "gitId": "vuhieunguyen"
        },
        "content": "        ArrayList\u003cTask\u003e taskList \u003d new ArrayList\u003c\u003e();"
      },
      {
        "lineNumber": 15,
        "author": {
          "gitId": "vuhieunguyen"
        },
        "content": ""
      },
      {
        "lineNumber": 16,
        "author": {
          "gitId": "vuhieunguyen"
        },
        "content": "        //Greet the user"
      },
      {
        "lineNumber": 17,
        "author": {
          "gitId": "vuhieunguyen"
        },
        "content": "        System.out.println(\"Hello! I\u0027m Duke\");"
      },
      {
        "lineNumber": 18,
        "author": {
          "gitId": "vuhieunguyen"
        },
        "content": "        System.out.println(\"What can I do for you?\");"
      },
      {
        "lineNumber": 19,
        "author": {
          "gitId": "vuhieunguyen"
        },
        "content": ""
      },
      {
        "lineNumber": 20,
        "author": {
          "gitId": "vuhieunguyen"
        },
        "content": "        //Echo"
      },
      {
        "lineNumber": 21,
        "author": {
          "gitId": "vuhieunguyen"
        },
        "content": "        Scanner s \u003d new Scanner(System.in);"
      },
      {
        "lineNumber": 22,
        "author": {
          "gitId": "vuhieunguyen"
        },
        "content": "        String command \u003d \"\";"
      },
      {
        "lineNumber": 23,
        "author": {
          "gitId": "vuhieunguyen"
        },
        "content": "        while (s.hasNext()) {"
      },
      {
        "lineNumber": 24,
        "author": {
          "gitId": "vuhieunguyen"
        },
        "content": "            command \u003d s.nextLine();"
      },
      {
        "lineNumber": 25,
        "author": {
          "gitId": "vuhieunguyen"
        },
        "content": "            if (command.equals(\"bye\")) {"
      },
      {
        "lineNumber": 26,
        "author": {
          "gitId": "vuhieunguyen"
        },
        "content": "                //Exit"
      },
      {
        "lineNumber": 27,
        "author": {
          "gitId": "vuhieunguyen"
        },
        "content": "                System.out.println(\"Bye. Hope to see you again soon!\");"
      },
      {
        "lineNumber": 28,
        "author": {
          "gitId": "vuhieunguyen"
        },
        "content": "                break;"
      },
      {
        "lineNumber": 29,
        "author": {
          "gitId": "vuhieunguyen"
        },
        "content": "            } else if (command.equals(\"list\")) {"
      },
      {
        "lineNumber": 30,
        "author": {
          "gitId": "vuhieunguyen"
        },
        "content": "                //List all tasks"
      },
      {
        "lineNumber": 31,
        "author": {
          "gitId": "vuhieunguyen"
        },
        "content": "                System.out.println(\"Here are the tasks in your list:\");"
      },
      {
        "lineNumber": 32,
        "author": {
          "gitId": "vuhieunguyen"
        },
        "content": "                for (int i \u003d 0; i \u003c taskList.size(); i++) {"
      },
      {
        "lineNumber": 33,
        "author": {
          "gitId": "vuhieunguyen"
        },
        "content": "                    System.out.println(i + 1 + \". \" + taskList.get(i));"
      },
      {
        "lineNumber": 34,
        "author": {
          "gitId": "vuhieunguyen"
        },
        "content": "                }"
      },
      {
        "lineNumber": 35,
        "author": {
          "gitId": "vuhieunguyen"
        },
        "content": "            } else if ((command.length() \u003e 3) \u0026\u0026 (command.substring(0, 4).equals(\"done\"))) {"
      },
      {
        "lineNumber": 36,
        "author": {
          "gitId": "vuhieunguyen"
        },
        "content": "                //Mark task as done"
      },
      {
        "lineNumber": 37,
        "author": {
          "gitId": "vuhieunguyen"
        },
        "content": "                int taskNumber \u003d Integer.parseInt(command.substring(5));"
      },
      {
        "lineNumber": 38,
        "author": {
          "gitId": "vuhieunguyen"
        },
        "content": "                taskList.get(taskNumber-1).markAsDone();"
      },
      {
        "lineNumber": 39,
        "author": {
          "gitId": "vuhieunguyen"
        },
        "content": "                System.out.println(\"Nice! I\u0027ve marked this task as done:\");"
      },
      {
        "lineNumber": 40,
        "author": {
          "gitId": "vuhieunguyen"
        },
        "content": "                System.out.println(taskList.get(taskNumber-1));"
      },
      {
        "lineNumber": 41,
        "author": {
          "gitId": "vuhieunguyen"
        },
        "content": "            } else if ((command.length() \u003e 5) \u0026\u0026 (command.substring(0, 6).equals(\"delete\"))) {"
      },
      {
        "lineNumber": 42,
        "author": {
          "gitId": "vuhieunguyen"
        },
        "content": "                //Delete task"
      },
      {
        "lineNumber": 43,
        "author": {
          "gitId": "vuhieunguyen"
        },
        "content": "                try {"
      },
      {
        "lineNumber": 44,
        "author": {
          "gitId": "vuhieunguyen"
        },
        "content": "                    int taskNumber \u003d Integer.parseInt(command.substring(7));"
      },
      {
        "lineNumber": 45,
        "author": {
          "gitId": "vuhieunguyen"
        },
        "content": "                    Task temp \u003d taskList.remove(taskNumber-1);"
      },
      {
        "lineNumber": 46,
        "author": {
          "gitId": "vuhieunguyen"
        },
        "content": "                    System.out.println(\"Nice! I have removed this task:\");"
      },
      {
        "lineNumber": 47,
        "author": {
          "gitId": "vuhieunguyen"
        },
        "content": "                    System.out.println(temp);"
      },
      {
        "lineNumber": 48,
        "author": {
          "gitId": "vuhieunguyen"
        },
        "content": "                } catch (StringIndexOutOfBoundsException e){"
      },
      {
        "lineNumber": 49,
        "author": {
          "gitId": "vuhieunguyen"
        },
        "content": "                    System.out.println(\"Please add a task number to delete\");"
      },
      {
        "lineNumber": 50,
        "author": {
          "gitId": "vuhieunguyen"
        },
        "content": "                } catch (IndexOutOfBoundsException e) {"
      },
      {
        "lineNumber": 51,
        "author": {
          "gitId": "vuhieunguyen"
        },
        "content": "                    System.out.println(\"Cannot delete from an empty list\");"
      },
      {
        "lineNumber": 52,
        "author": {
          "gitId": "vuhieunguyen"
        },
        "content": "                }"
      },
      {
        "lineNumber": 53,
        "author": {
          "gitId": "vuhieunguyen"
        },
        "content": "            } else {"
      },
      {
        "lineNumber": 54,
        "author": {
          "gitId": "vuhieunguyen"
        },
        "content": "                //Add task"
      },
      {
        "lineNumber": 55,
        "author": {
          "gitId": "vuhieunguyen"
        },
        "content": "                Task newTask \u003d new Task(\"placeholder\");"
      },
      {
        "lineNumber": 56,
        "author": {
          "gitId": "vuhieunguyen"
        },
        "content": "                if (command.contains(\"todo\")) {"
      },
      {
        "lineNumber": 57,
        "author": {
          "gitId": "vuhieunguyen"
        },
        "content": "                    try {"
      },
      {
        "lineNumber": 58,
        "author": {
          "gitId": "vuhieunguyen"
        },
        "content": "                        newTask \u003d new ToDo(command.substring(5));"
      },
      {
        "lineNumber": 59,
        "author": {
          "gitId": "vuhieunguyen"
        },
        "content": "                        taskList.add(newTask);"
      },
      {
        "lineNumber": 60,
        "author": {
          "gitId": "vuhieunguyen"
        },
        "content": "                        System.out.println(\"Got it. I\u0027ve added this task: \\n\" + newTask);"
      },
      {
        "lineNumber": 61,
        "author": {
          "gitId": "vuhieunguyen"
        },
        "content": "                        System.out.println(\"Now you have \" + taskList.size() + \" tasks in the list\");"
      },
      {
        "lineNumber": 62,
        "author": {
          "gitId": "vuhieunguyen"
        },
        "content": "                    } catch (IndexOutOfBoundsException e) {"
      },
      {
        "lineNumber": 63,
        "author": {
          "gitId": "vuhieunguyen"
        },
        "content": "                        System.out.println(\"ToDo description cannot be empty\");"
      },
      {
        "lineNumber": 64,
        "author": {
          "gitId": "vuhieunguyen"
        },
        "content": "                    }"
      },
      {
        "lineNumber": 65,
        "author": {
          "gitId": "vuhieunguyen"
        },
        "content": "                } else"
      },
      {
        "lineNumber": 66,
        "author": {
          "gitId": "vuhieunguyen"
        },
        "content": "                if (command.contains(\"deadline\")) {"
      },
      {
        "lineNumber": 67,
        "author": {
          "gitId": "vuhieunguyen"
        },
        "content": "                    try {"
      },
      {
        "lineNumber": 68,
        "author": {
          "gitId": "vuhieunguyen"
        },
        "content": "                        int breakPos \u003d command.indexOf(\"/\");"
      },
      {
        "lineNumber": 69,
        "author": {
          "gitId": "vuhieunguyen"
        },
        "content": "                        if ((breakPos \u003d\u003d -1) \u0026\u0026 (command.length() \u003d\u003d 8)) throw new DukeException(\"No desc Deadline\");"
      },
      {
        "lineNumber": 70,
        "author": {
          "gitId": "vuhieunguyen"
        },
        "content": "                        newTask \u003d new Deadline(command.substring(0, breakPos - 1), command.substring(breakPos + 4));"
      },
      {
        "lineNumber": 71,
        "author": {
          "gitId": "vuhieunguyen"
        },
        "content": "                        taskList.add(newTask);"
      },
      {
        "lineNumber": 72,
        "author": {
          "gitId": "vuhieunguyen"
        },
        "content": "                        System.out.println(\"Got it. I\u0027ve added this task: \\n\" + newTask);"
      },
      {
        "lineNumber": 73,
        "author": {
          "gitId": "vuhieunguyen"
        },
        "content": "                        System.out.println(\"Now you have \" + taskList.size() + \" tasks in the list\");"
      },
      {
        "lineNumber": 74,
        "author": {
          "gitId": "vuhieunguyen"
        },
        "content": "                    } catch (DukeException e) {"
      },
      {
        "lineNumber": 75,
        "author": {
          "gitId": "vuhieunguyen"
        },
        "content": "                        System.out.println(\"Deadline description cannot be empty\");"
      },
      {
        "lineNumber": 76,
        "author": {
          "gitId": "vuhieunguyen"
        },
        "content": "                    } catch (IndexOutOfBoundsException e) {"
      },
      {
        "lineNumber": 77,
        "author": {
          "gitId": "vuhieunguyen"
        },
        "content": "                        System.out.println(\"Please re-enter the date for Deadline\");"
      },
      {
        "lineNumber": 78,
        "author": {
          "gitId": "vuhieunguyen"
        },
        "content": "                    }"
      },
      {
        "lineNumber": 79,
        "author": {
          "gitId": "vuhieunguyen"
        },
        "content": "                } else"
      },
      {
        "lineNumber": 80,
        "author": {
          "gitId": "vuhieunguyen"
        },
        "content": "                if (command.contains(\"event\")) {"
      },
      {
        "lineNumber": 81,
        "author": {
          "gitId": "vuhieunguyen"
        },
        "content": "                    try {"
      },
      {
        "lineNumber": 82,
        "author": {
          "gitId": "vuhieunguyen"
        },
        "content": "                        int breakPos \u003d command.indexOf(\"/\");"
      },
      {
        "lineNumber": 83,
        "author": {
          "gitId": "vuhieunguyen"
        },
        "content": "                        if ((breakPos \u003d\u003d -1) \u0026\u0026 (command.length() \u003d\u003d 5)) throw new DukeException(\"No desc Event\");"
      },
      {
        "lineNumber": 84,
        "author": {
          "gitId": "vuhieunguyen"
        },
        "content": "                        newTask \u003d new Event(command.substring(0, breakPos - 1), command.substring(breakPos + 4));"
      },
      {
        "lineNumber": 85,
        "author": {
          "gitId": "vuhieunguyen"
        },
        "content": "                        taskList.add(newTask);"
      },
      {
        "lineNumber": 86,
        "author": {
          "gitId": "vuhieunguyen"
        },
        "content": "                        System.out.println(\"Got it. I\u0027ve added this task: \\n\" + newTask);"
      },
      {
        "lineNumber": 87,
        "author": {
          "gitId": "vuhieunguyen"
        },
        "content": "                        System.out.println(\"Now you have \" + taskList.size() + \" tasks in the list\");"
      },
      {
        "lineNumber": 88,
        "author": {
          "gitId": "vuhieunguyen"
        },
        "content": "                    } catch (DukeException e) {"
      },
      {
        "lineNumber": 89,
        "author": {
          "gitId": "vuhieunguyen"
        },
        "content": "                    System.out.println(\"Event description cannot be empty\");"
      },
      {
        "lineNumber": 90,
        "author": {
          "gitId": "vuhieunguyen"
        },
        "content": "                    } catch (IndexOutOfBoundsException e) {"
      },
      {
        "lineNumber": 91,
        "author": {
          "gitId": "vuhieunguyen"
        },
        "content": "                      System.out.println(\"Please re-enter the date for Event\");"
      },
      {
        "lineNumber": 92,
        "author": {
          "gitId": "vuhieunguyen"
        },
        "content": "                    }"
      },
      {
        "lineNumber": 93,
        "author": {
          "gitId": "vuhieunguyen"
        },
        "content": "                } else {"
      },
      {
        "lineNumber": 94,
        "author": {
          "gitId": "vuhieunguyen"
        },
        "content": "                    System.out.println(\"Please input a valid command\");"
      },
      {
        "lineNumber": 95,
        "author": {
          "gitId": "vuhieunguyen"
        },
        "content": "                }"
      },
      {
        "lineNumber": 96,
        "author": {
          "gitId": "vuhieunguyen"
        },
        "content": "            }"
      },
      {
        "lineNumber": 97,
        "author": {
          "gitId": "vuhieunguyen"
        },
        "content": "        }"
      },
      {
        "lineNumber": 98,
        "author": {
          "gitId": "-"
        },
        "content": "    }"
      },
      {
        "lineNumber": 99,
        "author": {
          "gitId": "-"
        },
        "content": "}"
      }
    ],
    "authorContributionMap": {
      "vuhieunguyen": 90,
      "-": 9
    }
  },
  {
    "path": "src/main/java/DukeException.java",
    "fileType": "java",
    "lines": [
      {
        "lineNumber": 1,
        "author": {
          "gitId": "vuhieunguyen"
        },
        "content": "public class DukeException extends Exception {"
      },
      {
        "lineNumber": 2,
        "author": {
          "gitId": "vuhieunguyen"
        },
        "content": "    public DukeException(String s) {"
      },
      {
        "lineNumber": 3,
        "author": {
          "gitId": "vuhieunguyen"
        },
        "content": "        super(s);"
      },
      {
        "lineNumber": 4,
        "author": {
          "gitId": "vuhieunguyen"
        },
        "content": "    }"
      },
      {
        "lineNumber": 5,
        "author": {
          "gitId": "vuhieunguyen"
        },
        "content": "}"
      }
    ],
    "authorContributionMap": {
      "vuhieunguyen": 5
    }
  },
  {
    "path": "src/main/java/Event.java",
    "fileType": "java",
    "lines": [
      {
        "lineNumber": 1,
        "author": {
          "gitId": "vuhieunguyen"
        },
        "content": "public class Event extends Task {"
      },
      {
        "lineNumber": 2,
        "author": {
          "gitId": "vuhieunguyen"
        },
        "content": ""
      },
      {
        "lineNumber": 3,
        "author": {
          "gitId": "vuhieunguyen"
        },
        "content": "    protected String at;"
      },
      {
        "lineNumber": 4,
        "author": {
          "gitId": "vuhieunguyen"
        },
        "content": ""
      },
      {
        "lineNumber": 5,
        "author": {
          "gitId": "vuhieunguyen"
        },
        "content": "    public Event(String description, String at) {"
      },
      {
        "lineNumber": 6,
        "author": {
          "gitId": "vuhieunguyen"
        },
        "content": "        super(description);"
      },
      {
        "lineNumber": 7,
        "author": {
          "gitId": "vuhieunguyen"
        },
        "content": "        this.at \u003d at;"
      },
      {
        "lineNumber": 8,
        "author": {
          "gitId": "vuhieunguyen"
        },
        "content": "    }"
      },
      {
        "lineNumber": 9,
        "author": {
          "gitId": "vuhieunguyen"
        },
        "content": ""
      },
      {
        "lineNumber": 10,
        "author": {
          "gitId": "vuhieunguyen"
        },
        "content": "    @Override"
      },
      {
        "lineNumber": 11,
        "author": {
          "gitId": "vuhieunguyen"
        },
        "content": "    public String toString() {"
      },
      {
        "lineNumber": 12,
        "author": {
          "gitId": "vuhieunguyen"
        },
        "content": "        return \"[E]\" + super.toString() + \" (at: \" + at + \")\";"
      },
      {
        "lineNumber": 13,
        "author": {
          "gitId": "vuhieunguyen"
        },
        "content": "    }"
      },
      {
        "lineNumber": 14,
        "author": {
          "gitId": "vuhieunguyen"
        },
        "content": "}"
      }
    ],
    "authorContributionMap": {
      "vuhieunguyen": 14
    }
  },
  {
    "path": "src/main/java/Task.java",
    "fileType": "java",
    "lines": [
      {
        "lineNumber": 1,
        "author": {
          "gitId": "vuhieunguyen"
        },
        "content": "public class Task {"
      },
      {
        "lineNumber": 2,
        "author": {
          "gitId": "vuhieunguyen"
        },
        "content": "    protected String description;"
      },
      {
        "lineNumber": 3,
        "author": {
          "gitId": "vuhieunguyen"
        },
        "content": "    protected boolean isDone;"
      },
      {
        "lineNumber": 4,
        "author": {
          "gitId": "vuhieunguyen"
        },
        "content": ""
      },
      {
        "lineNumber": 5,
        "author": {
          "gitId": "vuhieunguyen"
        },
        "content": "    public Task(String description) {"
      },
      {
        "lineNumber": 6,
        "author": {
          "gitId": "vuhieunguyen"
        },
        "content": "        this.description \u003d description;"
      },
      {
        "lineNumber": 7,
        "author": {
          "gitId": "vuhieunguyen"
        },
        "content": "        this.isDone \u003d false;"
      },
      {
        "lineNumber": 8,
        "author": {
          "gitId": "vuhieunguyen"
        },
        "content": "    }"
      },
      {
        "lineNumber": 9,
        "author": {
          "gitId": "vuhieunguyen"
        },
        "content": ""
      },
      {
        "lineNumber": 10,
        "author": {
          "gitId": "vuhieunguyen"
        },
        "content": "    public void markAsDone() {"
      },
      {
        "lineNumber": 11,
        "author": {
          "gitId": "vuhieunguyen"
        },
        "content": "        this.isDone \u003d true;"
      },
      {
        "lineNumber": 12,
        "author": {
          "gitId": "vuhieunguyen"
        },
        "content": "    }"
      },
      {
        "lineNumber": 13,
        "author": {
          "gitId": "vuhieunguyen"
        },
        "content": ""
      },
      {
        "lineNumber": 14,
        "author": {
          "gitId": "vuhieunguyen"
        },
        "content": "    public String getStatusIcon() {"
      },
      {
        "lineNumber": 15,
        "author": {
          "gitId": "vuhieunguyen"
        },
        "content": "        return (isDone ? \"\\u2713\" : \"\\u2718\"); //return tick or X symbols"
      },
      {
        "lineNumber": 16,
        "author": {
          "gitId": "vuhieunguyen"
        },
        "content": "    }"
      },
      {
        "lineNumber": 17,
        "author": {
          "gitId": "vuhieunguyen"
        },
        "content": ""
      },
      {
        "lineNumber": 18,
        "author": {
          "gitId": "vuhieunguyen"
        },
        "content": "    @Override"
      },
      {
        "lineNumber": 19,
        "author": {
          "gitId": "vuhieunguyen"
        },
        "content": "    public String toString() {"
      },
      {
        "lineNumber": 20,
        "author": {
          "gitId": "vuhieunguyen"
        },
        "content": "        return \"[\" + this.getStatusIcon() + \"] \" + this.description;"
      },
      {
        "lineNumber": 21,
        "author": {
          "gitId": "vuhieunguyen"
        },
        "content": "    }"
      },
      {
        "lineNumber": 22,
        "author": {
          "gitId": "vuhieunguyen"
        },
        "content": "}"
      }
    ],
    "authorContributionMap": {
      "vuhieunguyen": 22
    }
  },
  {
    "path": "src/main/java/ToDo.java",
    "fileType": "java",
    "lines": [
      {
        "lineNumber": 1,
        "author": {
          "gitId": "vuhieunguyen"
        },
        "content": "public class ToDo extends Task {"
      },
      {
        "lineNumber": 2,
        "author": {
          "gitId": "vuhieunguyen"
        },
        "content": ""
      },
      {
        "lineNumber": 3,
        "author": {
          "gitId": "vuhieunguyen"
        },
        "content": "    public ToDo(String description) {"
      },
      {
        "lineNumber": 4,
        "author": {
          "gitId": "vuhieunguyen"
        },
        "content": "        super(description);"
      },
      {
        "lineNumber": 5,
        "author": {
          "gitId": "vuhieunguyen"
        },
        "content": "    }"
      },
      {
        "lineNumber": 6,
        "author": {
          "gitId": "vuhieunguyen"
        },
        "content": ""
      },
      {
        "lineNumber": 7,
        "author": {
          "gitId": "vuhieunguyen"
        },
        "content": "    @Override"
      },
      {
        "lineNumber": 8,
        "author": {
          "gitId": "vuhieunguyen"
        },
        "content": "    public String toString() {"
      },
      {
        "lineNumber": 9,
        "author": {
          "gitId": "vuhieunguyen"
        },
        "content": "        return \"[T]\" + super.toString();"
      },
      {
        "lineNumber": 10,
        "author": {
          "gitId": "vuhieunguyen"
        },
        "content": "    }"
      },
      {
        "lineNumber": 11,
        "author": {
          "gitId": "vuhieunguyen"
        },
        "content": "}"
      }
    ],
    "authorContributionMap": {
      "vuhieunguyen": 11
    }
  }
]
