{
  "authorDailyContributionsMap": {
    "huixianc": [
      {
        "insertions": 236,
        "deletions": 22,
        "date": "2020-01-21",
        "commitResults": [
          {
            "hash": "913d8ddf562d0873223e18f4c472ce248a35527a",
            "messageTitle": "Level 1. Greet, Echo \u0026 Exit",
            "messageBody": "",
            "insertions": 52,
            "deletions": 6
          },
          {
            "hash": "90453ba33418f6e632e2c157db924f550b897822",
            "messageTitle": "Level 1 - Greet, Echo \u0026 Exit",
            "messageBody": "",
            "tags": [
              "Level-1"
            ],
            "insertions": 11,
            "deletions": 3
          },
          {
            "hash": "136f1a63a953c2988c455f1a37e03d1316f09de9",
            "messageTitle": "Level 2. Add \u0026 List",
            "messageBody": "",
            "tags": [
              "Level-2"
            ],
            "insertions": 35,
            "deletions": 1
          },
          {
            "hash": "2f08961fc7724b28f7e242fde4a5c216fbca6a29",
            "messageTitle": "Level 3. Mark as done",
            "messageBody": "",
            "tags": [
              "Level-3"
            ],
            "insertions": 67,
            "deletions": 6
          },
          {
            "hash": "ecc4f634d656daa1d7a9faaaac6e8a1cba2911f2",
            "messageTitle": "Level 4. Todo, Event \u0026 Deadline",
            "messageBody": "",
            "tags": [
              "Level-4"
            ],
            "insertions": 71,
            "deletions": 6
          }
        ]
      },
      {
        "insertions": 199,
        "deletions": 34,
        "date": "2020-01-22",
        "commitResults": [
          {
            "hash": "0fdc2982cc56d9ae0673eca00ae91d9191df8d71",
            "messageTitle": "A-TextUiTesting",
            "messageBody": "",
            "tags": [
              "A-TextUiTesting"
            ],
            "insertions": 71,
            "deletions": 0
          },
          {
            "hash": "9d89169dbc5c972479835f1b59a568badad8c9b1",
            "messageTitle": "Level 5. Handle Errors",
            "messageBody": "",
            "tags": [
              "Level-5"
            ],
            "insertions": 110,
            "deletions": 33
          },
          {
            "hash": "d07446930d2e7484979389f49ba42979fbdaa1f1",
            "messageTitle": "Level 6. Delete - added delete function",
            "messageBody": "",
            "insertions": 18,
            "deletions": 0
          },
          {
            "hash": "1771fc83f5258f283e8c5a4fd54c632510b41352",
            "messageTitle": "Level 6. delete",
            "messageBody": "",
            "tags": [
              "Level-6"
            ],
            "insertions": 0,
            "deletions": 1
          }
        ]
      },
      {
        "insertions": 214,
        "deletions": 48,
        "date": "2020-01-27",
        "commitResults": [
          {
            "hash": "5ba66e884bb304d30420fb817104ba93f9e7de64",
            "messageTitle": "added method to load content from file",
            "messageBody": "",
            "insertions": 54,
            "deletions": 2
          },
          {
            "hash": "2547185844a28840a95c02298e74bfc4c00b3e8c",
            "messageTitle": "added minor edit to Duke.java",
            "messageBody": "",
            "insertions": 3,
            "deletions": 0
          },
          {
            "hash": "1e51b41aaa3652a322f51636918af4f1cf959e0d",
            "messageTitle": "added method to save tasks to hard disk",
            "messageBody": "",
            "insertions": 66,
            "deletions": 8
          },
          {
            "hash": "216e8c885334b32e1f08a31ed3e952067eb67f54",
            "messageTitle": "Edited main",
            "messageBody": "",
            "insertions": 11,
            "deletions": 2
          },
          {
            "hash": "01498bf5470a21c38ee607d6d01fd9534dba406b",
            "messageTitle": "added ability to understand date",
            "messageBody": "",
            "insertions": 73,
            "deletions": 31
          },
          {
            "hash": "924ba0bcd00405cfe5605a3a1e4fdf9f7065811d",
            "messageTitle": "added minor changes to syntax",
            "messageBody": "",
            "insertions": 7,
            "deletions": 5
          }
        ]
      },
      {
        "insertions": 523,
        "deletions": 336,
        "date": "2020-01-28",
        "commitResults": [
          {
            "hash": "72b123baa6dba27ac515ae8d7c3e17c4696b20ab",
            "messageTitle": "added classes for more OOP",
            "messageBody": "",
            "insertions": 252,
            "deletions": 0
          },
          {
            "hash": "ac7beb73b3cbdff2b2254d465296123f2dc62c76",
            "messageTitle": "made code more oop",
            "messageBody": "",
            "insertions": 232,
            "deletions": 300
          },
          {
            "hash": "b82799fec5478968c9f6d997ab0b2e915875a6dd",
            "messageTitle": "added more code for oop",
            "messageBody": "",
            "insertions": 39,
            "deletions": 36
          }
        ]
      },
      {
        "insertions": 227,
        "deletions": 22,
        "date": "2020-01-29",
        "commitResults": [
          {
            "hash": "36853a3806933711a448283f6cf7a5b79aa50875",
            "messageTitle": "added minor changes",
            "messageBody": "",
            "tags": [
              "A-Packages",
              "A-MoreOOP"
            ],
            "insertions": 12,
            "deletions": 8
          },
          {
            "hash": "11ab35985ee2b2c9e8d1be911ffdf7fd5cec7780",
            "messageTitle": "added JUnit tests",
            "messageBody": "",
            "tags": [
              "v0.1-A-Jar",
              "A-JUnit"
            ],
            "insertions": 25,
            "deletions": 0
          },
          {
            "hash": "009b413df32639f76c74ae9bda1fa0c6765847e3",
            "messageTitle": "made changes to Storage.java",
            "messageBody": "",
            "tags": [
              "v0.1"
            ],
            "insertions": 13,
            "deletions": 4
          },
          {
            "hash": "bde24e7c112c43dbbe6f6e9badd8ab414a6575cc",
            "messageTitle": "added javadocs",
            "messageBody": "",
            "insertions": 144,
            "deletions": 2
          },
          {
            "hash": "df6909024880d730d0c899f2a32b120c785f23b9",
            "messageTitle": "added more javadocs",
            "messageBody": "",
            "insertions": 23,
            "deletions": 0
          },
          {
            "hash": "ceffcaa2ca54d465c77bc907b18c98ecc290f74b",
            "messageTitle": "edits to comply with coding standard",
            "messageBody": "",
            "insertions": 10,
            "deletions": 8
          }
        ]
      },
      {
        "insertions": 97,
        "deletions": 25,
        "date": "2020-01-30",
        "commitResults": [
          {
            "hash": "7cf1a4b292384c32e932d50c36b37d9d1a6b5e77",
            "messageTitle": "added find method",
            "messageBody": "",
            "insertions": 84,
            "deletions": 16
          },
          {
            "hash": "0833856e1010b13193681fd3e8ff7464bf7e10b3",
            "messageTitle": "made minor edits",
            "messageBody": "",
            "insertions": 7,
            "deletions": 5
          },
          {
            "hash": "c2f97491368974175bdebcf6e03479b74aae61d2",
            "messageTitle": "made changes to data",
            "messageBody": "",
            "insertions": 6,
            "deletions": 4
          }
        ]
      },
      {
        "insertions": 489,
        "deletions": 177,
        "date": "2020-02-04",
        "commitResults": [
          {
            "hash": "142cc03ce8783794a5c83b67498af6a4582b604c",
            "messageTitle": "Added gradle",
            "messageBody": "",
            "insertions": 18,
            "deletions": 7
          },
          {
            "hash": "bd72fac72ca5e01f7b09a88deb34b67961c348a9",
            "messageTitle": "Added code following tutorial 1",
            "messageBody": "",
            "insertions": 34,
            "deletions": 1
          },
          {
            "hash": "1dc5302a224728c1543a5cd6e07664e35ce181ea",
            "messageTitle": "Added code for tutorial 2",
            "messageBody": "",
            "insertions": 68,
            "deletions": 0
          },
          {
            "hash": "57106908e7dcb843dee807f35dec9da8336cb71b",
            "messageTitle": "Added code following tutorial 3",
            "messageBody": "",
            "insertions": 100,
            "deletions": 5
          },
          {
            "hash": "4089391ba579d38d43889da6a22a36d2ca6814af",
            "messageTitle": "Added code following tutorial 4",
            "messageBody": "",
            "insertions": 156,
            "deletions": 134
          },
          {
            "hash": "e852cbefc21ebe8f8f603e9909b73c7355b0b429",
            "messageTitle": "Added code to generate responses to commands",
            "messageBody": "",
            "insertions": 99,
            "deletions": 26
          },
          {
            "hash": "7d03970c989c200522c40ca8006cd0a04784b391",
            "messageTitle": "Changed background colours",
            "messageBody": "",
            "insertions": 14,
            "deletions": 4
          }
        ]
      },
      {
        "insertions": 16,
        "deletions": 5,
        "date": "2020-02-05",
        "commitResults": [
          {
            "hash": "5e6a92e9241ef9545d9c3b6c8b2e0adcad883e56",
            "messageTitle": "Changed colours",
            "messageBody": "",
            "insertions": 5,
            "deletions": 5
          },
          {
            "hash": "0d96c300505c472c9edef50d4a2d158667194057",
            "messageTitle": "Added intro banner",
            "messageBody": "",
            "insertions": 11,
            "deletions": 0
          }
        ]
      },
      {
        "insertions": 73,
        "deletions": 56,
        "date": "2020-02-09",
        "commitResults": [
          {
            "hash": "53a1fb53d87e93a303451a2c65231c3f6c4c5b9d",
            "messageTitle": "minor edit to GUI",
            "messageBody": "",
            "insertions": 4,
            "deletions": 1
          },
          {
            "hash": "63e95c070ad4df90af6f7aff6f9a9ad1a0dcf21d",
            "messageTitle": "edited JavaDocs",
            "messageBody": "",
            "insertions": 69,
            "deletions": 55
          }
        ]
      },
      {
        "insertions": 241,
        "deletions": 142,
        "date": "2020-02-10",
        "commitResults": [
          {
            "hash": "051a6d39f74d8276500f7248ff76b6c240f7239c",
            "messageTitle": "Added assertions",
            "messageBody": "",
            "insertions": 2,
            "deletions": 0
          },
          {
            "hash": "e6ccf01a1ccf4e1265196915bbc084307053573f",
            "messageTitle": "improved code in Parser.java",
            "messageBody": "",
            "insertions": 120,
            "deletions": 99
          },
          {
            "hash": "3c35042846ce3535dee3e97a6fad41f71f94ceee",
            "messageTitle": "Changed variable names in Parser.java",
            "messageBody": "",
            "insertions": 12,
            "deletions": 12
          },
          {
            "hash": "c224acec2fd4becd8f525d77886c7df83483228d",
            "messageTitle": "Added JavaDocs for Parser.java",
            "messageBody": "",
            "insertions": 46,
            "deletions": 5
          },
          {
            "hash": "f7ddc77532def0effe69534c5ac05d0375b9317c",
            "messageTitle": "Improved code in Storage.java",
            "messageBody": "",
            "insertions": 52,
            "deletions": 19
          },
          {
            "hash": "85d9578440169c9e5fa04fc95d484401ad870476",
            "messageTitle": "Improved code according to feedback",
            "messageBody": "",
            "insertions": 9,
            "deletions": 7
          }
        ]
      },
      {
        "insertions": 283,
        "deletions": 95,
        "date": "2020-02-12",
        "commitResults": [
          {
            "hash": "07bac127ae519d94f71b7b845b980ef106b7e567",
            "messageTitle": "Added more JavaDocs",
            "messageBody": "",
            "insertions": 83,
            "deletions": 2
          },
          {
            "hash": "50401b990b9bbb0a2731cffc869d8bd6edb413e3",
            "messageTitle": "Added ability to sort by date",
            "messageBody": "",
            "insertions": 81,
            "deletions": 16
          },
          {
            "hash": "b92e03aea2fdaf1cf183634aedcb213c9d28f7cb",
            "messageTitle": "Removed parameter fullDesc",
            "messageBody": "",
            "insertions": 18,
            "deletions": 37
          },
          {
            "hash": "bebf18e8e01a7f1072b39f21570e23875ca6cd1a",
            "messageTitle": "Added ability to sort by time",
            "messageBody": "",
            "insertions": 75,
            "deletions": 38
          },
          {
            "hash": "cdf02bc5415f8580b657a84c04206a18d5e37ebf",
            "messageTitle": "Added JavaDocs",
            "messageBody": "",
            "tags": [
              "C-Sort"
            ],
            "insertions": 26,
            "deletions": 2
          }
        ]
      },
      {
        "insertions": 208,
        "deletions": 64,
        "date": "2020-02-16",
        "commitResults": [
          {
            "hash": "808ac97295bd90641a8dd599c062ebe359f87ce0",
            "messageTitle": "Made minor changes to GUI for better aesthetic",
            "messageBody": "",
            "insertions": 28,
            "deletions": 13
          },
          {
            "hash": "eddac954c711c2ba3c157ce9b4738125835f9fee",
            "messageTitle": "Added Ui.png",
            "messageBody": "",
            "insertions": 5,
            "deletions": 7
          },
          {
            "hash": "8a40b4bd91a320cc6ddab94c5eb2da93e2f40610",
            "messageTitle": "Added JavaDocs, refined code",
            "messageBody": "",
            "insertions": 42,
            "deletions": 27
          },
          {
            "hash": "3759447e700c6f70092903a238703a95dc7036a1",
            "messageTitle": "Added User Guide",
            "messageBody": "",
            "insertions": 101,
            "deletions": 7
          },
          {
            "hash": "59ba11f52fdc03bf3d04cb74ca7c84f6b7d0de65",
            "messageTitle": "Edited User Guide",
            "messageBody": "",
            "tags": [
              "A-UserGuide"
            ],
            "insertions": 9,
            "deletions": 9
          },
          {
            "hash": "6f3e416fe62a56caae23067520f2bdd354229f50",
            "messageTitle": "Created new JAR file",
            "messageBody": "",
            "insertions": 7,
            "deletions": 1
          },
          {
            "hash": "fd5c8c86bbac4ee8293de7cc308e3d38113583ee",
            "messageTitle": "made minor changes",
            "messageBody": "",
            "insertions": 16,
            "deletions": 0
          }
        ]
      },
      {
        "insertions": 1,
        "deletions": 1,
        "date": "2020-02-19",
        "commitResults": [
          {
            "hash": "bf746b6bc954e23aee412fe6ae4078bf803d79af",
            "messageTitle": "made minor change to format of find feature",
            "messageBody": "",
            "insertions": 1,
            "deletions": 1
          }
        ]
      },
      {
        "insertions": 24,
        "deletions": 4,
        "date": "2020-02-20",
        "commitResults": [
          {
            "hash": "f11dc224093d16e24863026424eb713251a3bc16",
            "messageTitle": "added credit for javafx",
            "messageBody": "",
            "tags": [
              "A-Release"
            ],
            "insertions": 24,
            "deletions": 4
          }
        ]
      }
    ]
  },
  "authorFinalContributionMap": {
    "huixianc": 1653
  },
  "authorFileTypeContributionMap": {
    "huixianc": {
      "java": 1396,
      "md": 99,
      "fxml": 38,
      "sh": 0,
      "bat": 24,
      "gradle": 42,
      "txt": 54
    }
  },
  "authorContributionVariance": {
    "huixianc": 37097.68
  },
  "authorDisplayNameMap": {
    "huixianc": "CS2103T-F10- 3 CHUA..XIAN"
  }
}
