{
  "authorDailyContributionsMap": {
    "harrychengly": [
      {
        "insertions": 20,
        "deletions": 1,
        "date": "2020-01-21",
        "commitResults": [
          {
            "hash": "6a953cffd40d0d3289aa7369a704170dd5ebdb92",
            "messageTitle": "Level-1",
            "messageBody": "",
            "insertions": 20,
            "deletions": 1
          }
        ]
      },
      {
        "insertions": 343,
        "deletions": 59,
        "date": "2020-01-22",
        "commitResults": [
          {
            "hash": "dd35509b6d35a452be4184e3a71011c8028878b2",
            "messageTitle": "Level-2",
            "messageBody": "",
            "insertions": 18,
            "deletions": 6
          },
          {
            "hash": "0c9f150faff4804f41b778056aaa3a7e6c812fb4",
            "messageTitle": "Level-3",
            "messageBody": "",
            "insertions": 33,
            "deletions": 7
          },
          {
            "hash": "d53c22d4f84d224daea495ef4d090400b79e77f8",
            "messageTitle": "Level-4",
            "messageBody": "",
            "insertions": 66,
            "deletions": 7
          },
          {
            "hash": "627ebd5bde63f49ff4b293626da67a35ea5e3398",
            "messageTitle": "added text ui text",
            "messageBody": "",
            "insertions": 109,
            "deletions": 1
          },
          {
            "hash": "c393c160de5e6def9b583b9f0dd542689b79d88f",
            "messageTitle": "Level-5",
            "messageBody": "",
            "insertions": 4,
            "deletions": 0
          },
          {
            "hash": "7ee9174b20b82683a485f095d698f7ba4927ae04",
            "messageTitle": "Level-6",
            "messageBody": "",
            "insertions": 113,
            "deletions": 38
          }
        ]
      },
      {
        "insertions": 68,
        "deletions": 6,
        "date": "2020-01-29",
        "commitResults": [
          {
            "hash": "1d9356c487a9a8db751a5fc6f373d89604084898",
            "messageTitle": "Level-7",
            "messageBody": "",
            "insertions": 68,
            "deletions": 6
          }
        ]
      },
      {
        "insertions": 423,
        "deletions": 128,
        "date": "2020-02-02",
        "commitResults": [
          {
            "hash": "19258cdd855ebd78f6174e9e97b3ad2424d095d0",
            "messageTitle": "Level-8",
            "messageBody": "",
            "insertions": 15,
            "deletions": 3
          },
          {
            "hash": "3a4f6dfb59aaf3753891109cd535d54242bd1c56",
            "messageTitle": "Level-7",
            "messageBody": "",
            "insertions": 7,
            "deletions": 0
          },
          {
            "hash": "89c7402549202b0e6c6024f73abfb8fc1eca0a94",
            "messageTitle": "A-MoreOOP",
            "messageBody": "",
            "insertions": 214,
            "deletions": 105
          },
          {
            "hash": "80e5cb6001ce9bce8463e5e9de3053b934bef842",
            "messageTitle": "A-JUnit",
            "messageBody": "",
            "insertions": 22,
            "deletions": 4
          },
          {
            "hash": "0d8de1e873946cefdd61b7510549af0683a11f98",
            "messageTitle": "A-JavaDoc",
            "messageBody": "",
            "insertions": 165,
            "deletions": 16
          }
        ]
      },
      {
        "insertions": 109,
        "deletions": 61,
        "date": "2020-02-03",
        "commitResults": [
          {
            "hash": "f1b26ab12f0e31dd55b85822bb65a41da1e80e24",
            "messageTitle": "A-CodingStandard",
            "messageBody": "",
            "insertions": 26,
            "deletions": 12
          },
          {
            "hash": "40c0c1750a5cf8b187af7509fea79080017725f0",
            "messageTitle": "branch-Level-9",
            "messageBody": "",
            "insertions": 42,
            "deletions": 9
          },
          {
            "hash": "9f5125fcc1098f4990dd69f27c240f21b3c5c159",
            "messageTitle": "branch-A-JavaDoc merge",
            "messageBody": "",
            "insertions": 2,
            "deletions": 2
          },
          {
            "hash": "949911d4bf1ae9c7c21de09928da682e42a328d0",
            "messageTitle": "Adhering to coding standards",
            "messageBody": "",
            "insertions": 35,
            "deletions": 27
          },
          {
            "hash": "aaa91ff4089d920b0f52094f0371cefaebeb9baa",
            "messageTitle": "committing branch A-CodingStandard",
            "messageBody": "",
            "insertions": 1,
            "deletions": 1
          },
          {
            "hash": "3ad683271b62466a4cf1c6d350ca8627551f9c56",
            "messageTitle": "Minor fixes",
            "messageBody": "",
            "insertions": 3,
            "deletions": 10
          }
        ]
      }
    ]
  },
  "authorFinalContributionMap": {
    "harrychengly": 712
  },
  "authorFileTypeContributionMap": {
    "harrychengly": {
      "txt": 4,
      "java": 47,
      "java": 110,
      "java": 7,
      "java": 48,
      "java": 65,
      "java": 63,
      "java": 78,
      "java": 28,
      "java": 138,
      "java": 18,
      "TXT": 33,
      "txt": 33,
      "txt": 6,
      "sh": 34
    }
  },
  "authorContributionVariance": {
    "harrychengly": 14586.015
  },
  "authorDisplayNameMap": {
    "harrychengly": "CS2103-W14- 4 CHEN.. YAW"
  }
}
