{
  "authorDailyContributionsMap": {
    "yapdianhao": [
      {
        "insertions": 64,
        "deletions": 6,
        "date": "2020-01-20",
        "commitResults": [
          {
            "hash": "807af8483452d89bbbe02d343d7c19cab2ca6a4b",
            "messageTitle": "level-1",
            "messageBody": "",
            "tags": [
              "Level-1"
            ],
            "insertions": 18,
            "deletions": 0
          },
          {
            "hash": "c1ac5a9c90e47ab52c26535b002f6f1a7d499337",
            "messageTitle": "level-2",
            "messageBody": "",
            "tags": [
              "Level-2"
            ],
            "insertions": 12,
            "deletions": 1
          },
          {
            "hash": "8f470436992b104fbb7ab7934abd81196185632f",
            "messageTitle": "level-3",
            "messageBody": "",
            "tags": [
              "Level-3"
            ],
            "insertions": 34,
            "deletions": 5
          }
        ]
      },
      {
        "insertions": 205,
        "deletions": 53,
        "date": "2020-01-21",
        "commitResults": [
          {
            "hash": "d329c6d1509537ebb2d1d5bd0a07b4a7cc9e61c4",
            "messageTitle": "level-4",
            "messageBody": "",
            "insertions": 72,
            "deletions": 7
          },
          {
            "hash": "d122dd4092028e1e6ae10484106adf52a8a523de",
            "messageTitle": "added text ui testing",
            "messageBody": "",
            "tags": [
              "A-TextUiTesting"
            ],
            "insertions": 60,
            "deletions": 1
          },
          {
            "hash": "738f5e74cd440c4fece1de8bdc69a636bb8190e4",
            "messageTitle": "added gradle plugin",
            "messageBody": "",
            "insertions": 1,
            "deletions": 1
          },
          {
            "hash": "b4ddc788cfe5c05fb3c6b8f279b16d47357dd063",
            "messageTitle": "level-5",
            "messageBody": "",
            "insertions": 62,
            "deletions": 41
          },
          {
            "hash": "bbca2ae480aff2a4f716bc6b7644b4b3be318b3b",
            "messageTitle": "level-6",
            "messageBody": "",
            "tags": [
              "Level-6"
            ],
            "insertions": 10,
            "deletions": 2
          },
          {
            "hash": "5eaca2c590c254ad51b995a057482f586f8af4e9",
            "messageTitle": "removed unused module",
            "messageBody": "",
            "insertions": 0,
            "deletions": 1
          }
        ]
      },
      {
        "insertions": 125,
        "deletions": 21,
        "date": "2020-01-25",
        "commitResults": [
          {
            "hash": "0f550a0beb116a343fcd086aa2dc50f471b60d3b",
            "messageTitle": "included exceptions",
            "messageBody": "",
            "tags": [
              "Level-5"
            ],
            "insertions": 125,
            "deletions": 21
          }
        ]
      },
      {
        "insertions": 140,
        "deletions": 26,
        "date": "2020-01-29",
        "commitResults": [
          {
            "hash": "b52df774a0daa1768ab211ffc8c98014175e8c6d",
            "messageTitle": "level-7",
            "messageBody": "",
            "tags": [
              "Level-7"
            ],
            "insertions": 57,
            "deletions": 2
          },
          {
            "hash": "86f408579f1fdac0b91821bbf3af2194d632a209",
            "messageTitle": "Level-8",
            "messageBody": "",
            "tags": [
              "Level-8"
            ],
            "insertions": 50,
            "deletions": 10
          },
          {
            "hash": "68340cf32db2cca75d749a452659b803eed106db",
            "messageTitle": "Level-8",
            "messageBody": "",
            "insertions": 33,
            "deletions": 14
          }
        ]
      },
      {
        "insertions": 819,
        "deletions": 259,
        "date": "2020-01-30",
        "commitResults": [
          {
            "hash": "d80ceb125c46a7cbdc24317523143c8a2cb55f43",
            "messageTitle": "Level-9",
            "messageBody": "",
            "tags": [
              "Level-9"
            ],
            "insertions": 15,
            "deletions": 0
          },
          {
            "hash": "4cc9ce69317156befb4ff1fb57d83392bb890ed8",
            "messageTitle": "A-MoreOOP",
            "messageBody": "",
            "tags": [
              "A-MoreOOP",
              "A-Jar"
            ],
            "insertions": 405,
            "deletions": 224
          },
          {
            "hash": "61961db76f6358561b6cfb1f46d75ce843ac2433",
            "messageTitle": "A-Gradle",
            "messageBody": "",
            "tags": [
              "A-Gradle"
            ],
            "insertions": 13,
            "deletions": 0
          },
          {
            "hash": "ad29eb1e60fa5db0783b95ee00582f42f1c53df1",
            "messageTitle": "A-Packages",
            "messageBody": "",
            "tags": [
              "A-Packages"
            ],
            "insertions": 43,
            "deletions": 8
          },
          {
            "hash": "9bfd9d8fec46e7418d0c9b5bbd9a8eeddfe01a5d",
            "messageTitle": "A-Junit and Level-7",
            "messageBody": "",
            "tags": [
              "A-Junit"
            ],
            "insertions": 53,
            "deletions": 8
          },
          {
            "hash": "9913876b704423fed8362c6b0691a5cfc7792b6b",
            "messageTitle": "A-JavaDoc",
            "messageBody": "",
            "tags": [
              "A-JavaDoc"
            ],
            "insertions": 290,
            "deletions": 16
          },
          {
            "hash": "d3383f06cdca351bb51d401c933e1d193c15b865",
            "messageTitle": "A-CodingStandard",
            "messageBody": "",
            "tags": [
              "A-CodingStandard"
            ],
            "insertions": 0,
            "deletions": 3
          }
        ]
      },
      {
        "insertions": 52,
        "deletions": 13,
        "date": "2020-01-31",
        "commitResults": [
          {
            "hash": "eda6bb4bc176f23771306c523b77ce4ae2328585",
            "messageTitle": "added gitignore and fixed split string",
            "messageBody": "",
            "insertions": 46,
            "deletions": 10
          },
          {
            "hash": "6cf1fc413407734f3fee045dae6089556ac68384",
            "messageTitle": "fixed deadline not displaying",
            "messageBody": "",
            "insertions": 6,
            "deletions": 3
          }
        ]
      },
      {
        "insertions": 34,
        "deletions": 13,
        "date": "2020-02-04",
        "commitResults": [
          {
            "hash": "a2485e1deaf4a4935ea79bfd94d064a1e4bd1238",
            "messageTitle": "A-JavaFx",
            "messageBody": "",
            "tags": [
              "A-JavaFx"
            ],
            "insertions": 34,
            "deletions": 13
          }
        ]
      },
      {
        "insertions": 203,
        "deletions": 53,
        "date": "2020-02-05",
        "commitResults": [
          {
            "hash": "04068a51250f2bb3b41172fb0787c6f6ce65aa04",
            "messageTitle": "added images",
            "messageBody": "",
            "insertions": 112,
            "deletions": 7
          },
          {
            "hash": "d2bac6711e1535777032b6d6a57e3668ad055857",
            "messageTitle": "gui iteration 3",
            "messageBody": "",
            "tags": [
              "gui-iteration-3"
            ],
            "insertions": 50,
            "deletions": 19
          },
          {
            "hash": "9f73641e2e0f4171b1f8f381736e32b6ea90befa",
            "messageTitle": "added itertion 3",
            "messageBody": "",
            "insertions": 41,
            "deletions": 21
          },
          {
            "hash": "f306bea9137ae7eb32b46f0311799f74a9bf148e",
            "messageTitle": "removed main class",
            "messageBody": "",
            "insertions": 0,
            "deletions": 6
          }
        ]
      },
      {
        "insertions": 23,
        "deletions": 12,
        "date": "2020-02-07",
        "commitResults": [
          {
            "hash": "34ee049ce71cb05f5baa110539390aa0b87ba6c9",
            "messageTitle": "added shadowJar",
            "messageBody": "",
            "insertions": 21,
            "deletions": 11
          },
          {
            "hash": "dfb5a8193a854065a7651a3a65a3b10b51d369d3",
            "messageTitle": "fixed duke.txt path not detected by jar",
            "messageBody": "",
            "insertions": 2,
            "deletions": 1
          }
        ]
      },
      {
        "insertions": 171,
        "deletions": 117,
        "date": "2020-02-11",
        "commitResults": [
          {
            "hash": "ef6593939af67f129d461352fd70f72f7631d475",
            "messageTitle": "A-CodeQuality",
            "messageBody": "",
            "tags": [
              "A-CodeQuality"
            ],
            "insertions": 156,
            "deletions": 113
          },
          {
            "hash": "72dc95572b2e4d26c25cf737388b9c6871c073e2",
            "messageTitle": "added application shutdown",
            "messageBody": "",
            "insertions": 15,
            "deletions": 4
          }
        ]
      }
    ]
  },
  "authorFinalContributionMap": {
    "yapdianhao": 1273
  },
  "authorFileTypeContributionMap": {
    "yapdianhao": {
      "java": 1182,
      "md": 0,
      "fxml": 0,
      "sh": 34,
      "bat": 0,
      "gradle": 27,
      "txt": 30
    }
  },
  "authorContributionVariance": {
    "yapdianhao": 41503.887
  },
  "authorDisplayNameMap": {
    "yapdianhao": "CS2103T-F09- 2 YAP .. HAO"
  }
}
