{
  "authorDailyContributionsMap": {
    "heidicrq": [
      {
        "insertions": 295,
        "deletions": 64,
        "date": "2020-01-24",
        "commitResults": [
          {
            "hash": "99fa10c88ddbb377ec93f033add7fb43def5dcd5",
            "messageTitle": "Level-1",
            "messageBody": "",
            "tags": [
              "Level-1"
            ],
            "insertions": 16,
            "deletions": 0
          },
          {
            "hash": "7c613d833fdf9b331ec7fbcebf290a88efdec6bf",
            "messageTitle": "Level-2",
            "messageBody": "",
            "insertions": 35,
            "deletions": 7
          },
          {
            "hash": "b3c43612b723c2a07a812a18450586c46fa9e0a3",
            "messageTitle": "Level-2",
            "messageBody": "",
            "insertions": 3,
            "deletions": 1
          },
          {
            "hash": "7f1e5a8562af7220ac4f6cb99d41a4ac35975167",
            "messageTitle": "Level-2, corrected numbering",
            "messageBody": "",
            "tags": [
              "Level-2"
            ],
            "insertions": 2,
            "deletions": 1
          },
          {
            "hash": "984807cc6073dda91c3e5ee665915c42b4ad5bea",
            "messageTitle": "Level-3",
            "messageBody": "",
            "tags": [
              "Level-3"
            ],
            "insertions": 31,
            "deletions": 6
          },
          {
            "hash": "d9d7d64f1e3a67fbd169e113d40b841645cd8c36",
            "messageTitle": "Level-4",
            "messageBody": "",
            "tags": [
              "Level-4"
            ],
            "insertions": 114,
            "deletions": 16
          },
          {
            "hash": "9d0878c24205f0928ae1f4a9bda543d6109d7069",
            "messageTitle": "TextUiTesting",
            "messageBody": "",
            "tags": [
              "A-TextUiTesting"
            ],
            "insertions": 36,
            "deletions": 0
          },
          {
            "hash": "886415cb68bd9b09bb01195ca992d305ae73aea8",
            "messageTitle": "Level 5",
            "messageBody": "",
            "insertions": 28,
            "deletions": 14
          },
          {
            "hash": "fadda6c9a6526b028e54779265bbea20992312c7",
            "messageTitle": "Level 5 - removed extra strings",
            "messageBody": "",
            "tags": [
              "Level-5"
            ],
            "insertions": 17,
            "deletions": 6
          },
          {
            "hash": "33c08319fd1b32afcc7cc06dfb9ed8aee4b99acc",
            "messageTitle": "Level 6",
            "messageBody": "",
            "insertions": 13,
            "deletions": 13
          }
        ]
      },
      {
        "insertions": 3,
        "deletions": 2,
        "date": "2020-01-25",
        "commitResults": [
          {
            "hash": "ed4f0c6268367dcefb0750cae7e5955db8c9b20c",
            "messageTitle": "Level 6 - corrected task number",
            "messageBody": "",
            "tags": [
              "Level-7",
              "Level-6"
            ],
            "insertions": 3,
            "deletions": 2
          }
        ]
      },
      {
        "insertions": 586,
        "deletions": 212,
        "date": "2020-01-31",
        "commitResults": [
          {
            "hash": "7a3730f99de58dcbbf38d1fb4a1dfcf28631d4d7",
            "messageTitle": "Level-7",
            "messageBody": "",
            "insertions": 67,
            "deletions": 8
          },
          {
            "hash": "f1c9f4ebaae045867e6240b9432add85e7e4ed12",
            "messageTitle": "Level-8",
            "messageBody": "",
            "tags": [
              "Level-8"
            ],
            "insertions": 24,
            "deletions": 13
          },
          {
            "hash": "71a3bd2d1684bfc2e2a1736da03985bc6c8c409a",
            "messageTitle": "Merge corrections",
            "messageBody": "",
            "insertions": 11,
            "deletions": 12
          },
          {
            "hash": "c3b0b4869b3b358622ea389a9ad974831e3a65b8",
            "messageTitle": "Revert \"Merge corrections\"",
            "messageBody": "This reverts commit 71a3bd2d1684bfc2e2a1736da03985bc6c8c409a.\n",
            "insertions": 12,
            "deletions": 11
          },
          {
            "hash": "3e21523a5252ac7354f042faa0eedcc5fd4c98e6",
            "messageTitle": "More merge corrections",
            "messageBody": "",
            "insertions": 5,
            "deletions": 10
          },
          {
            "hash": "6e7f335eb98d7ab58e531d2c8f441bbe9a76e11c",
            "messageTitle": "A-MoreOOP",
            "messageBody": "",
            "insertions": 212,
            "deletions": 138
          },
          {
            "hash": "f99945373b86578cca775f1227c70219dead30d5",
            "messageTitle": "A-MoreOOP - added parser class",
            "messageBody": "",
            "tags": [
              "A-MoreOOP"
            ],
            "insertions": 50,
            "deletions": 14
          },
          {
            "hash": "0fd2e8836471c89c14e2f28fc9ec1ccfdb08fa04",
            "messageTitle": "A-JUnit",
            "messageBody": "",
            "tags": [
              "A-Jar"
            ],
            "insertions": 23,
            "deletions": 0
          },
          {
            "hash": "e9c03352ea2516c71cbdec08601e3b747637938e",
            "messageTitle": "A-JavaDoc",
            "messageBody": "",
            "insertions": 174,
            "deletions": 2
          },
          {
            "hash": "1f803b7fc8761fed19de26e8610868534092ab20",
            "messageTitle": "A-CodingStandard",
            "messageBody": "",
            "insertions": 8,
            "deletions": 4
          }
        ]
      },
      {
        "insertions": 31,
        "deletions": 3,
        "date": "2020-02-01",
        "commitResults": [
          {
            "hash": "94a24d4248e0ae5297ba734fe04d426a28bc6561",
            "messageTitle": "Level-9",
            "messageBody": "",
            "insertions": 31,
            "deletions": 3
          }
        ]
      },
      {
        "insertions": 260,
        "deletions": 4,
        "date": "2020-02-03",
        "commitResults": [
          {
            "hash": "d9705c67d2c2fbb5a535acfa5956d65d7c572196",
            "messageTitle": "A-Gradle",
            "messageBody": "",
            "insertions": 21,
            "deletions": 0
          },
          {
            "hash": "3897b8e1e4dfbc45ae67ab53a13e540ebd90403d",
            "messageTitle": "Level-10",
            "messageBody": "",
            "tags": [
              "Level-10",
              "A-JUnit",
              "A-Gradle"
            ],
            "insertions": 239,
            "deletions": 4
          }
        ]
      },
      {
        "insertions": 416,
        "deletions": 266,
        "date": "2020-02-10",
        "commitResults": [
          {
            "hash": "a42a37f6ecace616c836855fe345fa3e5dc26055",
            "messageTitle": "More Level-10",
            "messageBody": "",
            "insertions": 120,
            "deletions": 78
          },
          {
            "hash": "9a6a941a4010b58cab94997ac380dd1a6cdc1bf0",
            "messageTitle": "A-Assertions",
            "messageBody": "",
            "tags": [
              "A-Assertions"
            ],
            "insertions": 3,
            "deletions": 3
          },
          {
            "hash": "0458f6f0ece495f16eb11abb167aca73570f2c1e",
            "messageTitle": "A-CodeQuality",
            "messageBody": "",
            "tags": [
              "A-CodeQuality"
            ],
            "insertions": 174,
            "deletions": 144
          },
          {
            "hash": "8710ec49a8affca62a54e53ceee2e719de9b60ef",
            "messageTitle": "C-DetectDuplicates",
            "messageBody": "",
            "tags": [
              "C-DetectDuplicates"
            ],
            "insertions": 93,
            "deletions": 15
          },
          {
            "hash": "a5793564b3ba46080d45a7b80f54d481441e651e",
            "messageTitle": "Organized the classes into packages",
            "messageBody": "",
            "insertions": 26,
            "deletions": 26
          }
        ]
      },
      {
        "insertions": 349,
        "deletions": 164,
        "date": "2020-02-16",
        "commitResults": [
          {
            "hash": "2de468bbb93182864981a2abd33b0412db5c9616",
            "messageTitle": "GUI",
            "messageBody": "",
            "insertions": 28,
            "deletions": 15
          },
          {
            "hash": "7b03f1b4c17d905bbd6f2b26ac10aea288e37205",
            "messageTitle": "A-UserGuide",
            "messageBody": "",
            "tags": [
              "A-UserGuide"
            ],
            "insertions": 134,
            "deletions": 14
          },
          {
            "hash": "2499600d92b77c9e083a45552cee5a1be6ad01d6",
            "messageTitle": "Edited the UserGuide",
            "messageBody": "",
            "insertions": 79,
            "deletions": 75
          },
          {
            "hash": "b60850ec675f9dfd5b81f610d0805836d3251c67",
            "messageTitle": "Changed Ui.png",
            "messageBody": "",
            "insertions": 0,
            "deletions": 2
          },
          {
            "hash": "c003d8afe69871635abbcf216389af0e8e1488e9",
            "messageTitle": "Modified some exceptions",
            "messageBody": "",
            "tags": [
              "A-Release"
            ],
            "insertions": 91,
            "deletions": 49
          },
          {
            "hash": "60d5b844057f45642db302392d3178572656405c",
            "messageTitle": "changed the name of the image",
            "messageBody": "",
            "insertions": 17,
            "deletions": 9
          }
        ]
      }
    ]
  },
  "authorFinalContributionMap": {
    "heidicrq": 1233
  },
  "authorFileTypeContributionMap": {
    "heidicrq": {
      "java": 992,
      "md": 113,
      "fxml": 44,
      "sh": 0,
      "bat": 21,
      "gradle": 48,
      "txt": 15
    }
  },
  "authorContributionVariance": {
    "heidicrq": 38955.832
  },
  "authorDisplayNameMap": {
    "heidicrq": "CS2103T-F10- 4 CHAN..EIDI"
  }
}
