{
  "authorDailyContributionsMap": {
    "Kangwkk": [
      {
        "insertions": 27,
        "deletions": 1,
        "date": "2020-01-23",
        "commitResults": [
          {
            "hash": "baceb2270b4d5f6bbfda8717fda6eaea5d3aa2eb",
            "messageTitle": "setting up",
            "messageBody": "",
            "insertions": 27,
            "deletions": 1
          }
        ]
      },
      {
        "insertions": 77,
        "deletions": 18,
        "date": "2020-01-25",
        "commitResults": [
          {
            "hash": "bca913bba65fde1aca15b19bba611ccc1b4866d9",
            "messageTitle": "the first increment.",
            "messageBody": "",
            "tags": [
              "Level-1"
            ],
            "insertions": 31,
            "deletions": 8
          },
          {
            "hash": "a8949ae0bf523ae5f3abb53d2ccc7a651f6d2146",
            "messageTitle": "the second increment",
            "messageBody": "",
            "tags": [
              "Level-2"
            ],
            "insertions": 46,
            "deletions": 10
          }
        ]
      },
      {
        "insertions": 353,
        "deletions": 117,
        "date": "2020-01-26",
        "commitResults": [
          {
            "hash": "95e5d6b1d9ef5f8864ba162551601345ac4dd9b6",
            "messageTitle": "the third increment",
            "messageBody": "",
            "tags": [
              "Level-3",
              "A-Classes"
            ],
            "insertions": 50,
            "deletions": 26
          },
          {
            "hash": "73b51f1fde4ff96ab335b0c041c53ba35454a048",
            "messageTitle": "The fourth increment",
            "messageBody": "",
            "tags": [
              "Level-4",
              "A-Inheritance"
            ],
            "insertions": 80,
            "deletions": 10
          },
          {
            "hash": "329698899a28a9b0d20cc52df1cd40ac99959211",
            "messageTitle": "TextUiTesting test added",
            "messageBody": "",
            "tags": [
              "A-TextUiTesting"
            ],
            "insertions": 52,
            "deletions": 0
          },
          {
            "hash": "30558121481d20dee4d79ef92301dd631b489cab",
            "messageTitle": "Some trivial updates",
            "messageBody": "",
            "insertions": 73,
            "deletions": 50
          },
          {
            "hash": "212c1070c35b8f1869682f6bbff84826b1e6e4d0",
            "messageTitle": "the fifth increment and change array to ArrayList to store Tasks",
            "messageBody": "",
            "tags": [
              "Level-5",
              "A-Exceptions",
              "A-Collections"
            ],
            "insertions": 52,
            "deletions": 17
          },
          {
            "hash": "49d410d737746bc1adc1da1091a52bdc95b524a1",
            "messageTitle": "the sixth increment",
            "messageBody": "",
            "tags": [
              "Level-6"
            ],
            "insertions": 18,
            "deletions": 4
          },
          {
            "hash": "b808e45b6ccd320c347d261ef05f5516baa77590",
            "messageTitle": "enum extension added",
            "messageBody": "",
            "tags": [
              "A-Enums"
            ],
            "insertions": 28,
            "deletions": 10
          }
        ]
      },
      {
        "insertions": 406,
        "deletions": 200,
        "date": "2020-02-01",
        "commitResults": [
          {
            "hash": "34f123556bf3a4125b9fd978ac4777575b611aa6",
            "messageTitle": "add Level 7: save",
            "messageBody": "",
            "insertions": 108,
            "deletions": 7
          },
          {
            "hash": "719d31da7181a3d40254083c1e6ba63fa069c4a6",
            "messageTitle": "add Level 8: Dates and Times",
            "messageBody": "",
            "insertions": 12,
            "deletions": 6
          },
          {
            "hash": "44750c030131d3a65b93b04cb791e7920b26a0b4",
            "messageTitle": "add more OOP",
            "messageBody": "",
            "tags": [
              "A-MoreOOP"
            ],
            "insertions": 260,
            "deletions": 175
          },
          {
            "hash": "f8f08146a2a3a83160cc1ea1ee9ffbeca09436a5",
            "messageTitle": "add Task package",
            "messageBody": "",
            "insertions": 0,
            "deletions": 0
          },
          {
            "hash": "dcd7ad9bdbae0adf4536be317c225ac0f4c726c4",
            "messageTitle": "package info update",
            "messageBody": "",
            "tags": [
              "A-Packages"
            ],
            "insertions": 26,
            "deletions": 12
          }
        ]
      },
      {
        "insertions": 315,
        "deletions": 117,
        "date": "2020-02-02",
        "commitResults": [
          {
            "hash": "d4eab545746f6d61b249453a048c56d812d98e9a",
            "messageTitle": "add JUnit tests",
            "messageBody": "",
            "tags": [
              "v0.1",
              "A-Jar",
              "A-JUnit"
            ],
            "insertions": 22,
            "deletions": 14
          },
          {
            "hash": "d76601d993715bb55bd12a064e7c51969afbbee5",
            "messageTitle": "trivial commit",
            "messageBody": "",
            "insertions": 2,
            "deletions": 1
          },
          {
            "hash": "8efd5fc81f41962fa2e03f71dfe2137e94aa3dcb",
            "messageTitle": "another trivial commit",
            "messageBody": "",
            "insertions": 31,
            "deletions": 10
          },
          {
            "hash": "61af639e09f9ec87c4ac15229d66badcccc38024",
            "messageTitle": "add JavaDoc",
            "messageBody": "",
            "insertions": 140,
            "deletions": 11
          },
          {
            "hash": "99d3319764a74506a14745aeaad17e6e90cf4c0a",
            "messageTitle": "add coding standard",
            "messageBody": "",
            "insertions": 49,
            "deletions": 47
          },
          {
            "hash": "daf3226cff7d50c3cad433bbed342c1ada6e16a5",
            "messageTitle": "add level 9",
            "messageBody": "",
            "insertions": 71,
            "deletions": 34
          }
        ]
      },
      {
        "insertions": 276,
        "deletions": 63,
        "date": "2020-02-03",
        "commitResults": [
          {
            "hash": "70db669bd2f27fda2e3750aa49ebb3f904b2ae19",
            "messageTitle": "add CheckStyle",
            "messageBody": "",
            "insertions": 38,
            "deletions": 37
          },
          {
            "hash": "5f5f449b5fabb295b4da8f9b2db78731943bfef4",
            "messageTitle": "rename the Task package to \u0027task\u0027 package and fix bugs",
            "messageBody": "",
            "insertions": 14,
            "deletions": 14
          },
          {
            "hash": "1c6a765d794feb0e9ad3cd1b49cdaf0f36c9d5e2",
            "messageTitle": "fix bugs after rename the package",
            "messageBody": "",
            "insertions": 9,
            "deletions": 9
          },
          {
            "hash": "26b7c5a30972f56a3a34030f43b55ace79168f67",
            "messageTitle": "add basic GUI following the tutorial",
            "messageBody": "",
            "insertions": 205,
            "deletions": 1
          },
          {
            "hash": "e980297241f9fcbfc4ebc54ac66ddf9cea4b02f8",
            "messageTitle": "add more GUI features: padding, round image",
            "messageBody": "",
            "insertions": 10,
            "deletions": 2
          }
        ]
      },
      {
        "insertions": 346,
        "deletions": 318,
        "date": "2020-02-04",
        "commitResults": [
          {
            "hash": "476fd7151939b52c5a9219063f603ec318341ae8",
            "messageTitle": "rebuild GUI using fxml",
            "messageBody": "",
            "insertions": 263,
            "deletions": 208
          },
          {
            "hash": "094cc06dee815f7580c17a2e8d61dd03b53d832e",
            "messageTitle": "small changes",
            "messageBody": "",
            "insertions": 45,
            "deletions": 45
          },
          {
            "hash": "ae17863218912f05fdce268de8d0f367366ead85",
            "messageTitle": "add greeting message \u0027hey\u0027 and \u0027bye\u0027 input to terminate GUI",
            "messageBody": "",
            "insertions": 38,
            "deletions": 65
          }
        ]
      },
      {
        "insertions": 1,
        "deletions": 1,
        "date": "2020-02-10",
        "commitResults": [
          {
            "hash": "11e30347e0f1fbdd98e945d9202f7768e088cbe3",
            "messageTitle": "update build.gradle and generate a new file",
            "messageBody": "",
            "insertions": 1,
            "deletions": 1
          }
        ]
      },
      {
        "insertions": 136,
        "deletions": 105,
        "date": "2020-02-11",
        "commitResults": [
          {
            "hash": "26e4705518afce8299ef0a4fd9ca7414d3a6ef6d",
            "messageTitle": "add assert and change variable name into more descriptive ones",
            "messageBody": "",
            "tags": [
              "A-Assertions"
            ],
            "insertions": 22,
            "deletions": 16
          },
          {
            "hash": "7b6f61fce339052a266fb4e6a2edca45cd8ba4a1",
            "messageTitle": "Code quality: put all input parsing into Parser class",
            "messageBody": "",
            "insertions": 57,
            "deletions": 46
          },
          {
            "hash": "ee9ecefb1e49f90b39a599654a2291ff6d0cab51",
            "messageTitle": "put files into duke package",
            "messageBody": "",
            "insertions": 55,
            "deletions": 43
          },
          {
            "hash": "312b2f7397e8f275e8d909d4e3c424c489197899",
            "messageTitle": "add lambda feature",
            "messageBody": "",
            "tags": [
              "A-Lambdas"
            ],
            "insertions": 2,
            "deletions": 0
          }
        ]
      },
      {
        "insertions": 65,
        "deletions": 63,
        "date": "2020-02-12",
        "commitResults": [
          {
            "hash": "d4eb2b2859df888202db288b0c631a09e05b3269",
            "messageTitle": "resolve the redundent dependency among Parser, TaskList and Ui class and also some renamings of methods",
            "messageBody": "",
            "tags": [
              "A-CodeQuality"
            ],
            "insertions": 60,
            "deletions": 58
          },
          {
            "hash": "52b6b397f0a25125da9712171c67761ff3a69f63",
            "messageTitle": "add two more assertions cos forget to create as a PR before",
            "messageBody": "",
            "insertions": 2,
            "deletions": 2
          },
          {
            "hash": "e25d18849dc85334cb94382f421b5d43987c4947",
            "messageTitle": "refactor a method and this branch is created cos forgot to create PR for code quality",
            "messageBody": "",
            "insertions": 3,
            "deletions": 3
          }
        ]
      }
    ]
  },
  "authorFinalContributionMap": {
    "Kangwkk": 1007
  },
  "authorFileTypeContributionMap": {
    "Kangwkk": {
      "java": 830,
      "md": 0,
      "fxml": 86,
      "sh": 34,
      "bat": 0,
      "gradle": 34,
      "txt": 23
    }
  },
  "authorContributionVariance": {
    "Kangwkk": 36244.0
  },
  "authorDisplayNameMap": {
    "Kangwkk": "CS2103T-W16- 4 KANG..GKAI"
  }
}
