{
  "authorDailyContributionsMap": {
    "eugenetyc": [
      {
        "insertions": 319,
        "deletions": 125,
        "date": "2020-01-21",
        "commitResults": [
          {
            "hash": "d07dcebd0680cc607bcaa7d846153b823cfdc27e",
            "messageTitle": "Completed: Level 1. Greet, Echo, Exit added personality features for chatbot Duke for better audience engagement",
            "messageBody": "",
            "insertions": 83,
            "deletions": 6
          },
          {
            "hash": "4966286c1cc1f61b2e90e299dfec631d8bb3daac",
            "messageTitle": "Revert \"Completed: Level 1. Greet, Echo, Exit\"",
            "messageBody": "This reverts commit d07dcebd0680cc607bcaa7d846153b823cfdc27e.\n",
            "insertions": 6,
            "deletions": 83
          },
          {
            "hash": "e6e12ddf9a923ae388649bbb18b13e69a7fcdee0",
            "messageTitle": "Completed Level 1: Greet, Echo, Exit. Added features of personality/emotion, and accepts user input of entire lines rather than a single String of one word.",
            "messageBody": "",
            "tags": [
              "Level-1"
            ],
            "insertions": 84,
            "deletions": 6
          },
          {
            "hash": "c8cf7a7093f996a3ca61a13de264404816f4d661",
            "messageTitle": "edited for cleanliness",
            "messageBody": "",
            "insertions": 2,
            "deletions": 2
          },
          {
            "hash": "1801849d12545fd561e91e7a10860f1b092c43b5",
            "messageTitle": "Completed Level 2: Add, List Output is now more appealing and easier to discern. Added some comments for easy development. Further consideration for encapsulation added. Reworked formatting of output.",
            "messageBody": "",
            "insertions": 69,
            "deletions": 13
          },
          {
            "hash": "b5065a1f298e7752312e7fb44827b246834b6c01",
            "messageTitle": "Updated TaskHandler file: added addTaskToStored message for better code cleanliness and better scope.",
            "messageBody": "",
            "tags": [
              "Level-2"
            ],
            "insertions": 8,
            "deletions": 2
          },
          {
            "hash": "fd0265c059dbd7fc12f25480f0c2b5a82eae7bd2",
            "messageTitle": "Completed Level 3: Mark as Done. Added more helper functions in Task.java and TaskHandler.java. Tasks now have a isDone attribute, which can be marked as true/false. The Task obtainStatusIcon String value depends on the value of isDone. Tasks can be marked as complete using doTask method in Task.java. Added more cases in TaskHandler\u0027s switch-case block.",
            "messageBody": "",
            "insertions": 45,
            "deletions": 6
          },
          {
            "hash": "5bfcfbb38562da9197e4ab05aa4e3b2611a55b03",
            "messageTitle": "Edited for better user engagement. Improved formatting, and chatbot emotion.",
            "messageBody": "",
            "tags": [
              "Level-3"
            ],
            "insertions": 22,
            "deletions": 7
          }
        ]
      },
      {
        "insertions": 576,
        "deletions": 213,
        "date": "2020-01-22",
        "commitResults": [
          {
            "hash": "e664ad9e64b163ee52c637ed4b39b77a4968acb6",
            "messageTitle": "Completed Level 4: ToDos, Events, Deadlines Task is now an abstract class, which ToDo, Event, Deadline are child classes with overridden methods toString and taskAddedMessage. Added more user-engaging features in TaskHandler to improve user experience. ToDo, Event, Deadline Tasks have their own unique responses. Improved code cleanliness. Created packages and JavaDocs as there are now sufficent number of classes to have distinct, clearly observable differences, and to make code neater, and more understandable.",
            "messageBody": "",
            "insertions": 484,
            "deletions": 162
          },
          {
            "hash": "09f57e9ce5c01d88f3943977b86d755f45eb0e1b",
            "messageTitle": "minor bug fixes in greetings",
            "messageBody": "",
            "tags": [
              "Level-4"
            ],
            "insertions": 61,
            "deletions": 1
          },
          {
            "hash": "f20d8f1dc3b0fa348af28a7a6460499400b9b46b",
            "messageTitle": "misc changes, playing around to learn about how to use .bat files",
            "messageBody": "",
            "insertions": 15,
            "deletions": 15
          },
          {
            "hash": "91d44808a32d5fbac107ca20202cba1009b10124",
            "messageTitle": "Completed A-TextUiTesting: Automated Text UI Testing. Removed packaging to simplify code. Packages will probably be added later. runtest.bat runs successfully and correctly, with no differences detected between actual and expected output.",
            "messageBody": "",
            "tags": [
              "A-TextUiTesting"
            ],
            "insertions": 16,
            "deletions": 35
          }
        ]
      },
      {
        "insertions": 295,
        "deletions": 86,
        "date": "2020-01-23",
        "commitResults": [
          {
            "hash": "c6e6aa0ba3ce719cefafefb398604bfd4d46585a",
            "messageTitle": "Completed Level 5: Handle Errors. Changed the if-else conditional printing statements to match those of the appropriate Exceptions. All Exceptions in this program are DukeExceptions (parent class). These 7 Exceptions are: DukeException, AlreadyDoneException, InputUnclearException, EmptyTaskListException, ToDoException, DeadlineException, EventException.",
            "messageBody": "",
            "insertions": 170,
            "deletions": 58
          },
          {
            "hash": "e19ad77424350e5137bb9e719d904a0b12639a59",
            "messageTitle": "Added javadoc comments for the 7 Exceptions",
            "messageBody": "",
            "tags": [
              "Level-5"
            ],
            "insertions": 35,
            "deletions": 0
          },
          {
            "hash": "1a80f13abaf1d9833cf1009a07f1bbb276eaace0",
            "messageTitle": "some minor spacing edits",
            "messageBody": "",
            "insertions": 1,
            "deletions": 1
          },
          {
            "hash": "77ee0ae477c56fc0d2fb51cb7fff30df124b6a6a",
            "messageTitle": "Completed Level 6: Delete. Provided a deleteTask(command) method to delete the task from a given command (raw String text) to which actual command (based on the int value given) represent the index+1 in the ArrayList collection. Created an 8th Exception, DeleteException, and its corresponding method for printing along with horizontal formatting lines.",
            "messageBody": "",
            "insertions": 84,
            "deletions": 23
          },
          {
            "hash": "6a139e7944d0eee06b377a6de9f5871bf29317c6",
            "messageTitle": "Added Task name and time limit/duration (if applicable) for delete user commands.",
            "messageBody": "",
            "tags": [
              "Level-6"
            ],
            "insertions": 5,
            "deletions": 4
          }
        ]
      },
      {
        "insertions": 1352,
        "deletions": 631,
        "date": "2020-01-29",
        "commitResults": [
          {
            "hash": "d446b75140f9a3bbdb6f69b4264d074e22716c26",
            "messageTitle": "Completed Level 7: Save. Now creates a file if not previously existing and updates if whenever a change is made to the overall Task List. Task done status is updated accordingly as with icons. Reopening Duke will load this file, such that there is a \u0027memory\u0027 attached to it.",
            "messageBody": "",
            "insertions": 148,
            "deletions": 30
          },
          {
            "hash": "1fc8812f25a11139b7531fd3979daa32b6455565",
            "messageTitle": "Completed Level-8: Dates \u0026 Times. Added restrictions to how Deadline limit and Event time are to be presented as input to Duke. Failure for such restrictions prompts user a reminder on the limit/time format. Outputs limit/time in a specific MMM d yyyy format.",
            "messageBody": "",
            "insertions": 38,
            "deletions": 6
          },
          {
            "hash": "270e0bec9d01741758006aeeb573689be0f6cd90",
            "messageTitle": "Completed A-MoreOOP.",
            "messageBody": "Fixed some bugs where the type of Task was reflected wrongly.\n\nAdded classes into packages, namely packages: exceptions, tasks (as they were very similar and had similar functions).\n\nReworked previous classes to suit the Task Requirements, requiring major shifting of code and refactoring.\nUi: deals with interactions with the user\nStorage: deals with loading tasks from the file and saving tasks in the file\nParser: deals with making sense of the user command\nTaskList: contains the task list e.g., it has operations to add/delete tasks in the list\n\nConducted further developer testing.\n",
            "tags": [
              "A-MoreOOP"
            ],
            "insertions": 8,
            "deletions": 4
          },
          {
            "hash": "0bc1b435779691e318bbcc630f23a59f1f1550f2",
            "messageTitle": "Completed A-Packages. Achieved the Minimal: put all classes in one package e.g., duke Achieved also the Stretch goal: divide into multiple packages as the number of classes increase.",
            "messageBody": "Essentially I have already done the work previously, and this commit simply adds my previous packaging efforts into one large package: duke.\nUsing IntelliJ features, this was very smoothly done.\n",
            "insertions": 308,
            "deletions": 345
          },
          {
            "hash": "fea127b57cbd0abe65bffd1063348f1759dfcae8",
            "messageTitle": "Fixed some bugs on presentation to user.",
            "messageBody": "",
            "insertions": 1,
            "deletions": 1
          },
          {
            "hash": "69f2a07ffa8fb716c28b6bb432d51e4a4a1d0772",
            "messageTitle": "Changed packaging code.",
            "messageBody": "",
            "insertions": 245,
            "deletions": 22
          },
          {
            "hash": "dc23100c45462781511232993927a32c4f3c1d70",
            "messageTitle": "Moved duke file to suit all classes in 1 package, duke,",
            "messageBody": "",
            "tags": [
              "A-Packages"
            ],
            "insertions": 11,
            "deletions": 13
          },
          {
            "hash": "184512d514ea02f69749f0089553916248c87320",
            "messageTitle": "Completed A-JUnit. Tests created for Parser and TaskList class. The other classes do not have much public methods to test.",
            "messageBody": "",
            "tags": [
              "v0.1.0",
              "A-Jar",
              "A-JUnit"
            ],
            "insertions": 138,
            "deletions": 0
          },
          {
            "hash": "feb843e850c563ff161d4edabe21c1bb75302868",
            "messageTitle": "Completed A-Gradle: Automate project builds using Gradle. Ran Gradle for unit tests, such as using gradlew run, gradlew checkstyleMain checkstyleTest, and corrected my coding style to fit the checkstyles. Completed javadocs for all as well, as these were triggering the checktyle checks.",
            "messageBody": "",
            "tags": [
              "A-Gradle"
            ],
            "insertions": 415,
            "deletions": 200
          },
          {
            "hash": "7ad6bb6282b3537c1d2e53eaf67882941dcdbb18",
            "messageTitle": "Completed A-JavaDoc: JavaDoc. Edited Code for Neatness.",
            "messageBody": "",
            "insertions": 0,
            "deletions": 3
          },
          {
            "hash": "bd8a7ad868f098c30caf1f17785743a65a6bf263",
            "messageTitle": "Completed A-CodingStandard: Tweak the code to comply with a coding standard. Using the gradlew checkstyleMain checkstyleTest, the build has passed, indicating compliance with the coding standard.",
            "messageBody": "",
            "insertions": 7,
            "deletions": 7
          },
          {
            "hash": "1f430b13d6929832b9d7c969e20c28555e371956",
            "messageTitle": "Completed Level 9: Find. Users can now use \"find keyword\" to find keyword in the list of previously entered tasks that are not yet deleted.",
            "messageBody": "",
            "insertions": 33,
            "deletions": 0
          }
        ]
      },
      {
        "insertions": 8,
        "deletions": 3,
        "date": "2020-01-31",
        "commitResults": [
          {
            "hash": "716b2e7626ec879bd8bc9ff7a1edf9a51c6514cf",
            "messageTitle": "Improved find method in TaskList. Users can now search for words of longer than length 1.",
            "messageBody": "",
            "tags": [
              "v0.1.1"
            ],
            "insertions": 8,
            "deletions": 3
          }
        ]
      },
      {
        "insertions": 219,
        "deletions": 1,
        "date": "2020-02-02",
        "commitResults": [
          {
            "hash": "639115d7131f297006f02331c6ed25adbe608925",
            "messageTitle": "Current: JavaFX Tutorial 3, before Iteration 2 - Adding Dialog Boxes.",
            "messageBody": "",
            "insertions": 161,
            "deletions": 1
          },
          {
            "hash": "c9f329a8a2a48085ff95253ab6f955882d53532b",
            "messageTitle": "JavaFX Tut3 Iteration3",
            "messageBody": "",
            "insertions": 58,
            "deletions": 0
          }
        ]
      },
      {
        "insertions": 308,
        "deletions": 246,
        "date": "2020-02-03",
        "commitResults": [
          {
            "hash": "c6a31835ca957adff759dd6e1c946659e145e06c",
            "messageTitle": "JavaFX Tutorial 3 added.",
            "messageBody": "",
            "insertions": 128,
            "deletions": 74
          },
          {
            "hash": "0b9ebdeb542a728f67b3aa4f0dcf65d0ac870fc6",
            "messageTitle": "JavaFX Tutorial 4 completed: Added GUI for chatbot and launcher.",
            "messageBody": "",
            "insertions": 180,
            "deletions": 172
          }
        ]
      },
      {
        "insertions": 18,
        "deletions": 13,
        "date": "2020-02-04",
        "commitResults": [
          {
            "hash": "ad1eed29d13da6c91028cc58e539958280ce47f4",
            "messageTitle": "minor changes for comments.",
            "messageBody": "",
            "insertions": 18,
            "deletions": 13
          }
        ]
      },
      {
        "insertions": 367,
        "deletions": 399,
        "date": "2020-02-06",
        "commitResults": [
          {
            "hash": "8cfad78fb5af7c8d0a26c55119a9acd4c6991301",
            "messageTitle": "Transition from printing files in TaskList to printing Tasks in Ui.",
            "messageBody": "",
            "insertions": 94,
            "deletions": 101
          },
          {
            "hash": "913c7ea0420802b02cdbfd7015988eac8a45d580",
            "messageTitle": "shifted user response loop to Duke class method run()",
            "messageBody": "",
            "insertions": 67,
            "deletions": 67
          },
          {
            "hash": "64d75c307e58f92b8fc53183d48d4abf57e54c1d",
            "messageTitle": "formatting changes for neatness",
            "messageBody": "",
            "insertions": 36,
            "deletions": 27
          },
          {
            "hash": "a4dd52eea9c34ed06a918d7f9663fd8eaf311383",
            "messageTitle": "Fixed some bugs for GUI.",
            "messageBody": "To improve on:\n1. Including dialogBox to cover full text for user and duke\n2. Naming and coding style\n3. Javadocs\n",
            "tags": [
              "A-Varargs"
            ],
            "insertions": 157,
            "deletions": 176
          },
          {
            "hash": "dcc96cf022292492f602929f71cfcd65e1fc0206",
            "messageTitle": "Edited output for better neatness/presentation.",
            "messageBody": "",
            "insertions": 5,
            "deletions": 4
          },
          {
            "hash": "1a1fe674175603a7d4c6cd8b5e3a936bf3bbac57",
            "messageTitle": "Improved user initiating text.",
            "messageBody": "",
            "insertions": 8,
            "deletions": 24
          }
        ]
      },
      {
        "insertions": 161,
        "deletions": 89,
        "date": "2020-02-07",
        "commitResults": [
          {
            "hash": "4123a30a7a2d50b2d43554a02aa84b97a0d855f0",
            "messageTitle": "Improved JavaFX UX.",
            "messageBody": "",
            "insertions": 26,
            "deletions": 9
          },
          {
            "hash": "e6af4fcd5982c26f42e7209bcfbeaabbad803138",
            "messageTitle": "Made code changes for neatness, once again due to these changes, redone javadocs and code styling to satisfy checkstyle.",
            "messageBody": "",
            "tags": [
              "Level-10",
              "A-JavaFx",
              "A-CheckStyle"
            ],
            "insertions": 135,
            "deletions": 80
          }
        ]
      }
    ]
  },
  "authorFinalContributionMap": {
    "eugenetyc": 1831
  },
  "authorFileTypeContributionMap": {
    "eugenetyc": {
      "java": 1669,
      "md": 2,
      "fxml": 38,
      "sh": 0,
      "bat": 21,
      "gradle": 49,
      "txt": 52
    }
  },
  "authorContributionVariance": {
    "eugenetyc": 183428.61
  },
  "authorDisplayNameMap": {
    "eugenetyc": "CS2103T-F11- 1 EUGE..CHIN"
  }
}
