{
  "authorDailyContributionsMap": {
    "kevinputera": [
      {
        "insertions": 338,
        "deletions": 95,
        "date": "2020-01-26",
        "commitResults": [
          {
            "hash": "dfa23c53067024367f2a519e7e9216906de34b84",
            "messageTitle": "Scaffold basic version of duke",
            "messageBody": "",
            "tags": [
              "Level-1"
            ],
            "insertions": 36,
            "deletions": 12
          },
          {
            "hash": "a79dfeb703648f887d2e482bb276ba2761ef918b",
            "messageTitle": "Duke level-2",
            "messageBody": "",
            "tags": [
              "Level-2"
            ],
            "insertions": 17,
            "deletions": 5
          },
          {
            "hash": "b19c26d2a2e655a35c4878926dd6d28d006308dd",
            "messageTitle": "Duke level-3",
            "messageBody": "",
            "tags": [
              "Level-3",
              "A-Classes"
            ],
            "insertions": 47,
            "deletions": 7
          },
          {
            "hash": "a83d8a9649fc7864e79b347e72db426cbddcc9f1",
            "messageTitle": "Duke level-4",
            "messageBody": "",
            "tags": [
              "Level-4"
            ],
            "insertions": 109,
            "deletions": 17
          },
          {
            "hash": "87c56284f738a48b3268c6308f7b2a2c069951f7",
            "messageTitle": "Duke level-5",
            "messageBody": "",
            "tags": [
              "Level-5"
            ],
            "insertions": 91,
            "deletions": 46
          },
          {
            "hash": "23150affb25ac2f9988ff066e5cf288d4cc741a7",
            "messageTitle": "Duke level-6",
            "messageBody": "",
            "tags": [
              "Level-6"
            ],
            "insertions": 38,
            "deletions": 8
          }
        ]
      },
      {
        "insertions": 202,
        "deletions": 13,
        "date": "2020-01-28",
        "commitResults": [
          {
            "hash": "07070b12d6bb41207920bfe2aedccd260136cf07",
            "messageTitle": "Add text ui testing",
            "messageBody": "",
            "tags": [
              "A-TextUiTesting"
            ],
            "insertions": 86,
            "deletions": 0
          },
          {
            "hash": "2be3579bb8baf59375b2f321a82031cae3984e5b",
            "messageTitle": "Implement persistent storage",
            "messageBody": "",
            "insertions": 97,
            "deletions": 3
          },
          {
            "hash": "7163a846821730913c1f9ca829a141646288e3d5",
            "messageTitle": "Update date implementation from plain string to date-time module",
            "messageBody": "",
            "insertions": 19,
            "deletions": 10
          }
        ]
      },
      {
        "insertions": 828,
        "deletions": 472,
        "date": "2020-01-29",
        "commitResults": [
          {
            "hash": "8d7d27c5456dbceaa86e372fbe3b99f5efb385ff",
            "messageTitle": "Extract out PersistentStorage into a separate class",
            "messageBody": "",
            "insertions": 107,
            "deletions": 77
          },
          {
            "hash": "de67977335f46a31820d72517cd804fd3303e75b",
            "messageTitle": "Make Task and its subclasses immutable",
            "messageBody": "",
            "insertions": 20,
            "deletions": 13
          },
          {
            "hash": "86baae041c715265ea154fd5bbee48a13425ab8f",
            "messageTitle": "Extract out commands",
            "messageBody": "",
            "insertions": 132,
            "deletions": 0
          },
          {
            "hash": "76906793c548d0e7be3cf6d8cb6a1665238ed0ae",
            "messageTitle": "Extract out Parser into a separate class",
            "messageBody": "",
            "insertions": 123,
            "deletions": 18
          },
          {
            "hash": "3c4c3820930a76cc0df1efee7fc1bbe7f468a6a6",
            "messageTitle": "Improve parsing error message",
            "messageBody": "",
            "insertions": 1,
            "deletions": 1
          },
          {
            "hash": "50ad51a438966f8fe717b68557386bda5d11d2ce",
            "messageTitle": "Use extracted classes",
            "messageBody": "",
            "insertions": 49,
            "deletions": 176
          },
          {
            "hash": "ab79883c5938573d362b31cf240eabd2c88d7333",
            "messageTitle": "Fix minor command bugs",
            "messageBody": "",
            "insertions": 3,
            "deletions": 3
          },
          {
            "hash": "c0adfdf5083d80996fb2f9b9c3a6c982969a2527",
            "messageTitle": "Extract out tasks into their own package",
            "messageBody": "",
            "tags": [
              "A-Packages"
            ],
            "insertions": 19,
            "deletions": 14
          },
          {
            "hash": "7ab60e26d8c83044ecc9771906335cb194429725",
            "messageTitle": "Extract out TaskList class",
            "messageBody": "",
            "insertions": 76,
            "deletions": 42
          },
          {
            "hash": "b1a889c7453f31b1354fcfcaf94402a461a98f63",
            "messageTitle": "Fix tests",
            "messageBody": "",
            "insertions": 8,
            "deletions": 2
          },
          {
            "hash": "0f0e1eee9eacc1c34781606e3df0615112cb8339",
            "messageTitle": "Extract out View class",
            "messageBody": "",
            "tags": [
              "A-MoreOOP"
            ],
            "insertions": 17,
            "deletions": 10
          },
          {
            "hash": "2ab6caa04742a2e1961d71a89dea4c6975e8998b",
            "messageTitle": "Add skeleton test directory + config",
            "messageBody": "",
            "insertions": 10,
            "deletions": 2
          },
          {
            "hash": "264d63ae46d882d757e71bff0ef012e02b47d245",
            "messageTitle": "Add tests for AddCommand and DoneCommand",
            "messageBody": "",
            "insertions": 122,
            "deletions": 7
          },
          {
            "hash": "fe5098799f0106f2a2966379f764dd0560604a0c",
            "messageTitle": "Remove plain text testing",
            "messageBody": "",
            "tags": [
              "A-JUnit"
            ],
            "insertions": 0,
            "deletions": 92
          },
          {
            "hash": "cc6027104e25444e8d2d557b01cb480f745ff024",
            "messageTitle": "Add shadowJar plugin",
            "messageBody": "",
            "tags": [
              "A-Jar"
            ],
            "insertions": 8,
            "deletions": 0
          },
          {
            "hash": "7a87f2e594d1ab532a86ef09a749464cf66600b7",
            "messageTitle": "Add checkstyle plugin",
            "messageBody": "",
            "insertions": 5,
            "deletions": 0
          },
          {
            "hash": "6880f1e62327e04dbf8a0bd98658e1bb5c87cae3",
            "messageTitle": "Add javadoc to classes",
            "messageBody": "",
            "insertions": 84,
            "deletions": 13
          },
          {
            "hash": "e06e8eb4154f7bcf09443f2a660ebfeedf12f3d6",
            "messageTitle": "Add find command",
            "messageBody": "",
            "insertions": 44,
            "deletions": 2
          }
        ]
      },
      {
        "insertions": 616,
        "deletions": 398,
        "date": "2020-02-11",
        "commitResults": [
          {
            "hash": "df3f898cee06ca4aab20bfab3622e2c577d129b9",
            "messageTitle": "Add javafx dependency",
            "messageBody": "",
            "insertions": 19,
            "deletions": 9
          },
          {
            "hash": "a27659d3c079899c7b7184e76c21321da6b24629",
            "messageTitle": "Simplify package structure",
            "messageBody": "",
            "insertions": 59,
            "deletions": 59
          },
          {
            "hash": "8a281910dcdb42c7ffcedf8ca871961c51efee42",
            "messageTitle": "Add root application UI component",
            "messageBody": "",
            "insertions": 58,
            "deletions": 0
          },
          {
            "hash": "63c096e4b2612b14f24fd16ad6c1bb0920c14a10",
            "messageTitle": "Polish up root application component\u0027s scroll pane",
            "messageBody": "",
            "insertions": 4,
            "deletions": 6
          },
          {
            "hash": "a65409c3cd34802032fe5779b6f8e0795037b25d",
            "messageTitle": "Create message ui components",
            "messageBody": "",
            "insertions": 110,
            "deletions": 0
          },
          {
            "hash": "16de6996f6b127501c30bd822425b4a1fd6b120b",
            "messageTitle": "Add font style",
            "messageBody": "",
            "insertions": 4,
            "deletions": 2
          },
          {
            "hash": "bc7ee014416d52c04cd0535c9a31a3ca91cc45aa",
            "messageTitle": "Add styling to message list",
            "messageBody": "",
            "insertions": 6,
            "deletions": 1
          },
          {
            "hash": "946887e52f6cc5e46181b25be576a7ca5521e386",
            "messageTitle": "Finish up app controllers",
            "messageBody": "",
            "insertions": 111,
            "deletions": 124
          },
          {
            "hash": "bf16fad69585cb4f5b98b2bd0758ad5f3e182c65",
            "messageTitle": "Refactor: Implement MVC architecture",
            "messageBody": "",
            "insertions": 116,
            "deletions": 149
          },
          {
            "hash": "b05914284acf01efaf53103ff11f5fc4902edee2",
            "messageTitle": "Reorganize directories",
            "messageBody": "",
            "insertions": 23,
            "deletions": 21
          },
          {
            "hash": "fc149242436beb616f330ad1863fe91b654625f2",
            "messageTitle": "Fix fat jar bug",
            "messageBody": "",
            "tags": [
              "A-Streams",
              "A-Lambdas",
              "A-CodeQuality",
              "0.2.0"
            ],
            "insertions": 12,
            "deletions": 8
          },
          {
            "hash": "0a8d14554f6360896e67bbc686c8ef0c82484ded",
            "messageTitle": "Add non-null assertions",
            "messageBody": "",
            "insertions": 28,
            "deletions": 1
          },
          {
            "hash": "5478a4e99a9eb8d521f5eff331f48564f6628990",
            "messageTitle": "Add more non-null assertions",
            "messageBody": "",
            "tags": [
              "A-Assertions"
            ],
            "insertions": 10,
            "deletions": 0
          },
          {
            "hash": "c485d3e002566f1787cf7335342c4b8c3f14a3a8",
            "messageTitle": "Add help command",
            "messageBody": "",
            "insertions": 29,
            "deletions": 0
          },
          {
            "hash": "2d67155d34c63ef19526e84134c4440e75708055",
            "messageTitle": "Support \u0027help\u0027 command parsing",
            "messageBody": "",
            "insertions": 3,
            "deletions": 0
          },
          {
            "hash": "768542764c5d5196cd405573bfd04c61e4010307",
            "messageTitle": "Tweak help command output",
            "messageBody": "",
            "insertions": 15,
            "deletions": 15
          },
          {
            "hash": "0c295f4c954051f4382380678c55b6d867dd86e1",
            "messageTitle": "Enlarge default window width",
            "messageBody": "",
            "tags": [
              "C-Help"
            ],
            "insertions": 1,
            "deletions": 1
          },
          {
            "hash": "66526e6bb8a5bda87b2f82c3111c4b83729ba073",
            "messageTitle": "Close window after bye command is encountered",
            "messageBody": "",
            "insertions": 6,
            "deletions": 0
          },
          {
            "hash": "aae30e43af64a7d35a1b71ac93e54e89031f2e30",
            "messageTitle": "Enlarge spacing",
            "messageBody": "",
            "insertions": 2,
            "deletions": 2
          }
        ]
      }
    ]
  },
  "authorFinalContributionMap": {
    "kevinputera": 1035
  },
  "authorFileTypeContributionMap": {
    "kevinputera": {
      "java": 947,
      "md": 0,
      "fxml": 48,
      "sh": 0,
      "bat": 0,
      "gradle": 40,
      "txt": 0
    }
  },
  "authorContributionVariance": {
    "kevinputera": 88648.73
  },
  "authorDisplayNameMap": {
    "kevinputera": "CS2103T-W17- 2 KEVI..TERA"
  }
}
