{
  "authorDailyContributionsMap": {
    "Yuanyu97": [
      {
        "insertions": 463,
        "deletions": 135,
        "date": "2020-01-22",
        "commitResults": [
          {
            "hash": "eff907f1cd43535d8cbc104d966228ce0e6427b9",
            "messageTitle": "Level 1 done",
            "messageBody": "",
            "tags": [
              "Level-1"
            ],
            "fileTypesAndContributionMap": {
              "gradle": {
                "insertions": 22,
                "deletions": 1
              },
              "java": {
                "insertions": 21,
                "deletions": 0
              }
            }
          },
          {
            "hash": "d60c4e43bcd16d24e1825add95cf433e9f43515b",
            "messageTitle": "Level-2",
            "messageBody": "",
            "tags": [
              "Level-2"
            ],
            "fileTypesAndContributionMap": {
              "java": {
                "insertions": 20,
                "deletions": 8
              }
            }
          },
          {
            "hash": "157f300ec4cb184517fd2d7d44bf4eda17b02c27",
            "messageTitle": "Level 3 Done",
            "messageBody": "",
            "tags": [
              "Level-3"
            ],
            "fileTypesAndContributionMap": {
              "java": {
                "insertions": 48,
                "deletions": 8
              }
            }
          },
          {
            "hash": "e259ecdcf9af64d5014e1665632709cdb0706391",
            "messageTitle": "Level 4 done",
            "messageBody": "",
            "tags": [
              "Level-4"
            ],
            "fileTypesAndContributionMap": {
              "java": {
                "insertions": 104,
                "deletions": 26
              }
            }
          },
          {
            "hash": "816a56f97d3efb372bb2a78d77c5c0ba89d698c1",
            "messageTitle": "A-TextUiTesting Done",
            "messageBody": "",
            "tags": [
              "A-TextUiTesting"
            ],
            "fileTypesAndContributionMap": {
              "txt": {
                "insertions": 57,
                "deletions": 0
              },
              "java": {
                "insertions": 10,
                "deletions": 14
              },
              "sh": {
                "insertions": 34,
                "deletions": 0
              }
            }
          },
          {
            "hash": "011cabde696af544daa9506badb5bd09d51880ab",
            "messageTitle": "Level 5 Done",
            "messageBody": "",
            "tags": [
              "Level-5"
            ],
            "fileTypesAndContributionMap": {
              "java": {
                "insertions": 98,
                "deletions": 66
              }
            }
          },
          {
            "hash": "af7f1c0f59dc879280b093e9ca63d21001da094f",
            "messageTitle": "Level 6 Done",
            "messageBody": "",
            "tags": [
              "Level-6"
            ],
            "fileTypesAndContributionMap": {
              "txt": {
                "insertions": 25,
                "deletions": 1
              },
              "java": {
                "insertions": 24,
                "deletions": 11
              }
            }
          }
        ]
      },
      {
        "insertions": 657,
        "deletions": 630,
        "date": "2020-01-24",
        "commitResults": [
          {
            "hash": "707a5a4c97a081382da38ad6e16f6ee7237ceae9",
            "messageTitle": "Level 8 Done",
            "messageBody": "",
            "tags": [
              "DatesAndTimes"
            ],
            "fileTypesAndContributionMap": {
              "java": {
                "insertions": 96,
                "deletions": 95
              }
            }
          },
          {
            "hash": "59bef2e6ed2175a3cd7bcad0f16ba34e92cd5271",
            "messageTitle": "added modified Deadline, Duke and Event files",
            "messageBody": "",
            "fileTypesAndContributionMap": {
              "java": {
                "insertions": 118,
                "deletions": 7
              }
            }
          },
          {
            "hash": "818cf41b500580730a4a8815ad8f104feadec3f3",
            "messageTitle": "Revert \"added modified Deadline, Duke and Event files\"",
            "messageBody": "This reverts commit 59bef2e6ed2175a3cd7bcad0f16ba34e92cd5271.\n",
            "fileTypesAndContributionMap": {
              "java": {
                "insertions": 7,
                "deletions": 118
              }
            }
          },
          {
            "hash": "3bd851fc0285453d5a36f3e0212ae9afea60add2",
            "messageTitle": "This commit is to revert my master back to Level 6 state. I messed up the merging of level 7 and level 8.",
            "messageBody": "",
            "fileTypesAndContributionMap": {
              "java": {
                "insertions": 117,
                "deletions": 120
              }
            }
          },
          {
            "hash": "010b6c0db224c1ce786e977e991a78f5912d97b5",
            "messageTitle": "Level 7 Done",
            "messageBody": "",
            "fileTypesAndContributionMap": {
              "txt": {
                "insertions": 2,
                "deletions": 0
              }
            }
          },
          {
            "hash": "9baa23a762fdce784f1fe2d0739a9080f267734c",
            "messageTitle": "Level 7 Done",
            "messageBody": "",
            "tags": [
              "Level-7"
            ],
            "fileTypesAndContributionMap": {
              "txt": {
                "insertions": 1,
                "deletions": 0
              },
              "java": {
                "insertions": 203,
                "deletions": 103
              }
            }
          },
          {
            "hash": "db913b744853a2ebe04b7e9abc4bdae2577bef76",
            "messageTitle": "Level 8 Done",
            "messageBody": "",
            "tags": [
              "Level-8"
            ],
            "fileTypesAndContributionMap": {
              "java": {
                "insertions": 104,
                "deletions": 101
              }
            }
          },
          {
            "hash": "9b6dd3642ba68b323710047b6e3ca43750762a2b",
            "messageTitle": "Resolved merge conflict with branch-Level-8",
            "messageBody": "",
            "fileTypesAndContributionMap": {
              "txt": {
                "insertions": 2,
                "deletions": 3
              },
              "java": {
                "insertions": 7,
                "deletions": 83
              }
            }
          }
        ]
      },
      {
        "insertions": 381,
        "deletions": 22,
        "date": "2020-01-25",
        "commitResults": [
          {
            "hash": "4d55fe93edd3f02711565b12d123297379252fae",
            "messageTitle": "Created data directory, removed text.txt from java directory and added duke.txt to data directory",
            "messageBody": "",
            "tags": [
              "MostUpdatedAfterMerging7and8"
            ],
            "fileTypesAndContributionMap": {
              "txt": {
                "insertions": 0,
                "deletions": 2
              }
            }
          },
          {
            "hash": "5d138de4d97c27a1ca6679500035aeacf66be9b2",
            "messageTitle": "Changed minor error in event.java and filepath",
            "messageBody": "",
            "tags": [
              "FinalVersionForLevel7and8Merge"
            ],
            "fileTypesAndContributionMap": {
              "txt": {
                "insertions": 6,
                "deletions": 0
              },
              "java": {
                "insertions": 6,
                "deletions": 6
              }
            }
          },
          {
            "hash": "3faa5ef93a1ab36d6d3a5fc2a392d783e7ce3636",
            "messageTitle": "Changed my code to become more OOP instead of depending heavily on Main",
            "messageBody": "",
            "tags": [
              "A-MoreOOP"
            ],
            "fileTypesAndContributionMap": {
              "txt": {
                "insertions": 3,
                "deletions": 6
              },
              "java": {
                "insertions": 366,
                "deletions": 8
              }
            }
          }
        ]
      },
      {
        "insertions": 112,
        "deletions": 191,
        "date": "2020-01-26",
        "commitResults": [
          {
            "hash": "176a21120431ea40dd990e34272d529acee9b2be",
            "messageTitle": "Organized classes into packages. Added some JUnit tests.",
            "messageBody": "",
            "tags": [
              "A-JUnit"
            ],
            "fileTypesAndContributionMap": {
              "txt": {
                "insertions": 3,
                "deletions": 3
              },
              "java": {
                "insertions": 108,
                "deletions": 187
              },
              "sh": {
                "insertions": 1,
                "deletions": 1
              }
            }
          }
        ]
      },
      {
        "insertions": 266,
        "deletions": 67,
        "date": "2020-01-27",
        "commitResults": [
          {
            "hash": "2bded987ac899e36da0a31362b06906913b0681e",
            "messageTitle": "Added javadoc for all classes except Duke.java. Declared Task class as abstract",
            "messageBody": "",
            "tags": [
              "A-JavaDoc"
            ],
            "fileTypesAndContributionMap": {
              "txt": {
                "insertions": 2,
                "deletions": 2
              },
              "java": {
                "insertions": 264,
                "deletions": 65
              }
            }
          }
        ]
      },
      {
        "insertions": 220,
        "deletions": 150,
        "date": "2020-01-28",
        "commitResults": [
          {
            "hash": "fd70299ffb1e4d53bf279dc1c3ae6dd5a6e4b566",
            "messageTitle": "Changed the package name for dukeException to dukeexception to adhere to java coding standard",
            "messageBody": "",
            "fileTypesAndContributionMap": {
              "java": {
                "insertions": 3,
                "deletions": 3
              }
            }
          },
          {
            "hash": "775138ea6e85c2b869c453f31eeb402fd6a4b3be",
            "messageTitle": "Changed the method name from getStringTaskstxt to getStringTasks in all classes in Task package to adhere to java coding standard. Changed the method body of toStringDukeTasks in TaskList.java to make it simpler.",
            "messageBody": "",
            "fileTypesAndContributionMap": {
              "txt": {
                "insertions": 1,
                "deletions": 1
              },
              "java": {
                "insertions": 5,
                "deletions": 16
              }
            }
          },
          {
            "hash": "35bb53dc8eb44fc2f54f609b955d9bcffdbd4016",
            "messageTitle": "Updated all the classes to follow coding standard.",
            "messageBody": "",
            "tags": [
              "A-CodingStandard"
            ],
            "fileTypesAndContributionMap": {
              "java": {
                "insertions": 156,
                "deletions": 128
              }
            }
          },
          {
            "hash": "2a6d64df331aee5ae03ea8bf9fd51d50981653be",
            "messageTitle": "Added a new FindCommand in command package.",
            "messageBody": "",
            "tags": [
              "Level-9"
            ],
            "fileTypesAndContributionMap": {
              "txt": {
                "insertions": 3,
                "deletions": 1
              },
              "java": {
                "insertions": 52,
                "deletions": 1
              }
            }
          }
        ]
      },
      {
        "insertions": 947,
        "deletions": 932,
        "date": "2020-01-29",
        "commitResults": [
          {
            "hash": "da409063ff4cc091571e3838a20c47d6985aeaf5",
            "messageTitle": "Data: Changed duke.txt content.",
            "messageBody": "",
            "fileTypesAndContributionMap": {
              "txt": {
                "insertions": 0,
                "deletions": 1
              }
            }
          },
          {
            "hash": "05efd7f6d77ed44579a0f358a441327a6baaefc7",
            "messageTitle": "Libs: Added duke-v0.1.jar",
            "messageBody": "",
            "fileTypesAndContributionMap": {
              "java": {
                "insertions": 856,
                "deletions": 0
              }
            }
          },
          {
            "hash": "c5084f4a1ea14f8e96a1fa5a2c473cd15b6ec25c",
            "messageTitle": "test:Edited test methods for DeadlineTest, EventTest and TodoTest.",
            "messageBody": "",
            "tags": [
              "v0.1",
              "A-Jar"
            ],
            "fileTypesAndContributionMap": {
              "gradle": {
                "insertions": 2,
                "deletions": 2
              },
              "txt": {
                "insertions": 1,
                "deletions": 1
              },
              "java": {
                "insertions": 88,
                "deletions": 928
              }
            }
          }
        ]
      },
      {
        "insertions": 15,
        "deletions": 6,
        "date": "2020-01-30",
        "commitResults": [
          {
            "hash": "443be211d8b1813fa1444e9517dca4edbc0f13be",
            "messageTitle": "Parse: Added DateTimeException",
            "messageBody": "",
            "fileTypesAndContributionMap": {
              "java": {
                "insertions": 11,
                "deletions": 5
              }
            }
          },
          {
            "hash": "adb21cfcb1bf922492ba5c2727af484e86842aad",
            "messageTitle": "FindCommand: Added javadoc for the class.",
            "messageBody": "",
            "tags": [
              "A-Gradle"
            ],
            "fileTypesAndContributionMap": {
              "java": {
                "insertions": 4,
                "deletions": 1
              }
            }
          }
        ]
      },
      {
        "insertions": 424,
        "deletions": 165,
        "date": "2020-02-03",
        "commitResults": [
          {
            "hash": "4277a5c620162e463102f1b1a7c0d75accb5b0b9",
            "messageTitle": "build.gradle: Added dependencies.",
            "messageBody": "",
            "fileTypesAndContributionMap": {
              "gradle": {
                "insertions": 14,
                "deletions": 0
              }
            }
          },
          {
            "hash": "8f6c6eb2ddf7087ec42bc79f4088843aeb7626f2",
            "messageTitle": "Laucher: Added new Launcher.java file.",
            "messageBody": "",
            "fileTypesAndContributionMap": {
              "java": {
                "insertions": 35,
                "deletions": 2
              }
            }
          },
          {
            "hash": "26d2fd07abcc96390e5e81aae5c385e71aef3fee",
            "messageTitle": "Laucher: Updated start method according to JavaFX tutorial 2.",
            "messageBody": "",
            "fileTypesAndContributionMap": {
              "java": {
                "insertions": 59,
                "deletions": 4
              }
            }
          },
          {
            "hash": "327518db2377716162d6d939999578831dfd7ad9",
            "messageTitle": "DialogBox: Added new methods.",
            "messageBody": "",
            "fileTypesAndContributionMap": {
              "java": {
                "insertions": 113,
                "deletions": 2
              }
            }
          },
          {
            "hash": "fcebb26437107005d79d83d8ca052ea26e6755a7",
            "messageTitle": "MainWindow: Updated handleUserInput and initialize method",
            "messageBody": "",
            "fileTypesAndContributionMap": {
              "txt": {
                "insertions": 2,
                "deletions": 3
              },
              "fxml": {
                "insertions": 35,
                "deletions": 0
              },
              "java": {
                "insertions": 166,
                "deletions": 154
              }
            }
          }
        ]
      },
      {
        "insertions": 34,
        "deletions": 4,
        "date": "2020-02-04",
        "commitResults": [
          {
            "hash": "2dea80136e457bb0c7f371a265360e54cc1848a7",
            "messageTitle": "Main: Added stop method to terminate scence builder when exit command is entered.",
            "messageBody": "",
            "fileTypesAndContributionMap": {
              "gradle": {
                "insertions": 6,
                "deletions": 0
              },
              "txt": {
                "insertions": 1,
                "deletions": 2
              },
              "java": {
                "insertions": 19,
                "deletions": 0
              }
            }
          },
          {
            "hash": "0734eb2b4d2fc48df92ed33b33533cbe5cf7527c",
            "messageTitle": "A-JavaFx",
            "messageBody": "",
            "tags": [
              "Level-10"
            ],
            "fileTypesAndContributionMap": {
              "java": {
                "insertions": 8,
                "deletions": 1
              }
            }
          },
          {
            "hash": "e59b59485cadc194e361f94214785ef240d779c2",
            "messageTitle": "MainWindow: Removed redundant line",
            "messageBody": "",
            "fileTypesAndContributionMap": {
              "java": {
                "insertions": 0,
                "deletions": 1
              }
            }
          }
        ]
      },
      {
        "insertions": 154,
        "deletions": 108,
        "date": "2020-02-10",
        "commitResults": [
          {
            "hash": "726235147818ffdf90aa222f4a7e0624777068db",
            "messageTitle": "Storage: Added assertion for taskString variable.",
            "messageBody": "",
            "fileTypesAndContributionMap": {
              "gradle": {
                "insertions": 2,
                "deletions": 1
              },
              "txt": {
                "insertions": 3,
                "deletions": 0
              },
              "java": {
                "insertions": 1,
                "deletions": 0
              }
            }
          },
          {
            "hash": "e6ea48045a86db885d7fdd79cccea1648bf3efef",
            "messageTitle": "Task: Removed redundant method.",
            "messageBody": "",
            "fileTypesAndContributionMap": {
              "txt": {
                "insertions": 1,
                "deletions": 3
              },
              "java": {
                "insertions": 0,
                "deletions": 21
              }
            }
          },
          {
            "hash": "eb3eb88419023a5cc9b1b464df8fad7f366259d9",
            "messageTitle": "FindCommand: Modified the execute method to take into account when the provided keyword does not exist in the task list.",
            "messageBody": "",
            "fileTypesAndContributionMap": {
              "txt": {
                "insertions": 2,
                "deletions": 3
              },
              "java": {
                "insertions": 17,
                "deletions": 3
              }
            }
          },
          {
            "hash": "967cbda1664c9ce93964520efeac027411574be2",
            "messageTitle": "Storage: Added assertions for load() method.",
            "messageBody": "",
            "fileTypesAndContributionMap": {
              "txt": {
                "insertions": 3,
                "deletions": 2
              },
              "java": {
                "insertions": 4,
                "deletions": 1
              }
            }
          },
          {
            "hash": "86e7a1b276731b4afebe814cd1c4c7affc28d3fb",
            "messageTitle": "TaskList: Added assertion in toStringDukeTasks() method.",
            "messageBody": "",
            "fileTypesAndContributionMap": {
              "java": {
                "insertions": 1,
                "deletions": 0
              }
            }
          },
          {
            "hash": "b789b5f973b19afcdb7e55d048a066fc449309f6",
            "messageTitle": "Edited indention of some codes.",
            "messageBody": "",
            "fileTypesAndContributionMap": {
              "java": {
                "insertions": 36,
                "deletions": 27
              }
            }
          },
          {
            "hash": "d196944d59daff6b43ed70ca14b9dd8726c50612",
            "messageTitle": "MainWindow: Fixed path direction for controller MainWindow.java",
            "messageBody": "",
            "fileTypesAndContributionMap": {
              "txt": {
                "insertions": 2,
                "deletions": 0
              },
              "fxml": {
                "insertions": 7,
                "deletions": 7
              },
              "java": {
                "insertions": 55,
                "deletions": 10
              }
            }
          },
          {
            "hash": "57171dee020d5d2c4d5aedf4ab570592d2288aca",
            "messageTitle": "Storage: Updated assertions in load() method.",
            "messageBody": "",
            "tags": [
              "A-Assertions"
            ],
            "fileTypesAndContributionMap": {
              "java": {
                "insertions": 5,
                "deletions": 5
              }
            }
          },
          {
            "hash": "a41b203b4a82b7c2db49533eaa34b2e2cf129102",
            "messageTitle": "Updated some javadocs do adhere to coding quality.",
            "messageBody": "",
            "tags": [
              "A-CodeQuality"
            ],
            "fileTypesAndContributionMap": {
              "java": {
                "insertions": 14,
                "deletions": 24
              }
            }
          },
          {
            "hash": "2fdcfee60d522e8c72c8f4e19d8a2841934559ea",
            "messageTitle": "HelpCommand: Added a new help command class to help users familiarise with the commands.",
            "messageBody": "",
            "tags": [
              "C-Help"
            ],
            "fileTypesAndContributionMap": {
              "java": {
                "insertions": 1,
                "deletions": 1
              }
            }
          }
        ]
      },
      {
        "insertions": 239,
        "deletions": 122,
        "date": "2020-02-11",
        "commitResults": [
          {
            "hash": "84195bf8ff5e52f20fe428affff314205579846c",
            "messageTitle": "Changed entire duke project to adhere to coding standard.",
            "messageBody": "",
            "fileTypesAndContributionMap": {
              "gradle": {
                "insertions": 1,
                "deletions": 1
              },
              "fxml": {
                "insertions": 1,
                "deletions": 1
              },
              "java": {
                "insertions": 237,
                "deletions": 120
              }
            }
          }
        ]
      },
      {
        "insertions": 18,
        "deletions": 12,
        "date": "2020-02-15",
        "commitResults": [
          {
            "hash": "5daafbf2ed12963000d42cb1ed5fc930e34a5c4f",
            "messageTitle": "Ui: Added message if list is empty.",
            "messageBody": "",
            "fileTypesAndContributionMap": {
              "gradle": {
                "insertions": 1,
                "deletions": 1
              },
              "txt": {
                "insertions": 0,
                "deletions": 5
              },
              "java": {
                "insertions": 12,
                "deletions": 3
              }
            }
          },
          {
            "hash": "c13f395f43387e53e8196813d021bae3ad9dafc5",
            "messageTitle": "Main: Added stage title in start().",
            "messageBody": "",
            "fileTypesAndContributionMap": {
              "java": {
                "insertions": 1,
                "deletions": 0
              }
            }
          },
          {
            "hash": "29f39ce9a30d9bf88e9d724a401c6889edff1502",
            "messageTitle": "Ui: Updated showWelcome() and showWelcomeString() print and return messages respectively.",
            "messageBody": "",
            "fileTypesAndContributionMap": {
              "java": {
                "insertions": 4,
                "deletions": 3
              }
            }
          }
        ]
      },
      {
        "insertions": 225,
        "deletions": 30,
        "date": "2020-02-17",
        "commitResults": [
          {
            "hash": "9128faa275cbf29026d677400d6fe20be9a58d05",
            "messageTitle": "docs: Added images.",
            "messageBody": "",
            "fileTypesAndContributionMap": {
              "txt": {
                "insertions": 2,
                "deletions": 0
              },
              "fxml": {
                "insertions": 1,
                "deletions": 1
              },
              "java": {
                "insertions": 2,
                "deletions": 2
              },
              "md": {
                "insertions": 192,
                "deletions": 6
              }
            }
          },
          {
            "hash": "cd5b9db9dd7561939a291a67ebf17dc5a7177115",
            "messageTitle": "docs: Changed Ui.png.",
            "messageBody": "",
            "fileTypesAndContributionMap": {
              "txt": {
                "insertions": 1,
                "deletions": 0
              },
              "md": {
                "insertions": 14,
                "deletions": 15
              }
            }
          },
          {
            "hash": "e6c3d0c8bb0f95b0b7253f77f19150b5e9468c49",
            "messageTitle": "docs: Edited README for user guide.",
            "messageBody": "",
            "fileTypesAndContributionMap": {
              "md": {
                "insertions": 7,
                "deletions": 0
              }
            }
          },
          {
            "hash": "5fcc7eaada0803909d2c9d40ca8f088efe98cdfc",
            "messageTitle": "docs: Resized images.",
            "messageBody": "",
            "tags": [
              "v0.2"
            ],
            "fileTypesAndContributionMap": {
              "md": {
                "insertions": 6,
                "deletions": 6
              }
            }
          }
        ]
      }
    ]
  },
  "authorFinalContributionMap": {
    "Yuanyu97": 1672
  },
  "authorFileTypeContributionMap": {
    "Yuanyu97": {
      "java": 1287,
      "md": 191,
      "fxml": 35,
      "sh": 34,
      "bat": 0,
      "gradle": 41,
      "txt": 84
    }
  },
  "authorContributionVariance": {
    "Yuanyu97": 150071.05
  },
  "authorDisplayNameMap": {
    "Yuanyu97": "CS2103T-W12- 2 ZHAN..ANYU"
  }
}
