{
  "authorDailyContributionsMap": {
    "Yuanyu97": [
      {
        "insertions": 532,
        "deletions": 135,
        "date": "2020-01-22",
        "commitResults": [
          {
            "hash": "eff907f1cd43535d8cbc104d966228ce0e6427b9",
            "messageTitle": "Level 1 done",
            "messageBody": "",
            "insertions": 43,
            "deletions": 1
          },
          {
            "hash": "d60c4e43bcd16d24e1825add95cf433e9f43515b",
            "messageTitle": "Level-2",
            "messageBody": "",
            "insertions": 20,
            "deletions": 8
          },
          {
            "hash": "157f300ec4cb184517fd2d7d44bf4eda17b02c27",
            "messageTitle": "Level 3 Done",
            "messageBody": "",
            "insertions": 48,
            "deletions": 8
          },
          {
            "hash": "e259ecdcf9af64d5014e1665632709cdb0706391",
            "messageTitle": "Level 4 done",
            "messageBody": "",
            "insertions": 104,
            "deletions": 26
          },
          {
            "hash": "816a56f97d3efb372bb2a78d77c5c0ba89d698c1",
            "messageTitle": "A-TextUiTesting Done",
            "messageBody": "",
            "insertions": 150,
            "deletions": 14
          },
          {
            "hash": "011cabde696af544daa9506badb5bd09d51880ab",
            "messageTitle": "Level 5 Done",
            "messageBody": "",
            "insertions": 98,
            "deletions": 66
          },
          {
            "hash": "af7f1c0f59dc879280b093e9ca63d21001da094f",
            "messageTitle": "Level 6 Done",
            "messageBody": "",
            "insertions": 69,
            "deletions": 12
          }
        ]
      },
      {
        "insertions": 657,
        "deletions": 630,
        "date": "2020-01-24",
        "commitResults": [
          {
            "hash": "707a5a4c97a081382da38ad6e16f6ee7237ceae9",
            "messageTitle": "Level 8 Done",
            "messageBody": "",
            "insertions": 96,
            "deletions": 95
          },
          {
            "hash": "59bef2e6ed2175a3cd7bcad0f16ba34e92cd5271",
            "messageTitle": "added modified Deadline, Duke and Event files",
            "messageBody": "",
            "insertions": 118,
            "deletions": 7
          },
          {
            "hash": "818cf41b500580730a4a8815ad8f104feadec3f3",
            "messageTitle": "Revert \"added modified Deadline, Duke and Event files\"",
            "messageBody": "This reverts commit 59bef2e6ed2175a3cd7bcad0f16ba34e92cd5271.\n",
            "insertions": 7,
            "deletions": 118
          },
          {
            "hash": "3bd851fc0285453d5a36f3e0212ae9afea60add2",
            "messageTitle": "This commit is to revert my master back to Level 6 state. I messed up the merging of level 7 and level 8.",
            "messageBody": "",
            "insertions": 117,
            "deletions": 120
          },
          {
            "hash": "010b6c0db224c1ce786e977e991a78f5912d97b5",
            "messageTitle": "Level 7 Done",
            "messageBody": "",
            "insertions": 2,
            "deletions": 0
          },
          {
            "hash": "9baa23a762fdce784f1fe2d0739a9080f267734c",
            "messageTitle": "Level 7 Done",
            "messageBody": "",
            "insertions": 204,
            "deletions": 103
          },
          {
            "hash": "db913b744853a2ebe04b7e9abc4bdae2577bef76",
            "messageTitle": "Level 8 Done",
            "messageBody": "",
            "insertions": 104,
            "deletions": 101
          },
          {
            "hash": "9b6dd3642ba68b323710047b6e3ca43750762a2b",
            "messageTitle": "Resolved merge conflict with branch-Level-8",
            "messageBody": "",
            "insertions": 9,
            "deletions": 86
          }
        ]
      },
      {
        "insertions": 381,
        "deletions": 22,
        "date": "2020-01-25",
        "commitResults": [
          {
            "hash": "4d55fe93edd3f02711565b12d123297379252fae",
            "messageTitle": "Created data directory, removed text.txt from java directory and added duke.txt to data directory",
            "messageBody": "",
            "insertions": 0,
            "deletions": 2
          },
          {
            "hash": "5d138de4d97c27a1ca6679500035aeacf66be9b2",
            "messageTitle": "Changed minor error in event.java and filepath",
            "messageBody": "",
            "insertions": 12,
            "deletions": 6
          },
          {
            "hash": "3faa5ef93a1ab36d6d3a5fc2a392d783e7ce3636",
            "messageTitle": "Changed my code to become more OOP instead of depending heavily on Main",
            "messageBody": "",
            "insertions": 369,
            "deletions": 14
          }
        ]
      },
      {
        "insertions": 112,
        "deletions": 260,
        "date": "2020-01-26",
        "commitResults": [
          {
            "hash": "176a21120431ea40dd990e34272d529acee9b2be",
            "messageTitle": "Organized classes into packages. Added some JUnit tests.",
            "messageBody": "",
            "insertions": 112,
            "deletions": 260
          }
        ]
      },
      {
        "insertions": 266,
        "deletions": 67,
        "date": "2020-01-27",
        "commitResults": [
          {
            "hash": "2bded987ac899e36da0a31362b06906913b0681e",
            "messageTitle": "Added javadoc for all classes except Duke.java. Declared Task class as abstract",
            "messageBody": "",
            "insertions": 266,
            "deletions": 67
          }
        ]
      },
      {
        "insertions": 220,
        "deletions": 150,
        "date": "2020-01-28",
        "commitResults": [
          {
            "hash": "fd70299ffb1e4d53bf279dc1c3ae6dd5a6e4b566",
            "messageTitle": "Changed the package name for dukeException to dukeexception to adhere to java coding standard",
            "messageBody": "",
            "insertions": 3,
            "deletions": 3
          },
          {
            "hash": "775138ea6e85c2b869c453f31eeb402fd6a4b3be",
            "messageTitle": "Changed the method name from getStringTaskstxt to getStringTasks in all classes in Task package to adhere to java coding standard. Changed the method body of toStringDukeTasks in TaskList.java to make it simpler.",
            "messageBody": "",
            "insertions": 6,
            "deletions": 17
          },
          {
            "hash": "35bb53dc8eb44fc2f54f609b955d9bcffdbd4016",
            "messageTitle": "Updated all the classes to follow coding standard.",
            "messageBody": "",
            "insertions": 156,
            "deletions": 128
          },
          {
            "hash": "2a6d64df331aee5ae03ea8bf9fd51d50981653be",
            "messageTitle": "Added a new FindCommand in command package.",
            "messageBody": "",
            "insertions": 55,
            "deletions": 2
          }
        ]
      },
      {
        "insertions": 950,
        "deletions": 935,
        "date": "2020-01-29",
        "commitResults": [
          {
            "hash": "da409063ff4cc091571e3838a20c47d6985aeaf5",
            "messageTitle": "Data: Changed duke.txt content.",
            "messageBody": "",
            "insertions": 0,
            "deletions": 1
          },
          {
            "hash": "05efd7f6d77ed44579a0f358a441327a6baaefc7",
            "messageTitle": "Libs: Added duke-v0.1.jar",
            "messageBody": "",
            "insertions": 859,
            "deletions": 0
          },
          {
            "hash": "c5084f4a1ea14f8e96a1fa5a2c473cd15b6ec25c",
            "messageTitle": "test:Edited test methods for DeadlineTest, EventTest and TodoTest.",
            "messageBody": "",
            "insertions": 91,
            "deletions": 934
          }
        ]
      },
      {
        "insertions": 15,
        "deletions": 6,
        "date": "2020-01-30",
        "commitResults": [
          {
            "hash": "443be211d8b1813fa1444e9517dca4edbc0f13be",
            "messageTitle": "Parse: Added DateTimeException",
            "messageBody": "",
            "insertions": 11,
            "deletions": 5
          },
          {
            "hash": "adb21cfcb1bf922492ba5c2727af484e86842aad",
            "messageTitle": "FindCommand: Added javadoc for the class.",
            "messageBody": "",
            "insertions": 4,
            "deletions": 1
          }
        ]
      }
    ]
  },
  "authorFinalContributionMap": {
    "Yuanyu97": 1022
  },
  "authorFileTypeContributionMap": {
    "Yuanyu97": {
      "gradle": 22,
      "txt": 4,
      "java": 66,
      "java": 39,
      "java": 32,
      "java": 27,
      "java": 40,
      "java": 38,
      "java": 35,
      "java": 32,
      "java": 23,
      "java": 79,
      "java": 79,
      "java": 33,
      "java": 33,
      "java": 69,
      "java": 65,
      "java": 26,
      "java": 95,
      "java": 24,
      "java": 24,
      "java": 22,
      "txt": 69,
      "txt": 12,
      "sh": 34
    }
  },
  "authorContributionVariance": {
    "Yuanyu97": 190672.7
  },
  "authorDisplayNameMap": {
    "Yuanyu97": "CS2103T-W12- 2 ZHAN..ANYU"
  }
}
