{
  "authorDailyContributionsMap": {
    "Clouddoggo": [
      {
        "insertions": 39,
        "deletions": 11,
        "date": "2020-01-21",
        "commitResults": [
          {
            "hash": "99caf3801503b03b607244e8978b73614ba9c4c0",
            "messageTitle": "Level-1",
            "messageBody": "",
            "tags": [
              "Level-1"
            ],
            "insertions": 19,
            "deletions": 6
          },
          {
            "hash": "9937eb3e321d5de968f17f88aae473da4d71c271",
            "messageTitle": "Level-2",
            "messageBody": "",
            "insertions": 18,
            "deletions": 3
          },
          {
            "hash": "3b4b15841ad69ef935b5efd4610f87533fee1626",
            "messageTitle": "Level-2",
            "messageBody": "",
            "tags": [
              "Level-2"
            ],
            "insertions": 2,
            "deletions": 2
          }
        ]
      },
      {
        "insertions": 337,
        "deletions": 64,
        "date": "2020-01-22",
        "commitResults": [
          {
            "hash": "7cbe9df6a6b3449e0698cbf23f719675e287811c",
            "messageTitle": "Level-3",
            "messageBody": "",
            "tags": [
              "Level-3"
            ],
            "insertions": 35,
            "deletions": 8
          },
          {
            "hash": "f0064e4e2a1fe9936b96fb5da920295baefe426d",
            "messageTitle": "Level-4",
            "messageBody": "",
            "tags": [
              "Level-4"
            ],
            "insertions": 70,
            "deletions": 9
          },
          {
            "hash": "1d087a4c9ffc9c887f8ea6c982543c390b198f52",
            "messageTitle": "Level-5 error handling",
            "messageBody": "",
            "tags": [
              "Level-5"
            ],
            "insertions": 204,
            "deletions": 38
          },
          {
            "hash": "6de865234d9ab350df1bda3e466fa73fd158c2e9",
            "messageTitle": "Level-6",
            "messageBody": "",
            "tags": [
              "Level-6"
            ],
            "insertions": 28,
            "deletions": 9
          }
        ]
      },
      {
        "insertions": 26,
        "deletions": 10,
        "date": "2020-01-23",
        "commitResults": [
          {
            "hash": "8609f3aa58299112324def30343ffa9b8945e692",
            "messageTitle": "TextUITesting and modify bye message",
            "messageBody": "",
            "tags": [
              "A-TextUiTesting"
            ],
            "insertions": 26,
            "deletions": 10
          }
        ]
      },
      {
        "insertions": 80,
        "deletions": 53,
        "date": "2020-01-25",
        "commitResults": [
          {
            "hash": "1397b9a28addf65c5765e75731a1562cb1ab604f",
            "messageTitle": "modify bye messgae",
            "messageBody": "",
            "insertions": 22,
            "deletions": 8
          },
          {
            "hash": "9386d22b0636ad93863f14ddb9564e6e269e5ad9",
            "messageTitle": "fix bugs",
            "messageBody": "",
            "insertions": 55,
            "deletions": 45
          },
          {
            "hash": "9b95130a56764f4c86cfb1aa73d742e17afe9e0c",
            "messageTitle": "handle missing date after /at or /by",
            "messageBody": "",
            "insertions": 3,
            "deletions": 0
          }
        ]
      },
      {
        "insertions": 520,
        "deletions": 50,
        "date": "2020-01-29",
        "commitResults": [
          {
            "hash": "8e191bb578f0b5bdff52ad49ce42f4fbe602834a",
            "messageTitle": "Level-7 save data to disk",
            "messageBody": "",
            "insertions": 236,
            "deletions": 22
          },
          {
            "hash": "f35970802c01586e3d976f56806aa167f37128ab",
            "messageTitle": "Add data file",
            "messageBody": "",
            "insertions": 3,
            "deletions": 0
          },
          {
            "hash": "9991450e7288031c41d85427c7a50cace4cfd13d",
            "messageTitle": "Level-8 add invalidDate handler and input date handler",
            "messageBody": "",
            "insertions": 281,
            "deletions": 28
          }
        ]
      },
      {
        "insertions": 834,
        "deletions": 298,
        "date": "2020-01-30",
        "commitResults": [
          {
            "hash": "8f323658c756dd650df0f59837dd028f74c411dd",
            "messageTitle": "resolve conflicts in Deadline and Event",
            "messageBody": "",
            "tags": [
              "Level-8"
            ],
            "insertions": 0,
            "deletions": 6
          },
          {
            "hash": "1173528d1d53a2b249f7584a829f4d3894f938bc",
            "messageTitle": "A-MoreOOP",
            "messageBody": "",
            "tags": [
              "A-MoreOOP"
            ],
            "insertions": 394,
            "deletions": 240
          },
          {
            "hash": "d8a8c1d71930e38771f52998cd7151c3288b3da6",
            "messageTitle": "A-Packages",
            "messageBody": "",
            "tags": [
              "A-Packages"
            ],
            "insertions": 48,
            "deletions": 6
          },
          {
            "hash": "11ccbeaeed83343c640b63cf08917bebcd0eaa11",
            "messageTitle": "organize packages",
            "messageBody": "",
            "insertions": 40,
            "deletions": 19
          },
          {
            "hash": "c47fe398b2a46a0fa236c7df564ee5490d2fc530",
            "messageTitle": "add test files",
            "messageBody": "",
            "tags": [
              "A-JUnit"
            ],
            "insertions": 85,
            "deletions": 2
          },
          {
            "hash": "ec2b83e2bb023725b36a267eb37980ab9ff72eec",
            "messageTitle": "A-JavaDoc",
            "messageBody": "",
            "insertions": 216,
            "deletions": 9
          },
          {
            "hash": "b7e8f1bae38ec6ed17fb32db683610910637553c",
            "messageTitle": "A-CodingStandard",
            "messageBody": "",
            "insertions": 3,
            "deletions": 5
          },
          {
            "hash": "934a1d0dc4de0694435ba467571db5c62460647f",
            "messageTitle": "Level-9",
            "messageBody": "",
            "insertions": 48,
            "deletions": 11
          }
        ]
      },
      {
        "insertions": 56,
        "deletions": 24,
        "date": "2020-02-05",
        "commitResults": [
          {
            "hash": "71197c40e88dafa1855a5c3f925e65bace7ed29c",
            "messageTitle": "remove wildcard import",
            "messageBody": "",
            "tags": [
              "v1.0",
              "A-jar"
            ],
            "insertions": 56,
            "deletions": 24
          }
        ]
      }
    ]
  },
  "authorFinalContributionMap": {
    "Clouddoggo": 1180
  },
  "authorFileTypeContributionMap": {
    "Clouddoggo": {
      "java": 1077,
      "md": 0,
      "fxml": 0,
      "sh": 0,
      "bat": 22,
      "gradle": 35,
      "txt": 46
    }
  },
  "authorContributionVariance": {
    "Clouddoggo": 64775.395
  },
  "authorDisplayNameMap": {
    "Clouddoggo": "CS2103T-F09- 2 LIM .. JEL"
  }
}
