{
  "authorDailyContributionsMap": {
    "syinyichen": [
      {
        "insertions": 146,
        "deletions": 25,
        "date": "2020-01-19",
        "commitResults": [
          {
            "hash": "a5c0924a5867019c9dc5b42367abd6463d6157e5",
            "messageTitle": "Level-1",
            "messageBody": "",
            "tags": [
              "Level-1"
            ],
            "insertions": 16,
            "deletions": 1
          },
          {
            "hash": "ad65316ece5f1e9417a202727c24d88a7e7007f3",
            "messageTitle": "Level-2",
            "messageBody": "",
            "tags": [
              "Level-2"
            ],
            "insertions": 10,
            "deletions": 1
          },
          {
            "hash": "0420a77666236b0bd086933782293eca99482304",
            "messageTitle": "Level-3",
            "messageBody": "",
            "tags": [
              "Level-3"
            ],
            "insertions": 41,
            "deletions": 7
          },
          {
            "hash": "c4ac285fe074dcdd644e2cc77e9105cc954f5017",
            "messageTitle": "Level-4",
            "messageBody": "",
            "tags": [
              "Level-4"
            ],
            "insertions": 79,
            "deletions": 16
          }
        ]
      },
      {
        "insertions": 100,
        "deletions": 0,
        "date": "2020-01-20",
        "commitResults": [
          {
            "hash": "832bd805cc7ac216650fbc8fc186bd24677713f2",
            "messageTitle": "A-TextUiTesting",
            "messageBody": "",
            "tags": [
              "A-TextUiTesting"
            ],
            "insertions": 100,
            "deletions": 0
          }
        ]
      },
      {
        "insertions": 97,
        "deletions": 29,
        "date": "2020-01-21",
        "commitResults": [
          {
            "hash": "513a330818315efb07767bf2b6a0f6bef2f79b10",
            "messageTitle": "Level-5",
            "messageBody": "",
            "tags": [
              "Level-5"
            ],
            "insertions": 78,
            "deletions": 24
          },
          {
            "hash": "7b0bdfc884695fad88303a4f9aa7ef120eb85c68",
            "messageTitle": "Level-6",
            "messageBody": "",
            "tags": [
              "Level-6",
              "A-Enums"
            ],
            "insertions": 19,
            "deletions": 5
          }
        ]
      },
      {
        "insertions": 476,
        "deletions": 244,
        "date": "2020-01-25",
        "commitResults": [
          {
            "hash": "565a843f6c7d2fc2f01faa29b17ca3a3fea39191",
            "messageTitle": "Level-7",
            "messageBody": "",
            "tags": [
              "Level-7"
            ],
            "insertions": 86,
            "deletions": 60
          },
          {
            "hash": "3bc32623e3f1180d1f8845c36c9882ae37fce0b7",
            "messageTitle": "Level-8",
            "messageBody": "",
            "tags": [
              "Level-8"
            ],
            "insertions": 23,
            "deletions": 8
          },
          {
            "hash": "cf2a56a36d74307db314f394d9a5d48c41fc6747",
            "messageTitle": "A-MoreOOP",
            "messageBody": "",
            "tags": [
              "A-MoreOOP"
            ],
            "insertions": 325,
            "deletions": 173
          },
          {
            "hash": "774d99039cca690a7261c3da5b67eaae92158f1c",
            "messageTitle": "A-Packages",
            "messageBody": "",
            "tags": [
              "A-Packages"
            ],
            "insertions": 42,
            "deletions": 3
          }
        ]
      },
      {
        "insertions": 284,
        "deletions": 24,
        "date": "2020-01-26",
        "commitResults": [
          {
            "hash": "897dc13c4691e367a0a70d6ad8afcb95d1b4221b",
            "messageTitle": "A-JUnit",
            "messageBody": "",
            "tags": [
              "A-Jar",
              "A-JUnit"
            ],
            "insertions": 78,
            "deletions": 0
          },
          {
            "hash": "f8e258ea50f3e540a4a5cc3e4266554feae00de2",
            "messageTitle": "A-JavaDoc",
            "messageBody": "",
            "tags": [
              "A-JavaDoc"
            ],
            "insertions": 161,
            "deletions": 1
          },
          {
            "hash": "aaf95d091c156dca44fa8c619fb1f0ca3bb035ed",
            "messageTitle": "A-CodingStandard",
            "messageBody": "",
            "tags": [
              "A-CodingStandard"
            ],
            "insertions": 25,
            "deletions": 23
          },
          {
            "hash": "63709ceb3ec84185df7289f10689109b83f3e6f8",
            "messageTitle": "Level-9",
            "messageBody": "",
            "tags": [
              "Level-9"
            ],
            "insertions": 20,
            "deletions": 0
          }
        ]
      },
      {
        "insertions": 567,
        "deletions": 5,
        "date": "2020-01-30",
        "commitResults": [
          {
            "hash": "13cab5e9c6b8893d5aa0c2f4e1615ba23acb689b",
            "messageTitle": "A-Gradle",
            "messageBody": "",
            "insertions": 540,
            "deletions": 0
          },
          {
            "hash": "91b6ca35321297edd3643ecf11d0ecd0448baffa",
            "messageTitle": "A-CheckStyle",
            "messageBody": "",
            "tags": [
              "A-CheckStyle"
            ],
            "insertions": 27,
            "deletions": 5
          }
        ]
      },
      {
        "insertions": 363,
        "deletions": 186,
        "date": "2020-02-01",
        "commitResults": [
          {
            "hash": "815b160dfac3c5852fa3394e28747d0a68447ab5",
            "messageTitle": "Level-10",
            "messageBody": "",
            "insertions": 248,
            "deletions": 39
          },
          {
            "hash": "bc4f5f18d7fb1861adf280f25c2c517280f3cd86",
            "messageTitle": "Level-10 (1)",
            "messageBody": "",
            "tags": [
              "A-Varargs"
            ],
            "insertions": 0,
            "deletions": 5
          },
          {
            "hash": "5e1286dd8e6ab1999a5dbb0f92962d79b4772cd4",
            "messageTitle": "Level-10 (2)",
            "messageBody": "",
            "tags": [
              "Level-10"
            ],
            "insertions": 115,
            "deletions": 142
          }
        ]
      }
    ]
  },
  "authorFinalContributionMap": {
    "syinyichen": 1546
  },
  "authorFileTypeContributionMap": {
    "syinyichen": {
      "gradle": 50,
      "xml": 257,
      "txt": 16,
      "puml": 41,
      "properties": 6,
      "gradlew": 172,
      "bat": 105,
      "java": 828,
      "fxml": 35,
      "TXT": 36
    }
  },
  "authorContributionVariance": {
    "syinyichen": 37015.336
  },
  "authorDisplayNameMap": {
    "syinyichen": "CS2103T-W12- 3 CHEN..N YI"
  }
}
