{
  "authorDailyContributionsMap": {
    "tianqi77": [
      {
        "insertions": 34,
        "deletions": 5,
        "date": "2020-01-29",
        "commitResults": [
          {
            "hash": "1d37d5d9af672cdfdf827dec27d63cdb955b7175",
            "messageTitle": "Level-1",
            "messageBody": "",
            "tags": [
              "Level-1"
            ],
            "insertions": 21,
            "deletions": 1
          },
          {
            "hash": "a229a340bf436eea23fbc8199cf79632645728d6",
            "messageTitle": "Level-2",
            "messageBody": "",
            "tags": [
              "Level-2"
            ],
            "insertions": 13,
            "deletions": 4
          }
        ]
      },
      {
        "insertions": 88,
        "deletions": 17,
        "date": "2020-01-30",
        "commitResults": [
          {
            "hash": "f88a35f45f5e33ea153e80d8d2e041f7e772be80",
            "messageTitle": "Level-3",
            "messageBody": "",
            "tags": [
              "Level-3"
            ],
            "insertions": 27,
            "deletions": 6
          },
          {
            "hash": "2d87d6b81555040515bc7895e1407c7bc60d1914",
            "messageTitle": "Level-4",
            "messageBody": "",
            "tags": [
              "Level-4"
            ],
            "insertions": 61,
            "deletions": 11
          }
        ]
      },
      {
        "insertions": 548,
        "deletions": 108,
        "date": "2020-02-04",
        "commitResults": [
          {
            "hash": "bdc7625ced7ed44fa1096c38161e1f4392c2f8f2",
            "messageTitle": "A-TextUiTesting",
            "messageBody": "",
            "tags": [
              "A-TextUiTesting"
            ],
            "insertions": 66,
            "deletions": 0
          },
          {
            "hash": "a47b1ffd7bdecb82995d8c06100906512244c645",
            "messageTitle": "A-TextUiTesting",
            "messageBody": "",
            "insertions": 5,
            "deletions": 5
          },
          {
            "hash": "8950e311894d754ef380b05747cadfd013cad8e5",
            "messageTitle": "Level-5",
            "messageBody": "",
            "tags": [
              "Level-5"
            ],
            "insertions": 45,
            "deletions": 12
          },
          {
            "hash": "adfd3558ae5a5c173c54833019d5d1d13b200505",
            "messageTitle": "Level-6",
            "messageBody": "",
            "tags": [
              "Level-6"
            ],
            "insertions": 25,
            "deletions": 3
          },
          {
            "hash": "8bea7fcb3184e0d31d3e22f56ce3a9bd66fe53f1",
            "messageTitle": "A-Enums",
            "messageBody": "",
            "tags": [
              "A-Enums"
            ],
            "insertions": 80,
            "deletions": 69
          },
          {
            "hash": "3e097bb5380054ef15bb8f957e36bb1f7724b5a6",
            "messageTitle": "A-MoreOOP",
            "messageBody": "",
            "tags": [
              "A-MoreOOP"
            ],
            "insertions": 327,
            "deletions": 19
          }
        ]
      },
      {
        "insertions": 126,
        "deletions": 213,
        "date": "2020-02-06",
        "commitResults": [
          {
            "hash": "8c1e114791b11086affd0efada03000a6eeed83c",
            "messageTitle": "A-Gradle",
            "messageBody": "",
            "insertions": 81,
            "deletions": 176
          },
          {
            "hash": "024b221cd74f4c50c737a3b77f655624a49db45a",
            "messageTitle": "A-JUnit",
            "messageBody": "",
            "tags": [
              "A-Jar",
              "A-JUnit"
            ],
            "insertions": 45,
            "deletions": 37
          }
        ]
      },
      {
        "insertions": 679,
        "deletions": 356,
        "date": "2020-02-09",
        "commitResults": [
          {
            "hash": "bd95bbb553c8a441dac3c20005413ec8dd098d53",
            "messageTitle": "A-JavaDoc",
            "messageBody": "",
            "tags": [
              "A-JavaDoc",
              "A-CodingStandard",
              "A-CheckStyle"
            ],
            "insertions": 352,
            "deletions": 110
          },
          {
            "hash": "8270281546a57ecf7b406e99074a70e72ad92249",
            "messageTitle": "A-CodingStandard",
            "messageBody": "",
            "insertions": 296,
            "deletions": 243
          },
          {
            "hash": "5cdab15154a0c463b9a8ceafc7e1382efedc5288",
            "messageTitle": "Level-9",
            "messageBody": "",
            "tags": [
              "Level-9"
            ],
            "insertions": 31,
            "deletions": 3
          }
        ]
      },
      {
        "insertions": 67,
        "deletions": 58,
        "date": "2020-02-10",
        "commitResults": [
          {
            "hash": "b836cf430960af874d4e3bff496c2c85af3d68e7",
            "messageTitle": "Modified Search",
            "messageBody": "",
            "insertions": 29,
            "deletions": 18
          },
          {
            "hash": "f50db694e47c6a1085e397692f5daf732705ff12",
            "messageTitle": "Some Tests",
            "messageBody": "",
            "insertions": 2,
            "deletions": 4
          },
          {
            "hash": "57150b9950b8853d7e2baf0df8da373629d43179",
            "messageTitle": "JavaFX1",
            "messageBody": "",
            "insertions": 35,
            "deletions": 1
          },
          {
            "hash": "0755d051ba1b43dd7a51a0e71dc5f91f9a19681a",
            "messageTitle": "Revert \"JavaFX1\"",
            "messageBody": "This reverts commit 57150b9950b8853d7e2baf0df8da373629d43179.\n",
            "insertions": 1,
            "deletions": 35
          }
        ]
      },
      {
        "insertions": 246,
        "deletions": 88,
        "date": "2020-02-11",
        "commitResults": [
          {
            "hash": "8dac39c9f91b765c998b5edee314b3dd42e5a313",
            "messageTitle": "C-MassOps",
            "messageBody": "",
            "tags": [
              "C-MassOps"
            ],
            "insertions": 246,
            "deletions": 88
          }
        ]
      },
      {
        "insertions": 6,
        "deletions": 6,
        "date": "2020-02-12",
        "commitResults": [
          {
            "hash": "03fc38e67d10a12b7da4a39c0f08907eeecaa661",
            "messageTitle": ".",
            "messageBody": "",
            "insertions": 6,
            "deletions": 6
          }
        ]
      }
    ]
  },
  "authorFinalContributionMap": {
    "tianqi77": 950
  },
  "authorFileTypeContributionMap": {
    "tianqi77": {
      "java": 844,
      "md": 0,
      "fxml": 0,
      "sh": 0,
      "bat": 21,
      "gradle": 18,
      "txt": 67
    }
  },
  "authorContributionVariance": {
    "tianqi77": 49376.61
  },
  "authorDisplayNameMap": {
    "tianqi77": "CS2103-W15- 4 ZHAO..ANQI"
  }
}
