{
  "authorDailyContributionsMap": {
    "alam8064": [
      {
        "insertions": 121,
        "deletions": 13,
        "date": "2020-01-21",
        "commitResults": [
          {
            "hash": "0f3a73efaad651489c2165da52a89d638ce82328",
            "messageTitle": "Level-1",
            "messageBody": "",
            "tags": [
              "Level-1"
            ],
            "insertions": 15,
            "deletions": 0
          },
          {
            "hash": "b98df276ccb04575a0269413edb907d8f2fb4b4d",
            "messageTitle": "Level-2",
            "messageBody": "",
            "tags": [
              "Level-2"
            ],
            "insertions": 7,
            "deletions": 1
          },
          {
            "hash": "facff977825642588c8b2c15b16a33fe034c6122",
            "messageTitle": "Level-3",
            "messageBody": "",
            "insertions": 33,
            "deletions": 4
          },
          {
            "hash": "019c727ae070c884eeb79c6c43365f7360aa3d8a",
            "messageTitle": "Level-3",
            "messageBody": "",
            "tags": [
              "Level-3"
            ],
            "insertions": 8,
            "deletions": 3
          },
          {
            "hash": "905c483fcfc719aff25d49b28d4a888adf15e309",
            "messageTitle": "Level-4",
            "messageBody": "",
            "insertions": 55,
            "deletions": 2
          },
          {
            "hash": "0b36305590a096a3b4ab8ce6dd3be92edc32beb2",
            "messageTitle": "Level-4",
            "messageBody": "",
            "insertions": 1,
            "deletions": 1
          },
          {
            "hash": "a29a1d5f642d919194fd54b56466b3aa87a1b6f4",
            "messageTitle": "Revert \"Level-4\"",
            "messageBody": "This reverts commit 0b36305590a096a3b4ab8ce6dd3be92edc32beb2.\n",
            "insertions": 1,
            "deletions": 1
          },
          {
            "hash": "4b8ed960672440e55a3ab04be9cb9d442f21e026",
            "messageTitle": "Level-4",
            "messageBody": "",
            "tags": [
              "Level-4"
            ],
            "insertions": 1,
            "deletions": 1
          }
        ]
      },
      {
        "insertions": 250,
        "deletions": 45,
        "date": "2020-01-22",
        "commitResults": [
          {
            "hash": "7dae8d6a2dc354adfe22297c9410f43f70caa049",
            "messageTitle": "A-TextUiTesting",
            "messageBody": "",
            "insertions": 163,
            "deletions": 0
          },
          {
            "hash": "12fcec6d0833eef6af17ba67bc53a800d86cf4eb",
            "messageTitle": "A-TextUiTesting",
            "messageBody": "",
            "insertions": 6,
            "deletions": 1
          },
          {
            "hash": "49577fc279928be6d2ce680c50cf1841483289fe",
            "messageTitle": "A-TextUiTesting",
            "messageBody": "",
            "insertions": 0,
            "deletions": 1
          },
          {
            "hash": "15428aaf6cac2cd70353e7c23866bef4c85a68bc",
            "messageTitle": "Revert \"A-TextUiTesting\"",
            "messageBody": "This reverts commit 49577fc279928be6d2ce680c50cf1841483289fe.\n",
            "insertions": 1,
            "deletions": 0
          },
          {
            "hash": "532f198b0532362b61fcc9bce089b55616c5a5ab",
            "messageTitle": "A-TextUiTesting",
            "messageBody": "",
            "tags": [
              "A-TextUiTesting"
            ],
            "insertions": 6,
            "deletions": 7
          },
          {
            "hash": "b9a2a92821a64ab6322da8cfd9a41e54a3540130",
            "messageTitle": "Level-5",
            "messageBody": "",
            "tags": [
              "Level-5"
            ],
            "insertions": 60,
            "deletions": 27
          },
          {
            "hash": "6b14b4995ac0d9e81132addb8c00985ac439aa68",
            "messageTitle": "Level-6",
            "messageBody": "",
            "tags": [
              "Level-6"
            ],
            "insertions": 14,
            "deletions": 9
          }
        ]
      },
      {
        "insertions": 115,
        "deletions": 13,
        "date": "2020-01-29",
        "commitResults": [
          {
            "hash": "b8474ce2920468d27d0e2fae327a1cc64eeaddf9",
            "messageTitle": "Level-7",
            "messageBody": "",
            "insertions": 0,
            "deletions": 0
          },
          {
            "hash": "4e7ab56a55f78b025ac5666639285d0a756de5c7",
            "messageTitle": "Level-7",
            "messageBody": "",
            "tags": [
              "Level-7"
            ],
            "insertions": 105,
            "deletions": 11
          },
          {
            "hash": "d8a61c2def79a0735a6d5d2f8013cc94bb874d38",
            "messageTitle": "Level 8",
            "messageBody": "",
            "tags": [
              "Level-8"
            ],
            "insertions": 10,
            "deletions": 2
          }
        ]
      },
      {
        "insertions": 396,
        "deletions": 193,
        "date": "2020-01-30",
        "commitResults": [
          {
            "hash": "e286414ed78d8f85165608237b5f4c8c4b7251ca",
            "messageTitle": "A-MoreOOP",
            "messageBody": "",
            "insertions": 207,
            "deletions": 120
          },
          {
            "hash": "a955fb743fb306863d5533295c34e03e5afc707d",
            "messageTitle": "A-MoreOOP",
            "messageBody": "",
            "tags": [
              "A-MoreOOP"
            ],
            "insertions": 64,
            "deletions": 68
          },
          {
            "hash": "b4a98a96663861c88389a03594a880a4ee1b97aa",
            "messageTitle": "A-JUnit",
            "messageBody": "",
            "tags": [
              "v0.1",
              "A-JUnit"
            ],
            "insertions": 12,
            "deletions": 0
          },
          {
            "hash": "c0f1ae05982c66cab7c25c4d4c0e88781972b67a",
            "messageTitle": "A-JavaDoc",
            "messageBody": "",
            "tags": [
              "A-JavaDoc",
              "A-CodingStandard"
            ],
            "insertions": 101,
            "deletions": 5
          },
          {
            "hash": "5898618daacce8c51b811672aaf2677c41ce08d3",
            "messageTitle": "Level-9",
            "messageBody": "",
            "tags": [
              "A-Jar"
            ],
            "insertions": 12,
            "deletions": 0
          }
        ]
      },
      {
        "insertions": 358,
        "deletions": 106,
        "date": "2020-02-02",
        "commitResults": [
          {
            "hash": "d0b14a1e7f5471852fb976367bff58db3c24c0d6",
            "messageTitle": "Level-9",
            "messageBody": "",
            "tags": [
              "Level-9"
            ],
            "insertions": 358,
            "deletions": 106
          }
        ]
      },
      {
        "insertions": 25,
        "deletions": 3,
        "date": "2020-02-03",
        "commitResults": [
          {
            "hash": "3fa1b1fc5fc8ef6d0d7c4a3466e2564cfb4dfa3e",
            "messageTitle": "A-Gradle",
            "messageBody": "",
            "tags": [
              "A-Gradle"
            ],
            "insertions": 25,
            "deletions": 3
          }
        ]
      },
      {
        "insertions": 424,
        "deletions": 56,
        "date": "2020-02-05",
        "commitResults": [
          {
            "hash": "60d7bb395ee3b6ff68269d5c97e9875ea2872e79",
            "messageTitle": "Level-10",
            "messageBody": "",
            "tags": [
              "Level-10"
            ],
            "insertions": 424,
            "deletions": 56
          }
        ]
      },
      {
        "insertions": 12,
        "deletions": 8,
        "date": "2020-02-12",
        "commitResults": [
          {
            "hash": "1a0f56df03a1d318133869b311a5905e34f4ea1a",
            "messageTitle": "A-Assertions",
            "messageBody": "",
            "tags": [
              "A-Assertions"
            ],
            "insertions": 12,
            "deletions": 8
          }
        ]
      },
      {
        "insertions": 78,
        "deletions": 38,
        "date": "2020-02-13",
        "commitResults": [
          {
            "hash": "12202e4d07aba9ea47cedb6a31ffd2a54832eba7",
            "messageTitle": "A-Assertions",
            "messageBody": "",
            "insertions": 0,
            "deletions": 1
          },
          {
            "hash": "4b70a8e8dc330433eb16f1e30dbc1ca4f971c17a",
            "messageTitle": "A-CodeQuality",
            "messageBody": "",
            "tags": [
              "A-CodeQuality"
            ],
            "insertions": 29,
            "deletions": 18
          },
          {
            "hash": "ced5c341cf9bb59635470bc7ba24b92e3e7ce20c",
            "messageTitle": "C-MassOps",
            "messageBody": "",
            "tags": [
              "C-MassOps"
            ],
            "insertions": 49,
            "deletions": 19
          }
        ]
      }
    ]
  },
  "authorFinalContributionMap": {
    "alam8064": 1310
  },
  "authorFileTypeContributionMap": {
    "alam8064": {
      "java": 1198,
      "md": 0,
      "fxml": 35,
      "sh": 0,
      "bat": 21,
      "gradle": 28,
      "txt": 28
    }
  },
  "authorContributionVariance": {
    "alam8064": 24057.994
  },
  "authorDisplayNameMap": {
    "alam8064": "CS2103T-F09- 2 AMAN..YING"
  }
}
