{
  "authorDailyContributionsMap": {
    "alam8064": [
      {
        "insertions": 121,
        "deletions": 13,
        "date": "2020-01-21",
        "commitResults": [
          {
            "hash": "0f3a73efaad651489c2165da52a89d638ce82328",
            "messageTitle": "Level-1",
            "messageBody": "",
            "insertions": 15,
            "deletions": 0
          },
          {
            "hash": "b98df276ccb04575a0269413edb907d8f2fb4b4d",
            "messageTitle": "Level-2",
            "messageBody": "",
            "insertions": 7,
            "deletions": 1
          },
          {
            "hash": "facff977825642588c8b2c15b16a33fe034c6122",
            "messageTitle": "Level-3",
            "messageBody": "",
            "insertions": 33,
            "deletions": 4
          },
          {
            "hash": "019c727ae070c884eeb79c6c43365f7360aa3d8a",
            "messageTitle": "Level-3",
            "messageBody": "",
            "insertions": 8,
            "deletions": 3
          },
          {
            "hash": "905c483fcfc719aff25d49b28d4a888adf15e309",
            "messageTitle": "Level-4",
            "messageBody": "",
            "insertions": 55,
            "deletions": 2
          },
          {
            "hash": "0b36305590a096a3b4ab8ce6dd3be92edc32beb2",
            "messageTitle": "Level-4",
            "messageBody": "",
            "insertions": 1,
            "deletions": 1
          },
          {
            "hash": "a29a1d5f642d919194fd54b56466b3aa87a1b6f4",
            "messageTitle": "Revert \"Level-4\"",
            "messageBody": "This reverts commit 0b36305590a096a3b4ab8ce6dd3be92edc32beb2.\n",
            "insertions": 1,
            "deletions": 1
          },
          {
            "hash": "4b8ed960672440e55a3ab04be9cb9d442f21e026",
            "messageTitle": "Level-4",
            "messageBody": "",
            "insertions": 1,
            "deletions": 1
          }
        ]
      },
      {
        "insertions": 250,
        "deletions": 45,
        "date": "2020-01-22",
        "commitResults": [
          {
            "hash": "7dae8d6a2dc354adfe22297c9410f43f70caa049",
            "messageTitle": "A-TextUiTesting",
            "messageBody": "",
            "insertions": 163,
            "deletions": 0
          },
          {
            "hash": "12fcec6d0833eef6af17ba67bc53a800d86cf4eb",
            "messageTitle": "A-TextUiTesting",
            "messageBody": "",
            "insertions": 6,
            "deletions": 1
          },
          {
            "hash": "49577fc279928be6d2ce680c50cf1841483289fe",
            "messageTitle": "A-TextUiTesting",
            "messageBody": "",
            "insertions": 0,
            "deletions": 1
          },
          {
            "hash": "15428aaf6cac2cd70353e7c23866bef4c85a68bc",
            "messageTitle": "Revert \"A-TextUiTesting\"",
            "messageBody": "This reverts commit 49577fc279928be6d2ce680c50cf1841483289fe.\n",
            "insertions": 1,
            "deletions": 0
          },
          {
            "hash": "532f198b0532362b61fcc9bce089b55616c5a5ab",
            "messageTitle": "A-TextUiTesting",
            "messageBody": "",
            "insertions": 6,
            "deletions": 7
          },
          {
            "hash": "b9a2a92821a64ab6322da8cfd9a41e54a3540130",
            "messageTitle": "Level-5",
            "messageBody": "",
            "insertions": 60,
            "deletions": 27
          },
          {
            "hash": "6b14b4995ac0d9e81132addb8c00985ac439aa68",
            "messageTitle": "Level-6",
            "messageBody": "",
            "insertions": 14,
            "deletions": 9
          }
        ]
      },
      {
        "insertions": 135,
        "deletions": 13,
        "date": "2020-01-29",
        "commitResults": [
          {
            "hash": "b8474ce2920468d27d0e2fae327a1cc64eeaddf9",
            "messageTitle": "Level-7",
            "messageBody": "",
            "insertions": 20,
            "deletions": 0
          },
          {
            "hash": "4e7ab56a55f78b025ac5666639285d0a756de5c7",
            "messageTitle": "Level-7",
            "messageBody": "",
            "insertions": 105,
            "deletions": 11
          },
          {
            "hash": "d8a61c2def79a0735a6d5d2f8013cc94bb874d38",
            "messageTitle": "Level 8",
            "messageBody": "",
            "insertions": 10,
            "deletions": 2
          }
        ]
      },
      {
        "insertions": 399,
        "deletions": 193,
        "date": "2020-01-30",
        "commitResults": [
          {
            "hash": "e286414ed78d8f85165608237b5f4c8c4b7251ca",
            "messageTitle": "A-MoreOOP",
            "messageBody": "",
            "insertions": 207,
            "deletions": 120
          },
          {
            "hash": "a955fb743fb306863d5533295c34e03e5afc707d",
            "messageTitle": "A-MoreOOP",
            "messageBody": "",
            "insertions": 64,
            "deletions": 68
          },
          {
            "hash": "b4a98a96663861c88389a03594a880a4ee1b97aa",
            "messageTitle": "A-JUnit",
            "messageBody": "",
            "insertions": 12,
            "deletions": 0
          },
          {
            "hash": "cc5eab42ce3cac4879879cd5fee8423671ec13e2",
            "messageTitle": "A-JavaDoc",
            "messageBody": "",
            "insertions": 3,
            "deletions": 0
          },
          {
            "hash": "c0f1ae05982c66cab7c25c4d4c0e88781972b67a",
            "messageTitle": "A-JavaDoc",
            "messageBody": "",
            "insertions": 101,
            "deletions": 5
          },
          {
            "hash": "5898618daacce8c51b811672aaf2677c41ce08d3",
            "messageTitle": "Level-9",
            "messageBody": "",
            "insertions": 12,
            "deletions": 0
          }
        ]
      },
      {
        "insertions": 358,
        "deletions": 106,
        "date": "2020-02-02",
        "commitResults": [
          {
            "hash": "d0b14a1e7f5471852fb976367bff58db3c24c0d6",
            "messageTitle": "Level-9",
            "messageBody": "",
            "insertions": 358,
            "deletions": 106
          }
        ]
      },
      {
        "insertions": 25,
        "deletions": 3,
        "date": "2020-02-03",
        "commitResults": [
          {
            "hash": "3fa1b1fc5fc8ef6d0d7c4a3466e2564cfb4dfa3e",
            "messageTitle": "A-Gradle",
            "messageBody": "",
            "insertions": 25,
            "deletions": 3
          }
        ]
      }
    ]
  },
  "authorFinalContributionMap": {
    "alam8064": 921
  },
  "authorFileTypeContributionMap": {
    "alam8064": {
      "gradle": 22,
      "txt": 1,
      "java": 33,
      "java": 8,
      "java": 32,
      "java": 33,
      "java": 34,
      "java": 48,
      "java": 6,
      "java": 32,
      "java": 27,
      "java": 31,
      "java": 29,
      "MF": 3,
      "java": 60,
      "java": 80,
      "java": 43,
      "java": 50,
      "java": 25,
      "java": 84,
      "java": 10,
      "java": 24,
      "java": 23,
      "TXT": 20,
      "java": 15,
      "java": 51,
      "txt": 20,
      "java": 15,
      "java": 24,
      "java": 13,
      "txt": 4,
      "bat": 21
    }
  },
  "authorContributionVariance": {
    "alam8064": 19497.793
  },
  "authorDisplayNameMap": {
    "alam8064": "CS2103T-F09- 2 AMAN..YING"
  }
}
