{
  "authorDailyContributionsMap": {
    "ziyingli": [
      {
        "insertions": 357,
        "deletions": 80,
        "date": "2020-01-23",
        "commitResults": [
          {
            "hash": "109fbd71ee97da099d570d4270c492c4be275f77",
            "messageTitle": "Completed Level 1",
            "messageBody": "",
            "insertions": 23,
            "deletions": 6
          },
          {
            "hash": "1fe70c82aefb0551e7da14c4a745453cfdc17352",
            "messageTitle": "Completed Level 2",
            "messageBody": "",
            "tags": [
              "Level-2"
            ],
            "insertions": 37,
            "deletions": 3
          },
          {
            "hash": "6803a3f9463da1b5a25237eba549c9d312f331fb",
            "messageTitle": "Completed Level 3",
            "messageBody": "",
            "tags": [
              "Level-3"
            ],
            "insertions": 32,
            "deletions": 15
          },
          {
            "hash": "a8d1ec34939a419da46ff55ad1033288e5c04108",
            "messageTitle": "Completed Level 4",
            "messageBody": "",
            "tags": [
              "Level-4"
            ],
            "insertions": 64,
            "deletions": 9
          },
          {
            "hash": "ab0a26c7ad8c406876680943baaffe32d625c7d7",
            "messageTitle": "Complete Level 5",
            "messageBody": "",
            "tags": [
              "Level-5"
            ],
            "insertions": 66,
            "deletions": 46
          },
          {
            "hash": "182a0f871982822db56b141d16290eb2bf938c63",
            "messageTitle": "Complete Level 6",
            "messageBody": "",
            "tags": [
              "Level-6"
            ],
            "insertions": 7,
            "deletions": 0
          },
          {
            "hash": "ec859e483423591eb705a2cd8db201f117041f58",
            "messageTitle": "Add Text UI Testing",
            "messageBody": "",
            "tags": [
              "A-TextUiTesting"
            ],
            "insertions": 127,
            "deletions": 0
          },
          {
            "hash": "49ebc87621a16f407b465cc475cd8dc00ba50772",
            "messageTitle": "Format changes",
            "messageBody": "",
            "insertions": 1,
            "deletions": 1
          }
        ]
      },
      {
        "insertions": 151,
        "deletions": 23,
        "date": "2020-01-29",
        "commitResults": [
          {
            "hash": "cf0c8b7dcac7a2cf6446332203ef176d69f080a3",
            "messageTitle": "Complete Level 7",
            "messageBody": "",
            "tags": [
              "Level-7"
            ],
            "insertions": 127,
            "deletions": 5
          },
          {
            "hash": "54bbdf897cbd8d08024ccf98f91dfed8bef223a2",
            "messageTitle": "Complete Level 8",
            "messageBody": "",
            "tags": [
              "Level-8"
            ],
            "insertions": 17,
            "deletions": 10
          },
          {
            "hash": "938e324bd168350ca629eb7ea14793e5507a5f23",
            "messageTitle": "Bug fix in Duke and Parser",
            "messageBody": "",
            "insertions": 7,
            "deletions": 8
          }
        ]
      },
      {
        "insertions": 225,
        "deletions": 70,
        "date": "2020-01-30",
        "commitResults": [
          {
            "hash": "fe7ff09a9df07235d5d71e61dbcd3cd7abfa7f64",
            "messageTitle": "Make code more OOP",
            "messageBody": "",
            "tags": [
              "A-MoreOOP"
            ],
            "insertions": 18,
            "deletions": 14
          },
          {
            "hash": "f3a071ca1ca4ae842600e43a66ebd19aef89c70a",
            "messageTitle": "Add JUnit tests",
            "messageBody": "",
            "tags": [
              "A-JUnit"
            ],
            "insertions": 73,
            "deletions": 5
          },
          {
            "hash": "64de2d9cb450135cac7817e6cf09b6a1aac3db83",
            "messageTitle": "Package the App as a JAR file",
            "messageBody": "",
            "tags": [
              "A-Jar"
            ],
            "insertions": 2,
            "deletions": 1
          },
          {
            "hash": "43dad8ee2eebc32a446ca854a40d2eb8ef309aef",
            "messageTitle": "Add JavaDocs comments",
            "messageBody": "",
            "tags": [
              "A-JavaDoc"
            ],
            "insertions": 88,
            "deletions": 25
          },
          {
            "hash": "8690d24ea4e56e9267255dad65b2578b8b83ecd3",
            "messageTitle": "Format code to follow coding standards",
            "messageBody": "",
            "tags": [
              "A-CodingStandard"
            ],
            "insertions": 25,
            "deletions": 25
          },
          {
            "hash": "8437663f04f7c21546bcaf7896beb6fa393ad158",
            "messageTitle": "Complete Level 9",
            "messageBody": "",
            "tags": [
              "Level-9"
            ],
            "insertions": 19,
            "deletions": 0
          }
        ]
      },
      {
        "insertions": 55,
        "deletions": 34,
        "date": "2020-02-03",
        "commitResults": [
          {
            "hash": "7cecb0236c1dedc9a328d3e13f70d099f2475e6d",
            "messageTitle": "Edit JavaDocs",
            "messageBody": "",
            "insertions": 44,
            "deletions": 27
          },
          {
            "hash": "ef247743cedbe099ab23bd99f16a3986c2efe107",
            "messageTitle": "Formatting changes to fulfill checkstyle",
            "messageBody": "",
            "tags": [
              "A-CheckStyle"
            ],
            "insertions": 11,
            "deletions": 7
          }
        ]
      },
      {
        "insertions": 243,
        "deletions": 59,
        "date": "2020-02-04",
        "commitResults": [
          {
            "hash": "c8733575afca4a061573b8ef40d0fb8b61614d4e",
            "messageTitle": "Complete Level 10",
            "messageBody": "",
            "tags": [
              "Level-10"
            ],
            "insertions": 243,
            "deletions": 59
          }
        ]
      },
      {
        "insertions": 167,
        "deletions": 80,
        "date": "2020-02-11",
        "commitResults": [
          {
            "hash": "b5ae6be8a5d1f3c31ce3c11c74f74cd8394da015",
            "messageTitle": "Add assertions",
            "messageBody": "",
            "tags": [
              "A-Assertions"
            ],
            "insertions": 11,
            "deletions": 1
          },
          {
            "hash": "ca96893e7a9f58ead95051cba8e2a81e93d9901c",
            "messageTitle": "Improve code quality",
            "messageBody": "",
            "tags": [
              "A-CodeQuality"
            ],
            "insertions": 75,
            "deletions": 65
          },
          {
            "hash": "d95059b3c969ce2bcee577c6f0f06603ebfb5576",
            "messageTitle": "Sort deadlines chronologically",
            "messageBody": "",
            "insertions": 52,
            "deletions": 1
          },
          {
            "hash": "4f589643fc88d3f557e509fea72b1432020e10a0",
            "messageTitle": "Sort events chronologically",
            "messageBody": "",
            "insertions": 11,
            "deletions": 6
          },
          {
            "hash": "644eee271cda41e4c1f220df811b3b98f6d63dd0",
            "messageTitle": "Sort todos by description",
            "messageBody": "",
            "tags": [
              "C-Sort"
            ],
            "insertions": 18,
            "deletions": 7
          }
        ]
      }
    ]
  },
  "authorFinalContributionMap": {
    "ziyingli": 859
  },
  "authorFileTypeContributionMap": {
    "ziyingli": {
      "java": 652,
      "md": 0,
      "fxml": 35,
      "sh": 34,
      "bat": 0,
      "gradle": 40,
      "txt": 98
    }
  },
  "authorContributionVariance": {
    "ziyingli": 12964.6455
  },
  "authorDisplayNameMap": {
    "ziyingli": "CS2103T-F11- 2 LI Z..YING"
  }
}
