{
  "authorDailyContributionsMap": {
    "tingalinga": [
      {
        "insertions": 162,
        "deletions": 30,
        "date": "2020-01-22",
        "commitResults": [
          {
            "hash": "e62f36e0470fb73a76668d761b3eb148eef4df86",
            "messageTitle": "Level-1",
            "messageBody": "",
            "tags": [
              "Level-1"
            ],
            "insertions": 27,
            "deletions": 0
          },
          {
            "hash": "2316d4ebb332172dbd677cd67f8c6ea6df84a8ef",
            "messageTitle": "Level-2",
            "messageBody": "",
            "insertions": 15,
            "deletions": 5
          },
          {
            "hash": "ca8864dbbe1c87f6e21024ed2c5d7a5c77af1481",
            "messageTitle": "Level-2",
            "messageBody": "",
            "tags": [
              "Level-2"
            ],
            "insertions": 3,
            "deletions": 2
          },
          {
            "hash": "a8d06a173c72718b18c2efb9c3eaf7b056ce6816",
            "messageTitle": "Level-3",
            "messageBody": "",
            "insertions": 44,
            "deletions": 15
          },
          {
            "hash": "f1bd9e86546c13fe0e07156d6f930d6b947c8012",
            "messageTitle": "Level-3",
            "messageBody": "",
            "insertions": 5,
            "deletions": 1
          },
          {
            "hash": "7d4bbda64d23481789a15eb2ee34eff47bf0da3a",
            "messageTitle": "Level-3",
            "messageBody": "",
            "tags": [
              "Level-3"
            ],
            "insertions": 2,
            "deletions": 5
          },
          {
            "hash": "4450918fd3127e4d142ce972ad7c4dcf03f66742",
            "messageTitle": "Level-4",
            "messageBody": "",
            "tags": [
              "Level-4"
            ],
            "insertions": 66,
            "deletions": 2
          }
        ]
      },
      {
        "insertions": 472,
        "deletions": 309,
        "date": "2020-01-23",
        "commitResults": [
          {
            "hash": "72d09f09e63dd0d785e4bf95850b45f8e84ee0ab",
            "messageTitle": "no message",
            "messageBody": "",
            "insertions": 188,
            "deletions": 5
          },
          {
            "hash": "af2554a19862cbbb4f33a17c07ab2c487b19051b",
            "messageTitle": "Revert \"no message\"",
            "messageBody": "This reverts commit 72d09f09e63dd0d785e4bf95850b45f8e84ee0ab.\n",
            "insertions": 5,
            "deletions": 188
          },
          {
            "hash": "e683610146acbad6c104bb04751673e5eeec0636",
            "messageTitle": "A-TextUiTesting",
            "messageBody": "",
            "tags": [
              "A-TextUiTesting"
            ],
            "insertions": 187,
            "deletions": 4
          },
          {
            "hash": "44a1fd35e731a922911474cbe3d888100ea10d60",
            "messageTitle": "Level-5",
            "messageBody": "",
            "insertions": 84,
            "deletions": 41
          },
          {
            "hash": "e9452c5ed4230b31f1a3aee032b183f09aabd417",
            "messageTitle": "Level-6",
            "messageBody": "",
            "insertions": 8,
            "deletions": 0
          },
          {
            "hash": "21dad685d6c4d5a0678d9a64a5aa660a6021196b",
            "messageTitle": "Level-6",
            "messageBody": "",
            "tags": [
              "Level-6"
            ],
            "insertions": 0,
            "deletions": 71
          }
        ]
      },
      {
        "insertions": 297,
        "deletions": 244,
        "date": "2020-01-28",
        "commitResults": [
          {
            "hash": "2cbf8d3c35630dc1048b7c77cdd439e2eb036435",
            "messageTitle": "Level-7",
            "messageBody": "",
            "insertions": 135,
            "deletions": 82
          },
          {
            "hash": "875c5bda35147a9a803fdd344939fa949bd7e1a6",
            "messageTitle": "Level-8",
            "messageBody": "",
            "insertions": 86,
            "deletions": 81
          },
          {
            "hash": "827dbf49cd2d9256dfcc815eb65d25e845c0d1eb",
            "messageTitle": "Saved classes in separate files",
            "messageBody": "",
            "insertions": 76,
            "deletions": 81
          }
        ]
      },
      {
        "insertions": 467,
        "deletions": 129,
        "date": "2020-01-29",
        "commitResults": [
          {
            "hash": "097130fe3c2ca7c99a9101acb21531091fec869e",
            "messageTitle": "A-MoreOOP",
            "messageBody": "",
            "tags": [
              "A-MoreOOP"
            ],
            "insertions": 467,
            "deletions": 129
          }
        ]
      },
      {
        "insertions": 94,
        "deletions": 4,
        "date": "2020-01-30",
        "commitResults": [
          {
            "hash": "058db23c573e2c4ef704f362851a9f0cc32ebe7d",
            "messageTitle": "A-Packages",
            "messageBody": "",
            "tags": [
              "A-Packages",
              "A-Jar"
            ],
            "insertions": 94,
            "deletions": 4
          }
        ]
      },
      {
        "insertions": 524,
        "deletions": 95,
        "date": "2020-01-31",
        "commitResults": [
          {
            "hash": "90c426ac0dbd1a9db043d7a7f3523f2019e9f0ab",
            "messageTitle": "A-JUnit",
            "messageBody": "",
            "tags": [
              "A-JUnit"
            ],
            "insertions": 123,
            "deletions": 4
          },
          {
            "hash": "6d0a94583fc7c789906d1172d04706f0f50bb707",
            "messageTitle": "A-JavaDoc",
            "messageBody": "",
            "tags": [
              "A-JavaDoc"
            ],
            "insertions": 401,
            "deletions": 91
          }
        ]
      },
      {
        "insertions": 215,
        "deletions": 84,
        "date": "2020-02-01",
        "commitResults": [
          {
            "hash": "44494a01a5978b2bdbabe703c26f6fc3d5801bf8",
            "messageTitle": "A-CodingStandard",
            "messageBody": "",
            "tags": [
              "A-CodingStandard"
            ],
            "insertions": 68,
            "deletions": 46
          },
          {
            "hash": "b8d1f8d178f7f13640c639196d7e8979d15f367c",
            "messageTitle": "Level-9",
            "messageBody": "",
            "tags": [
              "Level-9"
            ],
            "insertions": 122,
            "deletions": 23
          },
          {
            "hash": "551f89ec8a4ae1e76e2430bb1d49608a6d16d524",
            "messageTitle": "A-Gradle",
            "messageBody": "",
            "tags": [
              "A-Gradle"
            ],
            "insertions": 25,
            "deletions": 15
          }
        ]
      },
      {
        "insertions": 622,
        "deletions": 322,
        "date": "2020-02-02",
        "commitResults": [
          {
            "hash": "19be10538ad2a9c6f8917356e2b44544d76334a5",
            "messageTitle": "A-CheckStyle changed all if equals(statement) to switch cse format",
            "messageBody": "",
            "tags": [
              "A-CheckStyle"
            ],
            "insertions": 108,
            "deletions": 126
          },
          {
            "hash": "4b206593522b3d9ad17d39b8236763707c12d987",
            "messageTitle": "A-JavaFx Part 1",
            "messageBody": "",
            "insertions": 66,
            "deletions": 3
          },
          {
            "hash": "f46e2291ff1b6db43c4834370e3474c1a7a89f1b",
            "messageTitle": "A-JavaFx Part 2",
            "messageBody": "",
            "insertions": 60,
            "deletions": 4
          },
          {
            "hash": "07106a57e0c44ca577f1b9833482122932168b52",
            "messageTitle": "A-JavaFx Part 3",
            "messageBody": "",
            "insertions": 119,
            "deletions": 1
          },
          {
            "hash": "27edfde7633722beb77ce70716fdeb0e0b7c51ac",
            "messageTitle": "A-JavaFx Part 4",
            "messageBody": "",
            "tags": [
              "A-JavaFx"
            ],
            "insertions": 159,
            "deletions": 142
          },
          {
            "hash": "32c6bb8c673c72b0fa03e845034424f619b93576",
            "messageTitle": "Made a personalise tinga welcome header",
            "messageBody": "",
            "insertions": 11,
            "deletions": 8
          },
          {
            "hash": "56b78309f3054ea670b4b1762d450f5007e78a5b",
            "messageTitle": "Level-10 changed all execute voids to return string have yet to figure out what to do with duke exceptions",
            "messageBody": "",
            "insertions": 99,
            "deletions": 38
          }
        ]
      },
      {
        "insertions": 60,
        "deletions": 26,
        "date": "2020-02-04",
        "commitResults": [
          {
            "hash": "e09d1321637348cb32638862004049a63aca3e89",
            "messageTitle": "Level-10 Handled all exceptions",
            "messageBody": "",
            "insertions": 49,
            "deletions": 23
          },
          {
            "hash": "9448c3c0141c1ed93015984c9062438992fb541e",
            "messageTitle": "Level-10 Adjusted textbox to remove truncation of long text Fixed a minor string bug in FindCommand",
            "messageBody": "",
            "insertions": 11,
            "deletions": 3
          }
        ]
      },
      {
        "insertions": 9,
        "deletions": 5,
        "date": "2020-02-05",
        "commitResults": [
          {
            "hash": "a9af426e1a2574ba268c1b5e613c47d757db4315",
            "messageTitle": "Level-10 Fixed data file path",
            "messageBody": "",
            "tags": [
              "Level-10"
            ],
            "insertions": 9,
            "deletions": 5
          }
        ]
      },
      {
        "insertions": 43,
        "deletions": 148,
        "date": "2020-02-11",
        "commitResults": [
          {
            "hash": "c05e9aa4884336e51ca9bff26dbd23fe7e038333",
            "messageTitle": "A-Assertions",
            "messageBody": "",
            "tags": [
              "A-Assertions"
            ],
            "insertions": 6,
            "deletions": 3
          },
          {
            "hash": "8ae36ec23e3d60f97362c686897f40a916e41502",
            "messageTitle": "A-CodeQuality",
            "messageBody": "",
            "tags": [
              "A-CodeQuality"
            ],
            "insertions": 8,
            "deletions": 137
          },
          {
            "hash": "767757d9aa431bc713cb995d5e384e872af3574f",
            "messageTitle": "C-Update",
            "messageBody": "",
            "insertions": 29,
            "deletions": 8
          }
        ]
      },
      {
        "insertions": 83,
        "deletions": 69,
        "date": "2020-02-18",
        "commitResults": [
          {
            "hash": "8a83606ea25c2acb45640f0ffd6a31b804ca38ed",
            "messageTitle": "final style updates",
            "messageBody": "",
            "insertions": 25,
            "deletions": 23
          },
          {
            "hash": "d24713f96451efdfa511109d6cf27ad6280ebca3",
            "messageTitle": "Update Ui image and formatting",
            "messageBody": "",
            "insertions": 3,
            "deletions": 2
          },
          {
            "hash": "c4f355747fe161dda5c345398cfdd775e0a4f878",
            "messageTitle": "insert TodoOutcome.png",
            "messageBody": "",
            "insertions": 14,
            "deletions": 5
          },
          {
            "hash": "93ae7c77fe9cb545d4535fb2ffe0b2185b126ce2",
            "messageTitle": "edit duke constructor",
            "messageBody": "",
            "insertions": 41,
            "deletions": 39
          }
        ]
      },
      {
        "insertions": 83,
        "deletions": 14,
        "date": "2020-03-02",
        "commitResults": [
          {
            "hash": "e72ec9518242b0c9bfdde1a235cfec0c12672ac3",
            "messageTitle": "Handled one more exception for update command",
            "messageBody": "",
            "tags": [
              "C-Update"
            ],
            "insertions": 71,
            "deletions": 11
          },
          {
            "hash": "a9610c0f38176dd8f9334f336f3ba79cac11bf77",
            "messageTitle": "edited main",
            "messageBody": "",
            "insertions": 12,
            "deletions": 3
          }
        ]
      }
    ]
  },
  "authorFinalContributionMap": {
    "tingalinga": 1670
  },
  "authorFileTypeContributionMap": {
    "tingalinga": {
      "java": 1465,
      "md": 0,
      "fxml": 45,
      "sh": 34,
      "bat": 0,
      "gradle": 42,
      "txt": 84
    }
  },
  "authorContributionVariance": {
    "tingalinga": 46391.316
  },
  "authorDisplayNameMap": {
    "tingalinga": "CS2103T-W12- 2 LEE ..TING"
  }
}
