{
  "authorDailyContributionsMap": {
    "zwasd": [
      {
        "insertions": 22,
        "deletions": 2,
        "date": "2020-01-22",
        "commitResults": [
          {
            "hash": "5aa3d5e2db27284c80580f7f2364d987d3af0b3e",
            "messageTitle": "setup gradle",
            "messageBody": "",
            "insertions": 22,
            "deletions": 2
          }
        ]
      },
      {
        "insertions": 567,
        "deletions": 105,
        "date": "2020-01-23",
        "commitResults": [
          {
            "hash": "1812f3814901300eb60c7060d3f9848ba9d592bf",
            "messageTitle": "Implement greet, echo, exit function",
            "messageBody": "",
            "tags": [
              "Level-1"
            ],
            "insertions": 70,
            "deletions": 4
          },
          {
            "hash": "c0a65f34640663843f8daf8d860e4b0d150cf44c",
            "messageTitle": "Implement add, list function",
            "messageBody": "",
            "tags": [
              "Level-2"
            ],
            "insertions": 38,
            "deletions": 2
          },
          {
            "hash": "5c7845773553762ace86dc440914a4cf4c598c72",
            "messageTitle": "Implement mark as done function",
            "messageBody": "",
            "tags": [
              "Level-3",
              "A-Classes"
            ],
            "insertions": 69,
            "deletions": 20
          },
          {
            "hash": "1e906e863e9b29786abcba1ef61697d605b24b20",
            "messageTitle": "Implement todos, events, deadlines",
            "messageBody": "",
            "tags": [
              "Level-4",
              "A-Inheritance"
            ],
            "insertions": 119,
            "deletions": 8
          },
          {
            "hash": "9ee8f527c578a5868cac797b6095b6aad699b72e",
            "messageTitle": "add text ui test",
            "messageBody": "",
            "tags": [
              "A-TextUiTesting"
            ],
            "insertions": 42,
            "deletions": 0
          },
          {
            "hash": "81158c18bdd88c52f09ac5710befa91236fd581b",
            "messageTitle": "Implement error handling",
            "messageBody": "",
            "tags": [
              "Level-5",
              "A-Exceptions"
            ],
            "insertions": 184,
            "deletions": 70
          },
          {
            "hash": "5232a3cd8504cb8d4504f42fb76021a638912636",
            "messageTitle": "Implement delete function",
            "messageBody": "",
            "tags": [
              "Level-6",
              "A-Collections"
            ],
            "insertions": 45,
            "deletions": 1
          }
        ]
      },
      {
        "insertions": 183,
        "deletions": 23,
        "date": "2020-01-30",
        "commitResults": [
          {
            "hash": "7295b2a37b42d8191521dece5be5bb08f5fc7b13",
            "messageTitle": "implement save feature",
            "messageBody": "",
            "insertions": 148,
            "deletions": 7
          },
          {
            "hash": "abf8f04720252f8e2b2adf708c8c3d2d6a446bc1",
            "messageTitle": "support formatting of datetime in deadline and event tasks",
            "messageBody": "",
            "insertions": 30,
            "deletions": 10
          },
          {
            "hash": "155e5ed492832e8efff96fdd1d23a7efe2c77bde",
            "messageTitle": "fix merges from branch-level-7 and branch-level-8",
            "messageBody": "",
            "insertions": 5,
            "deletions": 6
          }
        ]
      },
      {
        "insertions": 1063,
        "deletions": 619,
        "date": "2020-02-05",
        "commitResults": [
          {
            "hash": "10066c2c489ca3000305f8267ee37e3b79748116",
            "messageTitle": "refactor to use packages and more OOP",
            "messageBody": "",
            "tags": [
              "A-Packages",
              "A-MoreOOP"
            ],
            "insertions": 788,
            "deletions": 575
          },
          {
            "hash": "5c0a54b0d7f116727e8f0342ea477ee48e7715da",
            "messageTitle": "remove useless lines",
            "messageBody": "",
            "insertions": 0,
            "deletions": 5
          },
          {
            "hash": "fdda0312478651555224336c658dc2e313eed44d",
            "messageTitle": "add a few JUnit tests",
            "messageBody": "",
            "tags": [
              "v0.1.3",
              "A-JUnit"
            ],
            "insertions": 41,
            "deletions": 0
          },
          {
            "hash": "27515c4dbccb71385ba0e54919fe06e6efa96a2d",
            "messageTitle": "add the relevant JavaDocs",
            "messageBody": "",
            "insertions": 121,
            "deletions": 16
          },
          {
            "hash": "1ff02f9f16b0c794741d1e16d31c2e3378deb761",
            "messageTitle": "shorten lines to fit coding standard",
            "messageBody": "",
            "insertions": 32,
            "deletions": 16
          },
          {
            "hash": "de4bda8e64ed02fc6b53d0a7364b40557fd439a1",
            "messageTitle": "implement find command; fix deadline bug",
            "messageBody": "",
            "insertions": 81,
            "deletions": 7
          }
        ]
      }
    ]
  },
  "authorFinalContributionMap": {
    "zwasd": 1102
  },
  "authorFileTypeContributionMap": {
    "zwasd": {
      "java": 1039,
      "md": 0,
      "fxml": 0,
      "sh": 34,
      "bat": 0,
      "gradle": 21,
      "txt": 8
    }
  },
  "authorContributionVariance": {
    "zwasd": 126896.23
  },
  "authorDisplayNameMap": {
    "zwasd": "CS2103T-T10- 3 LIM .. YUE"
  }
}
