{
  "authorDailyContributionsMap": {
    "BenFheng": [
      {
        "insertions": 488,
        "deletions": 146,
        "date": "2020-01-23",
        "commitResults": [
          {
            "hash": "085582685b4e939a99689b2a3eca9f331d8a42c6",
            "messageTitle": "Finished Level 1, committing for reference",
            "messageBody": "",
            "insertions": 21,
            "deletions": 6
          },
          {
            "hash": "a58780d7e225520fbbae8a9cb8a9d39b8ac0237a",
            "messageTitle": "Level 2. Add, List",
            "messageBody": "",
            "insertions": 17,
            "deletions": 5
          },
          {
            "hash": "1e8fede4813accc9dae6c57427aeaa73975d2bd1",
            "messageTitle": "Level 3. Mark as Done",
            "messageBody": "",
            "insertions": 56,
            "deletions": 8
          },
          {
            "hash": "17581e613394cb5a2e11f95ac7755884d04af807",
            "messageTitle": "Level 3. Mark as Done",
            "messageBody": "",
            "insertions": 21,
            "deletions": 4
          },
          {
            "hash": "dc925b2cce34b81a5d4b3c727090ad618f283798",
            "messageTitle": "Level 4. ToDos, Events, Deadlines",
            "messageBody": "",
            "insertions": 194,
            "deletions": 12
          },
          {
            "hash": "7496df41f8c8653b4b6d7189e177c14b2cf554ec",
            "messageTitle": "Level 6. Delete",
            "messageBody": "",
            "insertions": 18,
            "deletions": 0
          },
          {
            "hash": "14205559c56172f448afcd3cbd258f65767279b9",
            "messageTitle": "Level 5. Handle Errors, also changed event task toString() printing \"by\" back to the correct \"at\"",
            "messageBody": "",
            "insertions": 123,
            "deletions": 111
          },
          {
            "hash": "3dbe6dd76acb980e07c0b0ea05587a725bdc3e0e",
            "messageTitle": "A-TextUiTesting",
            "messageBody": "",
            "insertions": 38,
            "deletions": 0
          }
        ]
      },
      {
        "insertions": 203,
        "deletions": 20,
        "date": "2020-01-30",
        "commitResults": [
          {
            "hash": "4ad45711df9a392e062847fa574191e12dc00f07",
            "messageTitle": "branch-Level-7",
            "messageBody": "",
            "insertions": 155,
            "deletions": 7
          },
          {
            "hash": "743674a7964b9131ae0a1403edce6f1c91c7eb27",
            "messageTitle": "branch-Level-8: Date and Time",
            "messageBody": "",
            "insertions": 48,
            "deletions": 13
          }
        ]
      },
      {
        "insertions": 888,
        "deletions": 445,
        "date": "2020-02-02",
        "commitResults": [
          {
            "hash": "206b558dffed155dbb64e51081c2e14790ab35d3",
            "messageTitle": "A-MoreOOP",
            "messageBody": "",
            "insertions": 477,
            "deletions": 334
          },
          {
            "hash": "8c777654ade6fa964d3e1eb6b09c1069089bb1c3",
            "messageTitle": "A-JUnit",
            "messageBody": "",
            "insertions": 43,
            "deletions": 5
          },
          {
            "hash": "0dc1c2c2cd90d7a5172a387a01e66398e5fcd16b",
            "messageTitle": "A-Jar",
            "messageBody": "",
            "insertions": 3,
            "deletions": 0
          },
          {
            "hash": "11a96241314e0c46da452648d395a28e8c849bec",
            "messageTitle": "Level-9",
            "messageBody": "",
            "insertions": 364,
            "deletions": 105
          },
          {
            "hash": "0c3555898a08bf5dd45dfd6bfa1427e20645e3cb",
            "messageTitle": "Merge branch \u0027branch-Level-9\u0027",
            "messageBody": "# Conflicts:\n#\tsrc/main/java/Parser.java\n",
            "insertions": 1,
            "deletions": 1
          }
        ]
      }
    ]
  },
  "authorFinalContributionMap": {
    "BenFheng": 982
  },
  "authorFileTypeContributionMap": {
    "BenFheng": {
      "java": 45,
      "java": 61,
      "java": 6,
      "java": 45,
      "MF": 3,
      "java": 282,
      "java": 182,
      "java": 84,
      "java": 88,
      "java": 39,
      "java": 67,
      "java": 21,
      "java": 21,
      "txt": 3,
      "txt": 1,
      "sh": 34
    }
  },
  "authorContributionVariance": {
    "BenFheng": 68956.8
  },
  "authorDisplayNameMap": {
    "BenFheng": "CS2103-T09- 3 FHEN..AMIN"
  }
}
