{
  "authorDailyContributionsMap": {
    "lohszeying": [
      {
        "insertions": 633,
        "deletions": 180,
        "date": "2020-01-27",
        "commitResults": [
          {
            "hash": "cc9a5fc3a07dd1ade52e9c66b29cd5f5dee84db1",
            "messageTitle": "First commit",
            "messageBody": "",
            "insertions": 78,
            "deletions": 0
          },
          {
            "hash": "b20c3f5eef31fba059a4b2af8b3a8432afb62842",
            "messageTitle": "Level 1 added",
            "messageBody": "",
            "tags": [
              "Level-1"
            ],
            "insertions": 15,
            "deletions": 1
          },
          {
            "hash": "d84b61380df9da4c55a347cc48edfa9d50826e8f",
            "messageTitle": "Level 1 amended",
            "messageBody": "",
            "insertions": 1,
            "deletions": 1
          },
          {
            "hash": "172a66c76d2f4d3b6161761aa89154a92fa0a4bf",
            "messageTitle": "Level 2 added",
            "messageBody": "",
            "tags": [
              "Level-2"
            ],
            "insertions": 16,
            "deletions": 3
          },
          {
            "hash": "32b2df9ce85aa97726ed8e936684973a32798c51",
            "messageTitle": "Level 3 added",
            "messageBody": "",
            "tags": [
              "Level-3"
            ],
            "insertions": 40,
            "deletions": 6
          },
          {
            "hash": "96ae4c6b5c8d046c0755a7a5dd02ce3e702f9ac2",
            "messageTitle": "Level 4 added",
            "messageBody": "",
            "tags": [
              "Level-4"
            ],
            "insertions": 88,
            "deletions": 7
          },
          {
            "hash": "32202f7a4f33fec3b3bae341df8c3172c3317782",
            "messageTitle": "Added Text UI Testing",
            "messageBody": "",
            "tags": [
              "A-TextUITesting"
            ],
            "insertions": 46,
            "deletions": 0
          },
          {
            "hash": "6b830e3019cb79529f52012ee5599c948724bcea",
            "messageTitle": "Level 5 added",
            "messageBody": "",
            "tags": [
              "Level-5"
            ],
            "insertions": 85,
            "deletions": 54
          },
          {
            "hash": "5f55675058a3b54f51131b5a4627558df6d1c3e0",
            "messageTitle": "Level 6 added",
            "messageBody": "",
            "insertions": 48,
            "deletions": 32
          },
          {
            "hash": "3ae00a96dfce53b32e697a1829bb7b44ade94096",
            "messageTitle": "Level 6 amended",
            "messageBody": "",
            "tags": [
              "Level-6"
            ],
            "insertions": 77,
            "deletions": 51
          },
          {
            "hash": "a784d36f897869f3da2645a3274392d9c516a60e",
            "messageTitle": "Added level 7",
            "messageBody": "",
            "tags": [
              "Level-7"
            ],
            "insertions": 111,
            "deletions": 6
          },
          {
            "hash": "c3f15409521a2eb686294ee07127a5f6838ec90e",
            "messageTitle": "Level 8 added",
            "messageBody": "",
            "insertions": 27,
            "deletions": 2
          },
          {
            "hash": "f49bb3f4fe1c4e0ba0a9be147cfa54c4dc632a41",
            "messageTitle": "Level 8 after merging",
            "messageBody": "",
            "tags": [
              "Level-8"
            ],
            "insertions": 1,
            "deletions": 17
          }
        ]
      },
      {
        "insertions": 618,
        "deletions": 187,
        "date": "2020-01-28",
        "commitResults": [
          {
            "hash": "7e041c89c64bb3bcae97bb03a7a7100fa9c0c749",
            "messageTitle": "Added more OOP to the code",
            "messageBody": "",
            "tags": [
              "A-MoreOOP"
            ],
            "insertions": 456,
            "deletions": 184
          },
          {
            "hash": "180af2618fa55ae9ef9fe424c88d1e9e594ac069",
            "messageTitle": "Added assertions (A-JUnit)",
            "messageBody": "",
            "tags": [
              "v0.01",
              "A-JUnit"
            ],
            "insertions": 25,
            "deletions": 0
          },
          {
            "hash": "77a259b115b847146c432ec80490826f2efa6eac",
            "messageTitle": "Added javadoc comments",
            "messageBody": "",
            "tags": [
              "A-JavaDoc"
            ],
            "insertions": 135,
            "deletions": 1
          },
          {
            "hash": "99ad7ff8ba7f4e83b6049db94128d89f9b021fcd",
            "messageTitle": "Edited code to comply with coding standard.",
            "messageBody": "",
            "insertions": 2,
            "deletions": 2
          }
        ]
      },
      {
        "insertions": 31,
        "deletions": 1,
        "date": "2020-01-29",
        "commitResults": [
          {
            "hash": "93394d1b4d935cc60a8f32b706016330904b24ad",
            "messageTitle": "Added level 9",
            "messageBody": "",
            "insertions": 31,
            "deletions": 1
          }
        ]
      },
      {
        "insertions": 78,
        "deletions": 79,
        "date": "2020-01-30",
        "commitResults": [
          {
            "hash": "1c6bad285587a532d487004c276a404ce3c7bf25",
            "messageTitle": "Added more changes to comply with the coding standard",
            "messageBody": "",
            "insertions": 78,
            "deletions": 79
          }
        ]
      },
      {
        "insertions": 21,
        "deletions": 8,
        "date": "2020-01-31",
        "commitResults": [
          {
            "hash": "5ac628b1001171af6b4b290ae9c703d320316618",
            "messageTitle": "edited gradle file",
            "messageBody": "",
            "insertions": 6,
            "deletions": 1
          },
          {
            "hash": "b4bd2036e4aa3963257b9053074f7b5187bd7ab0",
            "messageTitle": "Revert \"edited gradle file\"",
            "messageBody": "This reverts commit 5ac628b1001171af6b4b290ae9c703d320316618.\n",
            "insertions": 1,
            "deletions": 6
          },
          {
            "hash": "edb0abe6fe0860e533652b8c1333168c6eecc66e",
            "messageTitle": "Revert \"Revert \"edited gradle file\"\"",
            "messageBody": "This reverts commit b4bd2036e4aa3963257b9053074f7b5187bd7ab0.\n",
            "insertions": 6,
            "deletions": 1
          },
          {
            "hash": "e33d99e7cd7368ced2f79eaa4870f0fb6dd03095",
            "messageTitle": "Minimal requirement for gradle",
            "messageBody": "",
            "tags": [
              "A-Gradle"
            ],
            "insertions": 8,
            "deletions": 0
          }
        ]
      },
      {
        "insertions": 622,
        "deletions": 74,
        "date": "2020-02-03",
        "commitResults": [
          {
            "hash": "3711df50bfadd6863053f2d98f3547880d03f71b",
            "messageTitle": "Added GUI up till part 3",
            "messageBody": "",
            "insertions": 234,
            "deletions": 1
          },
          {
            "hash": "571870b6994cc9a0de3eff91feaa4fc488e839f3",
            "messageTitle": "GUI tutorial part 4 completed, managed to get Duke to display initialisation message",
            "messageBody": "",
            "insertions": 204,
            "deletions": 52
          },
          {
            "hash": "dec60101519ebd23e0f3758cf4c0839397980d9f",
            "messageTitle": "GUI in progress: Added the ability for duke to react in GUI (still need bug fixing)",
            "messageBody": "",
            "insertions": 184,
            "deletions": 21
          }
        ]
      },
      {
        "insertions": 180,
        "deletions": 169,
        "date": "2020-02-04",
        "commitResults": [
          {
            "hash": "dd27936d7dc2079ae5b2de6f69ed6cf1b793c82e",
            "messageTitle": "Fixed more exceptions that is not handled (GUI)",
            "messageBody": "",
            "tags": [
              "Level-10"
            ],
            "insertions": 180,
            "deletions": 169
          }
        ]
      }
    ]
  },
  "authorFinalContributionMap": {
    "lohszeying": 1436
  },
  "authorFileTypeContributionMap": {
    "lohszeying": {
      "java": 1311,
      "md": 1,
      "fxml": 38,
      "sh": 34,
      "bat": 0,
      "gradle": 36,
      "txt": 16
    }
  },
  "authorContributionVariance": {
    "lohszeying": 68732.54
  },
  "authorDisplayNameMap": {
    "lohszeying": "CS2103T-F10- 3 LOH ..YING"
  }
}
