{
  "authorDailyContributionsMap": {
    "suwoons": [
      {
        "insertions": 202,
        "deletions": 82,
        "date": "2020-01-18",
        "commitResults": [
          {
            "hash": "c00ddd9daaab8fd1c7c6325344e18d344ad71181",
            "messageTitle": "Add greet, echo, exit functions",
            "messageBody": "",
            "tags": [
              "Level-1"
            ],
            "insertions": 103,
            "deletions": 7
          },
          {
            "hash": "808eb7dcad9f1160379b23a3a2c476ef3b712f8a",
            "messageTitle": "Add add, list functions",
            "messageBody": "",
            "tags": [
              "Level-2"
            ],
            "insertions": 48,
            "deletions": 64
          },
          {
            "hash": "fb102d63e98659d8305ff52591935547c9166c51",
            "messageTitle": "Add \u0027mark as done\u0027 function",
            "messageBody": "",
            "tags": [
              "Level-3"
            ],
            "insertions": 51,
            "deletions": 11
          }
        ]
      },
      {
        "insertions": 186,
        "deletions": 39,
        "date": "2020-01-20",
        "commitResults": [
          {
            "hash": "fa91907fff15e79004a90c3c44999695ebcb562f",
            "messageTitle": "Add Todos, Events, Deadlines",
            "messageBody": "",
            "tags": [
              "Level-4"
            ],
            "insertions": 110,
            "deletions": 39
          },
          {
            "hash": "2f085d6c398cb35b93f8d94150b07bab1ec39c48",
            "messageTitle": "Set up Text UI Testing",
            "messageBody": "",
            "tags": [
              "A-TextUiTesting"
            ],
            "insertions": 76,
            "deletions": 0
          }
        ]
      },
      {
        "insertions": 198,
        "deletions": 99,
        "date": "2020-01-21",
        "commitResults": [
          {
            "hash": "6a63dadab6b709e8c8f76ec05232a0372c1849a7",
            "messageTitle": "Handle errors",
            "messageBody": "Implement exceptions for missing description, unrecognised commands and no \u0027at\u0027 or \u0027by\u0027 specified for event and deadlines respectively.\n",
            "tags": [
              "Level-5"
            ],
            "insertions": 136,
            "deletions": 68
          },
          {
            "hash": "468787c3cae91ae015742008d97d4a2256fc7cc3",
            "messageTitle": "Add delete task functionality",
            "messageBody": "",
            "tags": [
              "Level-6"
            ],
            "insertions": 62,
            "deletions": 31
          }
        ]
      },
      {
        "insertions": 594,
        "deletions": 396,
        "date": "2020-01-27",
        "commitResults": [
          {
            "hash": "ff432d18a8124be93677079724eb6cfd9da5eb05",
            "messageTitle": "Save function",
            "messageBody": "",
            "insertions": 153,
            "deletions": 26
          },
          {
            "hash": "6b28191667fe4b8ef96b1b0338df7240ff0e431d",
            "messageTitle": "Recognise date and time",
            "messageBody": "Date has to be in format \u0027dd/mm/yyyy\u0027 and will be parsed and stored as \u0027yyyy-mm-dd\u0027. Time to be inputted in 24 hr format.\n",
            "insertions": 65,
            "deletions": 12
          },
          {
            "hash": "426702040fd6c6863d59900d92a429e84d8d708c",
            "messageTitle": "Update Duke after merging",
            "messageBody": "Update the saving and reading from hard disk to integrate changes caused by new date and time formatting\n",
            "insertions": 376,
            "deletions": 358
          }
        ]
      },
      {
        "insertions": 1284,
        "deletions": 872,
        "date": "2020-01-28",
        "commitResults": [
          {
            "hash": "15e9e9252e4442d74dc1919081058cd99393a0b9",
            "messageTitle": "Refactor code to use more OOP",
            "messageBody": "",
            "tags": [
              "A-MoreOOP"
            ],
            "insertions": 585,
            "deletions": 506
          },
          {
            "hash": "306ecdebb749fc58e6964772f9820b06ea08adb7",
            "messageTitle": "Add JUnit test",
            "messageBody": "",
            "tags": [
              "v0.1.3",
              "A-JUnit"
            ],
            "insertions": 120,
            "deletions": 0
          },
          {
            "hash": "349f696f84ad53c017f6761673715932ac24163a",
            "messageTitle": "Add JavaDoc comments to non-private classes/methods",
            "messageBody": "",
            "tags": [
              "A-JavaDoc"
            ],
            "insertions": 183,
            "deletions": 15
          },
          {
            "hash": "0d899275f9602e03df37ca99484d062804614c32",
            "messageTitle": "Edit to conform to coding standard",
            "messageBody": "",
            "tags": [
              "A-CodingStandard"
            ],
            "insertions": 10,
            "deletions": 7
          },
          {
            "hash": "895389b105c28bf208ed865fa13f41e76ff4f382",
            "messageTitle": "Add find function",
            "messageBody": "",
            "insertions": 57,
            "deletions": 2
          },
          {
            "hash": "8bfdea54cbe3df4c8a2d755eb04567f57cec6678",
            "messageTitle": "Revert \"Add find function\"",
            "messageBody": "This reverts commit 895389b105c28bf208ed865fa13f41e76ff4f382.\n",
            "insertions": 2,
            "deletions": 57
          },
          {
            "hash": "f46503551953f76bc2990744446590d1573af313",
            "messageTitle": "Revert \"Edit to conform to coding standard\"",
            "messageBody": "This reverts commit 0d899275f9602e03df37ca99484d062804614c32.\n",
            "insertions": 7,
            "deletions": 10
          },
          {
            "hash": "fbdac705d0fc4b2ba54123dbb9c844f31412150b",
            "messageTitle": "Revert \"Add JavaDoc comments to non-private classes/methods\"",
            "messageBody": "This reverts commit 349f696f84ad53c017f6761673715932ac24163a.\n",
            "insertions": 15,
            "deletions": 183
          },
          {
            "hash": "38706e278ff1d20dd8176c97aebd3963c4b38ba5",
            "messageTitle": "Auto stash before merge of \"master\" and \"branch-Level-9\"",
            "messageBody": "",
            "insertions": 29,
            "deletions": 38
          },
          {
            "hash": "872e56c16d17fd5e315d49a79ec40faae14bb888",
            "messageTitle": "Resolve changes made due to merge",
            "messageBody": "",
            "insertions": 41,
            "deletions": 32
          },
          {
            "hash": "487560eaa959734e9bd22b6d2bc680c9ed619097",
            "messageTitle": "Update Parser",
            "messageBody": "Remove unnecessary logic checks.\n",
            "insertions": 4,
            "deletions": 4
          },
          {
            "hash": "9c49dcdf756d0a80ea0a655414ab54cd8f4c4fbf",
            "messageTitle": "Resolve changes made due to merge",
            "messageBody": "",
            "insertions": 231,
            "deletions": 18
          }
        ]
      },
      {
        "insertions": 22,
        "deletions": 4,
        "date": "2020-01-29",
        "commitResults": [
          {
            "hash": "2477a1552270925aca09e3547dc7dfdb327d47f8",
            "messageTitle": "Update storage",
            "messageBody": "If .txt files for data does not already exist, create a new one.\n",
            "tags": [
              "A-Jar"
            ],
            "insertions": 22,
            "deletions": 4
          }
        ]
      },
      {
        "insertions": 110,
        "deletions": 54,
        "date": "2020-01-31",
        "commitResults": [
          {
            "hash": "47615a391f1498a0bf09105eb94163775d4e925a",
            "messageTitle": "Use Checkstyle",
            "messageBody": "",
            "tags": [
              "A-Gradle",
              "A-CheckStyle"
            ],
            "insertions": 110,
            "deletions": 54
          }
        ]
      },
      {
        "insertions": 43,
        "deletions": 9,
        "date": "2020-02-02",
        "commitResults": [
          {
            "hash": "87c80b3bd966b2c160087a517f54379c66d13136",
            "messageTitle": "Use JavaFX",
            "messageBody": "",
            "tags": [
              "A-JavaFX"
            ],
            "insertions": 43,
            "deletions": 9
          }
        ]
      },
      {
        "insertions": 360,
        "deletions": 9,
        "date": "2020-02-04",
        "commitResults": [
          {
            "hash": "30a51bafe7186cb4eeabeb4169a8f474df42e1d3",
            "messageTitle": "Add GUI",
            "messageBody": "",
            "tags": [
              "Level-10"
            ],
            "insertions": 360,
            "deletions": 9
          }
        ]
      },
      {
        "insertions": 119,
        "deletions": 194,
        "date": "2020-02-07",
        "commitResults": [
          {
            "hash": "bb294cfaadaac3c22a7411b87a71560d7adb823e",
            "messageTitle": "Add assertions",
            "messageBody": "",
            "tags": [
              "A-Assertions"
            ],
            "insertions": 17,
            "deletions": 9
          },
          {
            "hash": "514ae62a421846a0f30fea0f06f25f2ec0b34181",
            "messageTitle": "Improve code quality",
            "messageBody": "",
            "tags": [
              "A-CodeQuality"
            ],
            "insertions": 50,
            "deletions": 39
          },
          {
            "hash": "f95357cc4b54310a6abdc0b99b6455c3907fc9fe",
            "messageTitle": "Edit to adhere to coding standards",
            "messageBody": "",
            "insertions": 51,
            "deletions": 51
          },
          {
            "hash": "b9df159103082464c4ca452cedb570a2eb110dcb",
            "messageTitle": "Remove unnecessary comments",
            "messageBody": "",
            "insertions": 0,
            "deletions": 95
          },
          {
            "hash": "956d756f4ce98ee7cd900cdfbb999d2296f78cd3",
            "messageTitle": "Add more assertions",
            "messageBody": "",
            "insertions": 1,
            "deletions": 0
          }
        ]
      }
    ]
  },
  "authorFinalContributionMap": {
    "suwoons": 1371
  },
  "authorFileTypeContributionMap": {
    "suwoons": {
      "java": 1210,
      "md": 0,
      "fxml": 55,
      "sh": 34,
      "bat": 22,
      "gradle": 28,
      "txt": 22
    }
  },
  "authorContributionVariance": {
    "suwoons": 199918.98
  },
  "authorDisplayNameMap": {
    "suwoons": "CS2103-W15- 3 LIM ..ARAH"
  }
}
