{
  "authorDailyContributionsMap": {
    "ray-97": [
      {
        "insertions": 152,
        "deletions": 99,
        "date": "2020-01-18",
        "commitResults": [
          {
            "hash": "882310e2174de8b7668d20034768478deec9a95e",
            "messageTitle": "initial commit",
            "messageBody": "",
            "insertions": 77,
            "deletions": 77
          },
          {
            "hash": "3970184ae64d0e67a83ff878122e6f38b09e778c",
            "messageTitle": "Level-2",
            "messageBody": "",
            "tags": [
              "Level-2"
            ],
            "insertions": 22,
            "deletions": 7
          },
          {
            "hash": "16fca15cc65e2d0abdd7e206766b3afdebf3d848",
            "messageTitle": "Level-3",
            "messageBody": "",
            "insertions": 53,
            "deletions": 6
          },
          {
            "hash": "b0649466433f8db58ec556f3461287ca4498b329",
            "messageTitle": "Level-3",
            "messageBody": "",
            "tags": [
              "Level-3"
            ],
            "insertions": 0,
            "deletions": 9
          }
        ]
      },
      {
        "insertions": 228,
        "deletions": 56,
        "date": "2020-01-19",
        "commitResults": [
          {
            "hash": "83a62ca314ae9cbdea48c532255de5950ab28c34",
            "messageTitle": "Level-4",
            "messageBody": "",
            "tags": [
              "Level-4"
            ],
            "insertions": 98,
            "deletions": 22
          },
          {
            "hash": "e2152f2bbc95d194b2c02ea1a28822bbfefab214",
            "messageTitle": "Level-5\u00266",
            "messageBody": "",
            "tags": [
              "Level-6"
            ],
            "insertions": 130,
            "deletions": 34
          }
        ]
      },
      {
        "insertions": 77,
        "deletions": 4,
        "date": "2020-01-25",
        "commitResults": [
          {
            "hash": "e567fec1a661b978d3a156c2f75ec4fe2d7c2e80",
            "messageTitle": "try level7",
            "messageBody": "",
            "insertions": 60,
            "deletions": 3
          },
          {
            "hash": "16365e0a5af5b36637d236c4ceb01d6bc38533a0",
            "messageTitle": "trying level 8",
            "messageBody": "",
            "insertions": 17,
            "deletions": 1
          }
        ]
      },
      {
        "insertions": 116,
        "deletions": 53,
        "date": "2020-01-26",
        "commitResults": [
          {
            "hash": "76c2ea8c71ff7a2d704d92dec3177ef60c2e1bb9",
            "messageTitle": "record test case",
            "messageBody": "",
            "insertions": 62,
            "deletions": 4
          },
          {
            "hash": "362cba49431d99c159fc841a5751cbb856f9b00b",
            "messageTitle": "Level-7",
            "messageBody": "",
            "tags": [
              "Level-7"
            ],
            "insertions": 19,
            "deletions": 17
          },
          {
            "hash": "f2f5406ad1e9bbb9af9ed8ac57671bb73b8e7fdc",
            "messageTitle": "Level-8",
            "messageBody": "",
            "tags": [
              "Level-8"
            ],
            "insertions": 35,
            "deletions": 32
          }
        ]
      },
      {
        "insertions": 255,
        "deletions": 155,
        "date": "2020-01-27",
        "commitResults": [
          {
            "hash": "43dbe4db028ee9c6e3d1cad07c064bdf5506562c",
            "messageTitle": "add increments part 1",
            "messageBody": "",
            "tags": [
              "increment-part-1"
            ],
            "insertions": 208,
            "deletions": 145
          },
          {
            "hash": "49aa329b38bae3b3fd629d937d584ab274b2b21d",
            "messageTitle": "A-MoreOOP",
            "messageBody": "",
            "insertions": 47,
            "deletions": 10
          },
          {
            "hash": "5022f05e326bb7daa64ef217e351d9ef1edf59f2",
            "messageTitle": "A-Packages",
            "messageBody": "",
            "tags": [
              "A-Packages",
              "A-Jar"
            ],
            "insertions": 0,
            "deletions": 0
          }
        ]
      },
      {
        "insertions": 82,
        "deletions": 30,
        "date": "2020-01-28",
        "commitResults": [
          {
            "hash": "0d58570d86f394ef3dfef9f474ab1c513aedd80c",
            "messageTitle": "A-JUnit",
            "messageBody": "",
            "tags": [
              "A-JUnit"
            ],
            "insertions": 82,
            "deletions": 30
          }
        ]
      },
      {
        "insertions": 210,
        "deletions": 19,
        "date": "2020-01-30",
        "commitResults": [
          {
            "hash": "e09990dd1468a8bd225edd2cdfeea691dcd225ac",
            "messageTitle": "A-JavaDoc and A-CodingStandard",
            "messageBody": "",
            "tags": [
              "A-JavaDoc",
              "A-CodingStandard"
            ],
            "insertions": 159,
            "deletions": 13
          },
          {
            "hash": "8676a381c08dc30507f9527a851e01ecb138f6e9",
            "messageTitle": "Level-9",
            "messageBody": "",
            "tags": [
              "Level-9",
              "Level-5",
              "A-MoreOOP"
            ],
            "insertions": 51,
            "deletions": 6
          }
        ]
      },
      {
        "insertions": 60,
        "deletions": 16,
        "date": "2020-02-02",
        "commitResults": [
          {
            "hash": "183d6302225424d99dbdc4e8d93dbfa26a7d7901",
            "messageTitle": "jfx",
            "messageBody": "",
            "insertions": 57,
            "deletions": 13
          },
          {
            "hash": "9c29f99e55925edb1368714825cf30597481c551",
            "messageTitle": "fix some stuff",
            "messageBody": "",
            "insertions": 3,
            "deletions": 3
          }
        ]
      },
      {
        "insertions": 233,
        "deletions": 76,
        "date": "2020-02-05",
        "commitResults": [
          {
            "hash": "207e80b689f9d6460e1249a9f4b942af73d41b9c",
            "messageTitle": "Got JavaFX to work. Still need to refactor code.",
            "messageBody": "",
            "tags": [
              "Level-10",
              "A-Gradle",
              "A-CheckStyle"
            ],
            "insertions": 233,
            "deletions": 76
          }
        ]
      },
      {
        "insertions": 73,
        "deletions": 46,
        "date": "2020-02-09",
        "commitResults": [
          {
            "hash": "f375be2b9d35bc31c1371f4df826f654f4b74316",
            "messageTitle": "added assertions to verify assumptions",
            "messageBody": "",
            "tags": [
              "A-Assertions"
            ],
            "insertions": 72,
            "deletions": 43
          },
          {
            "hash": "185b10b64101f9818c9c61da8ea812b0e1b3c80c",
            "messageTitle": "got rid of unused stuff",
            "messageBody": "",
            "tags": [
              "A-CodeQuality"
            ],
            "insertions": 1,
            "deletions": 3
          }
        ]
      },
      {
        "insertions": 146,
        "deletions": 61,
        "date": "2020-02-12",
        "commitResults": [
          {
            "hash": "04b3d3f005ad774c778904ff09d5868eaee2bf39",
            "messageTitle": "Include help and improve javaFX",
            "messageBody": "",
            "tags": [
              "C-Help"
            ],
            "insertions": 93,
            "deletions": 54
          },
          {
            "hash": "f4336849039d3d169a539165230c28d0a8729762",
            "messageTitle": "added undo functionality",
            "messageBody": "",
            "tags": [
              "C-Undo"
            ],
            "insertions": 53,
            "deletions": 7
          }
        ]
      },
      {
        "insertions": 31,
        "deletions": 8,
        "date": "2020-02-18",
        "commitResults": [
          {
            "hash": "5e34feb9c34e8880867fc423d77d371658a9c864",
            "messageTitle": "added random assert false to test assertion",
            "messageBody": "",
            "insertions": 1,
            "deletions": 0
          },
          {
            "hash": "04ac8db8020cd89bef5ec661006043c8c4a48969",
            "messageTitle": "finalize and cleanup",
            "messageBody": "",
            "insertions": 30,
            "deletions": 8
          }
        ]
      },
      {
        "insertions": 19,
        "deletions": 11,
        "date": "2020-02-20",
        "commitResults": [
          {
            "hash": "30b5a8f0fcfd87af9a743b6d94323e6de6c66abc",
            "messageTitle": "updated user-guide in readme.md",
            "messageBody": "",
            "tags": [
              "A-UserGuide"
            ],
            "insertions": 19,
            "deletions": 11
          }
        ]
      }
    ]
  },
  "authorFinalContributionMap": {
    "ray-97": 1080
  },
  "authorFileTypeContributionMap": {
    "ray-97": {
      "java": 857,
      "md": 19,
      "fxml": 51,
      "sh": 34,
      "bat": 21,
      "gradle": 37,
      "txt": 61
    }
  },
  "authorContributionVariance": {
    "ray-97": 11154.288
  },
  "authorDisplayNameMap": {
    "ray-97": "CS2103T-F11- 1 CAI ..CONG"
  }
}
