{
  "authorDailyContributionsMap": {
    "foochifa": [
      {
        "insertions": 14,
        "deletions": 1,
        "date": "2020-01-19",
        "commitResults": [
          {
            "hash": "3937924fc63e9631728fb8b905c7d5c432459234",
            "messageTitle": "Implemented Greet/Echo/Exit",
            "messageBody": "",
            "tags": [
              "Level-1"
            ],
            "insertions": 14,
            "deletions": 1
          }
        ]
      },
      {
        "insertions": 294,
        "deletions": 73,
        "date": "2020-01-21",
        "commitResults": [
          {
            "hash": "d96a1fd95d9272599635011a1a6962bdd3d8aac2",
            "messageTitle": "add Task.java",
            "messageBody": "",
            "insertions": 4,
            "deletions": 0
          },
          {
            "hash": "447785072fb9be90435ec4146a9aaa11770a8be3",
            "messageTitle": "Implemented a list of tasks",
            "messageBody": "",
            "insertions": 22,
            "deletions": 6
          },
          {
            "hash": "cf59d7a7a50c7582e944b6bdef8ab8209129ea48",
            "messageTitle": "Included linebreaks",
            "messageBody": "",
            "insertions": 7,
            "deletions": 0
          },
          {
            "hash": "7839cbc3ef064e01d46ca38b3644b7f9a8601958",
            "messageTitle": "Included \"list\" command",
            "messageBody": "",
            "tags": [
              "Level-2"
            ],
            "insertions": 8,
            "deletions": 4
          },
          {
            "hash": "d9b72ff12cfa58c2a86c9c67ba4367cbde042c10",
            "messageTitle": "Implemented boolean to mark tasks as done",
            "messageBody": "",
            "insertions": 8,
            "deletions": 2
          },
          {
            "hash": "65449c0b972f91cea8a4472172baa5a0be3d3444",
            "messageTitle": "Included marking as done in the main method",
            "messageBody": "",
            "tags": [
              "Level-3"
            ],
            "insertions": 9,
            "deletions": 0
          },
          {
            "hash": "ade757e4a2a61f561310ea77d30200a0d112bfc9",
            "messageTitle": "Implemented access modifiers and get/set methods",
            "messageBody": "",
            "insertions": 16,
            "deletions": 3
          },
          {
            "hash": "47e363cbbf11a9c606bbd23616b81029526ba7ea",
            "messageTitle": "add Todo.java, Event.java, Deadline.java",
            "messageBody": "",
            "insertions": 19,
            "deletions": 0
          },
          {
            "hash": "e9d2e2ce921e75e4d5a61861a80f186a8d39bf13",
            "messageTitle": "modified Deadline and Event class to handle dates",
            "messageBody": "",
            "insertions": 24,
            "deletions": 4
          },
          {
            "hash": "e52fa1fceb500bbdcbdae8e94aa7b8647c5dec7f",
            "messageTitle": "add Command.java",
            "messageBody": "",
            "tags": [
              "A-Enums"
            ],
            "insertions": 7,
            "deletions": 0
          },
          {
            "hash": "c6c27518bafae84e3f450d5a099a76c324975b94",
            "messageTitle": "implemented lookup string method",
            "messageBody": "",
            "insertions": 5,
            "deletions": 5
          },
          {
            "hash": "be7be46dddd80d38526366fd0f6f5d6e9a847c96",
            "messageTitle": "implemented read command method",
            "messageBody": "",
            "insertions": 43,
            "deletions": 20
          },
          {
            "hash": "30ff6a29d4e9219107241b941895cfd21ddceda1",
            "messageTitle": "fixed read command method",
            "messageBody": "",
            "insertions": 19,
            "deletions": 7
          },
          {
            "hash": "0f6d4328ed505121a3ca63822d9aaffd7f6e1973",
            "messageTitle": "fixed printing of case Event/Deadline",
            "messageBody": "",
            "tags": [
              "Level-4"
            ],
            "insertions": 2,
            "deletions": 2
          },
          {
            "hash": "bec157a41245a64840e7d16469d950820d9e6fbf",
            "messageTitle": "add Automated Text UI Testing",
            "messageBody": "",
            "tags": [
              "A-TextUiTesting"
            ],
            "insertions": 44,
            "deletions": 0
          },
          {
            "hash": "9261efd47c9cca15c17f3ef8e7ee254868835dca",
            "messageTitle": "add DukeException.java, InvalidCommandException",
            "messageBody": "",
            "insertions": 10,
            "deletions": 0
          },
          {
            "hash": "c5b1243d962b210b095eb2851d71030d2edfb81c",
            "messageTitle": "modify lookup method to throw InvalidCommandException",
            "messageBody": "",
            "insertions": 6,
            "deletions": 2
          },
          {
            "hash": "6ab24e6afdf8378948df309d00aee08517dbfb7d",
            "messageTitle": "include exception handling for invalid commands",
            "messageBody": "",
            "insertions": 13,
            "deletions": 7
          },
          {
            "hash": "cbddad444fb2950e515f7a3cfae8a3aba1ccbd24",
            "messageTitle": "add DukeDescriptionException.java",
            "messageBody": "",
            "insertions": 5,
            "deletions": 0
          },
          {
            "hash": "8d8f612e6454fe1dc06f26a82826429935b161c1",
            "messageTitle": "include exception handling for missing description",
            "messageBody": "",
            "insertions": 8,
            "deletions": 4
          },
          {
            "hash": "9c8ff99df55a1f8aac26d4396f7de28657c40c8a",
            "messageTitle": "include delete command",
            "messageBody": "",
            "insertions": 1,
            "deletions": 1
          },
          {
            "hash": "e54ebddcbd228968fb543c577385886cc534547d",
            "messageTitle": "implemented deletion in readcommand",
            "messageBody": "",
            "tags": [
              "Level-6"
            ],
            "insertions": 14,
            "deletions": 6
          }
        ]
      },
      {
        "insertions": 1,
        "deletions": 8,
        "date": "2020-01-23",
        "commitResults": [
          {
            "hash": "102508ef387bb6141ab41e3fe8e7de816957075c",
            "messageTitle": "removed toString method in Task",
            "messageBody": "",
            "insertions": 1,
            "deletions": 8
          }
        ]
      },
      {
        "insertions": 187,
        "deletions": 29,
        "date": "2020-01-24",
        "commitResults": [
          {
            "hash": "5b3530bb3843713266cdc4a148f9f79ba10c4bf3",
            "messageTitle": "add BadDescriptionException.java",
            "messageBody": "",
            "insertions": 5,
            "deletions": 0
          },
          {
            "hash": "8baeebb0cfa0155280bd50f9afaf75059556f0a6",
            "messageTitle": "modify done and delete case to handle bad inputs",
            "messageBody": "",
            "tags": [
              "Level-5"
            ],
            "insertions": 29,
            "deletions": 11
          },
          {
            "hash": "24a25e00723c3f9038595dd4de282b7f1edde380",
            "messageTitle": "add TType.java, Storage.java",
            "messageBody": "",
            "insertions": 81,
            "deletions": 0
          },
          {
            "hash": "cd206d9fc704c6902aada3fb8c51264098585ef1",
            "messageTitle": "modified Task into abstract class with abstract method getType and getDate",
            "messageBody": "",
            "insertions": 11,
            "deletions": 2
          },
          {
            "hash": "52b64a84f55502ca4b9dae1e2fe50df7e449406a",
            "messageTitle": "implement abstract method getType and getDate",
            "messageBody": "",
            "insertions": 39,
            "deletions": 0
          },
          {
            "hash": "959f80596f47ce566b2e20e2d733dfc46d56e02e",
            "messageTitle": "modified with storage file to read hard disk and save list changes",
            "messageBody": "",
            "insertions": 8,
            "deletions": 2
          },
          {
            "hash": "88171eb458b23e586bf7ed09e26bff0e0aa3ddee",
            "messageTitle": "remove test print",
            "messageBody": "",
            "insertions": 0,
            "deletions": 2
          },
          {
            "hash": "414403656b4eaa5417766c2a69728fae5ffcc181",
            "messageTitle": "remove redundant code in constructor",
            "messageBody": "",
            "insertions": 0,
            "deletions": 9
          },
          {
            "hash": "591aa04e97630c424e202c9a09e645b78e5fffae",
            "messageTitle": "enabled cross-platform filepath",
            "messageBody": "",
            "insertions": 3,
            "deletions": 1
          },
          {
            "hash": "ba46f51d882a7110dae41ee5e2b28df1489ae9be",
            "messageTitle": "implement create new file when data file is absent",
            "messageBody": "",
            "insertions": 6,
            "deletions": 1
          },
          {
            "hash": "d11568fc16e6368bbd0d7842b7544d240c3c80e7",
            "messageTitle": "change filewrite to update whenever task list changes",
            "messageBody": "",
            "insertions": 5,
            "deletions": 1
          }
        ]
      },
      {
        "insertions": 266,
        "deletions": 106,
        "date": "2020-01-25",
        "commitResults": [
          {
            "hash": "8adbcf12be9dacf953a0c3d089fb3d67a9be8440",
            "messageTitle": "add Parser.java",
            "messageBody": "",
            "insertions": 20,
            "deletions": 0
          },
          {
            "hash": "fb23d0fb779e36add30560108a2d0643b09171f4",
            "messageTitle": "implement LocalDate to store dates",
            "messageBody": "",
            "insertions": 16,
            "deletions": 8
          },
          {
            "hash": "69add0f6e2ee9bf19aac25c6f3f3ca2126519ed9",
            "messageTitle": "add Calender.java, BadDateException.java",
            "messageBody": "",
            "insertions": 31,
            "deletions": 0
          },
          {
            "hash": "f63d06216e943df037ebc2e8a0e47eefaa0f0db7",
            "messageTitle": "modify dateParser to throw BadDateException",
            "messageBody": "",
            "insertions": 2,
            "deletions": 4
          },
          {
            "hash": "f87b27f67217d80b69419dd0401dce120d295968",
            "messageTitle": "implement getDate in Task and subclasses",
            "messageBody": "",
            "insertions": 22,
            "deletions": 3
          },
          {
            "hash": "645e8ce679deab8f0d04c5a8fb8ea39bbb511244",
            "messageTitle": "implement new command search (date)",
            "messageBody": "",
            "insertions": 23,
            "deletions": 3
          },
          {
            "hash": "9ccedb899f289d151284955ab6c7448f3502fee8",
            "messageTitle": "modify storage and duke to allow date searching upon file load",
            "messageBody": "",
            "insertions": 5,
            "deletions": 3
          },
          {
            "hash": "f5d974aaf1ef246a4edd33fdcc3e7cc27f957e2c",
            "messageTitle": "add Task.java, Ui.java",
            "messageBody": "",
            "insertions": 18,
            "deletions": 0
          },
          {
            "hash": "2fe31eff81e4e2cbd331afde7925244a5b4b7cbf",
            "messageTitle": "implement new UI commands",
            "messageBody": "",
            "insertions": 29,
            "deletions": 7
          },
          {
            "hash": "2428689af4db9d3df115467c4692e1be0a41da61",
            "messageTitle": "Change searchdate to print found tasks",
            "messageBody": "",
            "insertions": 7,
            "deletions": 3
          },
          {
            "hash": "c68bf98e6b2d26c7ff6462f16a35c590d708f308",
            "messageTitle": "change lookup from Command to Parser",
            "messageBody": "",
            "insertions": 8,
            "deletions": 10
          },
          {
            "hash": "62161e8a660747bde021c7fe663a120574e78e9b",
            "messageTitle": "implement new getters in Tasklist",
            "messageBody": "",
            "insertions": 31,
            "deletions": 1
          },
          {
            "hash": "45ea016a68b4237869969bfdf28c0d418c7c345b",
            "messageTitle": "modify printFile to accept Calender parameter to add task into calender",
            "messageBody": "",
            "insertions": 4,
            "deletions": 4
          },
          {
            "hash": "82aa3362eb0515f41c41bda5de628d680573994f",
            "messageTitle": "adjusted to include more OOP",
            "messageBody": "",
            "tags": [
              "A-MoreOOP"
            ],
            "insertions": 50,
            "deletions": 60
          }
        ]
      },
      {
        "insertions": 232,
        "deletions": 142,
        "date": "2020-01-26",
        "commitResults": [
          {
            "hash": "78447eb7044ff6dae39c12d427d9ca9d8ee3646f",
            "messageTitle": "rename Duke.java to Main.java",
            "messageBody": "",
            "insertions": 3,
            "deletions": 3
          },
          {
            "hash": "ba55424422d36ddfec15f82048df656255fe31f9",
            "messageTitle": "organised files and folders",
            "messageBody": "",
            "insertions": 4,
            "deletions": 0
          },
          {
            "hash": "c8ca8fcc3ebb8c205dc6c0b69e5aa67ed50769aa",
            "messageTitle": "packaged all classes",
            "messageBody": "",
            "insertions": 71,
            "deletions": 2
          },
          {
            "hash": "47f099d71dce2d3e3fd4f783cbe0f9e4327f9499",
            "messageTitle": "fix delete case to also delete from calender",
            "messageBody": "",
            "insertions": 8,
            "deletions": 0
          },
          {
            "hash": "721d3653d4d4cdec1285e512f4b2719e1a41788a",
            "messageTitle": "remove id variable from tasks",
            "messageBody": "",
            "insertions": 15,
            "deletions": 20
          },
          {
            "hash": "554fdff265887a75a40c2becf12e075cfa9be514",
            "messageTitle": "change TaskList printFile to print array index",
            "messageBody": "",
            "insertions": 2,
            "deletions": 2
          },
          {
            "hash": "a04edec3b3d3c62d987cfe05c04556f1ba4fa282",
            "messageTitle": "remove dependencies on id variable in tasks",
            "messageBody": "",
            "insertions": 6,
            "deletions": 9
          },
          {
            "hash": "f31fc0e188c395622b703f02fd85a2ba982846f7",
            "messageTitle": "refractor files to src/main/java/duke",
            "messageBody": "",
            "insertions": 47,
            "deletions": 47
          },
          {
            "hash": "88ec9280984cb5ce67b20c224342d61cfd8bb2b1",
            "messageTitle": "rename Main.java back to Duke.java",
            "messageBody": "",
            "insertions": 3,
            "deletions": 3
          },
          {
            "hash": "7f44e76b508fc352af26d863ffd2c4dc8211cf02",
            "messageTitle": "change InvalidCommand case to flush out all invalid commands to prevent repetition",
            "messageBody": "",
            "insertions": 1,
            "deletions": 0
          },
          {
            "hash": "74c6fcb32ae79ec415d9baa86b19aaeff3f8854b",
            "messageTitle": "refractor source file from src to java to follow project conventions",
            "messageBody": "",
            "tags": [
              "A-Packages"
            ],
            "insertions": 47,
            "deletions": 47
          },
          {
            "hash": "8e6c97a66bbba1cc8e586c05f5d43abb0b397c75",
            "messageTitle": "implement handling of BadDescriptionException for missing \u0027/\u0027 in event and deadline cases",
            "messageBody": "",
            "insertions": 25,
            "deletions": 9
          }
        ]
      },
      {
        "insertions": 410,
        "deletions": 191,
        "date": "2020-01-27",
        "commitResults": [
          {
            "hash": "0b01b638818723e319487f696cdee3f85b204ce8",
            "messageTitle": "fix IOException of createNewFile when data directory does not exists",
            "messageBody": "",
            "insertions": 1,
            "deletions": 0
          },
          {
            "hash": "3dba7910bc233981bf359e5a1b64660e9730b7cc",
            "messageTitle": "implement removeTask method in Calender.java",
            "messageBody": "",
            "insertions": 10,
            "deletions": 0
          },
          {
            "hash": "8f454c38aca7ce1f627ac88f9d56e5cfc35f0f98",
            "messageTitle": "modified removeTask",
            "messageBody": "",
            "insertions": 3,
            "deletions": 3
          },
          {
            "hash": "bf7e37f905d8e4d6a8fca57f716cf2aad8a7a890",
            "messageTitle": "resolve compile error",
            "messageBody": "",
            "insertions": 0,
            "deletions": 7
          },
          {
            "hash": "162a688e570d45a9132cf51fbea7dba3c2fcab6d",
            "messageTitle": "resolve compile error from merge",
            "messageBody": "",
            "tags": [
              "Level-8"
            ],
            "insertions": 1,
            "deletions": 1
          },
          {
            "hash": "e822fc0666747fe537cffbb095ef33c6fb776db1",
            "messageTitle": "add JUnit testing on Parser and Storage class",
            "messageBody": "",
            "tags": [
              "A-JUnit"
            ],
            "insertions": 71,
            "deletions": 0
          },
          {
            "hash": "f9e0c42dda3c49081bb0d29a5a9bae8c71e2e531",
            "messageTitle": "Corrected naming style",
            "messageBody": "",
            "insertions": 161,
            "deletions": 161
          },
          {
            "hash": "3a581d45b5e3ab86447b445c3267ac425e1b6abd",
            "messageTitle": "Corrected conditionals bracing and indentation",
            "messageBody": "",
            "insertions": 36,
            "deletions": 19
          },
          {
            "hash": "e4ddef09f310d6a900c351e2ffbad2e060db0fac",
            "messageTitle": "Added javadoc comments to all Exception classes",
            "messageBody": "",
            "insertions": 19,
            "deletions": 0
          },
          {
            "hash": "6e6472e7e5227d08fcee1cdd2f706b469f8ca39a",
            "messageTitle": "Added javadoc comment to all Data structure classes",
            "messageBody": "",
            "insertions": 50,
            "deletions": 0
          },
          {
            "hash": "e86a3e03e42130cf5d386adba1f5ada9986807b6",
            "messageTitle": "Added javadoc comments to Parser.java, Storage.java, Ui.java",
            "messageBody": "",
            "insertions": 52,
            "deletions": 0
          },
          {
            "hash": "1735dc5bad590725ca22692765270a3233231c24",
            "messageTitle": "Added javadoc comments to all enum classes",
            "messageBody": "",
            "insertions": 6,
            "deletions": 0
          }
        ]
      },
      {
        "insertions": 236,
        "deletions": 96,
        "date": "2020-01-28",
        "commitResults": [
          {
            "hash": "0840ab333b005516ceb873c0cd42cbf74b914b9e",
            "messageTitle": "Added javadoc comments to all tasks classes",
            "messageBody": "",
            "insertions": 97,
            "deletions": 1
          },
          {
            "hash": "2f885559b5271f0603bdad9b1d724422619baa28",
            "messageTitle": "Added javadoc comments to Duke.java",
            "messageBody": "",
            "insertions": 25,
            "deletions": 0
          },
          {
            "hash": "a5b78277ed2170a46cc0b79e41294a5349fa0090",
            "messageTitle": "Implemented new command: Find",
            "messageBody": "",
            "insertions": 114,
            "deletions": 95
          }
        ]
      },
      {
        "insertions": 222,
        "deletions": 152,
        "date": "2020-02-02",
        "commitResults": [
          {
            "hash": "5c406a771b8f7815c625a6ffb00c5c7972e62d65",
            "messageTitle": "Added Varargs functionality to find method",
            "messageBody": "",
            "insertions": 14,
            "deletions": 3
          },
          {
            "hash": "13c75604fb0437e131e531ab1ad7932bd49039bf",
            "messageTitle": "Change Find command to take in more than one argument",
            "messageBody": "",
            "insertions": 1,
            "deletions": 1
          },
          {
            "hash": "be2793bc37cc506874d97cf2d53c8fdadd8c57b7",
            "messageTitle": "Change readCommand method from Duke to Parser",
            "messageBody": "",
            "insertions": 156,
            "deletions": 128
          },
          {
            "hash": "e1fe7bcba476e9919631ead2a5b5437e53db5254",
            "messageTitle": "Added Gradle support to project",
            "messageBody": "",
            "tags": [
              "A-Gradle"
            ],
            "insertions": 17,
            "deletions": 3
          },
          {
            "hash": "d259b7df2e36eff5caf23fb0691cce07c42f59aa",
            "messageTitle": "Added checkStyle in gradle",
            "messageBody": "",
            "tags": [
              "A-CheckStyle"
            ],
            "insertions": 5,
            "deletions": 0
          },
          {
            "hash": "8db8725823aba130fa753a28c0858a34e1bb9c34",
            "messageTitle": "Added JUnit testing on gradle",
            "messageBody": "",
            "insertions": 8,
            "deletions": 0
          },
          {
            "hash": "4ec2623a4cb6534417a81d0448610a1a0f7d6b21",
            "messageTitle": "Remove dummy test",
            "messageBody": "",
            "insertions": 0,
            "deletions": 12
          },
          {
            "hash": "4ea27267d2f3db81344630b3fdbf0cd622b18c20",
            "messageTitle": "Remove redundant imports",
            "messageBody": "",
            "insertions": 0,
            "deletions": 5
          },
          {
            "hash": "5c6d51cf9f453c97a11365d3228c5a4bbd184557",
            "messageTitle": "Added javafx to DukeProject",
            "messageBody": "",
            "insertions": 21,
            "deletions": 0
          }
        ]
      },
      {
        "insertions": 282,
        "deletions": 84,
        "date": "2020-02-03",
        "commitResults": [
          {
            "hash": "d0db455390d941f9b9a8a65fce671348c4b84529",
            "messageTitle": "Changed main working folder from duke to dukeproj",
            "messageBody": "To prevent conflict from Gradle\n",
            "insertions": 228,
            "deletions": 77
          },
          {
            "hash": "831187d8c08ca37f6d333ab5fd828ba9254b43fa",
            "messageTitle": "Changes made by gradle",
            "messageBody": "",
            "insertions": 7,
            "deletions": 7
          },
          {
            "hash": "951368cfa41ccbe771b1609e29846a9808c5040b",
            "messageTitle": "Add DialogBox.java",
            "messageBody": "",
            "insertions": 47,
            "deletions": 0
          }
        ]
      },
      {
        "insertions": 693,
        "deletions": 217,
        "date": "2020-02-04",
        "commitResults": [
          {
            "hash": "74139aea57293f5bf8b96a4d34b968922b4e6cb8",
            "messageTitle": "Added new getResponse method to handle GUI inputs",
            "messageBody": "",
            "insertions": 28,
            "deletions": 7
          },
          {
            "hash": "fa88275512df5fcb729fd4c4faf3da03f197c503",
            "messageTitle": "Added new getCommandResponse method to handle GUI response",
            "messageBody": "",
            "insertions": 28,
            "deletions": 6
          },
          {
            "hash": "cfff4ffa2472b13cfcda0a06a655c6691ce175d2",
            "messageTitle": "Changed Command.java to CommandType.java",
            "messageBody": "",
            "insertions": 1,
            "deletions": 1
          },
          {
            "hash": "1579087b8515edd84fa4a96e427ddbbcb220922b",
            "messageTitle": "Add SayType.java, GuiApp.java",
            "messageBody": "",
            "insertions": 115,
            "deletions": 0
          },
          {
            "hash": "988b25ffbf6638211f9290444200bc92a421ffed",
            "messageTitle": "Added new say method to response to user input",
            "messageBody": "",
            "insertions": 39,
            "deletions": 107
          },
          {
            "hash": "f5801eedeb33be553a6a4df138874e4dd0bca879",
            "messageTitle": "Change main method to run either GUI or command line duke",
            "messageBody": "",
            "insertions": 7,
            "deletions": 4
          },
          {
            "hash": "52e70166e19ded506b8d82c372990aa2541dd8a6",
            "messageTitle": "Added additional lines to say method",
            "messageBody": "",
            "insertions": 7,
            "deletions": 17
          },
          {
            "hash": "904fb86d9cf269228706e8cbe6d98505ca620acf",
            "messageTitle": "Change searchDate to return String instead of void",
            "messageBody": "",
            "insertions": 6,
            "deletions": 3
          },
          {
            "hash": "215b6a29430e71eb172bc993d5a42f7d7f55fde5",
            "messageTitle": "Added toString method in TaskList",
            "messageBody": "",
            "insertions": 11,
            "deletions": 0
          },
          {
            "hash": "64a9793aeb6f6656db8ea03c6eb8557bf8960b88",
            "messageTitle": "Implemented getCommandResponse method fully",
            "messageBody": "",
            "insertions": 21,
            "deletions": 5
          },
          {
            "hash": "05000a4270a1ca3b94a52f9fea77020b26199ce6",
            "messageTitle": "Added closeApp and dukeSay methods",
            "messageBody": "",
            "insertions": 19,
            "deletions": 0
          },
          {
            "hash": "d381957ffcb9af63ba95c504f544a66808fa8a9f",
            "messageTitle": "Add Command.java, AddComman.java, DoneCommand.java, DeleteCommand.java, DoneCommand.java, FindCommand.java, ListCommand.java, SearchCommand.java",
            "messageBody": "",
            "insertions": 259,
            "deletions": 0
          },
          {
            "hash": "d06aac70612383c75ff2c3b80eeeda56cff075d6",
            "messageTitle": "Revised execute methods to return accurate output",
            "messageBody": "",
            "insertions": 4,
            "deletions": 10
          },
          {
            "hash": "1ed78cb4d55227d95b6e5669bc6f7983654bb587",
            "messageTitle": "Added check for empty description in getResponse method",
            "messageBody": "",
            "insertions": 21,
            "deletions": 5
          },
          {
            "hash": "c785323412b7a3436d455f95744fe9f6aeb6ffe2",
            "messageTitle": "Change lineBreak size to fit into GUI",
            "messageBody": "",
            "insertions": 1,
            "deletions": 1
          },
          {
            "hash": "dbcfcefdb704b953334e5f4b4abd6e9e3a6023e7",
            "messageTitle": "Added body in constructor",
            "messageBody": "",
            "insertions": 4,
            "deletions": 1
          },
          {
            "hash": "20c23b9deb5ae7edc80348d4a5fcdb328ede2894",
            "messageTitle": "Added duke response to start and close of GUI",
            "messageBody": "",
            "insertions": 5,
            "deletions": 1
          },
          {
            "hash": "e632284afbf21ea8cd8fb978f95ba816c78c42d9",
            "messageTitle": "Change if-else to switch statement",
            "messageBody": "",
            "insertions": 10,
            "deletions": 3
          },
          {
            "hash": "18891ae8e9a157dc7fff086540f9ea6b283ffb60",
            "messageTitle": "Fixed bad if-case",
            "messageBody": "Originally will always return false.\n",
            "insertions": 1,
            "deletions": 1
          },
          {
            "hash": "ac22bb704aa519f96a98c659142e1abfb283896e",
            "messageTitle": "Added new command: BYE",
            "messageBody": "",
            "insertions": 1,
            "deletions": 1
          },
          {
            "hash": "53572cbdd97858e7bffdb4a2519a88376143fe92",
            "messageTitle": "Change introduction by Duke",
            "messageBody": "",
            "insertions": 1,
            "deletions": 1
          },
          {
            "hash": "2c917c59ed60c062a9606eff84ea512235a71cdd",
            "messageTitle": "Add ExitCommand.java",
            "messageBody": "",
            "insertions": 14,
            "deletions": 0
          },
          {
            "hash": "e307cb13cedae512c8e4d90c2ad8b211aa3b3b32",
            "messageTitle": "Added isExit method in command classes",
            "messageBody": "",
            "insertions": 8,
            "deletions": 0
          },
          {
            "hash": "3a8e6ea85fe9f2327630713c9c092ca6f9752433",
            "messageTitle": "Added Bye case into getCommand method",
            "messageBody": "",
            "insertions": 6,
            "deletions": 10
          },
          {
            "hash": "35128abd581ee51816a58126391aa542eb71d096",
            "messageTitle": "Separated getResponse method into getResponse and getCommandResponse methods",
            "messageBody": "",
            "insertions": 24,
            "deletions": 15
          },
          {
            "hash": "1d39c97bfc31a0eb037919ae42400fc966f90c0d",
            "messageTitle": "Fixed termination of GUI application",
            "messageBody": "",
            "insertions": 18,
            "deletions": 4
          },
          {
            "hash": "a1ca67363c674a557aab12c4bd1ab14e7021c421",
            "messageTitle": "Added javadoc comments to GUIApp.java",
            "messageBody": "",
            "insertions": 27,
            "deletions": 7
          },
          {
            "hash": "9b004850f203b88f8cbda5efc3cb5eb9dcc0c084",
            "messageTitle": "Fixed Command to CommandType in Test classes",
            "messageBody": "",
            "insertions": 3,
            "deletions": 3
          },
          {
            "hash": "c1ac490299d54fb50a09fab335cf8adb720aad5f",
            "messageTitle": "Gradle changes",
            "messageBody": "",
            "insertions": 4,
            "deletions": 4
          }
        ]
      },
      {
        "insertions": 241,
        "deletions": 26,
        "date": "2020-02-07",
        "commitResults": [
          {
            "hash": "32963ae41ffe49f27d74c8382e0975ccc606bb93",
            "messageTitle": "Fixed execute in FindCommand.java to return correct list",
            "messageBody": "",
            "insertions": 25,
            "deletions": 6
          },
          {
            "hash": "a64bbec13d10aaeb7b5e99507a35f989db69e5ca",
            "messageTitle": "Added javadoc comments to all Command classes",
            "messageBody": "",
            "insertions": 137,
            "deletions": 18
          },
          {
            "hash": "f8d99670f3c715d285b099a48eb5635de3001087",
            "messageTitle": "Improved javadoc comments",
            "messageBody": "",
            "insertions": 79,
            "deletions": 2
          }
        ]
      },
      {
        "insertions": 365,
        "deletions": 490,
        "date": "2020-02-11",
        "commitResults": [
          {
            "hash": "d5297dd2840483548e088dcf1ce96e6d2349e03a",
            "messageTitle": "Refactored Calender.java into Schedule.java",
            "messageBody": "",
            "tags": [
              "B-ViewSchedules"
            ],
            "insertions": 109,
            "deletions": 90
          },
          {
            "hash": "8fb39484923533c4e44df67b763840e555c535dc",
            "messageTitle": "Fixed checkstyle",
            "messageBody": "",
            "insertions": 77,
            "deletions": 38
          },
          {
            "hash": "98faee083a28a2565c11d9314efcd7265f4c9667",
            "messageTitle": "Add HelpCommand.java",
            "messageBody": "",
            "insertions": 25,
            "deletions": 0
          },
          {
            "hash": "ad398035adf2f705b21a2dc27a93ab914aabe811",
            "messageTitle": "Implemented support for Help command",
            "messageBody": "",
            "tags": [
              "C-Help"
            ],
            "insertions": 28,
            "deletions": 12
          },
          {
            "hash": "3d14c686d5137e80c5c955537dc29e490a427d44",
            "messageTitle": "Used default branch",
            "messageBody": "",
            "insertions": 10,
            "deletions": 5
          },
          {
            "hash": "15786c810e58cb21ea3fc1dd1ca78cac8edd3e1e",
            "messageTitle": "Change removeTask handling of Todo tasks in Schedule",
            "messageBody": "",
            "insertions": 4,
            "deletions": 1
          },
          {
            "hash": "ab6144579aca8550d346243edcc58b7d9e271816",
            "messageTitle": "Improved readability of Storage class using abstraction",
            "messageBody": "",
            "insertions": 36,
            "deletions": 23
          },
          {
            "hash": "541be280e883d3ad2376d13a94a2ccb47a128336",
            "messageTitle": "Removed support for outdated text-based version of Duke",
            "messageBody": "",
            "insertions": 1,
            "deletions": 5
          },
          {
            "hash": "068e87efd8236fc79adbed4a8c3ac5cb75ffd021",
            "messageTitle": "Deleted dead code",
            "messageBody": "",
            "insertions": 7,
            "deletions": 219
          },
          {
            "hash": "cd2d548d49456f841806ceef81423f20820085b3",
            "messageTitle": "Improved code quality of AddCommand.java",
            "messageBody": "",
            "insertions": 20,
            "deletions": 33
          },
          {
            "hash": "81ee9391525ac5696efad372df584d046bf6f58d",
            "messageTitle": "Improved code quality for Storage.java",
            "messageBody": "",
            "insertions": 23,
            "deletions": 19
          },
          {
            "hash": "bc4582ded85241027bb09ecad6b1b836b9c62b3d",
            "messageTitle": "Improved code quality of GuiApp.java",
            "messageBody": "",
            "insertions": 19,
            "deletions": 16
          },
          {
            "hash": "b8a8a42a722b2358e3548b18d1a5ddda9a8b9e50",
            "messageTitle": "Added assertions and deleted dead code",
            "messageBody": "",
            "insertions": 2,
            "deletions": 21
          },
          {
            "hash": "70a59fedd8bbe83437a7cfc460b2a9b69e2621f6",
            "messageTitle": "Deleted dead code",
            "messageBody": "",
            "insertions": 0,
            "deletions": 5
          },
          {
            "hash": "2364bd7b4d1fa06d71f76ab6a47692298938bb0a",
            "messageTitle": "Added assertions in GuiApp.java",
            "messageBody": "",
            "insertions": 1,
            "deletions": 0
          },
          {
            "hash": "6465b84eab4f1057a62986dd23ccc396ea62fd45",
            "messageTitle": "Corrected comments",
            "messageBody": "",
            "insertions": 3,
            "deletions": 3
          }
        ]
      }
    ]
  },
  "authorFinalContributionMap": {
    "foochifa": 1834
  },
  "authorFileTypeContributionMap": {
    "foochifa": {
      "java": 1747,
      "md": 3,
      "fxml": 0,
      "sh": 0,
      "bat": 27,
      "gradle": 34,
      "txt": 23
    }
  },
  "authorContributionVariance": {
    "foochifa": 66093.445
  },
  "authorDisplayNameMap": {
    "foochifa": "CS2103T-F10- 2 FOO ..I FA"
  }
}
