{
  "authorDailyContributionsMap": {
    "FangShaoHua94": [
      {
        "insertions": 39,
        "deletions": 10,
        "date": "2020-01-19",
        "commitResults": [
          {
            "hash": "ff44468c3f5074d32a7c5cc8bba39dd96b679b60",
            "messageTitle": "Level-1",
            "messageBody": "",
            "insertions": 39,
            "deletions": 10
          }
        ]
      },
      {
        "insertions": 717,
        "deletions": 260,
        "date": "2020-01-20",
        "commitResults": [
          {
            "hash": "2e4d536cea547f6b31f9ef3114a43948ae11f5f2",
            "messageTitle": "Level-1",
            "messageBody": "",
            "tags": [
              "Level-1"
            ],
            "insertions": 41,
            "deletions": 9
          },
          {
            "hash": "330b0a6e42585612119137f0a59c408bce93f03c",
            "messageTitle": "Level-2",
            "messageBody": "",
            "tags": [
              "Level-2"
            ],
            "insertions": 52,
            "deletions": 2
          },
          {
            "hash": "d049237fc4e8a299af36de5530a44b984e22149e",
            "messageTitle": "Level-3",
            "messageBody": "",
            "tags": [
              "Level-3"
            ],
            "insertions": 230,
            "deletions": 27
          },
          {
            "hash": "493bf7fa182c8ec53c035ee0e0e590866df947c5",
            "messageTitle": "Level-4",
            "messageBody": "",
            "tags": [
              "Level-4"
            ],
            "insertions": 141,
            "deletions": 35
          },
          {
            "hash": "a4a229911b95ed77a3aee0d176f5b76c51158c6d",
            "messageTitle": "A-TextUiTesting",
            "messageBody": "",
            "tags": [
              "A-TextUiTesting"
            ],
            "insertions": 21,
            "deletions": 0
          },
          {
            "hash": "da482b49cb851a4597c36225b9ac1bc9d4a74535",
            "messageTitle": "Level-5",
            "messageBody": "",
            "tags": [
              "Level-5"
            ],
            "insertions": 87,
            "deletions": 80
          },
          {
            "hash": "3e438dad9296c1d677217536c76c55ac111c2168",
            "messageTitle": "Level-6",
            "messageBody": "",
            "tags": [
              "Level-6"
            ],
            "insertions": 51,
            "deletions": 14
          },
          {
            "hash": "37ff2d486b7b072f58dad016da98f81911b19b57",
            "messageTitle": "Level-7",
            "messageBody": "",
            "tags": [
              "A-Enum"
            ],
            "insertions": 67,
            "deletions": 26
          },
          {
            "hash": "3a1272c974a07d844cca5c0a5fa46309a1b87b30",
            "messageTitle": "Revert \"Level-7\"",
            "messageBody": "This reverts commit 37ff2d486b7b072f58dad016da98f81911b19b57.\n",
            "insertions": 26,
            "deletions": 67
          },
          {
            "hash": "28a47857b4d1406f8ae5acfa3056a16db2f3dc37",
            "messageTitle": "A-Enums",
            "messageBody": "",
            "tags": [
              "A-Enums"
            ],
            "insertions": 1,
            "deletions": 0
          }
        ]
      },
      {
        "insertions": 831,
        "deletions": 515,
        "date": "2020-01-23",
        "commitResults": [
          {
            "hash": "e79645005690674bcecca38514a0f4e344a68513",
            "messageTitle": "added save",
            "messageBody": "",
            "insertions": 0,
            "deletions": 515
          },
          {
            "hash": "b1d6a278a73522bedf28877076e8fd7e4021b519",
            "messageTitle": "added save",
            "messageBody": "",
            "insertions": 828,
            "deletions": 0
          },
          {
            "hash": "b048f6ce215e4894fbd469334c57780f7f04b67d",
            "messageTitle": "nothing added",
            "messageBody": "",
            "tags": [
              "A-MoreOOP"
            ],
            "insertions": 1,
            "deletions": 0
          },
          {
            "hash": "13dc44b5a128895bc302d37a186dc764580a5ef3",
            "messageTitle": "nothing added 2",
            "messageBody": "",
            "insertions": 1,
            "deletions": 0
          },
          {
            "hash": "7c6ba43070b74cd160292849cc770744ff156abd",
            "messageTitle": "nothing added 3",
            "messageBody": "",
            "insertions": 1,
            "deletions": 0
          }
        ]
      },
      {
        "insertions": 163,
        "deletions": 29,
        "date": "2020-01-25",
        "commitResults": [
          {
            "hash": "15db3080b5d2c79b6df010a21779e120bf15bdc7",
            "messageTitle": "Level-8",
            "messageBody": "",
            "tags": [
              "Level-8"
            ],
            "insertions": 58,
            "deletions": 10
          },
          {
            "hash": "dff32832deb6508e0ff09b98f79a8728d3909c0d",
            "messageTitle": "packaged",
            "messageBody": "",
            "tags": [
              "A-Packages"
            ],
            "insertions": 105,
            "deletions": 19
          }
        ]
      },
      {
        "insertions": 649,
        "deletions": 271,
        "date": "2020-01-27",
        "commitResults": [
          {
            "hash": "d59846afa4e7f77e203cec5d5c48147639658d5d",
            "messageTitle": "update on run test",
            "messageBody": "",
            "insertions": 10,
            "deletions": 3
          },
          {
            "hash": "b0bd44e2be182d2f2fbc1fa9da8d96de177a21ce",
            "messageTitle": "undo the package naming",
            "messageBody": "",
            "tags": [
              "Level-7"
            ],
            "insertions": 77,
            "deletions": 78
          },
          {
            "hash": "f8f3afa1f1bd9bab2032c7bad672c7aa281e2502",
            "messageTitle": "clean up package names",
            "messageBody": "",
            "insertions": 116,
            "deletions": 106
          },
          {
            "hash": "3a7e4d009e333f9c4dcd6ef1870fd78ff6848f9a",
            "messageTitle": "A-JUnit",
            "messageBody": "",
            "tags": [
              "v0.1",
              "A-JUnit"
            ],
            "insertions": 58,
            "deletions": 80
          },
          {
            "hash": "1b882371de502c94d4793daa8b9b14ca9032eacf",
            "messageTitle": "A-JavaDoc",
            "messageBody": "",
            "insertions": 388,
            "deletions": 4
          }
        ]
      },
      {
        "insertions": 858,
        "deletions": 607,
        "date": "2020-01-28",
        "commitResults": [
          {
            "hash": "d285d9a13980071a0f086f7b61fc048d8d38415c",
            "messageTitle": "add find keyword command",
            "messageBody": "",
            "insertions": 81,
            "deletions": 3
          },
          {
            "hash": "51e2c8d1869f2c19ccb00fbfd2013c97075e2755",
            "messageTitle": "A-JavaDoc",
            "messageBody": "",
            "tags": [
              "A-JavaDoc",
              "A-CodingStandard"
            ],
            "insertions": 388,
            "deletions": 4
          },
          {
            "hash": "32fba52beb6ed9fbfa25cbcb74eb7a5c2134e450",
            "messageTitle": "nothing added",
            "messageBody": "",
            "insertions": 1,
            "deletions": 0
          },
          {
            "hash": "87892e6194fff022cc8b5b50a375ffb25bdf0971",
            "messageTitle": "reverse commit from A-JavaDoc",
            "messageBody": "",
            "insertions": 5,
            "deletions": 436
          },
          {
            "hash": "46a83e893d05079ab803788bcf288173d0ca31bc",
            "messageTitle": "nothing added",
            "messageBody": "",
            "insertions": 1,
            "deletions": 0
          },
          {
            "hash": "32dc40308134509949caa939119cf3045c6c6d75",
            "messageTitle": "added find",
            "messageBody": "",
            "insertions": 241,
            "deletions": 4
          },
          {
            "hash": "2500f2d272bf6140c29ef30cea1e27046c6e69b8",
            "messageTitle": "added find",
            "messageBody": "",
            "tags": [
              "Level-9"
            ],
            "insertions": 37,
            "deletions": 62
          },
          {
            "hash": "efe30af8d7703969e0456966070411663ef71378",
            "messageTitle": "update on coding standard",
            "messageBody": "",
            "tags": [
              "A-Varargs"
            ],
            "insertions": 104,
            "deletions": 98
          }
        ]
      },
      {
        "insertions": 388,
        "deletions": 281,
        "date": "2020-01-30",
        "commitResults": [
          {
            "hash": "962828afc9c4df6392f1dbc747d820dba13ab219",
            "messageTitle": "changes the saving format of the data using Gson.",
            "messageBody": "",
            "insertions": 181,
            "deletions": 201
          },
          {
            "hash": "bc048ea67933dc34282f3395a40e6c5e9bb28e94",
            "messageTitle": "model only handles task instead of string",
            "messageBody": "",
            "insertions": 76,
            "deletions": 71
          },
          {
            "hash": "05c4bbb8bbcd775575bb3645b5934353416caa1a",
            "messageTitle": "added gson to dependencies of gradle",
            "messageBody": "",
            "tags": [
              "A-CheckStyle"
            ],
            "insertions": 27,
            "deletions": 2
          },
          {
            "hash": "959d92f9c68f7cb142287ac7f4c59e1c0d1a9348",
            "messageTitle": "remove module on test, and added javafx tut part 1",
            "messageBody": "",
            "insertions": 44,
            "deletions": 1
          },
          {
            "hash": "82126c1c775bd1a7b1008acd003de231d748db89",
            "messageTitle": "added javafx tut part 2",
            "messageBody": "",
            "insertions": 60,
            "deletions": 6
          }
        ]
      },
      {
        "insertions": 296,
        "deletions": 165,
        "date": "2020-01-31",
        "commitResults": [
          {
            "hash": "95b4cd7557cd14e0926c380ed153972f9c48e137",
            "messageTitle": "added javafx tut part 3",
            "messageBody": "",
            "insertions": 118,
            "deletions": 0
          },
          {
            "hash": "17a5460ba088ea6345eb08d3b29bd14e62c10c86",
            "messageTitle": "added javafx tut part 4",
            "messageBody": "",
            "tags": [
              "Level-10"
            ],
            "insertions": 178,
            "deletions": 165
          }
        ]
      },
      {
        "insertions": 384,
        "deletions": 277,
        "date": "2020-02-03",
        "commitResults": [
          {
            "hash": "f23b5fb4c7f3c60bfa6c761dc384f9a18f222bc0",
            "messageTitle": "resolve issue on coding style",
            "messageBody": "",
            "insertions": 360,
            "deletions": 252
          },
          {
            "hash": "153e230802c812eabf1970ab6c6f8c05fc5d813f",
            "messageTitle": "link the duke with javaFx",
            "messageBody": "(cherry picked from commit 7b85135142cee28c16867726fa6636de717d47df)\n",
            "insertions": 24,
            "deletions": 25
          }
        ]
      },
      {
        "insertions": 5,
        "deletions": 5,
        "date": "2020-02-05",
        "commitResults": [
          {
            "hash": "e367b5f9a2d249c8b4ff5c250fc9d62bae27aefb",
            "messageTitle": "add gui auto resize",
            "messageBody": "",
            "tags": [
              "A-Lambdas"
            ],
            "insertions": 5,
            "deletions": 5
          }
        ]
      },
      {
        "insertions": 146,
        "deletions": 41,
        "date": "2020-02-06",
        "commitResults": [
          {
            "hash": "28a987b290a3aa565965d4ea5d23c6320e163bfe",
            "messageTitle": "test out jar file",
            "messageBody": "",
            "tags": [
              "A-Streams"
            ],
            "insertions": 10,
            "deletions": 21
          },
          {
            "hash": "c4fde4fe64a61b6b55c3f1581af5763c28d3d8b3",
            "messageTitle": "fix shadow jar unable to execute",
            "messageBody": "",
            "tags": [
              "A-CodeQuality"
            ],
            "insertions": 2,
            "deletions": 2
          },
          {
            "hash": "02e2b3581328ee977865e06f9fc5b0c6935377dc",
            "messageTitle": "add assert",
            "messageBody": "",
            "tags": [
              "A-Assertions"
            ],
            "insertions": 2,
            "deletions": 1
          },
          {
            "hash": "3a8890018ba37ef25757e814efb7e5109e90366c",
            "messageTitle": "add recurring task and enable close in GUI",
            "messageBody": "",
            "insertions": 132,
            "deletions": 17
          }
        ]
      },
      {
        "insertions": 22,
        "deletions": 21,
        "date": "2020-02-08",
        "commitResults": [
          {
            "hash": "1bcb59b7ce905c6630d6f29bc074c00a50f43899",
            "messageTitle": "improve coding style",
            "messageBody": "",
            "insertions": 22,
            "deletions": 21
          }
        ]
      }
    ]
  },
  "authorFinalContributionMap": {
    "FangShaoHua94": 1817
  },
  "authorFileTypeContributionMap": {
    "FangShaoHua94": {
      "java": 1709,
      "md": 2,
      "fxml": 35,
      "sh": 0,
      "bat": 21,
      "gradle": 41,
      "txt": 9
    }
  },
  "authorContributionVariance": {
    "FangShaoHua94": 189911.0
  },
  "authorDisplayNameMap": {
    "FangShaoHua94": "CS2103-W14- 2 FANG..OHUA"
  }
}
