{
  "authorDailyContributionsMap": {
    "souwmyaa": [
      {
        "insertions": 35,
        "deletions": 8,
        "date": "2020-01-22",
        "commitResults": [
          {
            "hash": "8a5d3875e65dbead85f5d145f36924d09631a664",
            "messageTitle": "Week 2 Level 1",
            "messageBody": "",
            "tags": [
              "Level-1"
            ],
            "insertions": 16,
            "deletions": 2
          },
          {
            "hash": "3999f3123ff7081f57709e0bd6aedf74ec15ec26",
            "messageTitle": "Add greet, echo, exit feature",
            "messageBody": "",
            "insertions": 0,
            "deletions": 1
          },
          {
            "hash": "ebbc0eb1d8840d1664d10db91207ddd888769a33",
            "messageTitle": "Add list feature",
            "messageBody": "",
            "tags": [
              "Level-2"
            ],
            "insertions": 19,
            "deletions": 5
          }
        ]
      },
      {
        "insertions": 277,
        "deletions": 94,
        "date": "2020-01-23",
        "commitResults": [
          {
            "hash": "2d6c563f4a75a11919ad7c34ef6151f88e2933ca",
            "messageTitle": "Add mark-as-done feature",
            "messageBody": "",
            "tags": [
              "Level-3"
            ],
            "insertions": 102,
            "deletions": 24
          },
          {
            "hash": "2f1e71b86a1695d66d05d3018923d625eca30eaa",
            "messageTitle": "Add todos, events, deadlines feature",
            "messageBody": "",
            "tags": [
              "Level-4"
            ],
            "insertions": 104,
            "deletions": 36
          },
          {
            "hash": "4df08847d16926e7ee3386c8aa4869e571bfeff3",
            "messageTitle": "Add handle errors feature",
            "messageBody": "",
            "tags": [
              "Level-5"
            ],
            "insertions": 54,
            "deletions": 29
          },
          {
            "hash": "2b279c1db32d3ff539d1a302483759a4bf95dea6",
            "messageTitle": "Add delete feature",
            "messageBody": "",
            "tags": [
              "Level-6"
            ],
            "insertions": 17,
            "deletions": 5
          }
        ]
      },
      {
        "insertions": 314,
        "deletions": 72,
        "date": "2020-01-27",
        "commitResults": [
          {
            "hash": "eff76b9487780cba2f8c0e701860f5426fa0c518",
            "messageTitle": "Added automated text UI testing",
            "messageBody": "",
            "insertions": 113,
            "deletions": 0
          },
          {
            "hash": "7a960b7901dfe0076b0bdcc75c71471cf790a029",
            "messageTitle": "Added save list feature",
            "messageBody": "",
            "tags": [
              "Level-7"
            ],
            "insertions": 201,
            "deletions": 72
          }
        ]
      },
      {
        "insertions": 786,
        "deletions": 497,
        "date": "2020-01-28",
        "commitResults": [
          {
            "hash": "b42422a84ffb0a1b0ae8727158ef5ecac003440b",
            "messageTitle": "Added dates and times feature",
            "messageBody": "",
            "tags": [
              "Level-8"
            ],
            "insertions": 23,
            "deletions": 11
          },
          {
            "hash": "8cadc7ffba24e93d524441fd1da76c2cea77c430",
            "messageTitle": "Added more OOP",
            "messageBody": "",
            "tags": [
              "A-MoreOOP"
            ],
            "insertions": 317,
            "deletions": 161
          },
          {
            "hash": "1d47d8d93efdf7cb4703fcc31bd2140d7584580b",
            "messageTitle": "Add gradle support",
            "messageBody": "",
            "tags": [
              "A-Gradle"
            ],
            "insertions": 148,
            "deletions": 158
          },
          {
            "hash": "2b51a2eb7b7cc057784b688653814eee81f3107a",
            "messageTitle": "Add J-unit tests",
            "messageBody": "",
            "tags": [
              "v0.1",
              "A-JUnit"
            ],
            "insertions": 36,
            "deletions": 0
          },
          {
            "hash": "210beae25d992d727aea6c15272fd1fc1b21f6b5",
            "messageTitle": "Add JavaDoc comments",
            "messageBody": "",
            "tags": [
              "A-JavaDoc"
            ],
            "insertions": 206,
            "deletions": 154
          },
          {
            "hash": "6eb1a0baa29aaff22163877fc0ae9161194faeab",
            "messageTitle": "Comply to coding standard",
            "messageBody": "",
            "tags": [
              "A-CodingStandard"
            ],
            "insertions": 1,
            "deletions": 1
          },
          {
            "hash": "65b180e193037441da5fd6a04a61cce26df2510a",
            "messageTitle": "Add find feature",
            "messageBody": "",
            "tags": [
              "Level-9"
            ],
            "insertions": 39,
            "deletions": 10
          },
          {
            "hash": "9dd44c6bab7e7807f3ae06321eb1c3605ca10ff1",
            "messageTitle": "Branch Javadoc",
            "messageBody": "",
            "insertions": 16,
            "deletions": 2
          }
        ]
      },
      {
        "insertions": 1,
        "deletions": 1,
        "date": "2020-02-02",
        "commitResults": [
          {
            "hash": "995abc699ed7de36775cfc710a2890408b78c045",
            "messageTitle": "A-gradle",
            "messageBody": "",
            "insertions": 1,
            "deletions": 1
          }
        ]
      },
      {
        "insertions": 247,
        "deletions": 76,
        "date": "2020-02-03",
        "commitResults": [
          {
            "hash": "84e49c9d3e2733054f753fe4e44df0b8dfe063f5",
            "messageTitle": "Add basic GUI feature",
            "messageBody": "",
            "tags": [
              "A-JavaFX"
            ],
            "insertions": 247,
            "deletions": 76
          }
        ]
      },
      {
        "insertions": 112,
        "deletions": 83,
        "date": "2020-02-06",
        "commitResults": [
          {
            "hash": "f8adf29af9691f4fdafe64b10637d48311dc2d41",
            "messageTitle": "Add GUI advanced",
            "messageBody": "",
            "insertions": 112,
            "deletions": 83
          }
        ]
      }
    ]
  },
  "authorFinalContributionMap": {
    "souwmyaa": 960
  },
  "authorFileTypeContributionMap": {
    "souwmyaa": {
      "java": 781,
      "md": 0,
      "fxml": 41,
      "sh": 34,
      "bat": 0,
      "gradle": 18,
      "txt": 86
    }
  },
  "authorContributionVariance": {
    "souwmyaa": 72236.35
  },
  "authorDisplayNameMap": {
    "souwmyaa": "CS2103T-W16- 3 SOUW..HANN"
  }
}
