{
  "authorDailyContributionsMap": {
    "eclmist": [
      {
        "insertions": 399,
        "deletions": 66,
        "date": "2020-01-26",
        "commitResults": [
          {
            "hash": "b54bfdbe9a2599047542b4ab32b5407170d59705",
            "messageTitle": "Added IO handler for text printing",
            "messageBody": "",
            "insertions": 14,
            "deletions": 0
          },
          {
            "hash": "a3fdb7565155e355fc9feba2ac2fe0c6f2963ed2",
            "messageTitle": "Implemented greet, echo, and exit",
            "messageBody": "",
            "insertions": 54,
            "deletions": 11
          },
          {
            "hash": "fe03c5d1949092dff4998fcdcd035399df9ad8c6",
            "messageTitle": "Implemented add and list operations",
            "messageBody": "",
            "insertions": 32,
            "deletions": 9
          },
          {
            "hash": "734658288389d19482c0e7edf3bf8d807b59bc40",
            "messageTitle": "Fixed import statement order in Duke.java",
            "messageBody": "",
            "insertions": 3,
            "deletions": 3
          },
          {
            "hash": "9268649d376ad6486a00d683cef68cbba4d7bfb4",
            "messageTitle": "Added tasks and the ability to complete them",
            "messageBody": "",
            "insertions": 52,
            "deletions": 18
          },
          {
            "hash": "62d3d1d42f59e34fcfd8b74db21a72c7761a7a82",
            "messageTitle": "Added todos, events, and deadlines",
            "messageBody": "",
            "insertions": 97,
            "deletions": 16
          },
          {
            "hash": "46f4d7b58e1c853cc880f62b4834d91d672550fb",
            "messageTitle": "Added automatic text UI testing",
            "messageBody": "",
            "insertions": 104,
            "deletions": 0
          },
          {
            "hash": "59ed2713c5056da03e6a9781574dfa9097f19564",
            "messageTitle": "Added basic exception handling",
            "messageBody": "",
            "insertions": 26,
            "deletions": 6
          },
          {
            "hash": "98df58ece9a0b89b56eeeb47b68166f1a1b153ea",
            "messageTitle": "Added deletion",
            "messageBody": "",
            "insertions": 17,
            "deletions": 3
          }
        ]
      },
      {
        "insertions": 284,
        "deletions": 173,
        "date": "2020-01-29",
        "commitResults": [
          {
            "hash": "da3dc6f321b4875746ea701de08c3791aacb309d",
            "messageTitle": "Removed output printing abstraction as per feedback.",
            "messageBody": "",
            "insertions": 73,
            "deletions": 89
          },
          {
            "hash": "1900b32792b4876dd3b6c31398db95ae95e45da4",
            "messageTitle": "Rearranged functions in main",
            "messageBody": "",
            "insertions": 44,
            "deletions": 43
          },
          {
            "hash": "76abc100990543a157ae219982b6477e558c389d",
            "messageTitle": "Added support for file serialization",
            "messageBody": "",
            "insertions": 68,
            "deletions": 5
          },
          {
            "hash": "f8304fa550e82199be21bb1a56fdceb54d8936ee",
            "messageTitle": "Added proper localdate implementation of deadline",
            "messageBody": "",
            "insertions": 32,
            "deletions": 3
          },
          {
            "hash": "081154ff654cab8f95afb4ab18da11bd40de71d2",
            "messageTitle": "Added TaskList abstraction for List of tasks",
            "messageBody": "",
            "insertions": 67,
            "deletions": 33
          }
        ]
      },
      {
        "insertions": 850,
        "deletions": 272,
        "date": "2020-01-30",
        "commitResults": [
          {
            "hash": "be7830a2b0218f5462730bbc2627320c50100d4d",
            "messageTitle": "Made the code more object oriented.",
            "messageBody": "",
            "insertions": 435,
            "deletions": 197
          },
          {
            "hash": "937b4baed1755049cdb59d163d559ee1e39cde57",
            "messageTitle": "Organized classes into packages",
            "messageBody": "",
            "insertions": 68,
            "deletions": 60
          },
          {
            "hash": "460fc68f78bb710ea0c90b3c513e201a80a76c05",
            "messageTitle": "Added JUnit tests",
            "messageBody": "",
            "insertions": 71,
            "deletions": 0
          },
          {
            "hash": "7082352ecef90981863d0d1aad77a9b364fa0a5b",
            "messageTitle": "Generated manifest for building Jar",
            "messageBody": "",
            "insertions": 3,
            "deletions": 0
          },
          {
            "hash": "f7435afb650326b579ed5ab720c0d33327c1a382",
            "messageTitle": "Added fuzzy search with /find",
            "messageBody": "",
            "insertions": 72,
            "deletions": 8
          },
          {
            "hash": "c57940dc437e849eb36156f6004140c11a91f247",
            "messageTitle": "Added JavaDocs for TaskList.java",
            "messageBody": "",
            "insertions": 49,
            "deletions": 4
          },
          {
            "hash": "3d2a7084d9b34aeb51abb50fda98e15a90b2fc82",
            "messageTitle": "Added JavaDocs for duke.task",
            "messageBody": "",
            "insertions": 35,
            "deletions": 0
          },
          {
            "hash": "81e1cc74a44c94bc7000c1c2262f7bb73db05d41",
            "messageTitle": "Added JavaDocs for duke.io.*",
            "messageBody": "",
            "insertions": 52,
            "deletions": 0
          },
          {
            "hash": "90dc0e194f6af51c10f23450b73babc31e4e7f14",
            "messageTitle": "Added JavaDocs for duke.exception.*",
            "messageBody": "",
            "insertions": 13,
            "deletions": 0
          },
          {
            "hash": "0f95a9f03be4e8122538ddbcd717ff93d7bcd5fa",
            "messageTitle": "Added JavaDocs for duke.command.*",
            "messageBody": "",
            "insertions": 52,
            "deletions": 2
          },
          {
            "hash": "62a83ec21372f72b25841ce8e827af865929d90c",
            "messageTitle": "Removed automatically generated \u003cp\u003e tag in JavaDocs",
            "messageBody": "",
            "insertions": 0,
            "deletions": 1
          }
        ]
      }
    ]
  },
  "authorFinalContributionMap": {
    "eclmist": 1043
  },
  "authorFileTypeContributionMap": {
    "eclmist": {
      "MF": 3,
      "java": 43,
      "java": 67,
      "java": 14,
      "java": 37,
      "java": 34,
      "java": 27,
      "java": 41,
      "java": 28,
      "java": 26,
      "java": 76,
      "java": 71,
      "java": 101,
      "java": 57,
      "java": 33,
      "java": 47,
      "java": 144,
      "java": 23,
      "java": 67,
      "txt": 39,
      "txt": 7,
      "bat": 23,
      "sh": 35
    }
  },
  "authorContributionVariance": {
    "eclmist": 56637.766
  },
  "authorDisplayNameMap": {
    "eclmist": "CS2103T-W17- 4 HUAN..AOYI"
  }
}
