{
  "authorDailyContributionsMap": {
    "eclmist": [
      {
        "insertions": 399,
        "deletions": 66,
        "date": "2020-01-26",
        "commitResults": [
          {
            "hash": "b54bfdbe9a2599047542b4ab32b5407170d59705",
            "messageTitle": "Added IO handler for text printing",
            "messageBody": "",
            "fileTypesAndContributionMap": {
              "java": {
                "insertions": 14,
                "deletions": 0
              }
            }
          },
          {
            "hash": "a3fdb7565155e355fc9feba2ac2fe0c6f2963ed2",
            "messageTitle": "Implemented greet, echo, and exit",
            "messageBody": "",
            "tags": [
              "Level-1"
            ],
            "fileTypesAndContributionMap": {
              "java": {
                "insertions": 54,
                "deletions": 11
              }
            }
          },
          {
            "hash": "fe03c5d1949092dff4998fcdcd035399df9ad8c6",
            "messageTitle": "Implemented add and list operations",
            "messageBody": "",
            "tags": [
              "Level-2"
            ],
            "fileTypesAndContributionMap": {
              "java": {
                "insertions": 32,
                "deletions": 9
              }
            }
          },
          {
            "hash": "734658288389d19482c0e7edf3bf8d807b59bc40",
            "messageTitle": "Fixed import statement order in Duke.java",
            "messageBody": "",
            "fileTypesAndContributionMap": {
              "java": {
                "insertions": 3,
                "deletions": 3
              }
            }
          },
          {
            "hash": "9268649d376ad6486a00d683cef68cbba4d7bfb4",
            "messageTitle": "Added tasks and the ability to complete them",
            "messageBody": "",
            "tags": [
              "Level-3"
            ],
            "fileTypesAndContributionMap": {
              "java": {
                "insertions": 52,
                "deletions": 18
              }
            }
          },
          {
            "hash": "62d3d1d42f59e34fcfd8b74db21a72c7761a7a82",
            "messageTitle": "Added todos, events, and deadlines",
            "messageBody": "",
            "tags": [
              "Level-4"
            ],
            "fileTypesAndContributionMap": {
              "java": {
                "insertions": 97,
                "deletions": 16
              }
            }
          },
          {
            "hash": "46f4d7b58e1c853cc880f62b4834d91d672550fb",
            "messageTitle": "Added automatic text UI testing",
            "messageBody": "",
            "tags": [
              "A-TextUiTesting"
            ],
            "fileTypesAndContributionMap": {
              "txt": {
                "insertions": 46,
                "deletions": 0
              },
              "bat": {
                "insertions": 23,
                "deletions": 0
              },
              "sh": {
                "insertions": 35,
                "deletions": 0
              }
            }
          },
          {
            "hash": "59ed2713c5056da03e6a9781574dfa9097f19564",
            "messageTitle": "Added basic exception handling",
            "messageBody": "",
            "tags": [
              "Level-5"
            ],
            "fileTypesAndContributionMap": {
              "java": {
                "insertions": 26,
                "deletions": 6
              }
            }
          },
          {
            "hash": "98df58ece9a0b89b56eeeb47b68166f1a1b153ea",
            "messageTitle": "Added deletion",
            "messageBody": "",
            "tags": [
              "Level-6"
            ],
            "fileTypesAndContributionMap": {
              "java": {
                "insertions": 17,
                "deletions": 3
              }
            }
          }
        ]
      },
      {
        "insertions": 284,
        "deletions": 173,
        "date": "2020-01-29",
        "commitResults": [
          {
            "hash": "da3dc6f321b4875746ea701de08c3791aacb309d",
            "messageTitle": "Removed output printing abstraction as per feedback.",
            "messageBody": "",
            "fileTypesAndContributionMap": {
              "java": {
                "insertions": 73,
                "deletions": 89
              }
            }
          },
          {
            "hash": "1900b32792b4876dd3b6c31398db95ae95e45da4",
            "messageTitle": "Rearranged functions in main",
            "messageBody": "",
            "fileTypesAndContributionMap": {
              "java": {
                "insertions": 44,
                "deletions": 43
              }
            }
          },
          {
            "hash": "76abc100990543a157ae219982b6477e558c389d",
            "messageTitle": "Added support for file serialization",
            "messageBody": "",
            "tags": [
              "Level-7"
            ],
            "fileTypesAndContributionMap": {
              "java": {
                "insertions": 68,
                "deletions": 5
              }
            }
          },
          {
            "hash": "f8304fa550e82199be21bb1a56fdceb54d8936ee",
            "messageTitle": "Added proper localdate implementation of deadline",
            "messageBody": "",
            "tags": [
              "Level-8"
            ],
            "fileTypesAndContributionMap": {
              "java": {
                "insertions": 32,
                "deletions": 3
              }
            }
          },
          {
            "hash": "081154ff654cab8f95afb4ab18da11bd40de71d2",
            "messageTitle": "Added TaskList abstraction for List of tasks",
            "messageBody": "",
            "fileTypesAndContributionMap": {
              "java": {
                "insertions": 67,
                "deletions": 33
              }
            }
          }
        ]
      },
      {
        "insertions": 847,
        "deletions": 272,
        "date": "2020-01-30",
        "commitResults": [
          {
            "hash": "be7830a2b0218f5462730bbc2627320c50100d4d",
            "messageTitle": "Made the code more object oriented.",
            "messageBody": "",
            "tags": [
              "A-Varargs",
              "A-MoreOOP",
              "A-Enums"
            ],
            "fileTypesAndContributionMap": {
              "java": {
                "insertions": 435,
                "deletions": 197
              }
            }
          },
          {
            "hash": "937b4baed1755049cdb59d163d559ee1e39cde57",
            "messageTitle": "Organized classes into packages",
            "messageBody": "",
            "tags": [
              "A-Packages"
            ],
            "fileTypesAndContributionMap": {
              "java": {
                "insertions": 68,
                "deletions": 60
              }
            }
          },
          {
            "hash": "460fc68f78bb710ea0c90b3c513e201a80a76c05",
            "messageTitle": "Added JUnit tests",
            "messageBody": "",
            "tags": [
              "v0.0.1",
              "A-JUnit"
            ],
            "fileTypesAndContributionMap": {
              "java": {
                "insertions": 71,
                "deletions": 0
              }
            }
          },
          {
            "hash": "f7435afb650326b579ed5ab720c0d33327c1a382",
            "messageTitle": "Added fuzzy search with /find",
            "messageBody": "",
            "tags": [
              "Level-9"
            ],
            "fileTypesAndContributionMap": {
              "java": {
                "insertions": 72,
                "deletions": 8
              }
            }
          },
          {
            "hash": "c57940dc437e849eb36156f6004140c11a91f247",
            "messageTitle": "Added JavaDocs for TaskList.java",
            "messageBody": "",
            "fileTypesAndContributionMap": {
              "java": {
                "insertions": 49,
                "deletions": 4
              }
            }
          },
          {
            "hash": "3d2a7084d9b34aeb51abb50fda98e15a90b2fc82",
            "messageTitle": "Added JavaDocs for duke.task",
            "messageBody": "",
            "fileTypesAndContributionMap": {
              "java": {
                "insertions": 35,
                "deletions": 0
              }
            }
          },
          {
            "hash": "81e1cc74a44c94bc7000c1c2262f7bb73db05d41",
            "messageTitle": "Added JavaDocs for duke.io.*",
            "messageBody": "",
            "fileTypesAndContributionMap": {
              "java": {
                "insertions": 52,
                "deletions": 0
              }
            }
          },
          {
            "hash": "90dc0e194f6af51c10f23450b73babc31e4e7f14",
            "messageTitle": "Added JavaDocs for duke.exception.*",
            "messageBody": "",
            "fileTypesAndContributionMap": {
              "java": {
                "insertions": 13,
                "deletions": 0
              }
            }
          },
          {
            "hash": "0f95a9f03be4e8122538ddbcd717ff93d7bcd5fa",
            "messageTitle": "Added JavaDocs for duke.command.*",
            "messageBody": "",
            "tags": [
              "A-JavaDoc"
            ],
            "fileTypesAndContributionMap": {
              "java": {
                "insertions": 52,
                "deletions": 2
              }
            }
          },
          {
            "hash": "62a83ec21372f72b25841ce8e827af865929d90c",
            "messageTitle": "Removed automatically generated \u003cp\u003e tag in JavaDocs",
            "messageBody": "",
            "tags": [
              "A-CodingStandard"
            ],
            "fileTypesAndContributionMap": {
              "java": {
                "insertions": 0,
                "deletions": 1
              }
            }
          }
        ]
      },
      {
        "insertions": 264,
        "deletions": 201,
        "date": "2020-02-04",
        "commitResults": [
          {
            "hash": "5da6fc274ea02663288218c624adfb128c85fdbd",
            "messageTitle": "Add GUI/JavaFX/FXML support",
            "messageBody": "",
            "tags": [
              "Level-10"
            ],
            "fileTypesAndContributionMap": {
              "gradle": {
                "insertions": 3,
                "deletions": 1
              },
              "fxml": {
                "insertions": 35,
                "deletions": 0
              },
              "java": {
                "insertions": 209,
                "deletions": 96
              }
            }
          },
          {
            "hash": "fe1bca0fa56ac06f015c23bab9dbbf230da7a752",
            "messageTitle": "Fix typo in JavaDocs",
            "messageBody": "",
            "fileTypesAndContributionMap": {
              "java": {
                "insertions": 1,
                "deletions": 1
              }
            }
          },
          {
            "hash": "bdd0c128908900c1d700b239416874904f9f10b3",
            "messageTitle": "Remove Ui class",
            "messageBody": "Since the implementation of GUI, text printing shall be handled by\nGuiPrintStream instead.\n",
            "fileTypesAndContributionMap": {
              "java": {
                "insertions": 16,
                "deletions": 103
              }
            }
          }
        ]
      },
      {
        "insertions": 65,
        "deletions": 19,
        "date": "2020-02-11",
        "commitResults": [
          {
            "hash": "e3a889019999f2041dcd7a61de91daaa1a4b35ad",
            "messageTitle": "Remove vulgarities from Parser",
            "messageBody": "",
            "tags": [
              "A-CodeQuality"
            ],
            "fileTypesAndContributionMap": {
              "java": {
                "insertions": 0,
                "deletions": 12
              }
            }
          },
          {
            "hash": "4e3e3020a472512d82d4d144575c8b7fe7a9dfae",
            "messageTitle": "Add assert to done command",
            "messageBody": "",
            "fileTypesAndContributionMap": {
              "java": {
                "insertions": 10,
                "deletions": 1
              }
            }
          },
          {
            "hash": "cec2856253096dedef5a763d40f9313e135fd699",
            "messageTitle": "Add basic datastructure for priority system",
            "messageBody": "",
            "fileTypesAndContributionMap": {
              "java": {
                "insertions": 55,
                "deletions": 6
              }
            }
          }
        ]
      },
      {
        "insertions": 81,
        "deletions": 31,
        "date": "2020-02-12",
        "commitResults": [
          {
            "hash": "7a4daff18938a180b4e1bff991d413b41c1e1b3e",
            "messageTitle": "Handle argument parsing for setting priority",
            "messageBody": "",
            "fileTypesAndContributionMap": {
              "java": {
                "insertions": 6,
                "deletions": 2
              }
            }
          },
          {
            "hash": "e4fd576d06a880ffbe7762961378639e9b5697b8",
            "messageTitle": "Add better parsing and priority support",
            "messageBody": "",
            "fileTypesAndContributionMap": {
              "java": {
                "insertions": 72,
                "deletions": 28
              }
            }
          },
          {
            "hash": "fce86e760f664ec961a63757d49fac08cb7b4302",
            "messageTitle": "Update README.md",
            "messageBody": "",
            "fileTypesAndContributionMap": {
              "md": {
                "insertions": 3,
                "deletions": 1
              }
            }
          }
        ]
      },
      {
        "insertions": 47,
        "deletions": 8,
        "date": "2020-02-18",
        "commitResults": [
          {
            "hash": "8fb7af36b9e149bf52da76556fd405bf4b32b651",
            "messageTitle": "Add User Guide",
            "messageBody": "",
            "fileTypesAndContributionMap": {
              "md": {
                "insertions": 39,
                "deletions": 8
              }
            }
          },
          {
            "hash": "63a184f062aa6b58be25daa2d731c48a48593bc5",
            "messageTitle": "Add shadowjar to gradle",
            "messageBody": "",
            "tags": [
              "v0.0.2"
            ],
            "fileTypesAndContributionMap": {
              "gradle": {
                "insertions": 8,
                "deletions": 0
              }
            }
          }
        ]
      }
    ]
  },
  "authorFinalContributionMap": {
    "eclmist": 1265
  },
  "authorFileTypeContributionMap": {
    "eclmist": {
      "java": 1074,
      "md": 41,
      "fxml": 35,
      "sh": 35,
      "bat": 23,
      "gradle": 11,
      "txt": 46
    }
  },
  "authorContributionVariance": {
    "eclmist": 46233.812
  },
  "authorDisplayNameMap": {
    "eclmist": "CS2103T-W17- 4 HUAN..AOYI"
  }
}
