{
  "authorDailyContributionsMap": {
    "wardetu": [
      {
        "insertions": 25,
        "deletions": 10,
        "date": "2020-01-22",
        "commitResults": [
          {
            "hash": "02c8e4f05ff29868c996f72957d9be950b85a6fb",
            "messageTitle": "Level-1 of Duke",
            "messageBody": "",
            "insertions": 12,
            "deletions": 6
          },
          {
            "hash": "a1a9ad22b769bce93998409f91e2a3eb5215913b",
            "messageTitle": "Level-1 of Duke",
            "messageBody": "",
            "insertions": 1,
            "deletions": 0
          },
          {
            "hash": "7e7d36c269d1eed1f2f24731fba988671ec9d9c3",
            "messageTitle": "Level-1 of Duke",
            "messageBody": "",
            "tags": [
              "DukeLevel-1"
            ],
            "insertions": 0,
            "deletions": 1
          },
          {
            "hash": "9ddf9983d6cc37656bcf41308460e00c0b958561",
            "messageTitle": "\\",
            "messageBody": "",
            "insertions": 1,
            "deletions": 0
          },
          {
            "hash": "69889dff22872917b42cffa985810a0e9e4ceea2",
            "messageTitle": "Level-1 with committer name fixed",
            "messageBody": "",
            "tags": [
              "Level-2"
            ],
            "insertions": 0,
            "deletions": 1
          },
          {
            "hash": "3b7f3d3b43ac220091e719fe761495e123e7265e",
            "messageTitle": "Level-1 with committer name fixed",
            "messageBody": "",
            "insertions": 10,
            "deletions": 2
          },
          {
            "hash": "391c085b4458068db4b3ed0984828eebe35a07cc",
            "messageTitle": "Level-2 added",
            "messageBody": "",
            "tags": [
              "Level-3"
            ],
            "insertions": 1,
            "deletions": 0
          }
        ]
      },
      {
        "insertions": 241,
        "deletions": 80,
        "date": "2020-01-23",
        "commitResults": [
          {
            "hash": "f625aa0959fd2c1ecf719cf9a9e3c745d698371c",
            "messageTitle": "Level-3 added",
            "messageBody": "",
            "insertions": 67,
            "deletions": 12
          },
          {
            "hash": "2216dc5533706a1b7471b1fd2ba0820d7b3529aa",
            "messageTitle": "Level-3 added fix case indentation",
            "messageBody": "",
            "tags": [
              "Level-4"
            ],
            "insertions": 18,
            "deletions": 18
          },
          {
            "hash": "cf25be6853922166656b461e3d4671b8639eb0bc",
            "messageTitle": "Add L4 functions and rudimentary error handling",
            "messageBody": "",
            "tags": [
              "Level-5"
            ],
            "insertions": 107,
            "deletions": 20
          },
          {
            "hash": "7862577cfb42446851bf79caf764510c6aca99f3",
            "messageTitle": "Add L4 functions and rudimentary error handling",
            "messageBody": "",
            "insertions": 39,
            "deletions": 29
          },
          {
            "hash": "3656d7d3bf7ba2ca36faa9e7986eedfda9e7c23d",
            "messageTitle": "Error handlings added for L5",
            "messageBody": "",
            "tags": [
              "Level-6"
            ],
            "insertions": 0,
            "deletions": 1
          },
          {
            "hash": "3c29c4f60dfa5889a24a7fd04a5c9b7cbfae7cb1",
            "messageTitle": "L6 added",
            "messageBody": "",
            "tags": [
              "Level-7"
            ],
            "insertions": 10,
            "deletions": 0
          }
        ]
      },
      {
        "insertions": 379,
        "deletions": 123,
        "date": "2020-01-30",
        "commitResults": [
          {
            "hash": "22ccd7c89d15803583e080ca7cc44cf8eda5be53",
            "messageTitle": "Added Level 7",
            "messageBody": "",
            "insertions": 35,
            "deletions": 7
          },
          {
            "hash": "1534bc44fade974f1915a8e3ee2fb26d41dc1939",
            "messageTitle": "Added Level 7",
            "messageBody": "",
            "tags": [
              "Level-8"
            ],
            "insertions": 26,
            "deletions": 2
          },
          {
            "hash": "ebf8d342cf8fceab005ccd0cf761f197b2a7414a",
            "messageTitle": "Added Level 7",
            "messageBody": "",
            "insertions": 0,
            "deletions": 1
          },
          {
            "hash": "de5f0420e0631af39a51843149636056313562e7",
            "messageTitle": "Added Level 8",
            "messageBody": "",
            "insertions": 0,
            "deletions": 1
          },
          {
            "hash": "3d8556bb3a090307ff1d5f6f3c28874bda13b8c9",
            "messageTitle": "Add lost file from level 7",
            "messageBody": "",
            "insertions": 82,
            "deletions": 13
          },
          {
            "hash": "a17613c9a40dc2f6a1623b9a1c60c5a13a45b766",
            "messageTitle": "Clean up spaces",
            "messageBody": "",
            "tags": [
              "A-OOP"
            ],
            "insertions": 0,
            "deletions": 2
          },
          {
            "hash": "18192306b5c2566832927b4c614f1f5b155d0e7d",
            "messageTitle": "Overhaul/ Add OOP",
            "messageBody": "",
            "tags": [
              "A-MoreOOP"
            ],
            "insertions": 236,
            "deletions": 97
          }
        ]
      },
      {
        "insertions": 0,
        "deletions": 2,
        "date": "2020-02-02",
        "commitResults": [
          {
            "hash": "e61be2bd7b2e2e58955366f6594a5162e689f9ae",
            "messageTitle": "Overhaul/ Add OOP",
            "messageBody": "",
            "tags": [
              "A-Packages"
            ],
            "insertions": 0,
            "deletions": 2
          }
        ]
      },
      {
        "insertions": 656,
        "deletions": 345,
        "date": "2020-02-03",
        "commitResults": [
          {
            "hash": "c1b95197f8c99b60133535140ceeac6f5e76e345",
            "messageTitle": "Fix codestyle + package + move data file",
            "messageBody": "",
            "insertions": 366,
            "deletions": 292
          },
          {
            "hash": "026c44cd4842849f173413ac6a34fcc46d209812",
            "messageTitle": "Add JavaDoc",
            "messageBody": "",
            "insertions": 290,
            "deletions": 53
          }
        ]
      },
      {
        "insertions": 113,
        "deletions": 42,
        "date": "2020-02-04",
        "commitResults": [
          {
            "hash": "c6bee63967a5260413729162e8c9291c87f3aa25",
            "messageTitle": "Add JavaDoc",
            "messageBody": "",
            "insertions": 97,
            "deletions": 41
          },
          {
            "hash": "db01079f4ebe2eb29725114e1b6591780bfa7994",
            "messageTitle": "Add Level 9",
            "messageBody": "",
            "insertions": 0,
            "deletions": 1
          },
          {
            "hash": "d02238c758c808cb1e7b4b0e51ea7da99480db7c",
            "messageTitle": "Merge with branch-A-JavaDoc",
            "messageBody": "",
            "tags": [
              "A-Gradle"
            ],
            "insertions": 16,
            "deletions": 0
          }
        ]
      },
      {
        "insertions": 309,
        "deletions": 67,
        "date": "2020-02-06",
        "commitResults": [
          {
            "hash": "0970b3461148c5d42793635c9b094e3194cdd879",
            "messageTitle": "Update for Gradle tag",
            "messageBody": "",
            "tags": [
              "Level-10"
            ],
            "insertions": 0,
            "deletions": 2
          },
          {
            "hash": "ad93c3266e11f4f9fafa933fe4a8e68d8869fa59",
            "messageTitle": "Centralize error handling and rudimentary GUI",
            "messageBody": "",
            "insertions": 217,
            "deletions": 24
          },
          {
            "hash": "593c4b5316b1a534e56b3a886baad1822420c73c",
            "messageTitle": "Crude GUI logic added",
            "messageBody": "",
            "insertions": 92,
            "deletions": 41
          }
        ]
      },
      {
        "insertions": 93,
        "deletions": 57,
        "date": "2020-02-07",
        "commitResults": [
          {
            "hash": "a4ef10db2cefa86e5f0a0df2e79f86f5971581bb",
            "messageTitle": "Polished GUI logics",
            "messageBody": "",
            "tags": [
              "A-Assertions"
            ],
            "insertions": 93,
            "deletions": 57
          }
        ]
      },
      {
        "insertions": 150,
        "deletions": 64,
        "date": "2020-02-13",
        "commitResults": [
          {
            "hash": "ecdbd51a3ff94c94182405eb941157afc985c9b2",
            "messageTitle": "Assertion added in Storage.java and some polishing",
            "messageBody": "",
            "tags": [
              "A-CodeQuality"
            ],
            "insertions": 48,
            "deletions": 12
          },
          {
            "hash": "f8c27aebf8a36cae93680c991945663e66a2650d",
            "messageTitle": "Fix comments and spacings",
            "messageBody": "",
            "tags": [
              "C-Undo",
              "A-Streams",
              "A-Lambdas"
            ],
            "insertions": 48,
            "deletions": 42
          },
          {
            "hash": "a70fe1b422839ff67bd72f081be104e1d432ddb0",
            "messageTitle": "Add undo function",
            "messageBody": "",
            "tags": [
              "A-Jar"
            ],
            "insertions": 54,
            "deletions": 10
          }
        ]
      },
      {
        "insertions": 31,
        "deletions": 32,
        "date": "2020-02-20",
        "commitResults": [
          {
            "hash": "dbdb48042bff9fcef980a0787b2c7bca07ff5584",
            "messageTitle": "Add jar but only works for the CLI part",
            "messageBody": "",
            "tags": [
              "C-Undo-v0.2"
            ],
            "insertions": 31,
            "deletions": 32
          }
        ]
      },
      {
        "insertions": 170,
        "deletions": 6,
        "date": "2020-02-22",
        "commitResults": [
          {
            "hash": "f305447284c9a7647d2a6693260d99bfed0574ed",
            "messageTitle": "Add Undo command",
            "messageBody": "",
            "insertions": 170,
            "deletions": 6
          }
        ]
      }
    ]
  },
  "authorFinalContributionMap": {
    "wardetu": 1348
  },
  "authorFileTypeContributionMap": {
    "wardetu": {
      "java": 1256,
      "md": 0,
      "fxml": 41,
      "sh": 0,
      "bat": 0,
      "gradle": 51,
      "txt": 0
    }
  },
  "authorContributionVariance": {
    "wardetu": 34344.785
  },
  "authorDisplayNameMap": {
    "wardetu": "CS2103T-F10- 1 NGUY..OANG"
  }
}
