{
  "authorDailyContributionsMap": {
    "junhaotan": [
      {
        "insertions": 258,
        "deletions": 28,
        "date": "2020-01-23",
        "commitResults": [
          {
            "hash": "1f4b714aea8b1f267079ca751902307cb3796c68",
            "messageTitle": "Level-1",
            "messageBody": "",
            "tags": [
              "Level-1"
            ],
            "insertions": 39,
            "deletions": 1
          },
          {
            "hash": "ee114bfed971d5a172235e89e0de37f8047e7df9",
            "messageTitle": "Level-2",
            "messageBody": "",
            "tags": [
              "Level-2"
            ],
            "insertions": 35,
            "deletions": 2
          },
          {
            "hash": "1e28d88260bde15309366caff1f399d4582e1807",
            "messageTitle": "Level-3",
            "messageBody": "",
            "tags": [
              "Level-3"
            ],
            "insertions": 19,
            "deletions": 2
          },
          {
            "hash": "b15418dcb82fe706b8575f29427539a0d5589bbc",
            "messageTitle": "Level-4",
            "messageBody": "",
            "tags": [
              "Level-4"
            ],
            "insertions": 61,
            "deletions": 3
          },
          {
            "hash": "0ef44fb96b075f44dbd55e397c573e4051a9027d",
            "messageTitle": "A-TextUiTesting",
            "messageBody": "",
            "tags": [
              "A-TextUiTesting"
            ],
            "insertions": 39,
            "deletions": 0
          },
          {
            "hash": "358c1cf5c293ab6657c2214897f9fe1fdbf767cd",
            "messageTitle": "Level-5",
            "messageBody": "",
            "tags": [
              "Level-5"
            ],
            "insertions": 44,
            "deletions": 17
          },
          {
            "hash": "8b1edb57b3a96c0eda92ef3eff0b428d12498c04",
            "messageTitle": "Level-6",
            "messageBody": "",
            "tags": [
              "Level-6"
            ],
            "insertions": 21,
            "deletions": 3
          }
        ]
      },
      {
        "insertions": 47,
        "deletions": 47,
        "date": "2020-01-26",
        "commitResults": [
          {
            "hash": "7fdfd74c1882b6935c89acf0eb8a3988bcbb8fd1",
            "messageTitle": "Fix indentation of switch statement",
            "messageBody": "",
            "insertions": 47,
            "deletions": 47
          }
        ]
      },
      {
        "insertions": 806,
        "deletions": 428,
        "date": "2020-01-29",
        "commitResults": [
          {
            "hash": "4c64875d27dbf847323f8d08545f12bf731ebd0b",
            "messageTitle": "Added save function to Duke",
            "messageBody": "",
            "tags": [
              "Level-7"
            ],
            "insertions": 167,
            "deletions": 14
          },
          {
            "hash": "2e0a8f0327d472b7f82746ed398b4ff103cd5ffa",
            "messageTitle": "Modified Duke to understand date and time",
            "messageBody": "",
            "insertions": 101,
            "deletions": 2
          },
          {
            "hash": "8cf6079e99757991640ff4ff9241edbdf64859c2",
            "messageTitle": "Resolve merge conflict",
            "messageBody": "",
            "tags": [
              "A-MoreOOP"
            ],
            "insertions": 12,
            "deletions": 23
          },
          {
            "hash": "74f01b75322699aeb4d8998438c8eb6c2777e56a",
            "messageTitle": "Added Ui.java, TaskList.java, Storage.java, Parser.java, Command.java",
            "messageBody": "",
            "tags": [
              "A-JUnit"
            ],
            "insertions": 491,
            "deletions": 388
          },
          {
            "hash": "b2c90b5903b5789a40d76c11d59757fef8ec2ba8",
            "messageTitle": "Added ParserTest.java and TaskListTest.java",
            "messageBody": "",
            "tags": [
              "A-Jar"
            ],
            "insertions": 34,
            "deletions": 0
          },
          {
            "hash": "3b3c0c2883c4d0a4b6cd071cdf2072949d6f8b3c",
            "messageTitle": "A-Jar",
            "messageBody": "",
            "insertions": 1,
            "deletions": 1
          }
        ]
      },
      {
        "insertions": 316,
        "deletions": 50,
        "date": "2020-02-01",
        "commitResults": [
          {
            "hash": "3b06d7c4dd092ce49168ec33428ebcab77395e03",
            "messageTitle": "Fixed formatting of time/date and etc for Duke",
            "messageBody": "",
            "tags": [
              "A-JavaDoc",
              "A-CodingStandard"
            ],
            "insertions": 40,
            "deletions": 42
          },
          {
            "hash": "81aff574706a28948afc1f7e7712cb34d7b3027c",
            "messageTitle": "Added javadoc comments to public classes and methods.",
            "messageBody": "",
            "tags": [
              "Level-9"
            ],
            "insertions": 235,
            "deletions": 6
          },
          {
            "hash": "efe34993f51ee0c6f24fa503a594794440168947",
            "messageTitle": "Added find function for Duke",
            "messageBody": "",
            "tags": [
              "A-Gradle",
              "A-CheckStyle"
            ],
            "insertions": 41,
            "deletions": 2
          }
        ]
      },
      {
        "insertions": 13,
        "deletions": 5,
        "date": "2020-02-04",
        "commitResults": [
          {
            "hash": "fbf4c8125d070bdc8869bf5f39bf1cc303238d0a",
            "messageTitle": "Fixed coding style violations",
            "messageBody": "",
            "insertions": 13,
            "deletions": 5
          }
        ]
      },
      {
        "insertions": 314,
        "deletions": 133,
        "date": "2020-02-05",
        "commitResults": [
          {
            "hash": "f21dc48d64f5f6274fbc107a4650ee834aec307a",
            "messageTitle": "Added multiple files and refactored code for JavaFX GUI",
            "messageBody": "",
            "tags": [
              "Level-10"
            ],
            "insertions": 266,
            "deletions": 100
          },
          {
            "hash": "127264614a40325a87d113f8ea778bcfc5184f66",
            "messageTitle": "Fixed formatting and layout of Duke GUI",
            "messageBody": "",
            "insertions": 48,
            "deletions": 33
          }
        ]
      },
      {
        "insertions": 40,
        "deletions": 18,
        "date": "2020-02-08",
        "commitResults": [
          {
            "hash": "c59a61b9710f65267103aada25bbb0830633f851",
            "messageTitle": "Added asserts to Command.java",
            "messageBody": "",
            "tags": [
              "A-CodeQuality",
              "A-Assertions"
            ],
            "insertions": 6,
            "deletions": 4
          },
          {
            "hash": "b03a40c992a6a9c5954281da1df5f45548d77ce6",
            "messageTitle": "Renamed variable names to improve readability and updated javadocs comment",
            "messageBody": "",
            "tags": [
              "A-JavaFx"
            ],
            "insertions": 34,
            "deletions": 14
          }
        ]
      },
      {
        "insertions": 20,
        "deletions": 5,
        "date": "2020-02-09",
        "commitResults": [
          {
            "hash": "f020213cbb4a954d8cd312e38210fbb9322dd2c5",
            "messageTitle": "Added help functionality to guide users on using Duke",
            "messageBody": "",
            "tags": [
              "C-Help"
            ],
            "insertions": 18,
            "deletions": 3
          },
          {
            "hash": "c878991fe137a055999affa324b336ca9b040231",
            "messageTitle": "Fixed formatting to comply with checkStyle",
            "messageBody": "",
            "tags": [
              "A-UserGuide"
            ],
            "insertions": 2,
            "deletions": 2
          }
        ]
      },
      {
        "insertions": 141,
        "deletions": 14,
        "date": "2020-02-16",
        "commitResults": [
          {
            "hash": "9de387068deadde7ab163e198381c59fc0fc5767",
            "messageTitle": "Updated README.md",
            "messageBody": "",
            "insertions": 127,
            "deletions": 9
          },
          {
            "hash": "57060587b1768de35e09c3ecd90fc539e8b4d8f2",
            "messageTitle": "Modified Storage.java: to create file if it does not exist",
            "messageBody": "",
            "insertions": 13,
            "deletions": 0
          },
          {
            "hash": "05d7ec495347920e5f172a8ab4bfc1cf205685b7",
            "messageTitle": "build.gradle: modifed for cross platforms",
            "messageBody": "",
            "insertions": 0,
            "deletions": 5
          },
          {
            "hash": "ccde0e4420e6eaac455cccbe898f750ab3de5071",
            "messageTitle": "Added comment for timer delay",
            "messageBody": "",
            "tags": [
              "A-Release"
            ],
            "insertions": 1,
            "deletions": 0
          }
        ]
      }
    ]
  },
  "authorFinalContributionMap": {
    "junhaotan": 1267
  },
  "authorFileTypeContributionMap": {
    "junhaotan": {
      "java": 1033,
      "md": 121,
      "fxml": 35,
      "sh": 30,
      "bat": 0,
      "gradle": 39,
      "txt": 9
    }
  },
  "authorContributionVariance": {
    "junhaotan": 50566.31
  },
  "authorDisplayNameMap": {
    "junhaotan": "CS2103-T09- 2 TAN .. HAO"
  }
}
