{
  "authorDailyContributionsMap": {
    "sancharib-git": [
      {
        "insertions": 434,
        "deletions": 144,
        "date": "2020-01-23",
        "commitResults": [
          {
            "hash": "974dc6f33e91a57786af138c1113ef34d94fc318",
            "messageTitle": "added level-1",
            "messageBody": "",
            "insertions": 39,
            "deletions": 3
          },
          {
            "hash": "ba673110c70eb33562db8a224fe37103c09cfbfa",
            "messageTitle": "Completed Level-2",
            "messageBody": "",
            "insertions": 11,
            "deletions": 1
          },
          {
            "hash": "d0e4e7d5de36d38acac2151ba9011d4906415332",
            "messageTitle": "Completed Level-3",
            "messageBody": "",
            "insertions": 42,
            "deletions": 7
          },
          {
            "hash": "65c75529818ca57d94d6d56588fbc87d12202d94",
            "messageTitle": "Completed Level-4",
            "messageBody": "",
            "insertions": 98,
            "deletions": 19
          },
          {
            "hash": "82188fa8d6d078d7c247b0950ca8b3c94a49149b",
            "messageTitle": "Added Text IU testing files",
            "messageBody": "",
            "insertions": 91,
            "deletions": 0
          },
          {
            "hash": "19beeb43cc28998f3df9f1c8292c245ecc80961f",
            "messageTitle": "Completed Level-5",
            "messageBody": "",
            "insertions": 34,
            "deletions": 4
          },
          {
            "hash": "116ecbb5d0068ed8beea689f0a6c6011fa17d4d0",
            "messageTitle": "Completed Level-6",
            "messageBody": "",
            "insertions": 19,
            "deletions": 2
          },
          {
            "hash": "b086de83305cfd4be322e37760c3dbc20f4cb126",
            "messageTitle": "Organized package import statements",
            "messageBody": "",
            "insertions": 6,
            "deletions": 13
          },
          {
            "hash": "cc7da8686cf059ef1368a8e9c1aec9e4e4225259",
            "messageTitle": "changed directories for test files",
            "messageBody": "",
            "insertions": 0,
            "deletions": 91
          },
          {
            "hash": "0b6ca709fb520bc8d618a6cf77f52ff54846afdf",
            "messageTitle": "Fixed and Completed UI Regression Testing",
            "messageBody": "",
            "insertions": 35,
            "deletions": 0
          },
          {
            "hash": "e444e9c6277d961d678fd0dea77ac9c392a41e73",
            "messageTitle": "Improvements to test case",
            "messageBody": "",
            "insertions": 4,
            "deletions": 4
          },
          {
            "hash": "78254e725b2c3f3a51689f006d9fe31bdeddbf10",
            "messageTitle": "Added testcase txt files",
            "messageBody": "",
            "insertions": 55,
            "deletions": 0
          }
        ]
      },
      {
        "insertions": 96,
        "deletions": 90,
        "date": "2020-01-24",
        "commitResults": [
          {
            "hash": "2cdd9888a84dde3c5e5b1700f076ba6a50065098",
            "messageTitle": "Fixed and completed UI-Testing",
            "messageBody": "",
            "insertions": 88,
            "deletions": 29
          },
          {
            "hash": "0d924b7c307b92bf95b29116d811ad7a4de369ff",
            "messageTitle": "deleted duplicates",
            "messageBody": "",
            "insertions": 0,
            "deletions": 55
          },
          {
            "hash": "15d9468dc9c1c666c68354055f6cc258aaa29fcd",
            "messageTitle": "Added greeting class",
            "messageBody": "",
            "insertions": 3,
            "deletions": 1
          },
          {
            "hash": "9df156341398db11232421736a2233fa0b2f77b7",
            "messageTitle": "Completed A-UiTesting",
            "messageBody": "",
            "insertions": 5,
            "deletions": 5
          }
        ]
      },
      {
        "insertions": 74,
        "deletions": 2,
        "date": "2020-01-27",
        "commitResults": [
          {
            "hash": "66f2790132e31959fcc13761a33338c964f2e939",
            "messageTitle": "Completed Level 7",
            "messageBody": "",
            "insertions": 74,
            "deletions": 2
          }
        ]
      },
      {
        "insertions": 409,
        "deletions": 190,
        "date": "2020-01-28",
        "commitResults": [
          {
            "hash": "59c2feba616c56be2892a8e0fafa5ae1d2d7a24e",
            "messageTitle": "Completed Level 8",
            "messageBody": "",
            "insertions": 119,
            "deletions": 31
          },
          {
            "hash": "abe165818de075a242a94a5b6619a8f9cf4a9a03",
            "messageTitle": "Completed Level 8",
            "messageBody": "",
            "insertions": 5,
            "deletions": 3
          },
          {
            "hash": "2dc994f67c0f77609a77b322c6b648b78f0c9b7d",
            "messageTitle": "Completed A-MoreOOP",
            "messageBody": "",
            "insertions": 195,
            "deletions": 135
          },
          {
            "hash": "8404ef576ef7cc78cda05628c76ad3533f090f52",
            "messageTitle": "Completed Level-9",
            "messageBody": "",
            "insertions": 58,
            "deletions": 16
          },
          {
            "hash": "b41f97def8354b2c029ccda020d7b7497ce81f44",
            "messageTitle": "Completed A-JavaDoc",
            "messageBody": "",
            "insertions": 32,
            "deletions": 5
          }
        ]
      },
      {
        "insertions": 90,
        "deletions": 195,
        "date": "2020-02-04",
        "commitResults": [
          {
            "hash": "78d1525bae874083aa352477a84e0279c1b6367a",
            "messageTitle": "Fixed program faults and bugs",
            "messageBody": "",
            "insertions": 90,
            "deletions": 195
          }
        ]
      }
    ]
  },
  "authorFinalContributionMap": {
    "sancharib-git": 492
  },
  "authorFileTypeContributionMap": {
    "sancharib-git": {
      "java": 20,
      "java": 17,
      "java": 39,
      "java": 24,
      "java": 123,
      "java": 61,
      "java": 44,
      "java": 12,
      "java": 51,
      "txt": 14,
      "txt": 46,
      "txt": 7,
      "sh": 34
    }
  },
  "authorContributionVariance": {
    "sancharib-git": 22550.041
  },
  "authorDisplayNameMap": {
    "sancharib-git": "CS2103T-W13- 2 SANC..HYAY"
  }
}
