{
  "authorDailyContributionsMap": {
    "oLiXino": [
      {
        "insertions": 352,
        "deletions": 32,
        "date": "2020-01-22",
        "commitResults": [
          {
            "hash": "41685723d8d3d9780622108342d81f3ac89803b0",
            "messageTitle": "Level-1",
            "messageBody": "",
            "tags": [
              "Level-1"
            ],
            "insertions": 18,
            "deletions": 6
          },
          {
            "hash": "742f243e1aa600b35ed46fc5a48d36772ebfbcf9",
            "messageTitle": "Level-2",
            "messageBody": "",
            "tags": [
              "Level-2"
            ],
            "insertions": 12,
            "deletions": 1
          },
          {
            "hash": "b4b74630d2fe188fdea7e14e31cf0b8d0cd9736e",
            "messageTitle": "Level-3",
            "messageBody": "",
            "tags": [
              "Level-3"
            ],
            "insertions": 38,
            "deletions": 4
          },
          {
            "hash": "00cc12a35fe109f2c971726712a7e16caaa69a18",
            "messageTitle": "Level-4",
            "messageBody": "",
            "tags": [
              "Level-4"
            ],
            "insertions": 65,
            "deletions": 4
          },
          {
            "hash": "a0e6c8102f9020cb59479e70de2c03c3f9ae9736",
            "messageTitle": "A-TextUiTesting",
            "messageBody": "",
            "tags": [
              "A-TextUiTesting"
            ],
            "insertions": 176,
            "deletions": 0
          },
          {
            "hash": "dbd5dd836ed8e4d2819eed2ab6a7bd5f5afa71ee",
            "messageTitle": "Level-5",
            "messageBody": "",
            "tags": [
              "Level-5"
            ],
            "insertions": 32,
            "deletions": 16
          },
          {
            "hash": "ff6c9ea1963c8a2cd7d3dc40e0119e7716f558dc",
            "messageTitle": "Level-6",
            "messageBody": "",
            "tags": [
              "Level-6"
            ],
            "insertions": 11,
            "deletions": 1
          }
        ]
      },
      {
        "insertions": 355,
        "deletions": 160,
        "date": "2020-01-28",
        "commitResults": [
          {
            "hash": "de95ea664a59cf3a677d414459c3eebbc987c8df",
            "messageTitle": "Level-7",
            "messageBody": "",
            "tags": [
              "Level-7"
            ],
            "insertions": 80,
            "deletions": 4
          },
          {
            "hash": "18ad29307ff95e8167a775f532faca79e3a8bae1",
            "messageTitle": "Level-8",
            "messageBody": "",
            "tags": [
              "Level-8.v1",
              "Level-8"
            ],
            "insertions": 22,
            "deletions": 17
          },
          {
            "hash": "ee0d3a522e0978a8ed9898f065318d04f3b213c2",
            "messageTitle": "Level-8",
            "messageBody": "",
            "insertions": 5,
            "deletions": 2
          },
          {
            "hash": "56eb3aa4f3ec9ff65012e050c1789262ffd4a8a5",
            "messageTitle": "A-MoreOOP",
            "messageBody": "",
            "tags": [
              "A-MoreOOP"
            ],
            "insertions": 248,
            "deletions": 137
          }
        ]
      },
      {
        "insertions": 322,
        "deletions": 23,
        "date": "2020-01-29",
        "commitResults": [
          {
            "hash": "ffcaff88a38bf3a036244bfad7ccd1580a82e581",
            "messageTitle": "A-Packages",
            "messageBody": "",
            "tags": [
              "A-Packages"
            ],
            "insertions": 54,
            "deletions": 5
          },
          {
            "hash": "5b1be345c1eda0e51ec1678f29b80f93fedbbb1a",
            "messageTitle": "A-JUnit",
            "messageBody": "",
            "tags": [
              "v0.1",
              "A-JUnit"
            ],
            "insertions": 143,
            "deletions": 10
          },
          {
            "hash": "46d1e3c32fa3a23285dea42cedc4a4ef3833b33e",
            "messageTitle": "merge branch-A-JavaDoc",
            "messageBody": "",
            "insertions": 125,
            "deletions": 8
          }
        ]
      },
      {
        "insertions": 1,
        "deletions": 1,
        "date": "2020-01-31",
        "commitResults": [
          {
            "hash": "7e3130ed4974e32dc8ccf257c5ec8c35f9cb218b",
            "messageTitle": "Merge branch-A-Gradle",
            "messageBody": "",
            "insertions": 1,
            "deletions": 1
          }
        ]
      },
      {
        "insertions": 240,
        "deletions": 0,
        "date": "2020-02-04",
        "commitResults": [
          {
            "hash": "d873a275f40a8f9a1a4495c305c893629ccac0e5",
            "messageTitle": "Level-10",
            "messageBody": "",
            "tags": [
              "Level-10"
            ],
            "insertions": 240,
            "deletions": 0
          }
        ]
      },
      {
        "insertions": 166,
        "deletions": 136,
        "date": "2020-02-05",
        "commitResults": [
          {
            "hash": "aea14305c283f7bd4a66db9dcc33aeac1c70f184",
            "messageTitle": "Combine UI with Duke",
            "messageBody": "",
            "tags": [
              "Combine-UI-with-Duke"
            ],
            "insertions": 166,
            "deletions": 136
          }
        ]
      },
      {
        "insertions": 96,
        "deletions": 95,
        "date": "2020-02-10",
        "commitResults": [
          {
            "hash": "8f16643ccc09d06739d229760a3cda1d25388c00",
            "messageTitle": "Generate New Jar File",
            "messageBody": "",
            "insertions": 40,
            "deletions": 34
          },
          {
            "hash": "e7d5762d79bcafadc230f9f67ace8a3a4ac2e7e7",
            "messageTitle": "A-Assertions",
            "messageBody": "",
            "tags": [
              "A-Assertions"
            ],
            "insertions": 10,
            "deletions": 5
          },
          {
            "hash": "b4036bbea3810683c4fa90fbe5dbb26922ef5d51",
            "messageTitle": "A-CodeQuality",
            "messageBody": "",
            "tags": [
              "A-CodeQuality"
            ],
            "insertions": 46,
            "deletions": 56
          }
        ]
      },
      {
        "insertions": 63,
        "deletions": 34,
        "date": "2020-02-12",
        "commitResults": [
          {
            "hash": "c6ffe13d7ff427fa28b9af117b1ff35cfac72792",
            "messageTitle": "C-MassOps",
            "messageBody": "",
            "tags": [
              "C-MassOps"
            ],
            "insertions": 63,
            "deletions": 34
          }
        ]
      },
      {
        "insertions": 5,
        "deletions": 1,
        "date": "2020-02-13",
        "commitResults": [
          {
            "hash": "f7223c97e7a7191c2eefeba4aec837150805aa81",
            "messageTitle": "Add Screenshot",
            "messageBody": "",
            "insertions": 5,
            "deletions": 1
          }
        ]
      },
      {
        "insertions": 27,
        "deletions": 5,
        "date": "2020-02-15",
        "commitResults": [
          {
            "hash": "08dd9fc8f4530069ac43a6a5d830722cf5dcd08b",
            "messageTitle": "Update README.md",
            "messageBody": "",
            "insertions": 12,
            "deletions": 2
          },
          {
            "hash": "cd1014b418aaf92b12112c5daf1bb1a97050e285",
            "messageTitle": "Update README.md",
            "messageBody": "",
            "insertions": 4,
            "deletions": 0
          },
          {
            "hash": "c31d099bc35ea7bb571108708a0f5d3a9914b21b",
            "messageTitle": "Update README.md",
            "messageBody": "",
            "insertions": 11,
            "deletions": 3
          }
        ]
      },
      {
        "insertions": 286,
        "deletions": 90,
        "date": "2020-02-17",
        "commitResults": [
          {
            "hash": "4acef49ae7bc7d1c9400c8a46856149acda5c4f8",
            "messageTitle": "Update README.md",
            "messageBody": "",
            "insertions": 119,
            "deletions": 45
          },
          {
            "hash": "0bba1a6f10dea792f751533aa34791b9c8c38220",
            "messageTitle": "finalize code",
            "messageBody": "",
            "insertions": 44,
            "deletions": 37
          },
          {
            "hash": "cbdcaf68df063235559281833d2a8f097b272728",
            "messageTitle": "Update README.md",
            "messageBody": "",
            "insertions": 123,
            "deletions": 8
          }
        ]
      }
    ]
  },
  "authorFinalContributionMap": {
    "oLiXino": 1380
  },
  "authorFileTypeContributionMap": {
    "oLiXino": {
      "java": 891,
      "md": 245,
      "fxml": 35,
      "sh": 34,
      "bat": 0,
      "gradle": 30,
      "txt": 145
    }
  },
  "authorContributionVariance": {
    "oLiXino": 19350.414
  },
  "authorDisplayNameMap": {
    "oLiXino": "CS2103T-W17- 1 LIAO..IXIN"
  }
}
