{
  "authorDailyContributionsMap": {
    "jeremylow97": [
      {
        "insertions": 228,
        "deletions": 33,
        "date": "2020-01-23",
        "commitResults": [
          {
            "hash": "264bb5164808a017f0bcf3801fac8c8f6961afad",
            "messageTitle": "Level-1",
            "messageBody": "",
            "tags": [
              "Level-1"
            ],
            "insertions": 18,
            "deletions": 6
          },
          {
            "hash": "aee7e88e2bf07ecc0320225621b89b6fb6d00668",
            "messageTitle": "Level-2",
            "messageBody": "",
            "tags": [
              "Level-2"
            ],
            "insertions": 11,
            "deletions": 2
          },
          {
            "hash": "7c0770ae0abf47807d2ad9f29fe0c694dcc9d874",
            "messageTitle": "Level-3",
            "messageBody": "",
            "tags": [
              "Level-3"
            ],
            "insertions": 35,
            "deletions": 5
          },
          {
            "hash": "ec226baa1fc6975590094459317bb94ec27d67c6",
            "messageTitle": "Level-4",
            "messageBody": "",
            "tags": [
              "Level-4"
            ],
            "insertions": 69,
            "deletions": 13
          },
          {
            "hash": "edca57dc66dad2fb70bbcc04bcb44cc913bad017",
            "messageTitle": "A-TextUiTesting",
            "messageBody": "",
            "tags": [
              "A-TextUiTesting"
            ],
            "insertions": 35,
            "deletions": 0
          },
          {
            "hash": "8f7dcbb011af7c8b494285bb355997bac12dcbdf",
            "messageTitle": "Level-5",
            "messageBody": "",
            "tags": [
              "Level-5"
            ],
            "insertions": 48,
            "deletions": 4
          },
          {
            "hash": "36691b4eec45f631609bfb059e47305ec4c0dd94",
            "messageTitle": "Level-6",
            "messageBody": "",
            "tags": [
              "Level-6"
            ],
            "insertions": 12,
            "deletions": 3
          }
        ]
      },
      {
        "insertions": 478,
        "deletions": 168,
        "date": "2020-01-29",
        "commitResults": [
          {
            "hash": "aacbbc71f9318b4d90b36a868ce5d50c59704d72",
            "messageTitle": "edit isDone + Level 7 Branch",
            "messageBody": "",
            "insertions": 84,
            "deletions": 10
          },
          {
            "hash": "f2e6592d4731375d22da78879e7213ff98c53209",
            "messageTitle": "branch-Level-8",
            "messageBody": "",
            "insertions": 6,
            "deletions": 3
          },
          {
            "hash": "0622211b16cb4d30c94cd44ec38f2ce433f370ec",
            "messageTitle": "A-MoreOOP",
            "messageBody": "",
            "tags": [
              "A-MoreOOP"
            ],
            "insertions": 237,
            "deletions": 105
          },
          {
            "hash": "1787977a1014421218354c9b69966a43ed4cc44b",
            "messageTitle": "A-JUnit",
            "messageBody": "",
            "tags": [
              "v0.1",
              "A-JUnit"
            ],
            "insertions": 40,
            "deletions": 0
          },
          {
            "hash": "583829372b2da8dc358dc8885ad5e424a5d138fd",
            "messageTitle": "Added Javadocs",
            "messageBody": "",
            "insertions": 84,
            "deletions": 21
          },
          {
            "hash": "0d523924774bae426854dc35e6e9976767685050",
            "messageTitle": "Formatting",
            "messageBody": "",
            "insertions": 1,
            "deletions": 23
          },
          {
            "hash": "7cc829859acc31d84d87d150393762c94e41fa3b",
            "messageTitle": "Level-9",
            "messageBody": "",
            "insertions": 26,
            "deletions": 3
          },
          {
            "hash": "04c82cfca3355372a6d814ef00e67ba476bd0dee",
            "messageTitle": "no message",
            "messageBody": "",
            "insertions": 0,
            "deletions": 3
          }
        ]
      },
      {
        "insertions": 4,
        "deletions": 10,
        "date": "2020-02-04",
        "commitResults": [
          {
            "hash": "53068dca748fee43fa7f5110dce3848a81792bcc",
            "messageTitle": "some edits and bug fixing",
            "messageBody": "",
            "insertions": 2,
            "deletions": 9
          },
          {
            "hash": "a8df48dace3435c70abfec3b21d0a56c5c975ba2",
            "messageTitle": "no message",
            "messageBody": "",
            "insertions": 2,
            "deletions": 1
          }
        ]
      },
      {
        "insertions": 270,
        "deletions": 42,
        "date": "2020-02-09",
        "commitResults": [
          {
            "hash": "66d1ffba8aa0cb34456fa39b49601d9e42600dff",
            "messageTitle": "no message",
            "messageBody": "",
            "insertions": 252,
            "deletions": 36
          },
          {
            "hash": "99f417d807e62b560f8800894ae112d8bdae25f7",
            "messageTitle": "no message",
            "messageBody": "",
            "insertions": 0,
            "deletions": 1
          },
          {
            "hash": "90da5a97b71a65a4a2f2c768341f6f2b1047a4f4",
            "messageTitle": "Some fixes for exceptions to correctly print",
            "messageBody": "",
            "insertions": 18,
            "deletions": 5
          }
        ]
      },
      {
        "insertions": 94,
        "deletions": 86,
        "date": "2020-02-10",
        "commitResults": [
          {
            "hash": "1659294f65ed17c134df6eea231b5f94a1f6df93",
            "messageTitle": "no message",
            "messageBody": "",
            "tags": [
              "A-Assertions"
            ],
            "insertions": 5,
            "deletions": 2
          },
          {
            "hash": "ad4f4677d7b93186a3660a9cd73e68d4620d54f5",
            "messageTitle": "no message",
            "messageBody": "",
            "insertions": 83,
            "deletions": 83
          },
          {
            "hash": "a132f2d927b8d60e89ac01392b9ba8d2e2c6853a",
            "messageTitle": "no message",
            "messageBody": "",
            "insertions": 6,
            "deletions": 1
          }
        ]
      },
      {
        "insertions": 281,
        "deletions": 132,
        "date": "2020-02-12",
        "commitResults": [
          {
            "hash": "5cf773725c01a9b5ec97ffc00aa2eae7fa5c7e34",
            "messageTitle": "Refactoring for Code Quality",
            "messageBody": "",
            "insertions": 245,
            "deletions": 123
          },
          {
            "hash": "f5f3c3d2f3a9947040ea64ef39f52fe568393db4",
            "messageTitle": "A-CodeQuality",
            "messageBody": "",
            "tags": [
              "A-CodeQuality"
            ],
            "insertions": 0,
            "deletions": 2
          },
          {
            "hash": "d35d7b2fa416510af0f3d4c30f10abf978ed2970",
            "messageTitle": "no message",
            "messageBody": "",
            "tags": [
              "C-Sort"
            ],
            "insertions": 36,
            "deletions": 7
          }
        ]
      },
      {
        "insertions": 67,
        "deletions": 45,
        "date": "2020-02-24",
        "commitResults": [
          {
            "hash": "4c1b646816ab2f4eb27c18bf77c5b2bb3e46e2ec",
            "messageTitle": "Code Refactoring",
            "messageBody": "",
            "insertions": 67,
            "deletions": 45
          }
        ]
      },
      {
        "insertions": 231,
        "deletions": 164,
        "date": "2020-02-25",
        "commitResults": [
          {
            "hash": "317f99481562a4949c2e568b3f6e2da984b54ce0",
            "messageTitle": "Refactoring and CodeStyle changes",
            "messageBody": "",
            "insertions": 231,
            "deletions": 164
          }
        ]
      },
      {
        "insertions": 129,
        "deletions": 10,
        "date": "2020-03-02",
        "commitResults": [
          {
            "hash": "58981d53c3a77e95a454e7be34945ccacb63622d",
            "messageTitle": "README updates",
            "messageBody": "",
            "insertions": 129,
            "deletions": 10
          }
        ]
      }
    ]
  },
  "authorFinalContributionMap": {
    "jeremylow97": 1144
  },
  "authorFileTypeContributionMap": {
    "jeremylow97": {
      "java": 896,
      "md": 131,
      "fxml": 39,
      "sh": 34,
      "bat": 0,
      "gradle": 38,
      "txt": 6
    }
  },
  "authorContributionVariance": {
    "jeremylow97": 17032.406
  },
  "authorDisplayNameMap": {
    "jeremylow97": "CS2103T-F11- 1 LOW ..XIAN"
  }
}
