{
  "authorDailyContributionsMap": {
    "yjskrs": [
      {
        "insertions": 323,
        "deletions": 38,
        "date": "2020-01-23",
        "commitResults": [
          {
            "hash": "b872d3be41da19cb3aef8e8c5831cfa8332f1be9",
            "messageTitle": "modify build.gradle file main class name",
            "messageBody": "",
            "insertions": 1,
            "deletions": 1
          },
          {
            "hash": "370b6dd627a0d81a0f2bdbb6798d8906c52da958",
            "messageTitle": "add greet, echo, exit for level 1",
            "messageBody": "",
            "tags": [
              "Level-1"
            ],
            "insertions": 31,
            "deletions": 1
          },
          {
            "hash": "9b2d042a401eb433b0f26f0e954514a36bcffbe6",
            "messageTitle": "add basic skeleton for tasklist class",
            "messageBody": "",
            "insertions": 23,
            "deletions": 0
          },
          {
            "hash": "8419fcd1f8960ed965d4792f7f26409be788323b",
            "messageTitle": "modify skeleton for tasklist class",
            "messageBody": "",
            "insertions": 12,
            "deletions": 2
          },
          {
            "hash": "2afe7ad86885f7557f9f60350dffd2c9022f1a7c",
            "messageTitle": "fix typo in tasklist class",
            "messageBody": "",
            "insertions": 1,
            "deletions": 1
          },
          {
            "hash": "6c299326ee5467604dd138b619b10d2a186106d8",
            "messageTitle": "fix formatting issues in tasklist class",
            "messageBody": "",
            "tags": [
              "A-Collections"
            ],
            "insertions": 6,
            "deletions": 2
          },
          {
            "hash": "f0672c5bf7b54c35bfcc4e95ba22b06c851411fe",
            "messageTitle": "add add, list for level 2",
            "messageBody": "",
            "tags": [
              "Level-2"
            ],
            "insertions": 25,
            "deletions": 10
          },
          {
            "hash": "aa5c743882c20a8cebca12efa61a9877e849111d",
            "messageTitle": "add task class to facilitate grouping of information with each task (e.g. whether the task is done)",
            "messageBody": "",
            "insertions": 37,
            "deletions": 8
          },
          {
            "hash": "4b60aa0b32947415910a472b6ab85f99faa0a330",
            "messageTitle": "complete basic task class",
            "messageBody": "",
            "tags": [
              "A-Classes"
            ],
            "insertions": 8,
            "deletions": 0
          },
          {
            "hash": "013df67c350256a09e9e4c192b59c4b7cd9942c2",
            "messageTitle": "add do and undo task methods to tasklist",
            "messageBody": "",
            "insertions": 22,
            "deletions": 0
          },
          {
            "hash": "c187a62ccca2c5424987745d8a17905906597502",
            "messageTitle": "add mark as done for level 3",
            "messageBody": "",
            "tags": [
              "Level-3"
            ],
            "insertions": 5,
            "deletions": 1
          },
          {
            "hash": "6c2e4ebd82bde13b9f20ffa2582a9f4cbf9dd385",
            "messageTitle": "add todo, deadline, event classes",
            "messageBody": "",
            "tags": [
              "A-Inheritance"
            ],
            "insertions": 44,
            "deletions": 1
          },
          {
            "hash": "02649777ead93b1a6f1ed99c6c585f7a3dcad38d",
            "messageTitle": "add todos, events, deadlines",
            "messageBody": "",
            "tags": [
              "Level-4"
            ],
            "insertions": 35,
            "deletions": 4
          },
          {
            "hash": "feab78d75dfab1dd78684986594cd9ffe0146fcc",
            "messageTitle": "add ui test file",
            "messageBody": "",
            "tags": [
              "A-TextUiTesting"
            ],
            "insertions": 34,
            "deletions": 0
          },
          {
            "hash": "16b7da0f54ea5cb50924ccd6ec0a9017d26ce733",
            "messageTitle": "add error messages in main for incorrect input",
            "messageBody": "",
            "tags": [
              "Level-5"
            ],
            "insertions": 20,
            "deletions": 6
          },
          {
            "hash": "a08dec909a9704708cc998bf4366e6f5f556ebdc",
            "messageTitle": "add support for delete via task number",
            "messageBody": "",
            "tags": [
              "Level-6"
            ],
            "insertions": 19,
            "deletions": 1
          }
        ]
      },
      {
        "insertions": 905,
        "deletions": 203,
        "date": "2020-01-30",
        "commitResults": [
          {
            "hash": "94f7a6fa998eb998b69ae5f7512edd240f035dd0",
            "messageTitle": "fix minor typo in Todo class",
            "messageBody": "",
            "insertions": 1,
            "deletions": 1
          },
          {
            "hash": "41cacf1eecf24b578f3d371c559eae6837753526",
            "messageTitle": "add format function to Task and its child classes for saving tasks to file",
            "messageBody": "",
            "insertions": 35,
            "deletions": 0
          },
          {
            "hash": "e83a3a9dfc30e78196a2d8d93872f7e9b2500db7",
            "messageTitle": "allow saving data to file",
            "messageBody": "",
            "insertions": 54,
            "deletions": 8
          },
          {
            "hash": "847c2f1e141d82e81dad5e9f66013fe456014b99",
            "messageTitle": "allow adding tasks with isDone status",
            "messageBody": "",
            "insertions": 52,
            "deletions": 0
          },
          {
            "hash": "bceb97441d4d5da656dca7fb51d50df31a8241a4",
            "messageTitle": "try allowing read file contents on start up but contents of file gets erased for some reason when reading",
            "messageBody": "",
            "tags": [
              "Level-7"
            ],
            "insertions": 45,
            "deletions": 33
          },
          {
            "hash": "669fede8f5f423373fa80fb33de74537892ec6f6",
            "messageTitle": "allow understanding date and time",
            "messageBody": "",
            "insertions": 9,
            "deletions": 3
          },
          {
            "hash": "fc4ecb86a405a02168eee5222ffba23d36b4b022",
            "messageTitle": "apply date time change to Deadline class after merger",
            "messageBody": "",
            "tags": [
              "Level-8"
            ],
            "insertions": 1,
            "deletions": 1
          },
          {
            "hash": "fc2530d824fce0763819cc01e79de20bece5ef0c",
            "messageTitle": "try restructuring code with more OOP",
            "messageBody": "",
            "tags": [
              "A-Enums"
            ],
            "insertions": 175,
            "deletions": 157
          },
          {
            "hash": "498d463c6172577860a1e7462d425ba44b46bfc5",
            "messageTitle": "shift backup files to backup/",
            "messageBody": "",
            "insertions": 533,
            "deletions": 0
          }
        ]
      },
      {
        "insertions": 252,
        "deletions": 168,
        "date": "2020-01-31",
        "commitResults": [
          {
            "hash": "5cda419ab7ccc89b8142a65fed41c1717cfcaf28",
            "messageTitle": "fix bug in loading tasks from data file",
            "messageBody": "",
            "insertions": 53,
            "deletions": 32
          },
          {
            "hash": "3c95a16067c696d1d387b9076349c7b38da2d601",
            "messageTitle": "move io output to ui component",
            "messageBody": "",
            "tags": [
              "A-MoreOOP"
            ],
            "insertions": 15,
            "deletions": 42
          },
          {
            "hash": "2bde3df1e992767bc36ed0b50d3ba21dab678227",
            "messageTitle": "add simple JUnit test",
            "messageBody": "",
            "tags": [
              "A-JUnit"
            ],
            "insertions": 26,
            "deletions": 1
          },
          {
            "hash": "e9bed3e3529568f78840c86c2cd3d4337804379c",
            "messageTitle": "add dependencies for shadowjar",
            "messageBody": "",
            "tags": [
              "v0.1",
              "A-Jar"
            ],
            "insertions": 7,
            "deletions": 0
          },
          {
            "hash": "d4e22560c7fe5b91f706648db6512df0451a892e",
            "messageTitle": "fix messages printed for each user action",
            "messageBody": "",
            "insertions": 74,
            "deletions": 44
          },
          {
            "hash": "4365d55ae9ce98c6466da583e0429a7bdec39443",
            "messageTitle": "clean up some code",
            "messageBody": "",
            "insertions": 42,
            "deletions": 48
          },
          {
            "hash": "4e65e2a30f0d6c2ad40af03863431e2283939326",
            "messageTitle": "add goodbye message when closing program",
            "messageBody": "",
            "insertions": 11,
            "deletions": 0
          },
          {
            "hash": "d962e6b3088febf7100c5d0be84be10f70bdaabc",
            "messageTitle": "shift files into package",
            "messageBody": "",
            "tags": [
              "A-Packages"
            ],
            "insertions": 24,
            "deletions": 1
          }
        ]
      },
      {
        "insertions": 881,
        "deletions": 360,
        "date": "2020-02-01",
        "commitResults": [
          {
            "hash": "e0c64ea87dc0935ca519b60620e9aa1bd8a1fd82",
            "messageTitle": "Restructure code and clean up and shift old code to backup folder",
            "messageBody": "",
            "insertions": 661,
            "deletions": 290
          },
          {
            "hash": "03316742ba152ad47bd0543d6bd2619c75576359",
            "messageTitle": "Fix parts of code (print formatting, save to file formatting) broken due to restructuring",
            "messageBody": "",
            "insertions": 31,
            "deletions": 4
          },
          {
            "hash": "bfe966e11f06573cab325a9afdc5cc05c3ccf78d",
            "messageTitle": "Change Task format method access modifier",
            "messageBody": "",
            "insertions": 1,
            "deletions": 1
          },
          {
            "hash": "5d4d1b115e2585937fb46a6f90a74b80e251319b",
            "messageTitle": "Fix JUnit test",
            "messageBody": "",
            "insertions": 23,
            "deletions": 17
          },
          {
            "hash": "2daea8e921a1e2406ae071a315e59c5a86a665d0",
            "messageTitle": "Add JavaDocs to files",
            "messageBody": "",
            "tags": [
              "A-JavaDoc"
            ],
            "insertions": 140,
            "deletions": 27
          },
          {
            "hash": "61856aa162cd3ff15cc5864918297e1c01efd929",
            "messageTitle": "Try to make improvements in following coding standard",
            "messageBody": "",
            "tags": [
              "A-CodingStandard"
            ],
            "insertions": 25,
            "deletions": 21
          }
        ]
      },
      {
        "insertions": 555,
        "deletions": 75,
        "date": "2020-02-02",
        "commitResults": [
          {
            "hash": "24713e2963c2aa56394382cfb5a5b3305e1acb9c",
            "messageTitle": "Implement findTask function to search for tasks with matching names",
            "messageBody": "",
            "tags": [
              "Level-9"
            ],
            "insertions": 33,
            "deletions": 13
          },
          {
            "hash": "715a1e361748e25d963b3049b085407bfccfe750",
            "messageTitle": "Fix bug with finding non-existent task entry",
            "messageBody": "",
            "insertions": 3,
            "deletions": 0
          },
          {
            "hash": "ecc881313d9d86ae5845ddc0c9d25d0264355e6c",
            "messageTitle": "Complete JavaFX Tutorial Part 4",
            "messageBody": "",
            "insertions": 386,
            "deletions": 1
          },
          {
            "hash": "120bebb01f3c86dfe5794d0955a5118833421519",
            "messageTitle": "Change JavaFX API version to 11 to stop warning message about using JavaFX API of version 11.0.1 against JavaFX runtime version 11",
            "messageBody": "",
            "insertions": 1,
            "deletions": 1
          },
          {
            "hash": "b19b1a8ae8b331b142e5bb0f602f7a8e831a9bf7",
            "messageTitle": "Add some formatting to dialog box",
            "messageBody": "",
            "insertions": 10,
            "deletions": 0
          },
          {
            "hash": "c8cdf8ecc158e6d1f8e9ac5cf1fd12766e7ee403",
            "messageTitle": "Add JavaDocs for TaskList class",
            "messageBody": "",
            "insertions": 60,
            "deletions": 8
          },
          {
            "hash": "ace29378c9d2d08f1c2fd3a306deda2b28dc5902",
            "messageTitle": "Include checkstyle in Gradle build file and make changes to clear checkstyle",
            "messageBody": "",
            "tags": [
              "A-CheckStyle"
            ],
            "insertions": 27,
            "deletions": 22
          },
          {
            "hash": "adc5fdd53eca5d0941e937043415aefe23a6802b",
            "messageTitle": "Change JavaFX API version to 11 to stop warning message about using JavaFX API of version 11.0.1 against JavaFX runtime version 11",
            "messageBody": "",
            "insertions": 18,
            "deletions": 18
          },
          {
            "hash": "2cc2255a129c6cc371ed6f21cdee402f4007fee3",
            "messageTitle": "Implementing basic GUI with JavaFX on Duke",
            "messageBody": "",
            "tags": [
              "Level-10"
            ],
            "insertions": 17,
            "deletions": 12
          }
        ]
      },
      {
        "insertions": 54,
        "deletions": 1047,
        "date": "2020-02-03",
        "commitResults": [
          {
            "hash": "8a7c9450948b629ea13bffeb3c8c36ca06f56227",
            "messageTitle": "Delete old files from backup",
            "messageBody": "",
            "insertions": 0,
            "deletions": 121
          },
          {
            "hash": "c7499011888aa0c2ed2beab9d7b31530821a634a",
            "messageTitle": "Modify text-ui-test files",
            "messageBody": "",
            "insertions": 54,
            "deletions": 33
          },
          {
            "hash": "4cb355bfdc075a2df064c00c11c632c5302932fe",
            "messageTitle": "Remove more backup files",
            "messageBody": "",
            "insertions": 0,
            "deletions": 893
          }
        ]
      },
      {
        "insertions": 13,
        "deletions": 182,
        "date": "2020-02-10",
        "commitResults": [
          {
            "hash": "1abc090ac4a110e49b1c74b20f55535a99c0e16b",
            "messageTitle": "Fix bye command to work with GUI version",
            "messageBody": "",
            "insertions": 13,
            "deletions": 117
          },
          {
            "hash": "a075843f5531bd25f48fa8fd72f2d9e1e787161b",
            "messageTitle": "Clean up commented code",
            "messageBody": "",
            "insertions": 0,
            "deletions": 65
          }
        ]
      },
      {
        "insertions": 112,
        "deletions": 60,
        "date": "2020-02-13",
        "commitResults": [
          {
            "hash": "90198079ee1f0e4de44ecdede155223e2735e7d0",
            "messageTitle": "Add assertions",
            "messageBody": "",
            "insertions": 4,
            "deletions": 0
          },
          {
            "hash": "8c21e608e22f6144ba696eeefc47c7213a8c6c7f",
            "messageTitle": "Add an extension to present a help list when user enters [help]",
            "messageBody": "",
            "insertions": 15,
            "deletions": 1
          },
          {
            "hash": "a2c5138ae713d72a6c9f355d85b2402f0a16205c",
            "messageTitle": "Remove helper create methods for task classes",
            "messageBody": "",
            "insertions": 53,
            "deletions": 33
          },
          {
            "hash": "321e9e53062adce1816d740c546a94432105cb34",
            "messageTitle": "Refactor getting tasks in each individual methond in TaskList into a getTask method",
            "messageBody": "",
            "insertions": 33,
            "deletions": 21
          },
          {
            "hash": "81679dde3a97150b2a03ad82aef40b77d6e89a75",
            "messageTitle": "Refactor newline into a constant",
            "messageBody": "",
            "insertions": 7,
            "deletions": 5
          }
        ]
      }
    ]
  },
  "authorFinalContributionMap": {
    "yjskrs": 974
  },
  "authorFileTypeContributionMap": {
    "yjskrs": {
      "java": 846,
      "md": 0,
      "fxml": 35,
      "sh": 34,
      "bat": 21,
      "gradle": 38,
      "txt": 0
    }
  },
  "authorContributionVariance": {
    "yjskrs": 121782.9
  },
  "authorDisplayNameMap": {
    "yjskrs": "CS2103T-F09- 3 ZHU ..IJIE"
  }
}
