{
  "authorDailyContributionsMap": {
    "shanecsj": [
      {
        "insertions": 73,
        "deletions": 16,
        "date": "2020-01-22",
        "commitResults": [
          {
            "hash": "20cd90a5e43e129412ec6a6d6fa2ebb3f641454e",
            "messageTitle": "Level-1",
            "messageBody": "",
            "fileTypesAndContributionMap": {
              "java": {
                "insertions": 22,
                "deletions": 0
              }
            }
          },
          {
            "hash": "106db14ad3e9b1bfc3d5f1a89c327e4e81096f24",
            "messageTitle": "Level 1 completed",
            "messageBody": "",
            "fileTypesAndContributionMap": {
              "java": {
                "insertions": 1,
                "deletions": 2
              }
            }
          },
          {
            "hash": "a81a3513717d3325500ccbc6d8f4a9c70eecd25a",
            "messageTitle": "Level 1 completed",
            "messageBody": "",
            "tags": [
              "Level-1"
            ],
            "fileTypesAndContributionMap": {
              "java": {
                "insertions": 2,
                "deletions": 2
              }
            }
          },
          {
            "hash": "622b973273c0a8ed8450a7a528cf8fe1abc75576",
            "messageTitle": "Level 2 test",
            "messageBody": "",
            "fileTypesAndContributionMap": {
              "java": {
                "insertions": 32,
                "deletions": 8
              }
            }
          },
          {
            "hash": "6a602cafe4103f682d2553acbb6b31fc3a92153a",
            "messageTitle": "Level 2 completed",
            "messageBody": "",
            "tags": [
              "Level-2"
            ],
            "fileTypesAndContributionMap": {
              "java": {
                "insertions": 16,
                "deletions": 4
              }
            }
          }
        ]
      },
      {
        "insertions": 313,
        "deletions": 72,
        "date": "2020-01-23",
        "commitResults": [
          {
            "hash": "2835d2a5a4b522f84ac7356c4c681950003b5d82",
            "messageTitle": "Level 3 completed",
            "messageBody": "",
            "tags": [
              "Level-3"
            ],
            "fileTypesAndContributionMap": {
              "java": {
                "insertions": 27,
                "deletions": 2
              }
            }
          },
          {
            "hash": "55ae31be3859baede377fef60565c7ad65218d3f",
            "messageTitle": "Level 4 completed",
            "messageBody": "",
            "tags": [
              "Level-4"
            ],
            "fileTypesAndContributionMap": {
              "java": {
                "insertions": 74,
                "deletions": 10
              }
            }
          },
          {
            "hash": "d8fe2434b5a51c0651e2c524873c8f1eb726fd82",
            "messageTitle": "A-TextUiTesting",
            "messageBody": "",
            "tags": [
              "A-TextUiTesting"
            ],
            "fileTypesAndContributionMap": {
              "txt": {
                "insertions": 54,
                "deletions": 0
              },
              "java": {
                "insertions": 4,
                "deletions": 3
              },
              "bat": {
                "insertions": 21,
                "deletions": 0
              }
            }
          },
          {
            "hash": "9826979a4ecd2dbb0c2bc7f55f0cf0b4598edb4c",
            "messageTitle": "Level-5 completed",
            "messageBody": "",
            "fileTypesAndContributionMap": {
              "java": {
                "insertions": 77,
                "deletions": 35
              }
            }
          },
          {
            "hash": "a0586e65ded4cb4cba7dfa93efeec67088fc8542",
            "messageTitle": "Level-6 completed",
            "messageBody": "",
            "fileTypesAndContributionMap": {
              "java": {
                "insertions": 14,
                "deletions": 0
              }
            }
          },
          {
            "hash": "33d065df669043b3ae31d28bfcc487d21825cdfe",
            "messageTitle": "Added task count statement after successful deletion of task",
            "messageBody": "",
            "fileTypesAndContributionMap": {
              "java": {
                "insertions": 2,
                "deletions": 0
              }
            }
          },
          {
            "hash": "4b28ae5f8e5240970d95f897dca71abf12c817fe",
            "messageTitle": "Level-5 completed",
            "messageBody": "",
            "tags": [
              "Level-5"
            ],
            "fileTypesAndContributionMap": {
              "java": {
                "insertions": 20,
                "deletions": 22
              }
            }
          },
          {
            "hash": "bbc0c1dc09d4fc659bdea5233f59779b20bcb62d",
            "messageTitle": "Level-6 completed",
            "messageBody": "",
            "tags": [
              "Level-6"
            ],
            "fileTypesAndContributionMap": {
              "java": {
                "insertions": 20,
                "deletions": 0
              }
            }
          }
        ]
      },
      {
        "insertions": 84,
        "deletions": 9,
        "date": "2020-01-29",
        "commitResults": [
          {
            "hash": "00b145ccadb5cac0a3d05774aa19fef4c7c81f42",
            "messageTitle": "Level-7 completed",
            "messageBody": "",
            "fileTypesAndContributionMap": {
              "txt": {
                "insertions": 3,
                "deletions": 0
              },
              "java": {
                "insertions": 76,
                "deletions": 4
              }
            }
          },
          {
            "hash": "88c103a0d9b2c45b05dda584283fffea25b219f9",
            "messageTitle": "Level-7 completed",
            "messageBody": "Changed tick and crosses to \u0027O\u0027 and \u0027X\u0027 respectively to counter Unicode issues.\n",
            "tags": [
              "Level-7"
            ],
            "fileTypesAndContributionMap": {
              "txt": {
                "insertions": 3,
                "deletions": 3
              },
              "java": {
                "insertions": 2,
                "deletions": 2
              }
            }
          }
        ]
      },
      {
        "insertions": 678,
        "deletions": 279,
        "date": "2020-01-30",
        "commitResults": [
          {
            "hash": "750b5979631ec1a27b082517a467d748c143302c",
            "messageTitle": "Level-8 completed",
            "messageBody": "- Implemented LocalDate class for Deadline and Event.\n- Changed tick and crosses to \u0027O\u0027 and \u0027X\u0027 to counter Unicode issues.\n",
            "fileTypesAndContributionMap": {
              "java": {
                "insertions": 40,
                "deletions": 13
              }
            }
          },
          {
            "hash": "5d5a731a3d1b6d5432e9fe433e02309583e31663",
            "messageTitle": "Removed content from duke.txt",
            "messageBody": "- Previous testing of duke.txt conflicts with the features in Level-8\n",
            "tags": [
              "Level-8"
            ],
            "fileTypesAndContributionMap": {
              "txt": {
                "insertions": 0,
                "deletions": 3
              }
            }
          },
          {
            "hash": "14df8b23bf2aa71dc7045cf87ef7bf2ed90880a9",
            "messageTitle": "A-MoreOOP",
            "messageBody": "Added Parser, Storage, TaskList and Ui classes.\n",
            "tags": [
              "A-MoreOOP"
            ],
            "fileTypesAndContributionMap": {
              "txt": {
                "insertions": 0,
                "deletions": 0
              },
              "java": {
                "insertions": 314,
                "deletions": 231
              }
            }
          },
          {
            "hash": "df139c3a3a106bee557d3abef7d02ea17fd213e1",
            "messageTitle": "A-JUnit completed",
            "messageBody": "",
            "tags": [
              "A-JUnit"
            ],
            "fileTypesAndContributionMap": {
              "java": {
                "insertions": 45,
                "deletions": 1
              }
            }
          },
          {
            "hash": "16e6d9c2f29b5b3aefe5313bde1f0c0eb975fa5a",
            "messageTitle": "A-Package",
            "messageBody": "Packaged files into duke.task and duke.exception\n",
            "tags": [
              "v0.1",
              "A-Packages"
            ],
            "fileTypesAndContributionMap": {
              "java": {
                "insertions": 26,
                "deletions": 1
              }
            }
          },
          {
            "hash": "f886e932e233de61f3b1b41f39e7c840ff21f892",
            "messageTitle": "Shifted \u0027data\u0027 directory",
            "messageBody": "Shifted \u0027data\u0027 directory into \u0027java\u0027 directory.\n",
            "fileTypesAndContributionMap": {
              "txt": {
                "insertions": 1,
                "deletions": 0
              },
              "java": {
                "insertions": 1,
                "deletions": 1
              }
            }
          },
          {
            "hash": "75f724de72e13ba4f684e8dd573f73d531a2e1d6",
            "messageTitle": "A-JavaDoc completed.",
            "messageBody": "Added JavaDocs to every file.\n",
            "tags": [
              "A-JavaDocs"
            ],
            "fileTypesAndContributionMap": {
              "java": {
                "insertions": 183,
                "deletions": 9
              }
            }
          },
          {
            "hash": "ebcd5fcf0f97c02d0e4732d3e1625158839bc5e7",
            "messageTitle": "A-CodingStandard completed.",
            "messageBody": "",
            "fileTypesAndContributionMap": {
              "java": {
                "insertions": 14,
                "deletions": 7
              }
            }
          },
          {
            "hash": "7ed9e2dba18f14f8eba2f821b85617f5646ca616",
            "messageTitle": "Level-9 completed",
            "messageBody": "",
            "fileTypesAndContributionMap": {
              "txt": {
                "insertions": 0,
                "deletions": 1
              },
              "java": {
                "insertions": 42,
                "deletions": 0
              }
            }
          },
          {
            "hash": "42d8827ab0a3970ad6d5ae2c70453f94d076b611",
            "messageTitle": "A-CodingStandard",
            "messageBody": "Updated TaskList.java\n",
            "fileTypesAndContributionMap": {
              "java": {
                "insertions": 10,
                "deletions": 10
              }
            }
          },
          {
            "hash": "ab6757191255bd3af6b2d02277a8717cce8f2d68",
            "messageTitle": "Merge conflict from Level-9 resolved",
            "messageBody": "Fixed variable name conflict.\n",
            "tags": [
              "Level-9"
            ],
            "fileTypesAndContributionMap": {
              "java": {
                "insertions": 2,
                "deletions": 2
              }
            }
          }
        ]
      },
      {
        "insertions": 465,
        "deletions": 18,
        "date": "2020-02-06",
        "commitResults": [
          {
            "hash": "b573ba4f7047dfae7b02c4e262de71a2d8f49f76",
            "messageTitle": "Uploaded Java class files",
            "messageBody": "",
            "fileTypesAndContributionMap": {
              "txt": {
                "insertions": 2,
                "deletions": 0
              }
            }
          },
          {
            "hash": "562f4b88da4b11619744eae84c4a3137d7819ff8",
            "messageTitle": "A-Gradle completed",
            "messageBody": "",
            "tags": [
              "A-Jar",
              "A-Gradle"
            ],
            "fileTypesAndContributionMap": {
              "gradle": {
                "insertions": 34,
                "deletions": 0
              },
              "txt": {
                "insertions": 0,
                "deletions": 2
              },
              "java": {
                "insertions": 1,
                "deletions": 1
              },
              "bat": {
                "insertions": 84,
                "deletions": 0
              }
            }
          },
          {
            "hash": "9421ef7f4ca4a17f59d5083f379ea444c4178edd",
            "messageTitle": "Level-10 completed",
            "messageBody": "",
            "fileTypesAndContributionMap": {
              "gradle": {
                "insertions": 6,
                "deletions": 0
              },
              "fxml": {
                "insertions": 35,
                "deletions": 0
              },
              "java": {
                "insertions": 284,
                "deletions": 1
              }
            }
          },
          {
            "hash": "ab787534b2a78e1c6888a31321003744457f67e8",
            "messageTitle": "A-Checkstyle completed",
            "messageBody": "",
            "tags": [
              "A-CheckStyle"
            ],
            "fileTypesAndContributionMap": {
              "txt": {
                "insertions": 0,
                "deletions": 0
              },
              "java": {
                "insertions": 19,
                "deletions": 14
              }
            }
          }
        ]
      },
      {
        "insertions": 110,
        "deletions": 51,
        "date": "2020-02-13",
        "commitResults": [
          {
            "hash": "e9fdc75cb2e70aa3a023711c7718f1692aaf9c77",
            "messageTitle": "A-Assertions completed",
            "messageBody": "",
            "fileTypesAndContributionMap": {
              "java": {
                "insertions": 2,
                "deletions": 0
              }
            }
          },
          {
            "hash": "5c44dea17f478bc93c967b0b7184851da59daa2b",
            "messageTitle": "Revert \"A-Assertions completed\"",
            "messageBody": "This reverts commit e9fdc75cb2e70aa3a023711c7718f1692aaf9c77.\n",
            "fileTypesAndContributionMap": {
              "java": {
                "insertions": 0,
                "deletions": 2
              }
            }
          },
          {
            "hash": "2301ed30ae62210fe99f91be7457382ddfdc9af1",
            "messageTitle": "A-Assertions completed",
            "messageBody": "",
            "fileTypesAndContributionMap": {
              "java": {
                "insertions": 2,
                "deletions": 0
              }
            }
          },
          {
            "hash": "9959c51da8a5f5e1e69b3bf482d7cd2123aabddd",
            "messageTitle": "A-CodeQuality completed",
            "messageBody": "",
            "tags": [
              "A-CodeQuality"
            ],
            "fileTypesAndContributionMap": {
              "txt": {
                "insertions": 0,
                "deletions": 0
              },
              "java": {
                "insertions": 65,
                "deletions": 40
              }
            }
          },
          {
            "hash": "1f5ea044484eb144a3ba57d7c35d410d602b0cdc",
            "messageTitle": "C-DetectDuplicates completed",
            "messageBody": "",
            "fileTypesAndContributionMap": {
              "java": {
                "insertions": 41,
                "deletions": 9
              }
            }
          }
        ]
      },
      {
        "insertions": 117,
        "deletions": 117,
        "date": "2020-02-21",
        "commitResults": [
          {
            "hash": "1bd6c50718416c5a162467bc4506e50c4f5a884b",
            "messageTitle": "Implemented Duke with GUI",
            "messageBody": "",
            "fileTypesAndContributionMap": {
              "gradle": {
                "insertions": 29,
                "deletions": 13
              },
              "java": {
                "insertions": 88,
                "deletions": 104
              }
            }
          }
        ]
      },
      {
        "insertions": 142,
        "deletions": 206,
        "date": "2020-02-25",
        "commitResults": [
          {
            "hash": "32e4e7309bc48f44738921105157773be195c200",
            "messageTitle": "Finalised JavaFX with Duke",
            "messageBody": "",
            "fileTypesAndContributionMap": {
              "java": {
                "insertions": 69,
                "deletions": 196
              }
            }
          },
          {
            "hash": "89795cde73df324a225055f89bc95aaf357b267a",
            "messageTitle": "A-UserGuide completed",
            "messageBody": "",
            "tags": [
              "A-UserGuide"
            ],
            "fileTypesAndContributionMap": {
              "md": {
                "insertions": 72,
                "deletions": 9
              }
            }
          },
          {
            "hash": "726391d8da7472156edfc548188cbbd9b19c1edc",
            "messageTitle": "Corrected file path",
            "messageBody": "",
            "fileTypesAndContributionMap": {
              "txt": {
                "insertions": 0,
                "deletions": 0
              },
              "java": {
                "insertions": 1,
                "deletions": 1
              }
            }
          }
        ]
      }
    ]
  },
  "authorFinalContributionMap": {
    "shanecsj": 1233
  },
  "authorFileTypeContributionMap": {
    "shanecsj": {
      "java": 911,
      "md": 72,
      "fxml": 35,
      "sh": 0,
      "bat": 105,
      "gradle": 56,
      "txt": 54
    }
  },
  "authorContributionVariance": {
    "shanecsj": 30541.795
  },
  "authorDisplayNameMap": {
    "shanecsj": "CS2103T-F11- 4 CHAN.. JIE"
  }
}
