{
  "authorDailyContributionsMap": {
    "ljiazh3ng": [
      {
        "insertions": 227,
        "deletions": 42,
        "date": "2020-01-22",
        "commitResults": [
          {
            "hash": "180db52eff05e91ad4f8a0194a1092de07ff7b0b",
            "messageTitle": "Finish setting up gradle with Checkstyle, Jar and dependencies",
            "messageBody": "",
            "insertions": 36,
            "deletions": 1
          },
          {
            "hash": "d9e1c0c2edd8bb324d81f3073bec301763718051",
            "messageTitle": "Level-1, Greet, Echo, Exit of JayZ-Bot",
            "messageBody": "",
            "tags": [
              "Level-1"
            ],
            "insertions": 69,
            "deletions": 1
          },
          {
            "hash": "d9bac1238cc778139feb7f702cbcdfbef70a7a79",
            "messageTitle": "Formatted Welcome message",
            "messageBody": "",
            "insertions": 1,
            "deletions": 1
          },
          {
            "hash": "6df575317b280daf55cb4c2b571915ffc6b2e23c",
            "messageTitle": "Level-2, Add and list",
            "messageBody": "",
            "tags": [
              "Level-2"
            ],
            "insertions": 36,
            "deletions": 3
          },
          {
            "hash": "7f240c3bd97cbbb5e7d70ab169aa2b57f839e7a6",
            "messageTitle": "Added the function to mark tasks as completed. Added Task class and moved all the relevant functions to that class",
            "messageBody": "",
            "tags": [
              "Level-3"
            ],
            "insertions": 85,
            "deletions": 36
          }
        ]
      },
      {
        "insertions": 355,
        "deletions": 66,
        "date": "2020-01-23",
        "commitResults": [
          {
            "hash": "5b74a895714e1121fc9907b7433309187a95ced1",
            "messageTitle": "level 4 - Todo, events, Deadline + Task tracker class",
            "messageBody": "",
            "tags": [
              "Level-4"
            ],
            "insertions": 216,
            "deletions": 59
          },
          {
            "hash": "29573d404585ac38d50be49dd49d503f62110e1a",
            "messageTitle": "TEXT-UI-TEST",
            "messageBody": "",
            "insertions": 82,
            "deletions": 0
          },
          {
            "hash": "998512f6d82ce3849bbc9b77f694b9d6f3325635",
            "messageTitle": "Level-5 Handle Errors",
            "messageBody": "",
            "tags": [
              "Level-5"
            ],
            "insertions": 22,
            "deletions": 5
          },
          {
            "hash": "0e78e2f2e72086659c1f5ad641e598796c74df08",
            "messageTitle": "Level-6 Delete",
            "messageBody": "",
            "tags": [
              "Level-6"
            ],
            "insertions": 35,
            "deletions": 2
          }
        ]
      },
      {
        "insertions": 306,
        "deletions": 150,
        "date": "2020-01-28",
        "commitResults": [
          {
            "hash": "4bb7b65e18b77af44ca3c70db7ffd903dca51232",
            "messageTitle": "Ammended JayZ.java back to Duke.java to ensure that the grading script runs smoothly",
            "messageBody": "",
            "insertions": 120,
            "deletions": 135
          },
          {
            "hash": "dc7d5c9814227997a8b0626d3ce57f6b4cbbabf4",
            "messageTitle": "Added DukeException",
            "messageBody": "",
            "tags": [
              "duke.0.1"
            ],
            "insertions": 17,
            "deletions": 7
          },
          {
            "hash": "7671125c150a708ea30526d88b1a92ec505d6584",
            "messageTitle": "Level 7.Save",
            "messageBody": "",
            "insertions": 154,
            "deletions": 4
          },
          {
            "hash": "98f8460b26a27209b97adbe2ab1f4697dec77133",
            "messageTitle": "Level 8. Date and Times",
            "messageBody": "",
            "insertions": 15,
            "deletions": 3
          },
          {
            "hash": "f154a099440bf98af0d0b8a9acd522934067c655",
            "messageTitle": "removed debugging text",
            "messageBody": "",
            "insertions": 0,
            "deletions": 1
          }
        ]
      },
      {
        "insertions": 617,
        "deletions": 311,
        "date": "2020-02-01",
        "commitResults": [
          {
            "hash": "6787b1c5e8669134adc4b7644bc2f1aab089695a",
            "messageTitle": "A-MoreOOP",
            "messageBody": "",
            "tags": [
              "A-MoreOOP"
            ],
            "insertions": 590,
            "deletions": 301
          },
          {
            "hash": "b476110e7142e671195375de77b483d285e3937b",
            "messageTitle": "JUnit test on Todo",
            "messageBody": "",
            "tags": [
              "JUnit",
              "A-Packages",
              "A-Jar",
              "A-JUnit"
            ],
            "insertions": 27,
            "deletions": 10
          }
        ]
      },
      {
        "insertions": 856,
        "deletions": 387,
        "date": "2020-02-04",
        "commitResults": [
          {
            "hash": "5a8828e64ff38db092c28074e696f936a20dd3c3",
            "messageTitle": "A-Packages",
            "messageBody": "",
            "insertions": 59,
            "deletions": 347
          },
          {
            "hash": "df1665a8d4278e943a144074f5084d50a350944e",
            "messageTitle": "A-Packages",
            "messageBody": "",
            "tags": [
              "Level-9"
            ],
            "insertions": 398,
            "deletions": 0
          },
          {
            "hash": "6d050ed97aef48e7e36d9daef7e0ff02cc3b7e8a",
            "messageTitle": "Level-9",
            "messageBody": "",
            "insertions": 77,
            "deletions": 1
          },
          {
            "hash": "732a04aa24a4433b78aec3305d22be3d9488ced5",
            "messageTitle": "JavaFX Tut 1",
            "messageBody": "",
            "tags": [
              "Level-10",
              "A-JavaDoc",
              "A-CodingStandard"
            ],
            "insertions": 69,
            "deletions": 6
          },
          {
            "hash": "18de50023f623c07e656ef151d0afe8ec635ccfb",
            "messageTitle": "Level-10",
            "messageBody": "",
            "tags": [
              "A-Gradle",
              "A-Assertions"
            ],
            "insertions": 253,
            "deletions": 33
          }
        ]
      },
      {
        "insertions": 191,
        "deletions": 61,
        "date": "2020-02-11",
        "commitResults": [
          {
            "hash": "6c787e9be4ffac417b20b219def7b47c0cf242f1",
            "messageTitle": "A-Assertions:",
            "messageBody": "",
            "tags": [
              "A-CodeQuality"
            ],
            "insertions": 164,
            "deletions": 58
          },
          {
            "hash": "e4f7e12db7c2f68da7d591d434441115a2c59a41",
            "messageTitle": "C-Sort",
            "messageBody": "",
            "tags": [
              "C-Sort"
            ],
            "insertions": 27,
            "deletions": 3
          }
        ]
      },
      {
        "insertions": 81,
        "deletions": 61,
        "date": "2020-02-18",
        "commitResults": [
          {
            "hash": "089fb478aa14f7c68b48fb56db75eb8a1d3d5fc9",
            "messageTitle": "Removed unwanted methods and added more javadoc",
            "messageBody": "",
            "insertions": 77,
            "deletions": 39
          },
          {
            "hash": "ad03a83b007ef3c1ca6de516e2754b179d9a207b",
            "messageTitle": "readme Userguide",
            "messageBody": "",
            "tags": [
              "A-UserGuide"
            ],
            "insertions": 2,
            "deletions": 21
          },
          {
            "hash": "0cdaf621707ace8f933cfdbcfbb3207f4d61c45a",
            "messageTitle": "v0.2 jar",
            "messageBody": "",
            "insertions": 2,
            "deletions": 1
          }
        ]
      },
      {
        "insertions": 151,
        "deletions": 5,
        "date": "2020-02-19",
        "commitResults": [
          {
            "hash": "5a1559fb346d21c50eac33fcc5d41298e64c77c1",
            "messageTitle": "Updated user guide",
            "messageBody": "",
            "insertions": 11,
            "deletions": 5
          },
          {
            "hash": "9dd9781962c7eb6295f4d3471f17bd6b03f0535c",
            "messageTitle": "updates",
            "messageBody": "",
            "insertions": 140,
            "deletions": 0
          }
        ]
      }
    ]
  },
  "authorFinalContributionMap": {
    "ljiazh3ng": 1723
  },
  "authorFileTypeContributionMap": {
    "ljiazh3ng": {
      "java": 1430,
      "md": 131,
      "fxml": 35,
      "sh": 34,
      "bat": 0,
      "gradle": 45,
      "txt": 48
    }
  },
  "authorContributionVariance": {
    "ljiazh3ng": 67848.87
  },
  "authorDisplayNameMap": {
    "ljiazh3ng": "CS2103T-W17- 2 LUA ..HENG"
  }
}
