{
  "authorDailyContributionsMap": {
    "XinPei-ng": [
      {
        "insertions": 37,
        "deletions": 7,
        "date": "2020-01-19",
        "commitResults": [
          {
            "hash": "3502f6133a0e4ad98ab17cf7a8c81e5e774ed22d",
            "messageTitle": "Add Greet, Echo, Exit",
            "messageBody": "",
            "tags": [
              "Level-1"
            ],
            "insertions": 37,
            "deletions": 7
          }
        ]
      },
      {
        "insertions": 148,
        "deletions": 49,
        "date": "2020-01-20",
        "commitResults": [
          {
            "hash": "c365b730865fb1407706a32a8dca3a4c5672ae4f",
            "messageTitle": "Add, List",
            "messageBody": "",
            "tags": [
              "Level-2"
            ],
            "insertions": 45,
            "deletions": 27
          },
          {
            "hash": "caff66da91969c561645c83f3b5279bce6acb428",
            "messageTitle": "Add Mark as Done",
            "messageBody": "",
            "tags": [
              "Level-3"
            ],
            "insertions": 103,
            "deletions": 22
          }
        ]
      },
      {
        "insertions": 692,
        "deletions": 115,
        "date": "2020-01-23",
        "commitResults": [
          {
            "hash": "7f814ff154607f7376a92f503bbc624e793cc861",
            "messageTitle": "Add ToDo, Deadline, Event, TaskManagement",
            "messageBody": "",
            "tags": [
              "Level-4",
              "A-Enums"
            ],
            "insertions": 218,
            "deletions": 56
          },
          {
            "hash": "c9fffed06fc8dce67325ccaa1af9f8bf5fa39fbc",
            "messageTitle": "Add TextUiTesting",
            "messageBody": "",
            "tags": [
              "A-TextUiTesting"
            ],
            "insertions": 41,
            "deletions": 0
          },
          {
            "hash": "d809c9870af400a5aa0245d5404f4710fae21e01",
            "messageTitle": "Add Error Handling",
            "messageBody": "",
            "tags": [
              "Level-5"
            ],
            "insertions": 215,
            "deletions": 36
          },
          {
            "hash": "a46c109d93a836527b27740ba5a7cbad92cdbf41",
            "messageTitle": "Add Delete Task",
            "messageBody": "",
            "tags": [
              "Level-6"
            ],
            "insertions": 218,
            "deletions": 23
          }
        ]
      },
      {
        "insertions": 867,
        "deletions": 587,
        "date": "2020-01-27",
        "commitResults": [
          {
            "hash": "01ce9dd7931620b1a8177361c03bf5edd24c4ff4",
            "messageTitle": "Add file",
            "messageBody": "",
            "tags": [
              "Level-7"
            ],
            "insertions": 264,
            "deletions": 76
          },
          {
            "hash": "52b9ec39316f9ae2c25d27d86579c8172b803a3e",
            "messageTitle": "Edit ToDo class",
            "messageBody": "",
            "insertions": 1,
            "deletions": 1
          },
          {
            "hash": "312a53eb747fa29c40503cbf28ce284808cc601b",
            "messageTitle": "Edit Date Processing, Exception Handling",
            "messageBody": "",
            "insertions": 196,
            "deletions": 173
          },
          {
            "hash": "1c1625c2e938568b66b1aa71019bdbc65977665f",
            "messageTitle": "Edit Date Processing, Error Handling ver 2",
            "messageBody": "",
            "insertions": 1,
            "deletions": 1
          },
          {
            "hash": "f6859bda3d84f5aeac6965151da4ac72843303e1",
            "messageTitle": "Refactor code on Parser, Storage, TaskList, Ui",
            "messageBody": "",
            "insertions": 405,
            "deletions": 336
          }
        ]
      },
      {
        "insertions": 1498,
        "deletions": 135,
        "date": "2020-01-28",
        "commitResults": [
          {
            "hash": "23680d072908597b97a5090e7d65a7505501b396",
            "messageTitle": "Package classes",
            "messageBody": "",
            "insertions": 71,
            "deletions": 9
          },
          {
            "hash": "e9b8f5d736295e1d7ba4b74624a284fe856ad613",
            "messageTitle": "Add Junit Test",
            "messageBody": "",
            "insertions": 1117,
            "deletions": 31
          },
          {
            "hash": "7c68a580c5356f4c444294250013683a98fe8b88",
            "messageTitle": "Add JavaDoc",
            "messageBody": "",
            "insertions": 310,
            "deletions": 95
          }
        ]
      },
      {
        "insertions": 1247,
        "deletions": 713,
        "date": "2020-01-29",
        "commitResults": [
          {
            "hash": "12590bdf2abeee39bf92bc72a3354791c8559825",
            "messageTitle": "Checkstyle files",
            "messageBody": "",
            "insertions": 1017,
            "deletions": 632
          },
          {
            "hash": "5d77f2d2891f63aa456f84bc8d24009cd0947725",
            "messageTitle": "Add Dates and Time",
            "messageBody": "",
            "tags": [
              "Level-8",
              "A-Packages",
              "A-MoreOOP",
              "A-Junit",
              "A-Jar"
            ],
            "insertions": 100,
            "deletions": 38
          },
          {
            "hash": "f1e32d7cc7630025813335400664dd0fc92f3ac4",
            "messageTitle": "Updated JavaDoc",
            "messageBody": "",
            "tags": [
              "A-JavaDoc"
            ],
            "insertions": 4,
            "deletions": 3
          },
          {
            "hash": "3c82b279e5b441c0d080e76ef00706be342d558d",
            "messageTitle": "Add CheckStyle",
            "messageBody": "",
            "tags": [
              "A-CodingStandard"
            ],
            "insertions": 29,
            "deletions": 28
          },
          {
            "hash": "5b492edf6701159f0f524f68478657663eef795c",
            "messageTitle": "Add find task",
            "messageBody": "",
            "insertions": 4,
            "deletions": 0
          },
          {
            "hash": "1a3ec5f6a51e869150c18c80f3b8d463f5d7d586",
            "messageTitle": "Add find task",
            "messageBody": "",
            "tags": [
              "Level-9"
            ],
            "insertions": 93,
            "deletions": 12
          }
        ]
      },
      {
        "insertions": 526,
        "deletions": 78,
        "date": "2020-02-03",
        "commitResults": [
          {
            "hash": "2490a082e79c64268242f3fad5a0af2c14cc0d64",
            "messageTitle": "Add Command Class",
            "messageBody": "",
            "tags": [
              "A-CheckStyle"
            ],
            "insertions": 526,
            "deletions": 78
          }
        ]
      }
    ]
  },
  "authorFinalContributionMap": {
    "XinPei-ng": 3340
  },
  "authorFileTypeContributionMap": {
    "XinPei-ng": {
      "md": 2,
      "gradle": 23,
      "html": 1020,
      "xml": 85,
      "css": 263,
      "js": 194,
      "MF": 3,
      "iml": 2,
      "properties": 3,
      "java": 1690,
      "TXT": 13,
      "txt": 8,
      "sh": 34
    }
  },
  "authorContributionVariance": {
    "XinPei-ng": 265534.94
  },
  "authorDisplayNameMap": {
    "XinPei-ng": "CS2103T-T10- 3 NG X.. PEI"
  }
}
