{
  "authorDailyContributionsMap": {
    "XinPei-ng": [
      {
        "insertions": 37,
        "deletions": 7,
        "date": "2020-01-19",
        "commitResults": [
          {
            "hash": "3502f6133a0e4ad98ab17cf7a8c81e5e774ed22d",
            "messageTitle": "Add Greet, Echo, Exit",
            "messageBody": "",
            "tags": [
              "Level-1"
            ],
            "insertions": 37,
            "deletions": 7
          }
        ]
      },
      {
        "insertions": 148,
        "deletions": 49,
        "date": "2020-01-20",
        "commitResults": [
          {
            "hash": "c365b730865fb1407706a32a8dca3a4c5672ae4f",
            "messageTitle": "Add, List",
            "messageBody": "",
            "tags": [
              "Level-2"
            ],
            "insertions": 45,
            "deletions": 27
          },
          {
            "hash": "caff66da91969c561645c83f3b5279bce6acb428",
            "messageTitle": "Add Mark as Done",
            "messageBody": "",
            "tags": [
              "Level-3"
            ],
            "insertions": 103,
            "deletions": 22
          }
        ]
      },
      {
        "insertions": 508,
        "deletions": 115,
        "date": "2020-01-23",
        "commitResults": [
          {
            "hash": "7f814ff154607f7376a92f503bbc624e793cc861",
            "messageTitle": "Add ToDo, Deadline, Event, TaskManagement",
            "messageBody": "",
            "tags": [
              "Level-4",
              "A-Enums"
            ],
            "insertions": 218,
            "deletions": 56
          },
          {
            "hash": "c9fffed06fc8dce67325ccaa1af9f8bf5fa39fbc",
            "messageTitle": "Add TextUiTesting",
            "messageBody": "",
            "tags": [
              "A-TextUiTesting"
            ],
            "insertions": 41,
            "deletions": 0
          },
          {
            "hash": "d809c9870af400a5aa0245d5404f4710fae21e01",
            "messageTitle": "Add Error Handling",
            "messageBody": "",
            "tags": [
              "Level-5"
            ],
            "insertions": 202,
            "deletions": 36
          },
          {
            "hash": "a46c109d93a836527b27740ba5a7cbad92cdbf41",
            "messageTitle": "Add Delete Task",
            "messageBody": "",
            "tags": [
              "Level-6"
            ],
            "insertions": 47,
            "deletions": 23
          }
        ]
      },
      {
        "insertions": 867,
        "deletions": 587,
        "date": "2020-01-27",
        "commitResults": [
          {
            "hash": "01ce9dd7931620b1a8177361c03bf5edd24c4ff4",
            "messageTitle": "Add file",
            "messageBody": "",
            "tags": [
              "Level-7"
            ],
            "insertions": 264,
            "deletions": 76
          },
          {
            "hash": "52b9ec39316f9ae2c25d27d86579c8172b803a3e",
            "messageTitle": "Edit ToDo class",
            "messageBody": "",
            "insertions": 1,
            "deletions": 1
          },
          {
            "hash": "312a53eb747fa29c40503cbf28ce284808cc601b",
            "messageTitle": "Edit Date Processing, Exception Handling",
            "messageBody": "",
            "insertions": 196,
            "deletions": 173
          },
          {
            "hash": "1c1625c2e938568b66b1aa71019bdbc65977665f",
            "messageTitle": "Edit Date Processing, Error Handling ver 2",
            "messageBody": "",
            "insertions": 1,
            "deletions": 1
          },
          {
            "hash": "f6859bda3d84f5aeac6965151da4ac72843303e1",
            "messageTitle": "Refactor code on Parser, Storage, TaskList, Ui",
            "messageBody": "",
            "insertions": 405,
            "deletions": 336
          }
        ]
      },
      {
        "insertions": 448,
        "deletions": 122,
        "date": "2020-01-28",
        "commitResults": [
          {
            "hash": "23680d072908597b97a5090e7d65a7505501b396",
            "messageTitle": "Package classes",
            "messageBody": "",
            "insertions": 70,
            "deletions": 8
          },
          {
            "hash": "e9b8f5d736295e1d7ba4b74624a284fe856ad613",
            "messageTitle": "Add Junit Test",
            "messageBody": "",
            "insertions": 71,
            "deletions": 19
          },
          {
            "hash": "7c68a580c5356f4c444294250013683a98fe8b88",
            "messageTitle": "Add JavaDoc",
            "messageBody": "",
            "insertions": 307,
            "deletions": 95
          }
        ]
      },
      {
        "insertions": 949,
        "deletions": 667,
        "date": "2020-01-29",
        "commitResults": [
          {
            "hash": "12590bdf2abeee39bf92bc72a3354791c8559825",
            "messageTitle": "Checkstyle files",
            "messageBody": "",
            "insertions": 740,
            "deletions": 595
          },
          {
            "hash": "5d77f2d2891f63aa456f84bc8d24009cd0947725",
            "messageTitle": "Add Dates and Time",
            "messageBody": "",
            "tags": [
              "Level-8",
              "A-Packages",
              "A-MoreOOP",
              "A-Junit",
              "A-Jar"
            ],
            "insertions": 100,
            "deletions": 38
          },
          {
            "hash": "f1e32d7cc7630025813335400664dd0fc92f3ac4",
            "messageTitle": "Updated JavaDoc",
            "messageBody": "",
            "tags": [
              "A-JavaDoc"
            ],
            "insertions": 4,
            "deletions": 3
          },
          {
            "hash": "3c82b279e5b441c0d080e76ef00706be342d558d",
            "messageTitle": "Add CheckStyle",
            "messageBody": "",
            "tags": [
              "A-CodingStandard"
            ],
            "insertions": 29,
            "deletions": 28
          },
          {
            "hash": "5b492edf6701159f0f524f68478657663eef795c",
            "messageTitle": "Add find task",
            "messageBody": "",
            "insertions": 4,
            "deletions": 0
          },
          {
            "hash": "1a3ec5f6a51e869150c18c80f3b8d463f5d7d586",
            "messageTitle": "Add find task",
            "messageBody": "",
            "tags": [
              "Level-9"
            ],
            "insertions": 72,
            "deletions": 3
          }
        ]
      },
      {
        "insertions": 414,
        "deletions": 74,
        "date": "2020-02-03",
        "commitResults": [
          {
            "hash": "2490a082e79c64268242f3fad5a0af2c14cc0d64",
            "messageTitle": "Add Command Class",
            "messageBody": "",
            "tags": [
              "A-CheckStyle"
            ],
            "insertions": 414,
            "deletions": 74
          }
        ]
      },
      {
        "insertions": 256,
        "deletions": 2,
        "date": "2020-02-04",
        "commitResults": [
          {
            "hash": "dde6354b5df4e7f9c3f860be869c9a1051e5935c",
            "messageTitle": "Add JavaFX",
            "messageBody": "",
            "insertions": 248,
            "deletions": 1
          },
          {
            "hash": "21c8c44d902353b489acf173597cabb3284237d7",
            "messageTitle": "Edit build.gradle",
            "messageBody": "",
            "insertions": 8,
            "deletions": 1
          }
        ]
      },
      {
        "insertions": 243,
        "deletions": 259,
        "date": "2020-02-05",
        "commitResults": [
          {
            "hash": "78bd7731c783fb1ccf6127d59f6f1fd91010d1ed",
            "messageTitle": "Add Duke Functionalities to GUI",
            "messageBody": "",
            "insertions": 82,
            "deletions": 101
          },
          {
            "hash": "a9fbebce3e145a251e9361c1c69e7c30cfb5bbab",
            "messageTitle": "Edit command and task enum",
            "messageBody": "",
            "insertions": 65,
            "deletions": 55
          },
          {
            "hash": "5bc95bbd575f0c9c12d17e9a77f0c363d7900a89",
            "messageTitle": "Edit Duke",
            "messageBody": "",
            "insertions": 1,
            "deletions": 10
          },
          {
            "hash": "deee5fc7eb8503be742746019bfacc2a14e21383",
            "messageTitle": "Checkstyle main",
            "messageBody": "",
            "insertions": 95,
            "deletions": 93
          }
        ]
      },
      {
        "insertions": 164,
        "deletions": 123,
        "date": "2020-02-09",
        "commitResults": [
          {
            "hash": "1d6527278f4b8b5fef71474f1e8bc4ec83cff129",
            "messageTitle": "Edit dialog image round",
            "messageBody": "",
            "insertions": 15,
            "deletions": 0
          },
          {
            "hash": "202fb84375d958292272ecd9a63a7353c5abade2",
            "messageTitle": "Add window close after bye",
            "messageBody": "",
            "insertions": 27,
            "deletions": 0
          },
          {
            "hash": "29a25b10e1a5293cf4eb6115e17fe8faf00836d7",
            "messageTitle": "Edit JavaFX",
            "messageBody": "",
            "insertions": 0,
            "deletions": 3
          },
          {
            "hash": "560f25b5d7481eb9a727b805b04191b2c8594533",
            "messageTitle": "Clean code",
            "messageBody": "",
            "tags": [
              "A-Jar1.1"
            ],
            "insertions": 6,
            "deletions": 6
          },
          {
            "hash": "f0dd63fe6cde29ad32e47d09003061b79b58c7e5",
            "messageTitle": "Add Assertions",
            "messageBody": "",
            "insertions": 21,
            "deletions": 2
          },
          {
            "hash": "74763ea841c078269ca48516f601f96c6e99e991",
            "messageTitle": "Edit exceptions message handling",
            "messageBody": "",
            "insertions": 95,
            "deletions": 112
          }
        ]
      },
      {
        "insertions": 8,
        "deletions": 0,
        "date": "2020-02-11",
        "commitResults": [
          {
            "hash": "5fc037c808269aa32998e8ba025d1eac5e44ac6c",
            "messageTitle": "Add Extension C-DetectDuplicates",
            "messageBody": "",
            "tags": [
              "C-DetectDuplicates"
            ],
            "insertions": 8,
            "deletions": 0
          }
        ]
      },
      {
        "insertions": 367,
        "deletions": 163,
        "date": "2020-02-17",
        "commitResults": [
          {
            "hash": "0d0b835d836a3cfc86e6e0d68c60f95044b38eaf",
            "messageTitle": "Add dateTime validity checks",
            "messageBody": "",
            "insertions": 240,
            "deletions": 83
          },
          {
            "hash": "becf22fb57f94e9bbafada1758c0edfa7b5d6cac",
            "messageTitle": "Clean code for parser",
            "messageBody": "",
            "insertions": 6,
            "deletions": 30
          },
          {
            "hash": "21c333c4723705405403c599d83b9657b8b14adf",
            "messageTitle": "Clean code for parser",
            "messageBody": "",
            "insertions": 2,
            "deletions": 1
          },
          {
            "hash": "8dad5d0a689c41b57ed63d2d8c6c1788272d9a0b",
            "messageTitle": "Final changes",
            "messageBody": "",
            "insertions": 38,
            "deletions": 21
          },
          {
            "hash": "c2e464b48eaa37a16d9ebd2b1a9737852c5a44e7",
            "messageTitle": "Add Ui.png and Stage title",
            "messageBody": "",
            "insertions": 1,
            "deletions": 0
          },
          {
            "hash": "f9a7524b075b0dfc5acffc963cc66c480a4de895",
            "messageTitle": "Edit user guide",
            "messageBody": "",
            "insertions": 66,
            "deletions": 9
          },
          {
            "hash": "823597cc650fcb94e1c01fe0d3fb922e634f5277",
            "messageTitle": "Edit user guide 2.0",
            "messageBody": "",
            "insertions": 3,
            "deletions": 3
          },
          {
            "hash": "a3483eccf9ab758098f1ad48ad49e6cfef8d0559",
            "messageTitle": "Edit user guide",
            "messageBody": "",
            "insertions": 7,
            "deletions": 12
          },
          {
            "hash": "8f9f37eca7264293704f820fb1e14e65949f676b",
            "messageTitle": "Edit user guide",
            "messageBody": "",
            "insertions": 1,
            "deletions": 1
          },
          {
            "hash": "8905645a3b2dacebbbaceda47eea7dfef7a0e8d7",
            "messageTitle": "Edit user guide",
            "messageBody": "",
            "insertions": 1,
            "deletions": 1
          },
          {
            "hash": "1409d854515a90ba3d09385c5096f3d97feabe7e",
            "messageTitle": "Edit user guide image as html",
            "messageBody": "",
            "insertions": 1,
            "deletions": 1
          },
          {
            "hash": "8c26d98fc8a74cc2a952eed5a9536e2b647d6e77",
            "messageTitle": "Edit user guide image url",
            "messageBody": "",
            "insertions": 1,
            "deletions": 1
          }
        ]
      },
      {
        "insertions": 10,
        "deletions": 11,
        "date": "2020-02-18",
        "commitResults": [
          {
            "hash": "dfbc3a0787514c0aec0025dd15b0aebcd119709f",
            "messageTitle": "Fix bugs",
            "messageBody": "",
            "insertions": 9,
            "deletions": 10
          },
          {
            "hash": "426dd9e5f50ba9b4e9d4a24e2407f317ed0893af",
            "messageTitle": "Edit user guide",
            "messageBody": "",
            "tags": [
              "A-UserGuide"
            ],
            "insertions": 1,
            "deletions": 1
          }
        ]
      },
      {
        "insertions": 375,
        "deletions": 168,
        "date": "2020-02-19",
        "commitResults": [
          {
            "hash": "bebcf89795714d180f24a35b8133de97a6b19f82",
            "messageTitle": "Fix more bugs",
            "messageBody": "",
            "insertions": 302,
            "deletions": 150
          },
          {
            "hash": "8f27c7ddd809f8d01d3cd1fe9006f5a3e5cf55e4",
            "messageTitle": "Edit command class",
            "messageBody": "",
            "tags": [
              "A-Release"
            ],
            "insertions": 73,
            "deletions": 18
          }
        ]
      }
    ]
  },
  "authorFinalContributionMap": {
    "XinPei-ng": 2460
  },
  "authorFileTypeContributionMap": {
    "XinPei-ng": {
      "java": 2245,
      "md": 56,
      "fxml": 70,
      "sh": 34,
      "bat": 0,
      "gradle": 47,
      "txt": 8
    }
  },
  "authorContributionVariance": {
    "XinPei-ng": 140861.55
  },
  "authorDisplayNameMap": {
    "XinPei-ng": "CS2103T-T10- 3 NG X.. PEI"
  }
}
