{
  "authorDailyContributionsMap": {
    "gyant6": [
      {
        "insertions": 145,
        "deletions": 14,
        "date": "2020-01-23",
        "commitResults": [
          {
            "hash": "606f72392cf3a7ddea36c5fccd6e64d74bede583",
            "messageTitle": "Level-1",
            "messageBody": "",
            "tags": [
              "Level-1"
            ],
            "insertions": 18,
            "deletions": 1
          },
          {
            "hash": "c0937b552c670577d4506ed28beb34a9052a518e",
            "messageTitle": "Level-2",
            "messageBody": "",
            "tags": [
              "Level-2"
            ],
            "insertions": 11,
            "deletions": 1
          },
          {
            "hash": "90008deba31768c2cc569be7c3c36c02bd93f0d6",
            "messageTitle": "Level-3",
            "messageBody": "",
            "tags": [
              "Level-3"
            ],
            "insertions": 39,
            "deletions": 6
          },
          {
            "hash": "e7e8fe2eff2543f11aeaae9b56781080ecf48cbc",
            "messageTitle": "Level-4",
            "messageBody": "",
            "tags": [
              "Level-4"
            ],
            "insertions": 77,
            "deletions": 6
          }
        ]
      },
      {
        "insertions": 168,
        "deletions": 44,
        "date": "2020-01-24",
        "commitResults": [
          {
            "hash": "02527cad8bf5050df144c50bf65aa0fe232bbea1",
            "messageTitle": "A-TextUiTesting",
            "messageBody": "",
            "insertions": 59,
            "deletions": 0
          },
          {
            "hash": "e37d0da60c308c8a9ec74d54ea8f4679c69a6f48",
            "messageTitle": "Level-5",
            "messageBody": "",
            "tags": [
              "Level-5"
            ],
            "insertions": 69,
            "deletions": 29
          },
          {
            "hash": "346874a80c10a8d8f97eafbb4a21b5d27388f5db",
            "messageTitle": "Level-6",
            "messageBody": "",
            "tags": [
              "Level-6"
            ],
            "insertions": 40,
            "deletions": 15
          }
        ]
      },
      {
        "insertions": 114,
        "deletions": 93,
        "date": "2020-01-26",
        "commitResults": [
          {
            "hash": "d035d0c11f464a776764d8fdaf4939faeafad77c",
            "messageTitle": "Shift code from main method into separate methods to clean main method",
            "messageBody": "",
            "insertions": 73,
            "deletions": 59
          },
          {
            "hash": "2ccb61901b9018faf50b3bb5d789d73e8f1c45e5",
            "messageTitle": "Change DukeException from if-else to switch",
            "messageBody": "",
            "insertions": 35,
            "deletions": 22
          },
          {
            "hash": "6130a75028a16f759e5e433a9eb76d364074c6c1",
            "messageTitle": "Minor changes",
            "messageBody": "",
            "insertions": 6,
            "deletions": 12
          }
        ]
      },
      {
        "insertions": 135,
        "deletions": 46,
        "date": "2020-01-27",
        "commitResults": [
          {
            "hash": "17bb116f3b539eeff34d3243b4096c93a9d6d61f",
            "messageTitle": "Add indentations and horizonal lines for chatbot replies",
            "messageBody": "",
            "insertions": 135,
            "deletions": 46
          }
        ]
      },
      {
        "insertions": 1040,
        "deletions": 359,
        "date": "2020-01-28",
        "commitResults": [
          {
            "hash": "f844f05c0c41f1c4b23ae1035185cd637966a553",
            "messageTitle": "Change static variable naming convention",
            "messageBody": "",
            "insertions": 37,
            "deletions": 37
          },
          {
            "hash": "291e73a11240f1747fa7895d32e8bd4da1d033d3",
            "messageTitle": "Event.java: add\u0027(\u0027 character",
            "messageBody": "",
            "insertions": 1,
            "deletions": 1
          },
          {
            "hash": "7bca8bf16ee5c4e254f668d99db306f362067010",
            "messageTitle": "Level-7",
            "messageBody": "",
            "tags": [
              "Level-7"
            ],
            "insertions": 84,
            "deletions": 21
          },
          {
            "hash": "4c12442ff00a5b61450c2aca4f8b4d58cfce98d3",
            "messageTitle": "Level-8",
            "messageBody": "",
            "tags": [
              "Level-8"
            ],
            "insertions": 57,
            "deletions": 15
          },
          {
            "hash": "0b3d144997dd7528977e929a0850025c70319db0",
            "messageTitle": "A-MoreOOP",
            "messageBody": "",
            "tags": [
              "A-MoreOOP"
            ],
            "insertions": 491,
            "deletions": 195
          },
          {
            "hash": "6526ca089c1e65709af695fa938a864c9aff721c",
            "messageTitle": "Delete old code that was commented out",
            "messageBody": "",
            "insertions": 0,
            "deletions": 52
          },
          {
            "hash": "5b5567afdbb09b8d57f4bb147932c84f2725b859",
            "messageTitle": "Delete more redundant code after shift to OOP",
            "messageBody": "",
            "insertions": 0,
            "deletions": 20
          },
          {
            "hash": "f768fe664ad38c36dcd4093b1503d5c687220db1",
            "messageTitle": "A-Packages",
            "messageBody": "",
            "tags": [
              "v0.1",
              "A-Jar"
            ],
            "insertions": 78,
            "deletions": 7
          },
          {
            "hash": "ab00f247c97fb67335b67aeff36865b4aa7b2fc6",
            "messageTitle": "A-JavaDoc",
            "messageBody": "",
            "tags": [
              "Level-9",
              "A-JavaDoc"
            ],
            "insertions": 233,
            "deletions": 10
          },
          {
            "hash": "354e5fbcc85caf8bc996a02cb0eeb901b4f6dbca",
            "messageTitle": "Level-9",
            "messageBody": "",
            "insertions": 59,
            "deletions": 1
          }
        ]
      },
      {
        "insertions": 0,
        "deletions": 5,
        "date": "2020-01-30",
        "commitResults": [
          {
            "hash": "42baddb81c479d8e3900fb9819964a2f752e86cc",
            "messageTitle": "Stop tracking tasks.txt",
            "messageBody": "",
            "tags": [
              "A-Gradle"
            ],
            "insertions": 0,
            "deletions": 5
          }
        ]
      },
      {
        "insertions": 21,
        "deletions": 1,
        "date": "2020-02-02",
        "commitResults": [
          {
            "hash": "82137968e6804c9b6479f00a3aa7bf5f15ea50c8",
            "messageTitle": "Set up gradle to build and run Duke using gradle.",
            "messageBody": "",
            "insertions": 21,
            "deletions": 1
          }
        ]
      },
      {
        "insertions": 7,
        "deletions": 5,
        "date": "2020-02-07",
        "commitResults": [
          {
            "hash": "50e3b116f47c92f0f883c8ab3456537e31b28b64",
            "messageTitle": "Build.gradle: Add javafx",
            "messageBody": "",
            "insertions": 6,
            "deletions": 0
          },
          {
            "hash": "bcd4401a91c65f2b99d91d23ec7ca8d5044d112e",
            "messageTitle": "Build.gradle",
            "messageBody": "",
            "insertions": 1,
            "deletions": 0
          },
          {
            "hash": "b0334fedc6b64e29c2d90fef036250ea09ef677c",
            "messageTitle": "Build.gradle: remove javaFX code block",
            "messageBody": "",
            "insertions": 0,
            "deletions": 5
          }
        ]
      },
      {
        "insertions": 22,
        "deletions": 14,
        "date": "2020-02-09",
        "commitResults": [
          {
            "hash": "831568ff4c1bcb954b337ebe850700289e28801e",
            "messageTitle": "no message",
            "messageBody": "",
            "insertions": 9,
            "deletions": 7
          },
          {
            "hash": "280c8002855804a9ce36052de46b136e59a2c5f6",
            "messageTitle": "Duke.java: Edit file path for tasks.txt",
            "messageBody": "",
            "insertions": 13,
            "deletions": 7
          }
        ]
      },
      {
        "insertions": 45,
        "deletions": 7,
        "date": "2020-02-10",
        "commitResults": [
          {
            "hash": "37aa8b51cd8d86f6cd0359cf499468d87c7a73ed",
            "messageTitle": "Add Launcher",
            "messageBody": "",
            "insertions": 41,
            "deletions": 4
          },
          {
            "hash": "b4089af91778d4e94082b36bdfc09d8b2035c4c2",
            "messageTitle": "Minor changes",
            "messageBody": "",
            "insertions": 4,
            "deletions": 3
          }
        ]
      },
      {
        "insertions": 1038,
        "deletions": 678,
        "date": "2020-02-11",
        "commitResults": [
          {
            "hash": "c0590e554149cb2b111ad3b23d0a96d41442e1cc",
            "messageTitle": "Add data/tasks.txt to project root",
            "messageBody": "",
            "insertions": 12,
            "deletions": 1
          },
          {
            "hash": "f4483cec59d946850d2fee9339b33a78aad0cda9",
            "messageTitle": "Update Storage to throw Duke Exception on file creation failure",
            "messageBody": "",
            "tags": [
              "javaFxTutorialPart4",
              "A-JavaFx"
            ],
            "insertions": 1,
            "deletions": 5
          },
          {
            "hash": "132b6a7a580dd1f74addf29be9ca9a5ba273b3d9",
            "messageTitle": "javaFxTutorialPart4",
            "messageBody": "",
            "insertions": 352,
            "deletions": 43
          },
          {
            "hash": "f31dfa8c0972e09945d75ae5063163198ad48012",
            "messageTitle": "Update Duke to work on GUI",
            "messageBody": "",
            "tags": [
              "Level-10"
            ],
            "insertions": 15,
            "deletions": 30
          },
          {
            "hash": "2819552b77d72889052ebda1e60d139fe62434ba",
            "messageTitle": "Remove redundant code from GUI shift",
            "messageBody": "",
            "insertions": 16,
            "deletions": 64
          },
          {
            "hash": "c176a2ca160741b910be7212023b1c70a691344d",
            "messageTitle": "Add system exit for exit command",
            "messageBody": "",
            "insertions": 7,
            "deletions": 1
          },
          {
            "hash": "f0fcfb96c5650f743f05a651315537549a2e7f07",
            "messageTitle": "Update code to reflect PR comments",
            "messageBody": "",
            "tags": [
              "A-CodeQuality"
            ],
            "insertions": 26,
            "deletions": 26
          },
          {
            "hash": "924c5d500202a531024de856633337466d1931ab",
            "messageTitle": "Change Command class to be static and return strings",
            "messageBody": "",
            "insertions": 176,
            "deletions": 212
          },
          {
            "hash": "edc76319836e8c118f03825317a2d5237d3d5b2a",
            "messageTitle": "Update to accept Strings from static Command.execute",
            "messageBody": "",
            "insertions": 65,
            "deletions": 51
          },
          {
            "hash": "3e27a2ead1a12dd7c12890d62cfd94fea7152a2a",
            "messageTitle": "Change Command to interace instead of abstract",
            "messageBody": "",
            "insertions": 22,
            "deletions": 39
          },
          {
            "hash": "0373789bbbd70a10fdb0cdb9d1820f98847a7307",
            "messageTitle": "Add multiple exceptions to handle incorrect user input format",
            "messageBody": "",
            "insertions": 28,
            "deletions": 0
          },
          {
            "hash": "19f2bc3c187ddb8562be8a1a15261b72e3e97482",
            "messageTitle": "Add multiple exceptions to handle incorrect user input format",
            "messageBody": "",
            "insertions": 112,
            "deletions": 82
          },
          {
            "hash": "896029edf7bebed9af6ad3abf00638530229615b",
            "messageTitle": "A-Assertions",
            "messageBody": "",
            "tags": [
              "A-JUnit",
              "A-Assertions"
            ],
            "insertions": 48,
            "deletions": 11
          },
          {
            "hash": "0d94bcf946f370070ab652df83f7d3861a1e2ada",
            "messageTitle": "A-CodeQuality: Only update data on normal exit instead of on every task completion and deletion",
            "messageBody": "",
            "insertions": 27,
            "deletions": 22
          },
          {
            "hash": "d368bace972e705fcec4871aa9065c7206c0a89b",
            "messageTitle": "Handle dates in Deadline tasks using LocalDate instead of SimpleDate",
            "messageBody": "",
            "insertions": 22,
            "deletions": 17
          },
          {
            "hash": "00df39d1eb98f13130bdf264a47d63c2df19b979",
            "messageTitle": "Separate Date and Time attribute in Event task instead of as a LocalDateTime",
            "messageBody": "",
            "insertions": 86,
            "deletions": 69
          },
          {
            "hash": "0b6fe30a50d5f3ede3ed6a2613f76a925c6bebe2",
            "messageTitle": "Add Comparable for Task objects",
            "messageBody": "",
            "insertions": 23,
            "deletions": 5
          }
        ]
      },
      {
        "insertions": 119,
        "deletions": 45,
        "date": "2020-02-12",
        "commitResults": [
          {
            "hash": "789daee7c9235123af405c1b7e0d452f226df16d",
            "messageTitle": "B-ViewSchedules",
            "messageBody": "",
            "tags": [
              "B-ViewSchedules"
            ],
            "insertions": 119,
            "deletions": 45
          }
        ]
      },
      {
        "insertions": 329,
        "deletions": 176,
        "date": "2020-02-16",
        "commitResults": [
          {
            "hash": "6c14bc1fd9d11dc1dae3904763a80bdd1ce816f7",
            "messageTitle": "Show welcome message on Duke start",
            "messageBody": "",
            "insertions": 17,
            "deletions": 27
          },
          {
            "hash": "0ce1318e8cea26b12b1f0e4b3ac8a2e282b5b7a4",
            "messageTitle": "Improve code quality, trim method length of Storage.load()",
            "messageBody": "",
            "insertions": 34,
            "deletions": 49
          },
          {
            "hash": "93aa1d18baecbf85e6b8bcaf75a565ab225cb3cf",
            "messageTitle": "Add custom response line for List, Find, Schedule commands",
            "messageBody": "",
            "insertions": 42,
            "deletions": 13
          },
          {
            "hash": "8ea78259fd2109aa8540ba9c978cd0dfa244412a",
            "messageTitle": "Punctuation change",
            "messageBody": "",
            "insertions": 3,
            "deletions": 3
          },
          {
            "hash": "5ffe59fa32f44ad4fbc8dd4f34983b3fd0b6b1af",
            "messageTitle": "Remove unused import statements, import wildcards, unused statements",
            "messageBody": "",
            "insertions": 12,
            "deletions": 11
          },
          {
            "hash": "374b66ae2f6b81e76638a35ae3c589ac4af7312e",
            "messageTitle": "Remove reliance on magic numbers",
            "messageBody": "",
            "insertions": 10,
            "deletions": 4
          },
          {
            "hash": "842c4ab9d504ca361404ca8252b920dd325cc59e",
            "messageTitle": "Change Duke to Spongebob",
            "messageBody": "",
            "insertions": 5,
            "deletions": 5
          },
          {
            "hash": "c4ea763a2c767925057b5becd6fd21f868130a59",
            "messageTitle": "Schedule list to check for type of Task before removing",
            "messageBody": "",
            "insertions": 3,
            "deletions": 1
          },
          {
            "hash": "138de111cda5d4600f0d1283416d8757007f2882",
            "messageTitle": "Change executable name from \u0027Duke\u0027 to \u0027Spongebob Organiser\u0027",
            "messageBody": "",
            "insertions": 2,
            "deletions": 2
          },
          {
            "hash": "4b1b79e78e557044f8e97ff0963143916293fc01",
            "messageTitle": "Add user guide",
            "messageBody": "",
            "tags": [
              "A-UserGuide"
            ],
            "insertions": 137,
            "deletions": 13
          },
          {
            "hash": "92b618aa6ee918e506da3e6e090450fcbb9b2dc4",
            "messageTitle": "Add whitespacing for readability",
            "messageBody": "",
            "insertions": 3,
            "deletions": 0
          },
          {
            "hash": "e178cf8b80fc806f24c9a1f201da423dbbfecc64",
            "messageTitle": "Shift Date and Time parse methods from Task class to Parser class",
            "messageBody": "",
            "insertions": 58,
            "deletions": 46
          },
          {
            "hash": "57a8d54c1e9e1b5e552eff7cb1bd707e9f65acc4",
            "messageTitle": "Update Ui.png path",
            "messageBody": "",
            "insertions": 1,
            "deletions": 1
          },
          {
            "hash": "e0642ada62ccf9d1c508e75ad12efb2516c48a97",
            "messageTitle": "Update mainClassName from Duke to Launcher",
            "messageBody": "",
            "insertions": 1,
            "deletions": 1
          },
          {
            "hash": "9467908d25f25849fd32db7072359e52ae9c901e",
            "messageTitle": "Creates `data` directory if it doesn\u0027t exist",
            "messageBody": "",
            "tags": [
              "v0.2"
            ],
            "insertions": 1,
            "deletions": 0
          }
        ]
      },
      {
        "insertions": 3,
        "deletions": 3,
        "date": "2020-02-17",
        "commitResults": [
          {
            "hash": "aafe990baa8343338d2a77398eea65f711bdb32e",
            "messageTitle": "Remove ellipsis and show full list instead",
            "messageBody": "",
            "insertions": 3,
            "deletions": 3
          }
        ]
      },
      {
        "insertions": 195,
        "deletions": 231,
        "date": "2020-02-23",
        "commitResults": [
          {
            "hash": "2609d85cef0541dcc5146a3b86b4a499484075d4",
            "messageTitle": "Update parse test",
            "messageBody": "",
            "insertions": 10,
            "deletions": 7
          },
          {
            "hash": "3976b1d4e56b5d6dbab5133876fc94910c786290",
            "messageTitle": "Remove extend Application and start override method",
            "messageBody": "",
            "insertions": 3,
            "deletions": 105
          },
          {
            "hash": "1fe699ed0f5cd03d4bef549acfc40177319838b5",
            "messageTitle": "Change ImageView to Circle",
            "messageBody": "",
            "insertions": 8,
            "deletions": 9
          },
          {
            "hash": "d58ee803ea7b2c7e68ae09e4e458df333216d8bf",
            "messageTitle": "Add application icon",
            "messageBody": "",
            "insertions": 6,
            "deletions": 0
          },
          {
            "hash": "ed7bef6e3d2c1b4385aacf1c202713df9222fa08",
            "messageTitle": "Change background colour",
            "messageBody": "",
            "insertions": 1,
            "deletions": 1
          },
          {
            "hash": "33a9839a54bde354849a61e728faed8b3862da2d",
            "messageTitle": "Change Label background colour",
            "messageBody": "",
            "insertions": 1,
            "deletions": 1
          },
          {
            "hash": "465f495c32fe51d31adc10afd7a731606c5a0cbf",
            "messageTitle": "Throw UnrecognizedCommandException in default switch statement",
            "messageBody": "",
            "insertions": 1,
            "deletions": 1
          },
          {
            "hash": "41f8a678cfafdd40c8314a93ed12129554f8de9d",
            "messageTitle": "Update archive version",
            "messageBody": "",
            "insertions": 1,
            "deletions": 1
          },
          {
            "hash": "218cfc58bcdbb67f533e9823146bda0f4cbab891",
            "messageTitle": "Prints list of available command",
            "messageBody": "",
            "insertions": 7,
            "deletions": 1
          },
          {
            "hash": "b57dfba6f61f3ec2015b84dfbdfc74978f520980",
            "messageTitle": "Add print CommandType list method",
            "messageBody": "",
            "insertions": 13,
            "deletions": 0
          },
          {
            "hash": "819d731308c2e13efb4e41ee5b4c07bc04c7a6d0",
            "messageTitle": "Remove wildcard import",
            "messageBody": "",
            "insertions": 2,
            "deletions": 2
          },
          {
            "hash": "daa2cadd26c27c6d28e5acd11592a8f109de679a",
            "messageTitle": "Prompts user to type `help` instead of printing command list",
            "messageBody": "",
            "insertions": 1,
            "deletions": 2
          },
          {
            "hash": "cf06a6f1b9d8e771f32a88cfa8fe5feedec1a8e1",
            "messageTitle": "Add help command",
            "messageBody": "",
            "insertions": 22,
            "deletions": 11
          },
          {
            "hash": "bbd32e7ac514b5de509c16d5607e48cfdbe15af4",
            "messageTitle": "Change response",
            "messageBody": "",
            "insertions": 1,
            "deletions": 1
          },
          {
            "hash": "afdc8e12811dece5bcbaaeb363f99be2abca4647",
            "messageTitle": "Change response",
            "messageBody": "",
            "insertions": 11,
            "deletions": 10
          },
          {
            "hash": "c60e832f4003473628714e97df57ee14d4c31d41",
            "messageTitle": "Throw NoTasksScheduledException when a date without tasks is entered",
            "messageBody": "",
            "insertions": 8,
            "deletions": 2
          },
          {
            "hash": "220e5c97a6b29b107c0d718eb42c0562753bcfc8",
            "messageTitle": "Replace wildcard import with specific import",
            "messageBody": "",
            "insertions": 5,
            "deletions": 1
          },
          {
            "hash": "c8e36619af226ade9bbf0180b504c2496fe926b7",
            "messageTitle": "Save all tasks after completing and deleting instead of at system exit",
            "messageBody": "",
            "insertions": 6,
            "deletions": 4
          },
          {
            "hash": "80f836442be04e72cbcd887a6a8c140ac7b163a2",
            "messageTitle": "Update response",
            "messageBody": "",
            "insertions": 1,
            "deletions": 1
          },
          {
            "hash": "4c915c7d9ef0e84d1f7c1884b6cb353b909a1545",
            "messageTitle": "Add delay of 1s when exiting system",
            "messageBody": "",
            "insertions": 12,
            "deletions": 8
          },
          {
            "hash": "2e79fa3a2da847e0fa938276cb15b84c5acbcefd",
            "messageTitle": "Edit welcome message",
            "messageBody": "",
            "insertions": 1,
            "deletions": 1
          },
          {
            "hash": "c3914d707afb47d7eeecd3be0611e6615350339f",
            "messageTitle": "Add whitespace for readability",
            "messageBody": "",
            "tags": [
              "v0.3"
            ],
            "insertions": 1,
            "deletions": 1
          },
          {
            "hash": "888769bbe9b9091567ffdd06de26f3b6d2542b0e",
            "messageTitle": "Update images to new UI",
            "messageBody": "",
            "insertions": 5,
            "deletions": 2
          },
          {
            "hash": "308f173c22b610fa51eef2131707cc33501ee0ad",
            "messageTitle": "Change response",
            "messageBody": "",
            "insertions": 9,
            "deletions": 10
          },
          {
            "hash": "9f61a2622d0079d6ccc90e780a25fcb77325c883",
            "messageTitle": "Add help command",
            "messageBody": "",
            "insertions": 11,
            "deletions": 0
          },
          {
            "hash": "8fabb60b5a92d4bd1ff1df10ef3c8241b366557f",
            "messageTitle": "Shift system exit from Duke to ExitCommand",
            "messageBody": "",
            "insertions": 7,
            "deletions": 8
          },
          {
            "hash": "6a2d09462ad35c8f1f698d9f2116635af7d532eb",
            "messageTitle": "Remove unused import",
            "messageBody": "",
            "insertions": 0,
            "deletions": 2
          },
          {
            "hash": "01ce614b7bd4893d0ca064337c6d08531c5d575e",
            "messageTitle": "Shift storage saving into TaskList instead of in Command",
            "messageBody": "",
            "insertions": 3,
            "deletions": 3
          },
          {
            "hash": "9a5314b15d680d6a7f61bfd3d2224533867c3ada",
            "messageTitle": "Change string split regex",
            "messageBody": "",
            "insertions": 10,
            "deletions": 20
          },
          {
            "hash": "f9d6678a22f3f6e1e3f622cff14d50e9cbe458bc",
            "messageTitle": "Add keyword `remove` to invoke DoneCommand as well",
            "messageBody": "",
            "insertions": 2,
            "deletions": 1
          },
          {
            "hash": "1b78dc6502bc7d689ba6a4fdd2adf3ce5c31e60a",
            "messageTitle": "Arrange Bye, List and Help command into switch statement",
            "messageBody": "",
            "insertions": 26,
            "deletions": 15
          }
        ]
      },
      {
        "insertions": 39,
        "deletions": 15,
        "date": "2020-02-24",
        "commitResults": [
          {
            "hash": "3dab7c0aa1b015f351b738e293cd94914b9b28b8",
            "messageTitle": "Add further assertion testing",
            "messageBody": "",
            "insertions": 4,
            "deletions": 0
          },
          {
            "hash": "af340f93da29139778e058754af078f45fb152c9",
            "messageTitle": "Remove wildcard imports",
            "messageBody": "",
            "insertions": 4,
            "deletions": 6
          },
          {
            "hash": "504d01807404b17eaed136debc26fafd6663fc00",
            "messageTitle": "Add test method",
            "messageBody": "",
            "insertions": 10,
            "deletions": 9
          },
          {
            "hash": "bc27285bcf5959fda89a6f5a5be6ccdf006239e4",
            "messageTitle": "Add DukeTest",
            "messageBody": "",
            "insertions": 21,
            "deletions": 0
          }
        ]
      }
    ]
  },
  "authorFinalContributionMap": {
    "gyant6": 1682
  },
  "authorFileTypeContributionMap": {
    "gyant6": {
      "java": 1345,
      "md": 140,
      "fxml": 35,
      "sh": 0,
      "bat": 21,
      "gradle": 41,
      "txt": 100
    }
  },
  "authorContributionVariance": {
    "gyant6": 113963.99
  },
  "authorDisplayNameMap": {
    "gyant6": "CS2103T-W13- 3 TANG.. YAN"
  }
}
