{
  "authorDailyContributionsMap": {
    "gyant6": [
      {
        "insertions": 145,
        "deletions": 14,
        "date": "2020-01-23",
        "commitResults": [
          {
            "hash": "606f72392cf3a7ddea36c5fccd6e64d74bede583",
            "messageTitle": "Level-1",
            "messageBody": "",
            "insertions": 18,
            "deletions": 1
          },
          {
            "hash": "c0937b552c670577d4506ed28beb34a9052a518e",
            "messageTitle": "Level-2",
            "messageBody": "",
            "insertions": 11,
            "deletions": 1
          },
          {
            "hash": "90008deba31768c2cc569be7c3c36c02bd93f0d6",
            "messageTitle": "Level-3",
            "messageBody": "",
            "insertions": 39,
            "deletions": 6
          },
          {
            "hash": "e7e8fe2eff2543f11aeaae9b56781080ecf48cbc",
            "messageTitle": "Level-4",
            "messageBody": "",
            "insertions": 77,
            "deletions": 6
          }
        ]
      },
      {
        "insertions": 199,
        "deletions": 44,
        "date": "2020-01-24",
        "commitResults": [
          {
            "hash": "02527cad8bf5050df144c50bf65aa0fe232bbea1",
            "messageTitle": "A-TextUiTesting",
            "messageBody": "",
            "insertions": 90,
            "deletions": 0
          },
          {
            "hash": "e37d0da60c308c8a9ec74d54ea8f4679c69a6f48",
            "messageTitle": "Level-5",
            "messageBody": "",
            "insertions": 69,
            "deletions": 29
          },
          {
            "hash": "346874a80c10a8d8f97eafbb4a21b5d27388f5db",
            "messageTitle": "Level-6",
            "messageBody": "",
            "insertions": 40,
            "deletions": 15
          }
        ]
      },
      {
        "insertions": 114,
        "deletions": 93,
        "date": "2020-01-26",
        "commitResults": [
          {
            "hash": "d035d0c11f464a776764d8fdaf4939faeafad77c",
            "messageTitle": "Shift code from main method into separate methods to clean main method",
            "messageBody": "",
            "insertions": 73,
            "deletions": 59
          },
          {
            "hash": "2ccb61901b9018faf50b3bb5d789d73e8f1c45e5",
            "messageTitle": "Change DukeException from if-else to switch",
            "messageBody": "",
            "insertions": 35,
            "deletions": 22
          },
          {
            "hash": "6130a75028a16f759e5e433a9eb76d364074c6c1",
            "messageTitle": "Minor changes",
            "messageBody": "",
            "insertions": 6,
            "deletions": 12
          }
        ]
      },
      {
        "insertions": 206,
        "deletions": 70,
        "date": "2020-01-27",
        "commitResults": [
          {
            "hash": "17bb116f3b539eeff34d3243b4096c93a9d6d61f",
            "messageTitle": "Add indentations and horizonal lines for chatbot replies",
            "messageBody": "",
            "insertions": 206,
            "deletions": 70
          }
        ]
      },
      {
        "insertions": 1064,
        "deletions": 370,
        "date": "2020-01-28",
        "commitResults": [
          {
            "hash": "f844f05c0c41f1c4b23ae1035185cd637966a553",
            "messageTitle": "Change static variable naming convention",
            "messageBody": "",
            "insertions": 37,
            "deletions": 37
          },
          {
            "hash": "291e73a11240f1747fa7895d32e8bd4da1d033d3",
            "messageTitle": "Event.java: add\u0027(\u0027 character",
            "messageBody": "",
            "insertions": 4,
            "deletions": 4
          },
          {
            "hash": "7bca8bf16ee5c4e254f668d99db306f362067010",
            "messageTitle": "Level-7",
            "messageBody": "",
            "insertions": 98,
            "deletions": 24
          },
          {
            "hash": "4c12442ff00a5b61450c2aca4f8b4d58cfce98d3",
            "messageTitle": "Level-8",
            "messageBody": "",
            "insertions": 57,
            "deletions": 15
          },
          {
            "hash": "0b3d144997dd7528977e929a0850025c70319db0",
            "messageTitle": "A-MoreOOP",
            "messageBody": "",
            "insertions": 497,
            "deletions": 200
          },
          {
            "hash": "6526ca089c1e65709af695fa938a864c9aff721c",
            "messageTitle": "Delete old code that was commented out",
            "messageBody": "",
            "insertions": 0,
            "deletions": 52
          },
          {
            "hash": "5b5567afdbb09b8d57f4bb147932c84f2725b859",
            "messageTitle": "Delete more redundant code after shift to OOP",
            "messageBody": "",
            "insertions": 0,
            "deletions": 20
          },
          {
            "hash": "f768fe664ad38c36dcd4093b1503d5c687220db1",
            "messageTitle": "A-Packages",
            "messageBody": "",
            "insertions": 78,
            "deletions": 7
          },
          {
            "hash": "ab00f247c97fb67335b67aeff36865b4aa7b2fc6",
            "messageTitle": "A-JavaDoc",
            "messageBody": "",
            "insertions": 234,
            "deletions": 10
          },
          {
            "hash": "354e5fbcc85caf8bc996a02cb0eeb901b4f6dbca",
            "messageTitle": "Level-9",
            "messageBody": "",
            "insertions": 59,
            "deletions": 1
          }
        ]
      },
      {
        "insertions": 0,
        "deletions": 5,
        "date": "2020-01-30",
        "commitResults": [
          {
            "hash": "42baddb81c479d8e3900fb9819964a2f752e86cc",
            "messageTitle": "Stop tracking tasks.txt",
            "messageBody": "",
            "insertions": 0,
            "deletions": 5
          }
        ]
      },
      {
        "insertions": 24,
        "deletions": 3,
        "date": "2020-02-02",
        "commitResults": [
          {
            "hash": "82137968e6804c9b6479f00a3aa7bf5f15ea50c8",
            "messageTitle": "Set up gradle to build and run Duke using gradle.",
            "messageBody": "",
            "insertions": 24,
            "deletions": 3
          }
        ]
      }
    ]
  },
  "authorFinalContributionMap": {
    "gyant6": 1162
  },
  "authorFileTypeContributionMap": {
    "gyant6": {
      "gitignore": 1,
      "gradle": 21,
      "properties": 3,
      "java": 54,
      "java": 115,
      "java": 44,
      "java": 31,
      "java": 34,
      "java": 26,
      "java": 40,
      "java": 25,
      "java": 17,
      "java": 37,
      "java": 149,
      "java": 48,
      "java": 55,
      "java": 55,
      "java": 114,
      "java": 24,
      "java": 50,
      "java": 11,
      "TXT": 90,
      "txt": 80,
      "txt": 17,
      "bat": 21
    }
  },
  "authorContributionVariance": {
    "gyant6": 69207.5
  },
  "authorDisplayNameMap": {
    "gyant6": "CS2103T-W13- 3 TANG.. YAN"
  }
}
