{
  "authorDailyContributionsMap": {
    "gruntultra": [
      {
        "insertions": 310,
        "deletions": 97,
        "date": "2020-01-26",
        "commitResults": [
          {
            "hash": "33761b7f7f0539b05f1a6799f9707cec1be2d8b0",
            "messageTitle": "Added in Level 1",
            "messageBody": "",
            "tags": [
              "Level-1"
            ],
            "insertions": 15,
            "deletions": 0
          },
          {
            "hash": "a5e59b30d19828faf86d632cb297769904bd0951",
            "messageTitle": "Level 2. Add, List",
            "messageBody": "",
            "tags": [
              "Level-2"
            ],
            "insertions": 9,
            "deletions": 2
          },
          {
            "hash": "bf578d2449cf7d25ff507c23ca3ab88c6140a99e",
            "messageTitle": "Level 3. Mark as Done",
            "messageBody": "",
            "tags": [
              "Level-3"
            ],
            "insertions": 34,
            "deletions": 5
          },
          {
            "hash": "7bf30d89390f9205fefe9a421eaae9e4dd07eb72",
            "messageTitle": "Level 4. ToDos, Events, Deadlines",
            "messageBody": "",
            "tags": [
              "Level-4"
            ],
            "insertions": 67,
            "deletions": 4
          },
          {
            "hash": "76bc9a4e3147b070730df5ea8c8c685f656a5f7d",
            "messageTitle": "A-TextUITesting",
            "messageBody": "",
            "tags": [
              "A-TextUITesting"
            ],
            "insertions": 55,
            "deletions": 2
          },
          {
            "hash": "6cf565203654772cf1cfda9b33f7376afe4f0bb1",
            "messageTitle": "Level 5. Handle Errors",
            "messageBody": "",
            "tags": [
              "Level-5"
            ],
            "insertions": 67,
            "deletions": 42
          },
          {
            "hash": "b1cdde340bc440857a6498ecb404147e573646aa",
            "messageTitle": "Level 6. Delete",
            "messageBody": "",
            "tags": [
              "Level-6"
            ],
            "insertions": 34,
            "deletions": 28
          },
          {
            "hash": "48e80409a207273c750a05946370c5b99182b203",
            "messageTitle": "A-enums",
            "messageBody": "",
            "tags": [
              "A-enums"
            ],
            "insertions": 29,
            "deletions": 14
          }
        ]
      },
      {
        "insertions": 56,
        "deletions": 1,
        "date": "2020-01-29",
        "commitResults": [
          {
            "hash": "0a1eab69c4f26332ae7cdaaaa4d1cb4c4ca91771",
            "messageTitle": "Level 7. Save",
            "messageBody": "",
            "tags": [
              "Level-7"
            ],
            "insertions": 56,
            "deletions": 1
          }
        ]
      },
      {
        "insertions": 18,
        "deletions": 3,
        "date": "2020-02-04",
        "commitResults": [
          {
            "hash": "3488f1ad6f4203e66793bfb9755d8a8f0c47cdaa",
            "messageTitle": "Level-8 Dates and Times",
            "messageBody": "",
            "tags": [
              "Level-8"
            ],
            "insertions": 18,
            "deletions": 3
          }
        ]
      },
      {
        "insertions": 361,
        "deletions": 149,
        "date": "2020-02-07",
        "commitResults": [
          {
            "hash": "e5fe82f908882a230df07b5a34175703d709160d",
            "messageTitle": "Added More OOP",
            "messageBody": "",
            "tags": [
              "A-MoreOOP"
            ],
            "insertions": 330,
            "deletions": 149
          },
          {
            "hash": "81c42a5e15b05b491e259744687d7ace8090de20",
            "messageTitle": "Added in Packages",
            "messageBody": "",
            "tags": [
              "A-Packages"
            ],
            "insertions": 31,
            "deletions": 0
          }
        ]
      },
      {
        "insertions": 73,
        "deletions": 4,
        "date": "2020-02-10",
        "commitResults": [
          {
            "hash": "62c54bc007411b8695097a5cbdde8fee48b96679",
            "messageTitle": "Added A-JUnit",
            "messageBody": "",
            "tags": [
              "A-JUnit"
            ],
            "insertions": 65,
            "deletions": 4
          },
          {
            "hash": "268a67abb208b9216e6b884c1e0a4888fccf8d63",
            "messageTitle": "Added in A-Jar",
            "messageBody": "",
            "tags": [
              "A-Jar"
            ],
            "insertions": 8,
            "deletions": 0
          }
        ]
      }
    ]
  },
  "authorFinalContributionMap": {
    "gruntultra": 568
  },
  "authorFileTypeContributionMap": {
    "gruntultra": {
      "java": 495,
      "md": 0,
      "fxml": 0,
      "sh": 0,
      "bat": 23,
      "gradle": 20,
      "txt": 30
    }
  },
  "authorContributionVariance": {
    "gruntultra": 13646.239
  },
  "authorDisplayNameMap": {
    "gruntultra": "CS2103T-W13- 4 SOH .. WEE"
  }
}
