{
  "authorDailyContributionsMap": {
    "HubertHalim": [
      {
        "insertions": 60,
        "deletions": 7,
        "date": "2020-01-24",
        "commitResults": [
          {
            "hash": "09c498a435db0fa3010b4bade40b64af22f3443e",
            "messageTitle": "level 1",
            "messageBody": "",
            "tags": [
              "Level-1"
            ],
            "insertions": 35,
            "deletions": 6
          },
          {
            "hash": "3b0fe45c45473f282f351ad0f772f582b4dc0961",
            "messageTitle": "level 2",
            "messageBody": "",
            "insertions": 25,
            "deletions": 1
          }
        ]
      },
      {
        "insertions": 334,
        "deletions": 33,
        "date": "2020-01-25",
        "commitResults": [
          {
            "hash": "ddf3ea581cd61588e1954d96a895cf353324b198",
            "messageTitle": "level 3",
            "messageBody": "",
            "tags": [
              "Level-3",
              "Level-2"
            ],
            "insertions": 96,
            "deletions": 7
          },
          {
            "hash": "02af6d80e6f22f8b1866146e1412f8b8cfd3ef7d",
            "messageTitle": "level 4",
            "messageBody": "",
            "tags": [
              "Level-4"
            ],
            "insertions": 149,
            "deletions": 15
          },
          {
            "hash": "53ecde6975248e177890f59cd50c3ddc7bbff999",
            "messageTitle": "fix bug",
            "messageBody": "",
            "insertions": 2,
            "deletions": 2
          },
          {
            "hash": "408b5e4d13c44e1f5fd2e1bea626c0364008a7f7",
            "messageTitle": "A-TextUiTesting",
            "messageBody": "",
            "tags": [
              "A-TextUiTesting"
            ],
            "insertions": 34,
            "deletions": 0
          },
          {
            "hash": "5121d2caae3b3c835f93d231eb0f126e5e7f3bd8",
            "messageTitle": "level 5",
            "messageBody": "",
            "tags": [
              "Level-5"
            ],
            "insertions": 6,
            "deletions": 3
          },
          {
            "hash": "428764c1ae6d9353cb7c19e5962a17ad26682304",
            "messageTitle": "level 6",
            "messageBody": "",
            "tags": [
              "Level-6"
            ],
            "insertions": 47,
            "deletions": 6
          }
        ]
      },
      {
        "insertions": 615,
        "deletions": 240,
        "date": "2020-02-01",
        "commitResults": [
          {
            "hash": "cc90750ffe1368a3d52222dd3806f038082da3e4",
            "messageTitle": "changed test file path",
            "messageBody": "",
            "insertions": 0,
            "deletions": 0
          },
          {
            "hash": "2b9c126bbf045056ca88a5b5590ff477888e02ec",
            "messageTitle": "level 7",
            "messageBody": "",
            "tags": [
              "Level-7"
            ],
            "insertions": 161,
            "deletions": 29
          },
          {
            "hash": "dadf251c606c648f56e8cafa7fe305b7b3129b7c",
            "messageTitle": "level 8",
            "messageBody": "",
            "tags": [
              "Level-8"
            ],
            "insertions": 80,
            "deletions": 14
          },
          {
            "hash": "4074ae992646782243853d3850e13e8044c32ddf",
            "messageTitle": "added gradle",
            "messageBody": "",
            "tags": [
              "A-Gradle"
            ],
            "insertions": 17,
            "deletions": 6
          },
          {
            "hash": "39175f341f04ce84e96f251049ab35e074d3b4cc",
            "messageTitle": "more OOP",
            "messageBody": "",
            "tags": [
              "A-MoreOOP"
            ],
            "insertions": 357,
            "deletions": 191
          }
        ]
      },
      {
        "insertions": 117,
        "deletions": 18,
        "date": "2020-02-02",
        "commitResults": [
          {
            "hash": "b08314401c1de1f6e54f9bd90bf75e88fa0d6b99",
            "messageTitle": "added packages",
            "messageBody": "",
            "tags": [
              "v0.1",
              "A-Packages"
            ],
            "insertions": 117,
            "deletions": 18
          }
        ]
      },
      {
        "insertions": 981,
        "deletions": 158,
        "date": "2020-02-03",
        "commitResults": [
          {
            "hash": "fbe3111085837d6da8e4819b4f74e5e3248592c5",
            "messageTitle": "added unit test",
            "messageBody": "",
            "tags": [
              "A-JUnit"
            ],
            "insertions": 551,
            "deletions": 81
          },
          {
            "hash": "43a44dc1e62143545bf4f4b630a1d6ad9d206baa",
            "messageTitle": "javadoc",
            "messageBody": "",
            "tags": [
              "A-JavaDoc"
            ],
            "insertions": 296,
            "deletions": 12
          },
          {
            "hash": "d1a422938e618f5500d036eafcf21c405ee445b6",
            "messageTitle": "coding standard",
            "messageBody": "",
            "tags": [
              "A-CodingStandard"
            ],
            "insertions": 65,
            "deletions": 64
          },
          {
            "hash": "28940d94400b87c520a2e3939a66f709b0bab45e",
            "messageTitle": "level 9",
            "messageBody": "",
            "tags": [
              "Level-9"
            ],
            "insertions": 69,
            "deletions": 1
          }
        ]
      },
      {
        "insertions": 545,
        "deletions": 199,
        "date": "2020-02-10",
        "commitResults": [
          {
            "hash": "a14913d85c541ee73d21399d2d590ae0f177fa5f",
            "messageTitle": "modified gitignore",
            "messageBody": "",
            "insertions": 318,
            "deletions": 27
          },
          {
            "hash": "44afbc975163d0ba69c9eefc9340822d8a33082d",
            "messageTitle": "Level 10",
            "messageBody": "",
            "tags": [
              "v0.2",
              "Level-10"
            ],
            "insertions": 227,
            "deletions": 172
          }
        ]
      },
      {
        "insertions": 197,
        "deletions": 114,
        "date": "2020-02-12",
        "commitResults": [
          {
            "hash": "46534d0bb968b611686159b892ee79c243237c77",
            "messageTitle": "checkstyle modification",
            "messageBody": "",
            "insertions": 190,
            "deletions": 112
          },
          {
            "hash": "609733b7fe1d60c6ca26437aa439899e164158ba",
            "messageTitle": "A-Assertion",
            "messageBody": "",
            "tags": [
              "A-Assertion"
            ],
            "insertions": 7,
            "deletions": 2
          }
        ]
      },
      {
        "insertions": 264,
        "deletions": 176,
        "date": "2020-02-13",
        "commitResults": [
          {
            "hash": "0ff9ae34f59e2f45392927e0dd3d7eabf4157f69",
            "messageTitle": "improved code quality",
            "messageBody": "",
            "tags": [
              "A-CodeQuality"
            ],
            "insertions": 22,
            "deletions": 120
          },
          {
            "hash": "43be7050bcfae54afc3b1c244dd3d5306b6aa0d3",
            "messageTitle": "fixed checkstyle issue",
            "messageBody": "",
            "insertions": 4,
            "deletions": 4
          },
          {
            "hash": "fe1f18065d5ca04eb62b0f15f8fc37de554c148d",
            "messageTitle": "change test",
            "messageBody": "",
            "insertions": 2,
            "deletions": 1
          },
          {
            "hash": "782afa0d58c713bdc54902b7a3d0594b178693e1",
            "messageTitle": "change test",
            "messageBody": "",
            "insertions": 0,
            "deletions": 1
          },
          {
            "hash": "846c2888b9a4f2674a15812690ffb80357c5fda7",
            "messageTitle": "B-Snooze",
            "messageBody": "",
            "tags": [
              "B-Snooze"
            ],
            "insertions": 111,
            "deletions": 37
          },
          {
            "hash": "bb381d78183f88b25f2cd2e7f65635540428fb3c",
            "messageTitle": "C-Help",
            "messageBody": "",
            "tags": [
              "C-Help"
            ],
            "insertions": 125,
            "deletions": 13
          }
        ]
      },
      {
        "insertions": 4,
        "deletions": 4,
        "date": "2020-02-18",
        "commitResults": [
          {
            "hash": "9e45ad35fa17d9f241b6f5a19cc02fabca6aec31",
            "messageTitle": "Added screenshot",
            "messageBody": "",
            "insertions": 4,
            "deletions": 4
          }
        ]
      },
      {
        "insertions": 108,
        "deletions": 16,
        "date": "2020-02-19",
        "commitResults": [
          {
            "hash": "1eb6e7ef1d8c93f1f234135af9336f1d7b8a0547",
            "messageTitle": "A-UserGuide",
            "messageBody": "",
            "tags": [
              "A-UserGuide"
            ],
            "insertions": 98,
            "deletions": 8
          },
          {
            "hash": "557feca2467f581986addbea627f6d540a0b2edc",
            "messageTitle": "bug fix on storage",
            "messageBody": "",
            "tags": [
              "v0.3",
              "A-Release",
              "A-Assertions"
            ],
            "insertions": 10,
            "deletions": 8
          }
        ]
      }
    ]
  },
  "authorFinalContributionMap": {
    "HubertHalim": 2273
  },
  "authorFileTypeContributionMap": {
    "HubertHalim": {
      "java": 2070,
      "md": 96,
      "fxml": 44,
      "sh": 34,
      "bat": 0,
      "gradle": 27,
      "txt": 2
    }
  },
  "authorContributionVariance": {
    "HubertHalim": 67974.836
  },
  "authorDisplayNameMap": {
    "HubertHalim": "CS2103-T09- 3 HUBE..ALIM"
  }
}
