{
  "authorDailyContributionsMap": {
    "FyonnOh": [
      {
        "insertions": 40,
        "deletions": 8,
        "date": "2020-01-22",
        "commitResults": [
          {
            "hash": "2220d7166bdb52282c08f791fde17c3f06747f6f",
            "messageTitle": "Level 1: Greet, Echo, Exit",
            "messageBody": "",
            "tags": [
              "Level-1"
            ],
            "insertions": 13,
            "deletions": 0
          },
          {
            "hash": "b3fa3f8857740c8bc259ee4f9c37320a25e51f71",
            "messageTitle": "Level 2: Add, List",
            "messageBody": "",
            "tags": [
              "Leve2-1"
            ],
            "insertions": 12,
            "deletions": 4
          },
          {
            "hash": "fda9fdcfeb39960ebe77470b1a709072ffab7b89",
            "messageTitle": "Level 3: Mark as Done",
            "messageBody": "",
            "tags": [
              "Level3-1"
            ],
            "insertions": 15,
            "deletions": 4
          }
        ]
      },
      {
        "insertions": 200,
        "deletions": 61,
        "date": "2020-01-23",
        "commitResults": [
          {
            "hash": "1834769ed4d88a637f2a9b5a5fe48d46370ddd70",
            "messageTitle": "Level 4: ToDos, Events, Deadlines",
            "messageBody": "",
            "tags": [
              "Level4"
            ],
            "insertions": 34,
            "deletions": 22
          },
          {
            "hash": "69e31101fe5abaf1dad9440df4000d470ccd7a4d",
            "messageTitle": "level 4: ToDos, Events, Deadlines",
            "messageBody": "",
            "insertions": 63,
            "deletions": 0
          },
          {
            "hash": "a0cd1b5ddf1831cca19c5e89665098f534148e4e",
            "messageTitle": "Level 5. Handle Errors",
            "messageBody": "",
            "tags": [
              "Level5"
            ],
            "insertions": 85,
            "deletions": 35
          },
          {
            "hash": "d4e2a3f9dff802b2cff699f1e61f59632ca99b63",
            "messageTitle": "Level 6. Delete",
            "messageBody": "",
            "tags": [
              "Level6",
              "A-Enums",
              "A"
            ],
            "insertions": 18,
            "deletions": 4
          }
        ]
      },
      {
        "insertions": 285,
        "deletions": 26,
        "date": "2020-01-30",
        "commitResults": [
          {
            "hash": "66b37ecc2fd75b8298e6a0319e8b7c47376358c7",
            "messageTitle": "week 2: touch-up",
            "messageBody": "",
            "insertions": 45,
            "deletions": 14
          },
          {
            "hash": "6a2319f4da959c0b1f400a68209bae32846102c7",
            "messageTitle": "Adding test cases",
            "messageBody": "",
            "insertions": 7,
            "deletions": 0
          },
          {
            "hash": "55e55b56fd23b1c07ecd436ec6bf6c3b11f836f7",
            "messageTitle": "Adding test cases 1.0",
            "messageBody": "",
            "insertions": 34,
            "deletions": 0
          },
          {
            "hash": "8b70d64d624f119cde128000d416f431eb39d34b",
            "messageTitle": "Level 7: Save",
            "messageBody": "",
            "tags": [
              "Level7"
            ],
            "insertions": 78,
            "deletions": 9
          },
          {
            "hash": "c86ab0fd2a4da8cc4800d796da2ac3783c9a3f81",
            "messageTitle": "Data",
            "messageBody": "",
            "insertions": 121,
            "deletions": 3
          }
        ]
      },
      {
        "insertions": 26,
        "deletions": 11,
        "date": "2020-02-01",
        "commitResults": [
          {
            "hash": "3a4b34da3b0944765bdb6768bf2a3f875b9473fd",
            "messageTitle": "Level8: Dates and Times",
            "messageBody": "",
            "tags": [
              "level8"
            ],
            "insertions": 26,
            "deletions": 11
          }
        ]
      },
      {
        "insertions": 14,
        "deletions": 13,
        "date": "2020-02-02",
        "commitResults": [
          {
            "hash": "84a425aad42ae4069114c44261e06e20338ca4c9",
            "messageTitle": "Merge Branch-7 1.0",
            "messageBody": "",
            "tags": [
              "level8-merge"
            ],
            "insertions": 14,
            "deletions": 13
          }
        ]
      },
      {
        "insertions": 311,
        "deletions": 298,
        "date": "2020-02-03",
        "commitResults": [
          {
            "hash": "3570a79103697d02ed0f551fc65fdea779eb3b37",
            "messageTitle": "A-moreOOP",
            "messageBody": "",
            "tags": [
              "A-moreOOP"
            ],
            "insertions": 242,
            "deletions": 153
          },
          {
            "hash": "1b65405d9432edb16b656fc5b76f92f85b69f581",
            "messageTitle": "A-JUnit",
            "messageBody": "",
            "tags": [
              "v0.1",
              "A-JUnit"
            ],
            "insertions": 40,
            "deletions": 140
          },
          {
            "hash": "05cfd911995f2a5f530d8f9d379019ed0bf23dd3",
            "messageTitle": "A-JUnit 0.1",
            "messageBody": "",
            "tags": [
              "Level-2",
              "A-MoreOOP",
              "A-Jar",
              "A-JUnit0.1"
            ],
            "insertions": 29,
            "deletions": 5
          }
        ]
      }
    ]
  },
  "authorFinalContributionMap": {
    "FyonnOh": 451
  },
  "authorFileTypeContributionMap": {
    "FyonnOh": {
      "txt": 4,
      "gradle": 16,
      "java": 428,
      "MF": 3
    }
  },
  "authorContributionVariance": {
    "FyonnOh": 15683.69
  },
  "authorDisplayNameMap": {
    "FyonnOh": "CS2103T-W16- 1 FYON..UANG"
  }
}
