{
  "authorDailyContributionsMap": {
    "FyonnOh": [
      {
        "insertions": 40,
        "deletions": 8,
        "date": "2020-01-22",
        "commitResults": [
          {
            "hash": "2220d7166bdb52282c08f791fde17c3f06747f6f",
            "messageTitle": "Level 1: Greet, Echo, Exit",
            "messageBody": "",
            "tags": [
              "Level-1"
            ],
            "insertions": 13,
            "deletions": 0
          },
          {
            "hash": "b3fa3f8857740c8bc259ee4f9c37320a25e51f71",
            "messageTitle": "Level 2: Add, List",
            "messageBody": "",
            "tags": [
              "Leve2-1"
            ],
            "insertions": 12,
            "deletions": 4
          },
          {
            "hash": "fda9fdcfeb39960ebe77470b1a709072ffab7b89",
            "messageTitle": "Level 3: Mark as Done",
            "messageBody": "",
            "tags": [
              "Level3-1"
            ],
            "insertions": 15,
            "deletions": 4
          }
        ]
      },
      {
        "insertions": 200,
        "deletions": 61,
        "date": "2020-01-23",
        "commitResults": [
          {
            "hash": "1834769ed4d88a637f2a9b5a5fe48d46370ddd70",
            "messageTitle": "Level 4: ToDos, Events, Deadlines",
            "messageBody": "",
            "tags": [
              "Level4"
            ],
            "insertions": 34,
            "deletions": 22
          },
          {
            "hash": "69e31101fe5abaf1dad9440df4000d470ccd7a4d",
            "messageTitle": "level 4: ToDos, Events, Deadlines",
            "messageBody": "",
            "insertions": 63,
            "deletions": 0
          },
          {
            "hash": "a0cd1b5ddf1831cca19c5e89665098f534148e4e",
            "messageTitle": "Level 5. Handle Errors",
            "messageBody": "",
            "tags": [
              "Level5"
            ],
            "insertions": 85,
            "deletions": 35
          },
          {
            "hash": "d4e2a3f9dff802b2cff699f1e61f59632ca99b63",
            "messageTitle": "Level 6. Delete",
            "messageBody": "",
            "tags": [
              "Level6",
              "A-Enums",
              "A"
            ],
            "insertions": 18,
            "deletions": 4
          }
        ]
      },
      {
        "insertions": 285,
        "deletions": 26,
        "date": "2020-01-30",
        "commitResults": [
          {
            "hash": "66b37ecc2fd75b8298e6a0319e8b7c47376358c7",
            "messageTitle": "week 2: touch-up",
            "messageBody": "",
            "insertions": 45,
            "deletions": 14
          },
          {
            "hash": "6a2319f4da959c0b1f400a68209bae32846102c7",
            "messageTitle": "Adding test cases",
            "messageBody": "",
            "insertions": 7,
            "deletions": 0
          },
          {
            "hash": "55e55b56fd23b1c07ecd436ec6bf6c3b11f836f7",
            "messageTitle": "Adding test cases 1.0",
            "messageBody": "",
            "insertions": 34,
            "deletions": 0
          },
          {
            "hash": "8b70d64d624f119cde128000d416f431eb39d34b",
            "messageTitle": "Level 7: Save",
            "messageBody": "",
            "tags": [
              "Level7"
            ],
            "insertions": 78,
            "deletions": 9
          },
          {
            "hash": "c86ab0fd2a4da8cc4800d796da2ac3783c9a3f81",
            "messageTitle": "Data",
            "messageBody": "",
            "insertions": 121,
            "deletions": 3
          }
        ]
      },
      {
        "insertions": 26,
        "deletions": 11,
        "date": "2020-02-01",
        "commitResults": [
          {
            "hash": "3a4b34da3b0944765bdb6768bf2a3f875b9473fd",
            "messageTitle": "Level8: Dates and Times",
            "messageBody": "",
            "tags": [
              "level8"
            ],
            "insertions": 26,
            "deletions": 11
          }
        ]
      },
      {
        "insertions": 14,
        "deletions": 13,
        "date": "2020-02-02",
        "commitResults": [
          {
            "hash": "84a425aad42ae4069114c44261e06e20338ca4c9",
            "messageTitle": "Merge Branch-7 1.0",
            "messageBody": "",
            "tags": [
              "level8-merge"
            ],
            "insertions": 14,
            "deletions": 13
          }
        ]
      },
      {
        "insertions": 308,
        "deletions": 298,
        "date": "2020-02-03",
        "commitResults": [
          {
            "hash": "3570a79103697d02ed0f551fc65fdea779eb3b37",
            "messageTitle": "A-moreOOP",
            "messageBody": "",
            "tags": [
              "A-moreOOP"
            ],
            "insertions": 242,
            "deletions": 153
          },
          {
            "hash": "1b65405d9432edb16b656fc5b76f92f85b69f581",
            "messageTitle": "A-JUnit",
            "messageBody": "",
            "tags": [
              "v0.1",
              "A-JUnit"
            ],
            "insertions": 40,
            "deletions": 140
          },
          {
            "hash": "05cfd911995f2a5f530d8f9d379019ed0bf23dd3",
            "messageTitle": "A-JUnit 0.1",
            "messageBody": "",
            "tags": [
              "Level-2",
              "A-MoreOOP",
              "A-Jar",
              "A-JUnit0.1"
            ],
            "insertions": 26,
            "deletions": 5
          }
        ]
      },
      {
        "insertions": 89,
        "deletions": 4,
        "date": "2020-02-04",
        "commitResults": [
          {
            "hash": "4950c2b155a49c444bc8fb197ccc4f0b7189e822",
            "messageTitle": "A-JUnit 0.2",
            "messageBody": "",
            "insertions": 1,
            "deletions": 1
          },
          {
            "hash": "5809acf1b147dc506d61a149e8dd16c43f822439",
            "messageTitle": "branch-A-JavaDoc",
            "messageBody": "",
            "tags": [
              "A-JavaDoc"
            ],
            "insertions": 88,
            "deletions": 3
          }
        ]
      },
      {
        "insertions": 64,
        "deletions": 25,
        "date": "2020-02-05",
        "commitResults": [
          {
            "hash": "f4f936af67a0211e925d6661857a4c72106943e2",
            "messageTitle": "A-CodingStandard",
            "messageBody": "",
            "insertions": 34,
            "deletions": 22
          },
          {
            "hash": "a01c281a8ab3fb221346a0acb038be4ea752f8de",
            "messageTitle": "A-CodingStandard0.1",
            "messageBody": "",
            "tags": [
              "A-CodingStandard"
            ],
            "insertions": 4,
            "deletions": 0
          },
          {
            "hash": "0cc6d3469552bc67fcdc92914f6ea47a3ff5824e",
            "messageTitle": "level9: Find",
            "messageBody": "",
            "insertions": 23,
            "deletions": 0
          },
          {
            "hash": "f1cbdfafcc2075b11ab4be2759c9ae40b6788bfd",
            "messageTitle": "Merging with A-JavaDoc",
            "messageBody": "",
            "insertions": 1,
            "deletions": 1
          },
          {
            "hash": "bee7853d3a6aa93773ccdfeb377de917ba4bcf73",
            "messageTitle": "Touching Up week 3",
            "messageBody": "",
            "insertions": 2,
            "deletions": 2
          }
        ]
      },
      {
        "insertions": 226,
        "deletions": 19,
        "date": "2020-02-09",
        "commitResults": [
          {
            "hash": "f53344e10ebab0f93556be01ac05ac0e015b4ba8",
            "messageTitle": "Level 10: GUI",
            "messageBody": "",
            "tags": [
              "Level10",
              "A-Gradle"
            ],
            "insertions": 226,
            "deletions": 19
          }
        ]
      },
      {
        "insertions": 7,
        "deletions": 2,
        "date": "2020-02-16",
        "commitResults": [
          {
            "hash": "c7dfb648a44de19bc3e00f757c170168c75f9f64",
            "messageTitle": "A-Assertions",
            "messageBody": "",
            "tags": [
              "A-Assertion"
            ],
            "insertions": 7,
            "deletions": 2
          }
        ]
      },
      {
        "insertions": 375,
        "deletions": 331,
        "date": "2020-02-23",
        "commitResults": [
          {
            "hash": "b6a14c65344b224421c938f00e7bedfbb1215241",
            "messageTitle": "Cleaning up code",
            "messageBody": "",
            "insertions": 375,
            "deletions": 331
          }
        ]
      },
      {
        "insertions": 110,
        "deletions": 5,
        "date": "2020-02-28",
        "commitResults": [
          {
            "hash": "e19c75eae60f688191c64e99a1c1daf354a4643f",
            "messageTitle": "A-CodeQuality",
            "messageBody": "",
            "tags": [
              "A-CodeQuality"
            ],
            "insertions": 110,
            "deletions": 5
          }
        ]
      }
    ]
  },
  "authorFinalContributionMap": {
    "FyonnOh": 968
  },
  "authorFileTypeContributionMap": {
    "FyonnOh": {
      "java": 891,
      "md": 0,
      "fxml": 35,
      "sh": 0,
      "bat": 0,
      "gradle": 37,
      "txt": 5
    }
  },
  "authorContributionVariance": {
    "FyonnOh": 20995.553
  },
  "authorDisplayNameMap": {
    "FyonnOh": "CS2103T-W16- 1 FYON..UANG"
  }
}
