{
  "authorDailyContributionsMap": {
    "tiendat161": [
      {
        "insertions": 13,
        "deletions": 3,
        "date": "2020-02-05",
        "commitResults": [
          {
            "hash": "93455f607d3f1aa7f0c0c60c2abea59d16335437",
            "messageTitle": "Level-1 Edition",
            "messageBody": "",
            "insertions": 12,
            "deletions": 1
          },
          {
            "hash": "3543b3a5fc99817b49eadcf8998d815ebf794ee3",
            "messageTitle": "Level-1 Edition",
            "messageBody": "",
            "insertions": 1,
            "deletions": 1
          },
          {
            "hash": "280295cb64bd9b1aeb1c5e65ef423eb2a8ea77b9",
            "messageTitle": "Level-1 ediion",
            "messageBody": "",
            "tags": [
              "Level-1"
            ],
            "insertions": 0,
            "deletions": 1
          }
        ]
      },
      {
        "insertions": 14,
        "deletions": 8,
        "date": "2020-02-09",
        "commitResults": [
          {
            "hash": "1084c1a9635b3200bc75e6117429158bd1215220",
            "messageTitle": "Level-2 edit",
            "messageBody": "",
            "tags": [
              "Level-2"
            ],
            "insertions": 14,
            "deletions": 8
          }
        ]
      },
      {
        "insertions": 108,
        "deletions": 20,
        "date": "2020-02-10",
        "commitResults": [
          {
            "hash": "4cbcb7beb274adc1573a791f385828e37c4b1e02",
            "messageTitle": "Level-3 edit",
            "messageBody": "",
            "tags": [
              "Level-3"
            ],
            "insertions": 33,
            "deletions": 5
          },
          {
            "hash": "43e309e492f5a717be7219d69a669970bf50692d",
            "messageTitle": "Level-4 edit",
            "messageBody": "",
            "insertions": 12,
            "deletions": 0
          },
          {
            "hash": "3db63d508a05e52039c0790a86240d3f3c715f63",
            "messageTitle": "Level-4 edit",
            "messageBody": "",
            "tags": [
              "Level-4",
              "A-TextUiTesting"
            ],
            "insertions": 63,
            "deletions": 15
          }
        ]
      },
      {
        "insertions": 106,
        "deletions": 15,
        "date": "2020-02-11",
        "commitResults": [
          {
            "hash": "f43e1f9c3ba4d2b8a8c024d91e807cae0892092e",
            "messageTitle": "A-TextUiTesting edit",
            "messageBody": "",
            "insertions": 57,
            "deletions": 0
          },
          {
            "hash": "207ba23133f167a3f3d47b7ba388598c1530e649",
            "messageTitle": "Level-5 edit",
            "messageBody": "",
            "tags": [
              "Level-6",
              "Level-5"
            ],
            "insertions": 12,
            "deletions": 0
          },
          {
            "hash": "d001b93c5523b8b536e3345f1a250cc418251975",
            "messageTitle": "Level-6 edit",
            "messageBody": "",
            "insertions": 37,
            "deletions": 15
          }
        ]
      },
      {
        "insertions": 102,
        "deletions": 2,
        "date": "2020-02-12",
        "commitResults": [
          {
            "hash": "f192c0ebb015c3ba6ad710f478c18e925bcc6d65",
            "messageTitle": "Level-7 edit",
            "messageBody": "",
            "tags": [
              "Level-8",
              "Level-7"
            ],
            "insertions": 102,
            "deletions": 2
          }
        ]
      },
      {
        "insertions": 60,
        "deletions": 26,
        "date": "2020-02-18",
        "commitResults": [
          {
            "hash": "2379d4cace3c66d233ed2dede1a14288b7715fa5",
            "messageTitle": "Level-8 edition",
            "messageBody": "",
            "insertions": 60,
            "deletions": 26
          }
        ]
      }
    ]
  },
  "authorFinalContributionMap": {
    "tiendat161": 336
  },
  "authorFileTypeContributionMap": {
    "tiendat161": {
      "java": 276,
      "md": 0,
      "fxml": 0,
      "sh": 0,
      "bat": 21,
      "gradle": 0,
      "txt": 39
    }
  },
  "authorContributionVariance": {
    "tiendat161": 1184.5286
  },
  "authorDisplayNameMap": {
    "tiendat161": "CS2103-W14- 1 NGUY.. DAT"
  }
}
