{
  "authorDailyContributionsMap": {
    "Yonggiee": [
      {
        "insertions": 284,
        "deletions": 41,
        "date": "2020-01-20",
        "commitResults": [
          {
            "hash": "12775ab93466af8d383a90d54fc70fde85ccff79",
            "messageTitle": "level",
            "messageBody": "",
            "tags": [
              "Level-1"
            ],
            "fileTypesAndContributionMap": {
              "java": {
                "insertions": 49,
                "deletions": 6
              }
            }
          },
          {
            "hash": "6ed807848efe5c915aaae49ffd1aa342d279d8db",
            "messageTitle": "styling",
            "messageBody": "",
            "fileTypesAndContributionMap": {
              "java": {
                "insertions": 3,
                "deletions": 1
              }
            }
          },
          {
            "hash": "f2ff59967c67fce169c6f25d1cfe6aea0c30fccd",
            "messageTitle": "Level 2",
            "messageBody": "",
            "tags": [
              "Level-2"
            ],
            "fileTypesAndContributionMap": {
              "java": {
                "insertions": 26,
                "deletions": 2
              }
            }
          },
          {
            "hash": "44814db1f8ef10e102066301ca87d59c004d3b6a",
            "messageTitle": "Level 3",
            "messageBody": "",
            "tags": [
              "Level-3"
            ],
            "fileTypesAndContributionMap": {
              "java": {
                "insertions": 46,
                "deletions": 11
              }
            }
          },
          {
            "hash": "6e15de258df0ebc70e8f926554447d6f6106aa2d",
            "messageTitle": "added deadline event todo",
            "messageBody": "",
            "fileTypesAndContributionMap": {
              "java": {
                "insertions": 78,
                "deletions": 7
              }
            }
          },
          {
            "hash": "9a5c5919d1ee0fa6efce7dbccd65e29235bdf096",
            "messageTitle": "finished todo event deadline",
            "messageBody": "",
            "fileTypesAndContributionMap": {
              "java": {
                "insertions": 79,
                "deletions": 12
              }
            }
          },
          {
            "hash": "3100ddb07b41f74b8851a64541e5d49f31903a49",
            "messageTitle": "Level 4",
            "messageBody": "",
            "tags": [
              "Level-4"
            ],
            "fileTypesAndContributionMap": {
              "java": {
                "insertions": 3,
                "deletions": 2
              }
            }
          }
        ]
      },
      {
        "insertions": 177,
        "deletions": 111,
        "date": "2020-01-21",
        "commitResults": [
          {
            "hash": "3ab9654f53d5598277f48871a03a7179ff50facb",
            "messageTitle": "added some exceptions",
            "messageBody": "",
            "fileTypesAndContributionMap": {
              "java": {
                "insertions": 79,
                "deletions": 49
              }
            }
          },
          {
            "hash": "01f1fd97b884ffff6c6b9880c39bd3198fc2ef26",
            "messageTitle": "finished exceptions",
            "messageBody": "",
            "tags": [
              "Level-5"
            ],
            "fileTypesAndContributionMap": {
              "java": {
                "insertions": 60,
                "deletions": 37
              }
            }
          },
          {
            "hash": "13aa43a2f721a1f7e34ba4671a7be3c8e57b1893",
            "messageTitle": "removed pointless tasktype class",
            "messageBody": "",
            "fileTypesAndContributionMap": {
              "java": {
                "insertions": 15,
                "deletions": 18
              }
            }
          },
          {
            "hash": "1ff3e91bf4daebfaab8ecf1ec5189c472afd6954",
            "messageTitle": "implemented function to delete",
            "messageBody": "",
            "tags": [
              "Level-6"
            ],
            "fileTypesAndContributionMap": {
              "java": {
                "insertions": 23,
                "deletions": 7
              }
            }
          }
        ]
      },
      {
        "insertions": 466,
        "deletions": 210,
        "date": "2020-01-24",
        "commitResults": [
          {
            "hash": "ac149f3c1736b537fb06d8d2562006cae470275e",
            "messageTitle": "completed function to save",
            "messageBody": "",
            "fileTypesAndContributionMap": {
              "txt": {
                "insertions": 3,
                "deletions": 0
              },
              "java": {
                "insertions": 183,
                "deletions": 90
              }
            }
          },
          {
            "hash": "e7f97e6cc1493886f72074b1ced89c4505d1f942",
            "messageTitle": "added TextUI",
            "messageBody": "",
            "fileTypesAndContributionMap": {
              "txt": {
                "insertions": 6,
                "deletions": 0
              },
              "java": {
                "insertions": 31,
                "deletions": 31
              },
              "sh": {
                "insertions": 34,
                "deletions": 0
              }
            }
          },
          {
            "hash": "ca7c12f1e1a2cfbc578462acb40678a0d30c7ce9",
            "messageTitle": "textUI",
            "messageBody": "",
            "tags": [
              "A-TextUiTesting"
            ],
            "fileTypesAndContributionMap": {
              "txt": {
                "insertions": 6,
                "deletions": 0
              },
              "sh": {
                "insertions": 34,
                "deletions": 0
              }
            }
          },
          {
            "hash": "f70a3cc9408a2248e4ef6efb37fdabccc61669a2",
            "messageTitle": "changed to Date and DateTime class",
            "messageBody": "",
            "fileTypesAndContributionMap": {
              "java": {
                "insertions": 33,
                "deletions": 9
              }
            }
          },
          {
            "hash": "538c068eeb0ecfa57b6a1665aeb1486e7219703e",
            "messageTitle": "finished special list command",
            "messageBody": "",
            "fileTypesAndContributionMap": {
              "java": {
                "insertions": 49,
                "deletions": 7
              }
            }
          },
          {
            "hash": "7b8a278ba18b5a8a91639b6478e9e263b953c191",
            "messageTitle": "additional styling",
            "messageBody": "",
            "tags": [
              "Level-8"
            ],
            "fileTypesAndContributionMap": {
              "txt": {
                "insertions": 5,
                "deletions": 8
              },
              "java": {
                "insertions": 82,
                "deletions": 65
              }
            }
          }
        ]
      },
      {
        "insertions": 249,
        "deletions": 133,
        "date": "2020-01-25",
        "commitResults": [
          {
            "hash": "c9a0c40d29f5039f79fad018c62467554a8b3fa9",
            "messageTitle": "added storage",
            "messageBody": "",
            "fileTypesAndContributionMap": {
              "txt": {
                "insertions": 14,
                "deletions": 2
              },
              "java": {
                "insertions": 68,
                "deletions": 58
              }
            }
          },
          {
            "hash": "7be9f9efefd0a32f37195df55860b7faef4d20c2",
            "messageTitle": "mids of implementing TaskList",
            "messageBody": "",
            "fileTypesAndContributionMap": {
              "txt": {
                "insertions": 0,
                "deletions": 3
              },
              "java": {
                "insertions": 53,
                "deletions": 12
              }
            }
          },
          {
            "hash": "05f37aef1876280c329ef7f0d22ae56e3cb659e2",
            "messageTitle": "done TaskList",
            "messageBody": "",
            "fileTypesAndContributionMap": {
              "txt": {
                "insertions": 3,
                "deletions": 0
              },
              "java": {
                "insertions": 11,
                "deletions": 8
              }
            }
          },
          {
            "hash": "91e6c8306a3629f7cb5d1dcfad512cfa0881c6ae",
            "messageTitle": "middle of implementing parser",
            "messageBody": "",
            "fileTypesAndContributionMap": {
              "java": {
                "insertions": 29,
                "deletions": 1
              }
            }
          },
          {
            "hash": "62203dadf04e41855c4ce2c97e5cf301ff95c227",
            "messageTitle": "start Ui",
            "messageBody": "",
            "fileTypesAndContributionMap": {
              "txt": {
                "insertions": 3,
                "deletions": 3
              },
              "java": {
                "insertions": 68,
                "deletions": 46
              }
            }
          }
        ]
      },
      {
        "insertions": 457,
        "deletions": 339,
        "date": "2020-01-27",
        "commitResults": [
          {
            "hash": "ced1f4d9e590422ff3e6fa58e5e18353ab70ba47",
            "messageTitle": "added some UI functions",
            "messageBody": "",
            "fileTypesAndContributionMap": {
              "txt": {
                "insertions": 4,
                "deletions": 1
              },
              "java": {
                "insertions": 143,
                "deletions": 108
              }
            }
          },
          {
            "hash": "c592c2214d94a12d40437e893ededea7c917c598",
            "messageTitle": "added what happens if cannot find folder/file to load",
            "messageBody": "",
            "fileTypesAndContributionMap": {
              "java": {
                "insertions": 68,
                "deletions": 45
              }
            }
          },
          {
            "hash": "21603ecbaee919afe8ff491ee98deee3c624e8a6",
            "messageTitle": "changed done and delete to be handled by tasklist",
            "messageBody": "",
            "fileTypesAndContributionMap": {
              "txt": {
                "insertions": 2,
                "deletions": 3
              },
              "java": {
                "insertions": 56,
                "deletions": 58
              }
            }
          },
          {
            "hash": "6f7b7c06f5ef984531a56ad56ab56adad897292b",
            "messageTitle": "completed OOP(still require testing)",
            "messageBody": "",
            "fileTypesAndContributionMap": {
              "java": {
                "insertions": 76,
                "deletions": 86
              }
            }
          },
          {
            "hash": "99fe6604117d239dcc538b874c4fc96c362d17b2",
            "messageTitle": "fixed problem with storage loading",
            "messageBody": "",
            "fileTypesAndContributionMap": {
              "txt": {
                "insertions": 6,
                "deletions": 4
              },
              "java": {
                "insertions": 32,
                "deletions": 30
              }
            }
          },
          {
            "hash": "46aa4c991ba0e042abb2ae037a0baa5a088ff279",
            "messageTitle": "middle of changingCommands",
            "messageBody": "",
            "fileTypesAndContributionMap": {
              "java": {
                "insertions": 70,
                "deletions": 4
              }
            }
          }
        ]
      },
      {
        "insertions": 628,
        "deletions": 352,
        "date": "2020-01-28",
        "commitResults": [
          {
            "hash": "c17bfedaeeb888c23056da5ec03a9d54fb0df0e0",
            "messageTitle": "redid commands",
            "messageBody": "",
            "tags": [
              "A-MoreOOP"
            ],
            "fileTypesAndContributionMap": {
              "txt": {
                "insertions": 13,
                "deletions": 6
              },
              "java": {
                "insertions": 251,
                "deletions": 237
              }
            }
          },
          {
            "hash": "dc47ae35ebe8eb6493c635a67b2234050eab0afc",
            "messageTitle": "packages",
            "messageBody": "",
            "fileTypesAndContributionMap": {
              "txt": {
                "insertions": 0,
                "deletions": 2
              },
              "java": {
                "insertions": 109,
                "deletions": 6
              }
            }
          },
          {
            "hash": "fd9c504aa9f11b36d96289def5f3f49994f98809",
            "messageTitle": "changed packages",
            "messageBody": "",
            "tags": [
              "A-Packages"
            ],
            "fileTypesAndContributionMap": {
              "java": {
                "insertions": 66,
                "deletions": 66
              }
            }
          },
          {
            "hash": "5178b961fcdab1d3fac0d0d0e6538a16bf089853",
            "messageTitle": "implemented gradle and swapped to use text-ui-test",
            "messageBody": "",
            "fileTypesAndContributionMap": {
              "sh": {
                "insertions": 2,
                "deletions": 2
              }
            }
          },
          {
            "hash": "19572c60dec1aea004db2c74108313ab135b0e84",
            "messageTitle": "changed formatting",
            "messageBody": "",
            "fileTypesAndContributionMap": {
              "gradle": {
                "insertions": 1,
                "deletions": 1
              },
              "txt": {
                "insertions": 1,
                "deletions": 0
              },
              "java": {
                "insertions": 39,
                "deletions": 11
              }
            }
          },
          {
            "hash": "cbb8fe3d3b6fc0e282e43bf16971d1a996b4adf5",
            "messageTitle": "added comments for harder functions",
            "messageBody": "",
            "fileTypesAndContributionMap": {
              "java": {
                "insertions": 146,
                "deletions": 21
              }
            }
          }
        ]
      },
      {
        "insertions": 301,
        "deletions": 198,
        "date": "2020-01-30",
        "commitResults": [
          {
            "hash": "9586003b467a0f58c516256cda41baee886fc4ec",
            "messageTitle": "added JUnit",
            "messageBody": "",
            "tags": [
              "A-Jar",
              "A-JUnit",
              "A-Gradle"
            ],
            "fileTypesAndContributionMap": {
              "gradle": {
                "insertions": 14,
                "deletions": 0
              },
              "java": {
                "insertions": 116,
                "deletions": 70
              }
            }
          },
          {
            "hash": "5c7d65728753a4ba85aeb9342c1220d5687aee2f",
            "messageTitle": "coding standard",
            "messageBody": "",
            "tags": [
              "Level-9",
              "A-CodingStandard"
            ],
            "fileTypesAndContributionMap": {
              "gradle": {
                "insertions": 8,
                "deletions": 0
              },
              "java": {
                "insertions": 163,
                "deletions": 128
              }
            }
          }
        ]
      },
      {
        "insertions": 220,
        "deletions": 30,
        "date": "2020-02-02",
        "commitResults": [
          {
            "hash": "5cb76249ae6356831dde926f2d41b99473fad789",
            "messageTitle": "init javaFX",
            "messageBody": "",
            "fileTypesAndContributionMap": {
              "gradle": {
                "insertions": 13,
                "deletions": 5
              },
              "txt": {
                "insertions": 1,
                "deletions": 0
              },
              "java": {
                "insertions": 85,
                "deletions": 5
              }
            }
          },
          {
            "hash": "516e74cb62ac72d0876c1c917bbb9438944fdf2d",
            "messageTitle": "finished tut3",
            "messageBody": "",
            "fileTypesAndContributionMap": {
              "txt": {
                "insertions": 0,
                "deletions": 15
              },
              "java": {
                "insertions": 121,
                "deletions": 5
              }
            }
          }
        ]
      },
      {
        "insertions": 134,
        "deletions": 172,
        "date": "2020-02-04",
        "commitResults": [
          {
            "hash": "5b0ec8c461f51d6cd8fca14b1ab3a14a3aab4feb",
            "messageTitle": "add starting dialog",
            "messageBody": "",
            "fileTypesAndContributionMap": {
              "fxml": {
                "insertions": 35,
                "deletions": 0
              },
              "java": {
                "insertions": 27,
                "deletions": 67
              }
            }
          },
          {
            "hash": "7cc1739403c343005f338cc35d046895f2f2bc75",
            "messageTitle": "changed photos",
            "messageBody": "",
            "fileTypesAndContributionMap": {
              "java": {
                "insertions": 8,
                "deletions": 6
              }
            }
          },
          {
            "hash": "c3bbdb2fb1b54e7083cfea0c221d4740e3c51b79",
            "messageTitle": "shift replies from terminal to gui",
            "messageBody": "",
            "fileTypesAndContributionMap": {
              "txt": {
                "insertions": 1,
                "deletions": 0
              },
              "java": {
                "insertions": 53,
                "deletions": 79
              }
            }
          },
          {
            "hash": "ffef253f0bba1bf62798164cf716ae4e5cf860c4",
            "messageTitle": "fix bye to end application",
            "messageBody": "",
            "fileTypesAndContributionMap": {
              "java": {
                "insertions": 8,
                "deletions": 1
              }
            }
          },
          {
            "hash": "b383a7fd093a5777d8291817d14e73c4ad1c6e9c",
            "messageTitle": "remove imports that are not used",
            "messageBody": "",
            "tags": [
              "Level-10"
            ],
            "fileTypesAndContributionMap": {
              "txt": {
                "insertions": 1,
                "deletions": 0
              },
              "java": {
                "insertions": 1,
                "deletions": 19
              }
            }
          }
        ]
      },
      {
        "insertions": 191,
        "deletions": 121,
        "date": "2020-02-08",
        "commitResults": [
          {
            "hash": "1d107fe6760c6b09a7eceda9b8445a91f9a397ef",
            "messageTitle": "fixed error in done command",
            "messageBody": "",
            "fileTypesAndContributionMap": {
              "txt": {
                "insertions": 2,
                "deletions": 0
              },
              "java": {
                "insertions": 9,
                "deletions": 6
              }
            }
          },
          {
            "hash": "d9dd3cd9faf467997e9b5e9382f1a7d00033f23d",
            "messageTitle": "created function to delete all completed tasks for C-MassOps",
            "messageBody": "",
            "fileTypesAndContributionMap": {
              "txt": {
                "insertions": 0,
                "deletions": 2
              },
              "java": {
                "insertions": 47,
                "deletions": 1
              }
            }
          },
          {
            "hash": "e25d5c758171b8261026ee2c96bd3373bbc3daaa",
            "messageTitle": "Added assertions for the task format retrieved from storage",
            "messageBody": "",
            "fileTypesAndContributionMap": {
              "java": {
                "insertions": 3,
                "deletions": 0
              }
            }
          },
          {
            "hash": "25014225eacf527629f8bb31f005adaa19982ae1",
            "messageTitle": "Refactored storage code",
            "messageBody": "",
            "fileTypesAndContributionMap": {
              "java": {
                "insertions": 74,
                "deletions": 76
              }
            }
          },
          {
            "hash": "ca3b7dbbe11b7aac393357d524656d8ad2888a83",
            "messageTitle": "Refactor code for command classes",
            "messageBody": "",
            "fileTypesAndContributionMap": {
              "txt": {
                "insertions": 1,
                "deletions": 0
              },
              "java": {
                "insertions": 55,
                "deletions": 36
              }
            }
          }
        ]
      },
      {
        "insertions": 242,
        "deletions": 55,
        "date": "2020-02-15",
        "commitResults": [
          {
            "hash": "6c27967dede6dc590abe30434ab4c2ef3cf3fce5",
            "messageTitle": "Added Representative screenshot",
            "messageBody": "",
            "fileTypesAndContributionMap": {
              "txt": {
                "insertions": 1,
                "deletions": 2
              },
              "java": {
                "insertions": 29,
                "deletions": 7
              }
            }
          },
          {
            "hash": "46cae75a41ac3b16271a956455d307f94dd833c5",
            "messageTitle": "test user story",
            "messageBody": "",
            "fileTypesAndContributionMap": {
              "java": {
                "insertions": 1,
                "deletions": 0
              },
              "md": {
                "insertions": 18,
                "deletions": 4
              }
            }
          },
          {
            "hash": "77ca1c577e5d09f0fa553d2e5ac61a542641b526",
            "messageTitle": "test 2 user stories",
            "messageBody": "",
            "fileTypesAndContributionMap": {
              "md": {
                "insertions": 4,
                "deletions": 2
              }
            }
          },
          {
            "hash": "888e82ead32586ebfecbeaaeb4f7c008358b66ee",
            "messageTitle": "no message",
            "messageBody": "",
            "fileTypesAndContributionMap": {
              "md": {
                "insertions": 4,
                "deletions": 3
              }
            }
          },
          {
            "hash": "cc303c63379889f83c9e1574ac9a8e1c8619d859",
            "messageTitle": "updated user stories",
            "messageBody": "",
            "fileTypesAndContributionMap": {
              "md": {
                "insertions": 155,
                "deletions": 7
              }
            }
          },
          {
            "hash": "030103fd39131b4f39386d050c908904d1d6fdfe",
            "messageTitle": "Edit format of user stories",
            "messageBody": "",
            "fileTypesAndContributionMap": {
              "md": {
                "insertions": 3,
                "deletions": 3
              }
            }
          },
          {
            "hash": "4fdaea6cc329a32b393ae4376b3e2dd1dfe9dd53",
            "messageTitle": "Change heading size of user stories",
            "messageBody": "",
            "fileTypesAndContributionMap": {
              "md": {
                "insertions": 18,
                "deletions": 18
              }
            }
          },
          {
            "hash": "cc946d7572f4db4696954b6a45c1d46ea6682486",
            "messageTitle": "Remove `keyword` to keyword",
            "messageBody": "",
            "tags": [
              "A-UserGuide"
            ],
            "fileTypesAndContributionMap": {
              "md": {
                "insertions": 9,
                "deletions": 9
              }
            }
          }
        ]
      },
      {
        "insertions": 93,
        "deletions": 35,
        "date": "2020-02-18",
        "commitResults": [
          {
            "hash": "2f328b3d61a0a9870e07aa14e2e2a20f4c69fa18",
            "messageTitle": "changed build to be corss platform and fixed checkstyle",
            "messageBody": "",
            "tags": [
              "A-Release"
            ],
            "fileTypesAndContributionMap": {
              "gradle": {
                "insertions": 30,
                "deletions": 6
              },
              "txt": {
                "insertions": 2,
                "deletions": 3
              },
              "java": {
                "insertions": 61,
                "deletions": 26
              }
            }
          }
        ]
      }
    ]
  },
  "authorFinalContributionMap": {
    "Yonggiee": 1614
  },
  "authorFileTypeContributionMap": {
    "Yonggiee": {
      "java": 1305,
      "md": 169,
      "fxml": 35,
      "sh": 34,
      "bat": 0,
      "gradle": 53,
      "txt": 18
    }
  },
  "authorContributionVariance": {
    "Yonggiee": 60830.926
  },
  "authorDisplayNameMap": {
    "Yonggiee": "CS2103T-F11- 2 FONG.. JIE"
  }
}
