{
  "authorDailyContributionsMap": {
    "nelsontky": [
      {
        "insertions": 230,
        "deletions": 51,
        "date": "2020-01-21",
        "commitResults": [
          {
            "hash": "57feb73056381892e63cc03e0cbd14058cf3e9a9",
            "messageTitle": "Complete Level-1",
            "messageBody": "",
            "tags": [
              "Level-1"
            ],
            "insertions": 44,
            "deletions": 6
          },
          {
            "hash": "43ea1216ca620ad70f086a762faa6f4471e41293",
            "messageTitle": "Complete Level-2",
            "messageBody": "",
            "tags": [
              "Level-2"
            ],
            "insertions": 9,
            "deletions": 1
          },
          {
            "hash": "bb2a3e5990c79df8451bed5fa8b1155883df0e77",
            "messageTitle": "Add half of level-3",
            "messageBody": "",
            "insertions": 22,
            "deletions": 4
          },
          {
            "hash": "8914cee776add03be2c1ba5b60170f247346058d",
            "messageTitle": "Add Level-3 functionality",
            "messageBody": "",
            "insertions": 21,
            "deletions": 8
          },
          {
            "hash": "ff1c5001a707c458faf966e9b70f19a44c46fe72",
            "messageTitle": "Add functionality towards Level-4",
            "messageBody": "",
            "insertions": 36,
            "deletions": 10
          },
          {
            "hash": "340bebee9e30155a31046cfa2659289bc30a98bc",
            "messageTitle": "Add more functionality to Level-4",
            "messageBody": "",
            "tags": [
              "Level-4"
            ],
            "insertions": 17,
            "deletions": 7
          },
          {
            "hash": "22f3548b4d7883889d662aa4afb7ea3b3cfc1e87",
            "messageTitle": "Add tests",
            "messageBody": "",
            "tags": [
              "A-TextUiTesting"
            ],
            "insertions": 47,
            "deletions": 0
          },
          {
            "hash": "c645186cc96a068dc69a43a4f0237c8ba7c37f90",
            "messageTitle": "Completed Level-5",
            "messageBody": "",
            "tags": [
              "Level-5"
            ],
            "insertions": 24,
            "deletions": 15
          },
          {
            "hash": "136082f435fc8fdff6557e35899b749699d38d4e",
            "messageTitle": "Complete Level-6",
            "messageBody": "",
            "tags": [
              "Level-6"
            ],
            "insertions": 10,
            "deletions": 0
          }
        ]
      },
      {
        "insertions": 403,
        "deletions": 144,
        "date": "2020-01-28",
        "commitResults": [
          {
            "hash": "cd26ab1888979bbc033e1c94fc8697411c850c62",
            "messageTitle": "Completed Level 7",
            "messageBody": "",
            "insertions": 126,
            "deletions": 5
          },
          {
            "hash": "ce2ec583b111c93556046813cda14e2ffe7daba3",
            "messageTitle": "Completed Level 8",
            "messageBody": "",
            "insertions": 10,
            "deletions": 6
          },
          {
            "hash": "f2d806f135a771273ee4ae3542883966b0eeab37",
            "messageTitle": "Use More OOP",
            "messageBody": "",
            "tags": [
              "A-MoreOOP"
            ],
            "insertions": 219,
            "deletions": 133
          },
          {
            "hash": "732efb603b09f616d84aadfc73a8467f8c1b3b0a",
            "messageTitle": "A-JUnit",
            "messageBody": "",
            "tags": [
              "A-JUnit",
              "0.1"
            ],
            "insertions": 48,
            "deletions": 0
          }
        ]
      },
      {
        "insertions": 106,
        "deletions": 8,
        "date": "2020-01-29",
        "commitResults": [
          {
            "hash": "82b0deb4b65937cd0d82ce64da80c36326c678c0",
            "messageTitle": "A-Gradle",
            "messageBody": "",
            "tags": [
              "A-Gradle"
            ],
            "insertions": 19,
            "deletions": 6
          },
          {
            "hash": "1c8e029573f043db03b1eadde787126b0b64247d",
            "messageTitle": "Level-9",
            "messageBody": "",
            "insertions": 83,
            "deletions": 2
          },
          {
            "hash": "7b9b6a61b848493fc6775636d525ed5b8507872f",
            "messageTitle": "Fixed some Javadocs",
            "messageBody": "",
            "insertions": 4,
            "deletions": 0
          }
        ]
      },
      {
        "insertions": 32,
        "deletions": 14,
        "date": "2020-02-03",
        "commitResults": [
          {
            "hash": "9c33536b262641904ca8d19b7913b5fcd2e5366e",
            "messageTitle": "Fixed file not found errors",
            "messageBody": "",
            "tags": [
              "A-Jar"
            ],
            "insertions": 23,
            "deletions": 13
          },
          {
            "hash": "b3469e6652840a69bf7863aaf2b89420f3a92125",
            "messageTitle": "Build with shadowJar",
            "messageBody": "",
            "insertions": 9,
            "deletions": 1
          }
        ]
      },
      {
        "insertions": 421,
        "deletions": 134,
        "date": "2020-02-07",
        "commitResults": [
          {
            "hash": "48aad486a988e27b91c4a7492f48b76d6eeb90d6",
            "messageTitle": "Added JavaFX",
            "messageBody": "",
            "insertions": 421,
            "deletions": 134
          }
        ]
      },
      {
        "insertions": 20,
        "deletions": 17,
        "date": "2020-02-13",
        "commitResults": [
          {
            "hash": "3c3faf7feb42a868ad334d1b1c8c68620f6a7e85",
            "messageTitle": "Add assertion",
            "messageBody": "",
            "insertions": 3,
            "deletions": 0
          },
          {
            "hash": "5a67edfaf004563b742d96887889e33ad2655d84",
            "messageTitle": "Add fullstop to args in javadocs",
            "messageBody": "",
            "insertions": 17,
            "deletions": 17
          }
        ]
      },
      {
        "insertions": 195,
        "deletions": 24,
        "date": "2020-02-14",
        "commitResults": [
          {
            "hash": "f59be80b916b54ddb7f00abb11425d2ece0a1db2",
            "messageTitle": "Add JavaFX in gradle",
            "messageBody": "",
            "insertions": 18,
            "deletions": 5
          },
          {
            "hash": "3a46ea722fb11ceb954fc0202c91b213e3dc5e52",
            "messageTitle": "Add better search functionality",
            "messageBody": "",
            "insertions": 177,
            "deletions": 19
          }
        ]
      },
      {
        "insertions": 32,
        "deletions": 1,
        "date": "2020-02-19",
        "commitResults": [
          {
            "hash": "b44207e002fe3efa2193df2b313d3c025ba36ded",
            "messageTitle": "A-Assertions",
            "messageBody": "",
            "insertions": 1,
            "deletions": 1
          },
          {
            "hash": "cf4cadc3de18db88b6dd26c911247118bd299c0a",
            "messageTitle": "Add more javadocs",
            "messageBody": "",
            "tags": [
              "Level-10",
              "C-BetterSearch",
              "A-CodeQuality"
            ],
            "insertions": 29,
            "deletions": 0
          },
          {
            "hash": "b7de74724f16bfe91cc4d8710ffa785339675d88",
            "messageTitle": "Add title",
            "messageBody": "",
            "insertions": 2,
            "deletions": 0
          }
        ]
      },
      {
        "insertions": 6,
        "deletions": 3,
        "date": "2020-02-20",
        "commitResults": [
          {
            "hash": "9dd2877535305f94f5be71a5d30e6d9814886616",
            "messageTitle": "Add bye function",
            "messageBody": "",
            "insertions": 6,
            "deletions": 3
          }
        ]
      }
    ]
  },
  "authorFinalContributionMap": {
    "nelsontky": 1059
  },
  "authorFileTypeContributionMap": {
    "nelsontky": {
      "java": 922,
      "md": 2,
      "fxml": 35,
      "sh": 35,
      "bat": 0,
      "gradle": 40,
      "txt": 25
    }
  },
  "authorContributionVariance": {
    "nelsontky": 17048.771
  },
  "authorDisplayNameMap": {
    "nelsontky": "CS2103T-F09- 1 NELS..K YI"
  }
}
