{
  "authorDailyContributionsMap": {
    "shenghaoc": [
      {
        "insertions": 409,
        "deletions": 135,
        "date": "2020-01-23",
        "commitResults": [
          {
            "hash": "8474a248515a9f10f7c67b6631bfe53112add7cd",
            "messageTitle": "Add Greet, Echo, Exit",
            "messageBody": "",
            "tags": [
              "Level-1"
            ],
            "insertions": 18,
            "deletions": 7
          },
          {
            "hash": "8a3138c2779bd16cbeab5a5d15f783ee90876e51",
            "messageTitle": "Add Add, List",
            "messageBody": "",
            "tags": [
              "Level-2"
            ],
            "insertions": 17,
            "deletions": 3
          },
          {
            "hash": "1802833e2cf067a15845b71755bb765aa918993c",
            "messageTitle": "Add Mark as Done and class to represent tasks",
            "messageBody": "",
            "tags": [
              "A-Classes"
            ],
            "insertions": 34,
            "deletions": 4
          },
          {
            "hash": "880819e6a5e444cb58fef4e80c525c5d516c9c20",
            "messageTitle": "Add ToDos, Events, Deadlines and inheritance",
            "messageBody": "",
            "tags": [
              "Level-4",
              "A-Inheritance"
            ],
            "insertions": 95,
            "deletions": 6
          },
          {
            "hash": "da6f08a4c71f2ae2c5c6e026e500ff407a4e39f2",
            "messageTitle": "Add automated text UI testing and remove manually compiled class files",
            "messageBody": "",
            "tags": [
              "A-TextUiTesting"
            ],
            "insertions": 80,
            "deletions": 0
          },
          {
            "hash": "411f792d129d1598f46654e8b446a8959ff1909a",
            "messageTitle": "Refactoring to improve readability",
            "messageBody": "",
            "insertions": 66,
            "deletions": 46
          },
          {
            "hash": "b7096ab5de58b9942e347d2328176770c38dfb79",
            "messageTitle": "Rename Todo.java to ToDo.java",
            "messageBody": "",
            "insertions": 0,
            "deletions": 0
          },
          {
            "hash": "e362318e66561e71aad348e47b630cd3ee14ce7e",
            "messageTitle": "Add Handle Errors (Minimal)",
            "messageBody": "",
            "tags": [
              "Level-5"
            ],
            "insertions": 18,
            "deletions": 8
          },
          {
            "hash": "7eaef06142176c46939c35ad7e56119012678177",
            "messageTitle": "Add Delete",
            "messageBody": "",
            "tags": [
              "Level-6"
            ],
            "insertions": 35,
            "deletions": 23
          },
          {
            "hash": "ebf5d7b965387c0ae79cd4fcb73020423fe05915",
            "messageTitle": "Refactor indented printing",
            "messageBody": "",
            "insertions": 5,
            "deletions": 5
          },
          {
            "hash": "4a015f4a63d8d52d0e18361232ba2f7129ae71be",
            "messageTitle": "Add bot reply method",
            "messageBody": "",
            "insertions": 15,
            "deletions": 11
          },
          {
            "hash": "a03281652cc887c6fdf2e6bd2514f075b986ead1",
            "messageTitle": "Add try-catch block to handle both types of errors in A-Exceptions (Minimal) Formerly one was handled using if-else statement",
            "messageBody": "",
            "tags": [
              "A-Exceptions"
            ],
            "insertions": 26,
            "deletions": 22
          }
        ]
      },
      {
        "insertions": 2,
        "deletions": 2,
        "date": "2020-01-24",
        "commitResults": [
          {
            "hash": "ea31ef0db16e20ae60e014be083c1f4d2287b945",
            "messageTitle": "Change mainClassName",
            "messageBody": "",
            "insertions": 2,
            "deletions": 2
          }
        ]
      },
      {
        "insertions": 26,
        "deletions": 26,
        "date": "2020-01-26",
        "commitResults": [
          {
            "hash": "14d45d14e37836978ebd641c769b4d15edab481f",
            "messageTitle": "Remove mention of \"Naruto\" in method name, change names of constant variables to upper case, change Scanner to local variable",
            "messageBody": "",
            "insertions": 26,
            "deletions": 26
          }
        ]
      },
      {
        "insertions": 68,
        "deletions": 47,
        "date": "2020-01-27",
        "commitResults": [
          {
            "hash": "5c53e02bb6ff23c148677fec25619d4147ce805b",
            "messageTitle": "Add automatic loading and saving of tasks to hard disk",
            "messageBody": "",
            "tags": [
              "Level-7"
            ],
            "insertions": 35,
            "deletions": 2
          },
          {
            "hash": "98270519cec16ede75d9d855cf50be5290bbbfe0",
            "messageTitle": "Add processing in \"yyyy-mm-dd\" format and printing in \"MMM d yyyy\" format for date",
            "messageBody": "",
            "insertions": 12,
            "deletions": 4
          },
          {
            "hash": "209ac7b769ebd52751d321541f7b2946e550c7ac",
            "messageTitle": "Handle exception when date cannot be processed",
            "messageBody": "",
            "tags": [
              "Level-8"
            ],
            "insertions": 17,
            "deletions": 3
          },
          {
            "hash": "66ba1b2ccc3f7c6f02bff542f0939200a551ef97",
            "messageTitle": "Revert \"Add automatic loading and saving of tasks to hard disk\"",
            "messageBody": "This reverts commit 5c53e02bb6ff23c148677fec25619d4147ce805b.\n",
            "insertions": 2,
            "deletions": 35
          },
          {
            "hash": "78a8a6a2804cb575cb5055d929a88e26105250be",
            "messageTitle": "Remove unnecessary import statement",
            "messageBody": "",
            "insertions": 0,
            "deletions": 1
          },
          {
            "hash": "a6cd445cca4278a3021af34a61f8794169be6f78",
            "messageTitle": "Fix \"Deadline/deadline\" capitalisation issue",
            "messageBody": "",
            "insertions": 2,
            "deletions": 2
          }
        ]
      },
      {
        "insertions": 500,
        "deletions": 189,
        "date": "2020-01-28",
        "commitResults": [
          {
            "hash": "4c90650b69c6cf28bf89b09af84eff60a4b48965",
            "messageTitle": "Add Ui class to handle interactions with user",
            "messageBody": "",
            "insertions": 61,
            "deletions": 43
          },
          {
            "hash": "156adbcd7146fd268bce795b5d9c506429abaa65",
            "messageTitle": "Add Storage class to handle loading from and saving tasks in file",
            "messageBody": "",
            "insertions": 35,
            "deletions": 5
          },
          {
            "hash": "8dbd2f1ce8da2916239792433a44201ae13c2027",
            "messageTitle": "Add TaskList class wrapper for task list",
            "messageBody": "",
            "insertions": 49,
            "deletions": 73
          },
          {
            "hash": "8653831b0d511a32efcc35c30cd8355d56f47c02",
            "messageTitle": "Add missing TaskList class for previous commit",
            "messageBody": "",
            "insertions": 63,
            "deletions": 0
          },
          {
            "hash": "18f55408d3095582cab1cac40ed9c42590b77ccf",
            "messageTitle": "Add Parser class to handle making sense of user command",
            "messageBody": "",
            "tags": [
              "A-MoreOOP"
            ],
            "insertions": 78,
            "deletions": 46
          },
          {
            "hash": "59210f924ae121dd1d9d040ab2c1bf792372eb4c",
            "messageTitle": "Add JUnit Tests for Deadline and ToDo",
            "messageBody": "",
            "tags": [
              "A-Jar",
              "A-JUnit"
            ],
            "insertions": 35,
            "deletions": 0
          },
          {
            "hash": "6ce371146c07610c3a348e98257c63cd7a5e9f5e",
            "messageTitle": "Add Gradle code to create JAR file",
            "messageBody": "",
            "insertions": 8,
            "deletions": 0
          },
          {
            "hash": "72f51fb335f59641f6a7837ac2453bfae71b4ad1",
            "messageTitle": "Add search-by-keyword feature",
            "messageBody": "",
            "tags": [
              "Level-9"
            ],
            "insertions": 26,
            "deletions": 5
          },
          {
            "hash": "9be9c5b97e9c572b9fab1e07a74048161210e642",
            "messageTitle": "Test merge to ensure commit generated",
            "messageBody": "",
            "insertions": 1,
            "deletions": 0
          },
          {
            "hash": "a4bbea0e867a369aab13817338438430c6f873b3",
            "messageTitle": "Begin to tweak code to comply with CS2103 coding standard",
            "messageBody": "",
            "insertions": 10,
            "deletions": 13
          },
          {
            "hash": "84efa6d2a65b0e1713dda903065e086de413bc0d",
            "messageTitle": "Remove merge conflict text in code",
            "messageBody": "",
            "insertions": 0,
            "deletions": 4
          },
          {
            "hash": "2e3746b3a63ead7ada0c94c3062e9eb862b8ec40",
            "messageTitle": "Add Javadoc comments",
            "messageBody": "",
            "insertions": 134,
            "deletions": 0
          }
        ]
      },
      {
        "insertions": 313,
        "deletions": 102,
        "date": "2020-02-04",
        "commitResults": [
          {
            "hash": "5164a80ddbf1fd5ac3fac367b975453b0f3317e4",
            "messageTitle": "Add GUI with stub response",
            "messageBody": "",
            "tags": [
              "A-JavaFx"
            ],
            "insertions": 226,
            "deletions": 0
          },
          {
            "hash": "d026a342d53c6aed3855206a69a47eb016bd9519",
            "messageTitle": "Remove stub and change print commands to String commands",
            "messageBody": "",
            "tags": [
              "Level-10"
            ],
            "insertions": 87,
            "deletions": 102
          }
        ]
      }
    ]
  },
  "authorFinalContributionMap": {
    "shenghaoc": 834
  },
  "authorFileTypeContributionMap": {
    "shenghaoc": {
      "java": 687,
      "md": 0,
      "fxml": 35,
      "sh": 34,
      "bat": 0,
      "gradle": 31,
      "txt": 47
    }
  },
  "authorContributionVariance": {
    "shenghaoc": 35433.383
  },
  "authorDisplayNameMap": {
    "shenghaoc": "CS2103-W15- 4 CHEN..GHAO"
  }
}
