{
  "authorDailyContributionsMap": {
    "mpang45456": [
      {
        "insertions": 242,
        "deletions": 55,
        "date": "2020-01-28",
        "commitResults": [
          {
            "hash": "449acf8f052b2a2b8699ea6a40fd09acd933afd4",
            "messageTitle": "Level-1",
            "messageBody": "",
            "insertions": 23,
            "deletions": 1
          },
          {
            "hash": "599d0ccd552d46648a628847e48023a683a670aa",
            "messageTitle": "Level-2",
            "messageBody": "",
            "insertions": 16,
            "deletions": 4
          },
          {
            "hash": "fe1a353c9511dda12c92f3aa9f0f0d6ca12ce29c",
            "messageTitle": "Level-3",
            "messageBody": "",
            "insertions": 12,
            "deletions": 1
          },
          {
            "hash": "40d61a9c7b9c37d2ecb37980f7f9d4575de888d7",
            "messageTitle": "Level-3",
            "messageBody": "",
            "insertions": 26,
            "deletions": 8
          },
          {
            "hash": "19194591f67715fe6df19f21e711a78f194b7180",
            "messageTitle": "Level-4",
            "messageBody": "",
            "insertions": 60,
            "deletions": 1
          },
          {
            "hash": "bc8e87a2deb6befd40c8b95bb7c57b8685280e77",
            "messageTitle": "A-TextUiTesting",
            "messageBody": "",
            "insertions": 21,
            "deletions": 0
          },
          {
            "hash": "09db4d781d4e726e4f1328302151e882f2f827c3",
            "messageTitle": "Level-5",
            "messageBody": "",
            "insertions": 70,
            "deletions": 40
          },
          {
            "hash": "1e970498e570720e9981a5b86cc00bb470233d91",
            "messageTitle": "Level-6",
            "messageBody": "",
            "insertions": 14,
            "deletions": 0
          }
        ]
      }
    ]
  },
  "authorFinalContributionMap": {
    "mpang45456": 188
  },
  "authorFileTypeContributionMap": {
    "mpang45456": {
      "java": 162,
      "md": 0,
      "fxml": 0,
      "sh": 0,
      "bat": 21,
      "gradle": 0,
      "txt": 5
    }
  },
  "authorContributionVariance": {
    "mpang45456": 5168.496
  },
  "authorDisplayNameMap": {
    "mpang45456": "CS2103T-W16- 4 MAX .. WEE"
  }
}
