{
  "authorDailyContributionsMap": {
    "duongphammmm": [
      {
        "insertions": 281,
        "deletions": 42,
        "date": "2020-01-24",
        "commitResults": [
          {
            "hash": "71aba86e5a3d317c0728684788d1ea629c65eab4",
            "messageTitle": "Level-1",
            "messageBody": "",
            "tags": [
              "Level-1"
            ],
            "insertions": 22,
            "deletions": 6
          },
          {
            "hash": "9b5216cbfba332d21910d23d7ed895ff5ac34ac1",
            "messageTitle": "Level-2",
            "messageBody": "",
            "tags": [
              "Level-2"
            ],
            "insertions": 21,
            "deletions": 3
          },
          {
            "hash": "35ead9362919ffa6723af75f19c0258d1e8a4614",
            "messageTitle": "Level-3",
            "messageBody": "",
            "tags": [
              "Level-3"
            ],
            "insertions": 39,
            "deletions": 5
          },
          {
            "hash": "c18a9a273d45ccaf643db058ba29e84a8923161a",
            "messageTitle": "Level-4",
            "messageBody": "",
            "tags": [
              "Level-4"
            ],
            "insertions": 81,
            "deletions": 7
          },
          {
            "hash": "3fc8f8f4d9d65d946fa414d62646ad72ae2d4074",
            "messageTitle": "A-TextUiTesting",
            "messageBody": "",
            "tags": [
              "A-TextUiTesting"
            ],
            "insertions": 40,
            "deletions": 0
          },
          {
            "hash": "0f440e33f8c49c620ba0734d3dfd714435842c2f",
            "messageTitle": "Level-5",
            "messageBody": "",
            "tags": [
              "Level-5"
            ],
            "insertions": 55,
            "deletions": 12
          },
          {
            "hash": "1079ce4f2f8c61938d61c7a4fa8af3956c1b5783",
            "messageTitle": "Level-6",
            "messageBody": "",
            "tags": [
              "Level-6"
            ],
            "insertions": 23,
            "deletions": 9
          }
        ]
      },
      {
        "insertions": 280,
        "deletions": 139,
        "date": "2020-01-30",
        "commitResults": [
          {
            "hash": "a0196c9c7da894e715ed123352903b69c4eb8b46",
            "messageTitle": "Level-7",
            "messageBody": "",
            "tags": [
              "Level-7"
            ],
            "insertions": 181,
            "deletions": 76
          },
          {
            "hash": "9b8f8411f5aac3e0e20a7467283fb51055bf66a0",
            "messageTitle": "Level-8",
            "messageBody": "",
            "tags": [
              "Level-8"
            ],
            "insertions": 99,
            "deletions": 63
          }
        ]
      },
      {
        "insertions": 456,
        "deletions": 194,
        "date": "2020-01-31",
        "commitResults": [
          {
            "hash": "63eadff7bef54fed0f2504b0bca54885c505079d",
            "messageTitle": "A-MoreOOP",
            "messageBody": "",
            "tags": [
              "A-MoreOOP"
            ],
            "insertions": 431,
            "deletions": 191
          },
          {
            "hash": "4021e151cc81cc86e68739b579f6074d8d513b95",
            "messageTitle": "A-JUnit",
            "messageBody": "",
            "tags": [
              "v0.1",
              "A-JUnit"
            ],
            "insertions": 21,
            "deletions": 0
          },
          {
            "hash": "c5e7fb95125b731e63b380740e344c2da489cb60",
            "messageTitle": "A-CodingStandard",
            "messageBody": "",
            "tags": [
              "A-CodingStandard"
            ],
            "insertions": 4,
            "deletions": 3
          }
        ]
      },
      {
        "insertions": 387,
        "deletions": 17,
        "date": "2020-02-06",
        "commitResults": [
          {
            "hash": "c04dcbb5706b2ab323394460a4e4d5959c237f81",
            "messageTitle": "Level-9",
            "messageBody": "",
            "tags": [
              "Level-9"
            ],
            "insertions": 53,
            "deletions": 10
          },
          {
            "hash": "456531c0841422a6ed0ce7930a2968d2bf1e3914",
            "messageTitle": "A-Gradle",
            "messageBody": "",
            "tags": [
              "A-Gradle"
            ],
            "insertions": 23,
            "deletions": 4
          },
          {
            "hash": "7560046ffea3e6483b304b67e60d55fecfed5be0",
            "messageTitle": "Level-10",
            "messageBody": "",
            "tags": [
              "Level-10"
            ],
            "insertions": 311,
            "deletions": 3
          }
        ]
      }
    ]
  },
  "authorFinalContributionMap": {
    "duongphammmm": 1027
  },
  "authorFileTypeContributionMap": {
    "duongphammmm": {
      "java": 913,
      "md": 0,
      "fxml": 35,
      "sh": 0,
      "bat": 21,
      "gradle": 37,
      "txt": 21
    }
  },
  "authorContributionVariance": {
    "duongphammmm": 29463.258
  },
  "authorDisplayNameMap": {
    "duongphammmm": "CS2103T-F10- 1 PHAM..UONG"
  }
}
