{
  "authorDailyContributionsMap": {
    "artlee06": [
      {
        "insertions": 18,
        "deletions": 0,
        "date": "2020-01-21",
        "commitResults": [
          {
            "hash": "a5d4039531c67ea6437b252d8d5223f4137292b9",
            "messageTitle": "Implemented base functionality",
            "messageBody": "",
            "tags": [
              "Level-1"
            ],
            "insertions": 18,
            "deletions": 0
          }
        ]
      },
      {
        "insertions": 33,
        "deletions": 4,
        "date": "2020-01-22",
        "commitResults": [
          {
            "hash": "9d6abc635a70bf59bd5d438770d18f51eddb34ce",
            "messageTitle": "Implemented level 2 functions",
            "messageBody": "",
            "tags": [
              "Level-2"
            ],
            "insertions": 33,
            "deletions": 4
          }
        ]
      },
      {
        "insertions": 368,
        "deletions": 69,
        "date": "2020-01-23",
        "commitResults": [
          {
            "hash": "0e4a091aa46dc41bdd3d1b3b2882d8eaa5c94a4e",
            "messageTitle": "Implemented level 3 functions",
            "messageBody": "",
            "tags": [
              "Level-3"
            ],
            "insertions": 54,
            "deletions": 9
          },
          {
            "hash": "dbd18a8229c68aa424c13bb0143f909abb1b63da",
            "messageTitle": "Implemented level 4 functions",
            "messageBody": "",
            "tags": [
              "Level-4"
            ],
            "insertions": 178,
            "deletions": 20
          },
          {
            "hash": "bafb56c048603491de48c53b2a04a19b3cd8ddd1",
            "messageTitle": "Implemented A-TextUiTesting functions",
            "messageBody": "",
            "tags": [
              "A-TextUiTesting"
            ],
            "insertions": 34,
            "deletions": 0
          },
          {
            "hash": "e2f4b21e5e208a3d24540798a173e8b4181814c0",
            "messageTitle": "Implemented Level 5 functions",
            "messageBody": "",
            "tags": [
              "Level-5"
            ],
            "insertions": 91,
            "deletions": 39
          },
          {
            "hash": "0d73c1d18afe4f8e120d0aa175aa67d140b5f895",
            "messageTitle": "Implemented Level 6 functions",
            "messageBody": "",
            "tags": [
              "Level-6"
            ],
            "insertions": 11,
            "deletions": 1
          }
        ]
      },
      {
        "insertions": 15,
        "deletions": 3,
        "date": "2020-01-24",
        "commitResults": [
          {
            "hash": "b9d1d9fbcc022f58b868c424f37e93c1a4987181",
            "messageTitle": "Put everything in duke package",
            "messageBody": "",
            "insertions": 15,
            "deletions": 3
          }
        ]
      },
      {
        "insertions": 2,
        "deletions": 2,
        "date": "2020-01-26",
        "commitResults": [
          {
            "hash": "ca1369fc80acb483353478f0164fee547b03bee1",
            "messageTitle": "Modified RunTest bashfile",
            "messageBody": "",
            "insertions": 2,
            "deletions": 2
          }
        ]
      },
      {
        "insertions": 254,
        "deletions": 73,
        "date": "2020-01-27",
        "commitResults": [
          {
            "hash": "87d4a2091b118648d96874cbe9882f2574011fab",
            "messageTitle": "Implemented Level 7 functionality",
            "messageBody": "",
            "tags": [
              "Level-7"
            ],
            "insertions": 151,
            "deletions": 8
          },
          {
            "hash": "fd52f4cf906a999301b21197eda2da51081e674f",
            "messageTitle": "Implemented Level 8 base functionality",
            "messageBody": "",
            "insertions": 17,
            "deletions": 10
          },
          {
            "hash": "d3a3539466ea8d4c107079bd98a302b26362f09a",
            "messageTitle": "Exception handling for wrong date format",
            "messageBody": "",
            "insertions": 43,
            "deletions": 30
          },
          {
            "hash": "5d7022ad9b771030d1a13b3b9cdc739f537e7cf9",
            "messageTitle": "Refactored exception handling",
            "messageBody": "",
            "tags": [
              "Level-8"
            ],
            "insertions": 43,
            "deletions": 25
          }
        ]
      },
      {
        "insertions": 463,
        "deletions": 211,
        "date": "2020-01-28",
        "commitResults": [
          {
            "hash": "9e23f87273e875eb7f39c3c06a00d008b7de72a3",
            "messageTitle": "Refactored for A-MoreOOP",
            "messageBody": "",
            "tags": [
              "A-MoreOOP"
            ],
            "insertions": 380,
            "deletions": 210
          },
          {
            "hash": "e8c7d3f6b8a4585cf2f3bddfd932c31f192e3011",
            "messageTitle": "Added unit tests for Java",
            "messageBody": "",
            "tags": [
              "v0.1",
              "A-JUnit"
            ],
            "insertions": 34,
            "deletions": 0
          },
          {
            "hash": "8a93e10b017a7c6dc6ea3ac735437006c7eec0c6",
            "messageTitle": "Implemented Level 9 functionality",
            "messageBody": "",
            "tags": [
              "Level-9"
            ],
            "insertions": 49,
            "deletions": 1
          }
        ]
      },
      {
        "insertions": 107,
        "deletions": 20,
        "date": "2020-01-31",
        "commitResults": [
          {
            "hash": "219a2935d94b9b19cf9b11abcb866b57e2fc3738",
            "messageTitle": "Implemented JavaDoc",
            "messageBody": "",
            "tags": [
              "A-JavaDoc"
            ],
            "insertions": 107,
            "deletions": 20
          }
        ]
      },
      {
        "insertions": 423,
        "deletions": 90,
        "date": "2020-02-02",
        "commitResults": [
          {
            "hash": "f6d41ff93b933360bfcb73a50c312a8c9d4df499",
            "messageTitle": "Added javaFX tutorial code",
            "messageBody": "",
            "insertions": 337,
            "deletions": 4
          },
          {
            "hash": "78012c74371433ec919bc513d605e2e1fd20b67b",
            "messageTitle": "Finished last JavaFX tutorial",
            "messageBody": "",
            "insertions": 86,
            "deletions": 86
          }
        ]
      },
      {
        "insertions": 806,
        "deletions": 810,
        "date": "2020-02-03",
        "commitResults": [
          {
            "hash": "8509d44358bc99e6c4407ec3eacac1e1bc648201",
            "messageTitle": "Integrated logic with JavaFX and did light styling",
            "messageBody": "",
            "insertions": 806,
            "deletions": 810
          }
        ]
      },
      {
        "insertions": 1,
        "deletions": 1,
        "date": "2020-02-09",
        "commitResults": [
          {
            "hash": "c87aa190a47a00b400cfedda3b8eae4c56de4a69",
            "messageTitle": "Updated gradle file to ensure javaFX launches in JAR",
            "messageBody": "",
            "insertions": 1,
            "deletions": 1
          }
        ]
      },
      {
        "insertions": 61,
        "deletions": 30,
        "date": "2020-02-10",
        "commitResults": [
          {
            "hash": "335cbb1c910080b6d36aba9b305c5b9a67ca52dc",
            "messageTitle": "Added asserts in relevant files",
            "messageBody": "",
            "insertions": 15,
            "deletions": 4
          },
          {
            "hash": "491fd041fcd0fe9c6441769b5c6322c14b2b1fb9",
            "messageTitle": "Added asserts in relevant files",
            "messageBody": "",
            "tags": [
              "A-Assertions"
            ],
            "insertions": 14,
            "deletions": 2
          },
          {
            "hash": "d5e9135151f31ed2e102336dd3abd0d398683a5e",
            "messageTitle": "Refactored according to comments given in PR.",
            "messageBody": "",
            "tags": [
              "A-CodeQuality"
            ],
            "insertions": 32,
            "deletions": 24
          }
        ]
      }
    ]
  },
  "authorFinalContributionMap": {
    "artlee06": 1248
  },
  "authorFileTypeContributionMap": {
    "artlee06": {
      "java": 1092,
      "md": 0,
      "fxml": 35,
      "sh": 34,
      "bat": 0,
      "gradle": 31,
      "txt": 56
    }
  },
  "authorContributionVariance": {
    "artlee06": 108220.734
  },
  "authorDisplayNameMap": {
    "artlee06": "CS2103T-W16- 1 ARTH.. KIU"
  }
}
