{
  "authorDailyContributionsMap": {
    "gx-huang": [
      {
        "insertions": 224,
        "deletions": 51,
        "date": "2020-01-21",
        "commitResults": [
          {
            "hash": "bb1d7a83ace9d4012b0e13d06be005657c90e9e9",
            "messageTitle": "commit test",
            "messageBody": "",
            "insertions": 4,
            "deletions": 0
          },
          {
            "hash": "dc61d37919fcb17c8d3b5496c15751d6f6415e3f",
            "messageTitle": "Level-1: Greet, Echo, Exit",
            "messageBody": "",
            "insertions": 19,
            "deletions": 0
          },
          {
            "hash": "5bd83408c734acb5d3867fd3ad968f7d1be4827f",
            "messageTitle": "Level 2. Add, List",
            "messageBody": "",
            "insertions": 30,
            "deletions": 4
          },
          {
            "hash": "29c612998031b819496ec92ba9838b48c1dd2d30",
            "messageTitle": "Level-3: Mark as Done",
            "messageBody": "",
            "insertions": 46,
            "deletions": 6
          },
          {
            "hash": "579fe7bc93b99d4c52145d8d7a23b42bd5f5ea44",
            "messageTitle": "Level-4: ToDo, Event, Deadline",
            "messageBody": "",
            "insertions": 65,
            "deletions": 12
          },
          {
            "hash": "47cdd69b2d37068fa116d20c89e60bb91c6743fd",
            "messageTitle": "Level-5: Handle Errors",
            "messageBody": "",
            "insertions": 42,
            "deletions": 22
          },
          {
            "hash": "00963bcdf01b3617db27540fc8dc1f31e42e78b7",
            "messageTitle": "Level-6: Delete",
            "messageBody": "",
            "insertions": 18,
            "deletions": 7
          }
        ]
      },
      {
        "insertions": 147,
        "deletions": 38,
        "date": "2020-01-28",
        "commitResults": [
          {
            "hash": "da9be606b3428f04e3dcada4f6227d889b462425",
            "messageTitle": "Level-7: Save",
            "messageBody": "",
            "insertions": 101,
            "deletions": 17
          },
          {
            "hash": "52f5106ae1277dbe01ab1c43f76a6cc3003fd108",
            "messageTitle": "Level-8: Dates and Times",
            "messageBody": "",
            "insertions": 22,
            "deletions": 12
          },
          {
            "hash": "c2a3d8a416c5ac843694978b3733fb39a8b0971c",
            "messageTitle": "Level-9: Find",
            "messageBody": "",
            "insertions": 24,
            "deletions": 9
          }
        ]
      },
      {
        "insertions": 270,
        "deletions": 141,
        "date": "2020-02-01",
        "commitResults": [
          {
            "hash": "664ac26e4f5e2a4e78c39341f966cc8d09c95d5c",
            "messageTitle": "A-MoreOOP",
            "messageBody": "",
            "insertions": 198,
            "deletions": 120
          },
          {
            "hash": "7029797af708242817db06bbbfe6b0c9f625048d",
            "messageTitle": "A-Gradle",
            "messageBody": "",
            "insertions": 26,
            "deletions": 3
          },
          {
            "hash": "4a0115f273a264e9586dd257727aa03027924fef",
            "messageTitle": "Level 10: GUI",
            "messageBody": "",
            "insertions": 46,
            "deletions": 18
          }
        ]
      },
      {
        "insertions": 13,
        "deletions": 9,
        "date": "2020-02-02",
        "commitResults": [
          {
            "hash": "c3bd8a5cdb319f6ac6680caf82f463898f1bd36e",
            "messageTitle": "Fixed minor bugs",
            "messageBody": "",
            "insertions": 13,
            "deletions": 9
          }
        ]
      },
      {
        "insertions": 63,
        "deletions": 17,
        "date": "2020-02-03",
        "commitResults": [
          {
            "hash": "3491dd7f83f0facca654a0117a381f545a2bc799",
            "messageTitle": "A-JUnit",
            "messageBody": "",
            "insertions": 51,
            "deletions": 17
          },
          {
            "hash": "13b358c0bca744de67768964057926af0caee12d",
            "messageTitle": "A-JAR",
            "messageBody": "",
            "insertions": 12,
            "deletions": 0
          }
        ]
      }
    ]
  },
  "authorFinalContributionMap": {
    "gx-huang": 474
  },
  "authorFileTypeContributionMap": {
    "gx-huang": {
      "gradle": 43,
      "txt": 1,
      "ini": 4,
      "properties": 3,
      "java": 25,
      "java": 31,
      "java": 5,
      "java": 81,
      "java": 54,
      "java": 42,
      "java": 18,
      "java": 14,
      "MF": 3,
      "java": 57,
      "java": 12,
      "java": 47,
      "java": 20,
      "java": 14
    }
  },
  "authorContributionVariance": {
    "gx-huang": 8229.527
  },
  "authorDisplayNameMap": {
    "gx-huang": "CS2103T-W16- 3 HUAN..IANG"
  }
}
