[
  {
    "path": "data/duke.txt",
    "fileType": "txt",
    "lines": [
      {
        "lineNumber": 1,
        "author": {
          "gitId": "mikhailfaiz"
        },
        "content": "T , N , read book"
      },
      {
        "lineNumber": 2,
        "author": {
          "gitId": "mikhailfaiz"
        },
        "content": "D , N , return book , June 6th"
      },
      {
        "lineNumber": 3,
        "author": {
          "gitId": "mikhailfaiz"
        },
        "content": "E , N , project meeting , Aug 6th 2-4pm"
      },
      {
        "lineNumber": 4,
        "author": {
          "gitId": "mikhailfaiz"
        },
        "content": "D , N , sleep , now"
      }
    ],
    "authorContributionMap": {
      "mikhailfaiz": 4
    }
  },
  {
    "path": "src/main/java/Deadline.java",
    "fileType": "java",
    "lines": [
      {
        "lineNumber": 1,
        "author": {
          "gitId": "mikhailfaiz"
        },
        "content": "import java.time.LocalDate;"
      },
      {
        "lineNumber": 2,
        "author": {
          "gitId": "mikhailfaiz"
        },
        "content": "import java.time.format.DateTimeFormatter;"
      },
      {
        "lineNumber": 3,
        "author": {
          "gitId": "mikhailfaiz"
        },
        "content": ""
      },
      {
        "lineNumber": 4,
        "author": {
          "gitId": "mikhailfaiz"
        },
        "content": "public class Deadline extends Task{"
      },
      {
        "lineNumber": 5,
        "author": {
          "gitId": "mikhailfaiz"
        },
        "content": "    protected String by;"
      },
      {
        "lineNumber": 6,
        "author": {
          "gitId": "mikhailfaiz"
        },
        "content": "    protected LocalDate ld;"
      },
      {
        "lineNumber": 7,
        "author": {
          "gitId": "mikhailfaiz"
        },
        "content": ""
      },
      {
        "lineNumber": 8,
        "author": {
          "gitId": "mikhailfaiz"
        },
        "content": "    public Deadline(String description, String by) {"
      },
      {
        "lineNumber": 9,
        "author": {
          "gitId": "mikhailfaiz"
        },
        "content": "        super(description);"
      },
      {
        "lineNumber": 10,
        "author": {
          "gitId": "mikhailfaiz"
        },
        "content": "        ld \u003d LocalDate.parse(by);"
      },
      {
        "lineNumber": 11,
        "author": {
          "gitId": "mikhailfaiz"
        },
        "content": "    }"
      },
      {
        "lineNumber": 12,
        "author": {
          "gitId": "mikhailfaiz"
        },
        "content": ""
      },
      {
        "lineNumber": 13,
        "author": {
          "gitId": "mikhailfaiz"
        },
        "content": "    public String toSaveForm() {"
      },
      {
        "lineNumber": 14,
        "author": {
          "gitId": "mikhailfaiz"
        },
        "content": "        return \"D , \" + super.getStatusIcon() + \" , \" + description + \" , \" + by + \"\\n\";"
      },
      {
        "lineNumber": 15,
        "author": {
          "gitId": "mikhailfaiz"
        },
        "content": "    }"
      },
      {
        "lineNumber": 16,
        "author": {
          "gitId": "mikhailfaiz"
        },
        "content": ""
      },
      {
        "lineNumber": 17,
        "author": {
          "gitId": "mikhailfaiz"
        },
        "content": "    @Override"
      },
      {
        "lineNumber": 18,
        "author": {
          "gitId": "mikhailfaiz"
        },
        "content": "    public String toString() {"
      },
      {
        "lineNumber": 19,
        "author": {
          "gitId": "mikhailfaiz"
        },
        "content": "        return \"[D]\" + super.toString() + \" (by: \" + ld.format(DateTimeFormatter.ofPattern(\"MMM dd yyyy\")) + \")\";"
      },
      {
        "lineNumber": 20,
        "author": {
          "gitId": "mikhailfaiz"
        },
        "content": "    }"
      },
      {
        "lineNumber": 21,
        "author": {
          "gitId": "mikhailfaiz"
        },
        "content": "}"
      }
    ],
    "authorContributionMap": {
      "mikhailfaiz": 21
    }
  },
  {
    "path": "src/main/java/Duke.java",
    "fileType": "java",
    "lines": [
      {
        "lineNumber": 1,
        "author": {
          "gitId": "mikhailfaiz"
        },
        "content": "import java.util.*;"
      },
      {
        "lineNumber": 2,
        "author": {
          "gitId": "mikhailfaiz"
        },
        "content": "import java.util.logging.Level;"
      },
      {
        "lineNumber": 3,
        "author": {
          "gitId": "mikhailfaiz"
        },
        "content": "import java.io.*;"
      },
      {
        "lineNumber": 4,
        "author": {
          "gitId": "mikhailfaiz"
        },
        "content": ""
      },
      {
        "lineNumber": 5,
        "author": {
          "gitId": "-"
        },
        "content": "public class Duke {"
      },
      {
        "lineNumber": 6,
        "author": {
          "gitId": "-"
        },
        "content": "    public static void main(String[] args) {"
      },
      {
        "lineNumber": 7,
        "author": {
          "gitId": "-"
        },
        "content": "        String logo \u003d \" ____        _        \\n\""
      },
      {
        "lineNumber": 8,
        "author": {
          "gitId": "-"
        },
        "content": "                + \"|  _ \\\\ _   _| | _____ \\n\""
      },
      {
        "lineNumber": 9,
        "author": {
          "gitId": "-"
        },
        "content": "                + \"| | | | | | | |/ / _ \\\\\\n\""
      },
      {
        "lineNumber": 10,
        "author": {
          "gitId": "-"
        },
        "content": "                + \"| |_| | |_| |   \u003c  __/\\n\""
      },
      {
        "lineNumber": 11,
        "author": {
          "gitId": "-"
        },
        "content": "                + \"|____/ \\\\__,_|_|\\\\_\\\\___|\\n\";"
      },
      {
        "lineNumber": 12,
        "author": {
          "gitId": "-"
        },
        "content": "        System.out.println(\"Hello from\\n\" + logo);"
      },
      {
        "lineNumber": 13,
        "author": {
          "gitId": "mikhailfaiz"
        },
        "content": "        String linedivider \u003d \"____________________________________________________________\\n\";"
      },
      {
        "lineNumber": 14,
        "author": {
          "gitId": "mikhailfaiz"
        },
        "content": "        System.out.println(linedivider + \"Hello! I\u0027m Duke\\nWhat can I do for you?\\n\" + linedivider);"
      },
      {
        "lineNumber": 15,
        "author": {
          "gitId": "mikhailfaiz"
        },
        "content": "        Scanner sc \u003d new Scanner(System.in);"
      },
      {
        "lineNumber": 16,
        "author": {
          "gitId": "mikhailfaiz"
        },
        "content": "        Storage storage \u003d new Storage();"
      },
      {
        "lineNumber": 17,
        "author": {
          "gitId": "mikhailfaiz"
        },
        "content": "        Manager mngr \u003d new Manager(storage.load());"
      },
      {
        "lineNumber": 18,
        "author": {
          "gitId": "mikhailfaiz"
        },
        "content": "        String entry \u003d \"\";"
      },
      {
        "lineNumber": 19,
        "author": {
          "gitId": "mikhailfaiz"
        },
        "content": "        while (true) {"
      },
      {
        "lineNumber": 20,
        "author": {
          "gitId": "mikhailfaiz"
        },
        "content": "            entry \u003d sc.nextLine();"
      },
      {
        "lineNumber": 21,
        "author": {
          "gitId": "mikhailfaiz"
        },
        "content": "            if (entry.equals(\"bye\")) {"
      },
      {
        "lineNumber": 22,
        "author": {
          "gitId": "mikhailfaiz"
        },
        "content": "                break;"
      },
      {
        "lineNumber": 23,
        "author": {
          "gitId": "mikhailfaiz"
        },
        "content": "            }"
      },
      {
        "lineNumber": 24,
        "author": {
          "gitId": "mikhailfaiz"
        },
        "content": "            mngr.run(entry);"
      },
      {
        "lineNumber": 25,
        "author": {
          "gitId": "mikhailfaiz"
        },
        "content": "        }"
      },
      {
        "lineNumber": 26,
        "author": {
          "gitId": "mikhailfaiz"
        },
        "content": "        System.out.println(linedivider + \"Bye. Hope to see you again soon!\" + \"\\n\" + linedivider);"
      },
      {
        "lineNumber": 27,
        "author": {
          "gitId": "-"
        },
        "content": "    }"
      },
      {
        "lineNumber": 28,
        "author": {
          "gitId": "-"
        },
        "content": "}"
      }
    ],
    "authorContributionMap": {
      "mikhailfaiz": 18,
      "-": 10
    }
  },
  {
    "path": "src/main/java/Event.java",
    "fileType": "java",
    "lines": [
      {
        "lineNumber": 1,
        "author": {
          "gitId": "mikhailfaiz"
        },
        "content": "import java.time.LocalDate;"
      },
      {
        "lineNumber": 2,
        "author": {
          "gitId": "mikhailfaiz"
        },
        "content": "import java.time.format.DateTimeFormatter;"
      },
      {
        "lineNumber": 3,
        "author": {
          "gitId": "mikhailfaiz"
        },
        "content": ""
      },
      {
        "lineNumber": 4,
        "author": {
          "gitId": "mikhailfaiz"
        },
        "content": "public class Event extends Task{"
      },
      {
        "lineNumber": 5,
        "author": {
          "gitId": "mikhailfaiz"
        },
        "content": "    protected String at;"
      },
      {
        "lineNumber": 6,
        "author": {
          "gitId": "mikhailfaiz"
        },
        "content": "    protected LocalDate ld;"
      },
      {
        "lineNumber": 7,
        "author": {
          "gitId": "mikhailfaiz"
        },
        "content": ""
      },
      {
        "lineNumber": 8,
        "author": {
          "gitId": "mikhailfaiz"
        },
        "content": "    //at is given in \"d-MM-yyyy time\" format"
      },
      {
        "lineNumber": 9,
        "author": {
          "gitId": "mikhailfaiz"
        },
        "content": "    public Event(String description, String at) {"
      },
      {
        "lineNumber": 10,
        "author": {
          "gitId": "mikhailfaiz"
        },
        "content": "        super(description);"
      },
      {
        "lineNumber": 11,
        "author": {
          "gitId": "mikhailfaiz"
        },
        "content": "        ld \u003d LocalDate.parse(at);"
      },
      {
        "lineNumber": 12,
        "author": {
          "gitId": "mikhailfaiz"
        },
        "content": "    }"
      },
      {
        "lineNumber": 13,
        "author": {
          "gitId": "mikhailfaiz"
        },
        "content": ""
      },
      {
        "lineNumber": 14,
        "author": {
          "gitId": "mikhailfaiz"
        },
        "content": "    public String toSaveForm() {"
      },
      {
        "lineNumber": 15,
        "author": {
          "gitId": "mikhailfaiz"
        },
        "content": "        return \"E , \" + super.getStatusIcon() + \" , \" + description + \" , \" + at + \"\\n\";"
      },
      {
        "lineNumber": 16,
        "author": {
          "gitId": "mikhailfaiz"
        },
        "content": "    }"
      },
      {
        "lineNumber": 17,
        "author": {
          "gitId": "mikhailfaiz"
        },
        "content": ""
      },
      {
        "lineNumber": 18,
        "author": {
          "gitId": "mikhailfaiz"
        },
        "content": "    @Override"
      },
      {
        "lineNumber": 19,
        "author": {
          "gitId": "mikhailfaiz"
        },
        "content": "    public String toString() {"
      },
      {
        "lineNumber": 20,
        "author": {
          "gitId": "mikhailfaiz"
        },
        "content": "        return \"[E]\" + super.toString() + \" (at: \" + ld.format(DateTimeFormatter.ofPattern(\"MMM dd yyyy\")) + \")\";"
      },
      {
        "lineNumber": 21,
        "author": {
          "gitId": "mikhailfaiz"
        },
        "content": "    }"
      },
      {
        "lineNumber": 22,
        "author": {
          "gitId": "mikhailfaiz"
        },
        "content": "}"
      }
    ],
    "authorContributionMap": {
      "mikhailfaiz": 22
    }
  },
  {
    "path": "src/main/java/Manager.java",
    "fileType": "java",
    "lines": [
      {
        "lineNumber": 1,
        "author": {
          "gitId": "mikhailfaiz"
        },
        "content": "import java.util.ArrayList;"
      },
      {
        "lineNumber": 2,
        "author": {
          "gitId": "mikhailfaiz"
        },
        "content": ""
      },
      {
        "lineNumber": 3,
        "author": {
          "gitId": "mikhailfaiz"
        },
        "content": "public class Manager {"
      },
      {
        "lineNumber": 4,
        "author": {
          "gitId": "mikhailfaiz"
        },
        "content": ""
      },
      {
        "lineNumber": 5,
        "author": {
          "gitId": "mikhailfaiz"
        },
        "content": "    private ArrayList\u003cTask\u003e tasks;"
      },
      {
        "lineNumber": 6,
        "author": {
          "gitId": "mikhailfaiz"
        },
        "content": "    private String linedivider \u003d \"____________________________________________________________\\n\";"
      },
      {
        "lineNumber": 7,
        "author": {
          "gitId": "mikhailfaiz"
        },
        "content": "    public Manager(ArrayList\u003cTask\u003e t) {"
      },
      {
        "lineNumber": 8,
        "author": {
          "gitId": "mikhailfaiz"
        },
        "content": "        tasks \u003d t;"
      },
      {
        "lineNumber": 9,
        "author": {
          "gitId": "mikhailfaiz"
        },
        "content": "    }"
      },
      {
        "lineNumber": 10,
        "author": {
          "gitId": "mikhailfaiz"
        },
        "content": "    private Storage storage \u003d new Storage();"
      },
      {
        "lineNumber": 11,
        "author": {
          "gitId": "mikhailfaiz"
        },
        "content": ""
      },
      {
        "lineNumber": 12,
        "author": {
          "gitId": "mikhailfaiz"
        },
        "content": "    public void run(String s) {"
      },
      {
        "lineNumber": 13,
        "author": {
          "gitId": "mikhailfaiz"
        },
        "content": "        if (s.equals(\"list\")) {"
      },
      {
        "lineNumber": 14,
        "author": {
          "gitId": "mikhailfaiz"
        },
        "content": "            list();"
      },
      {
        "lineNumber": 15,
        "author": {
          "gitId": "mikhailfaiz"
        },
        "content": "        } else if (s.length() \u003e 5 \u0026\u0026 s.substring(0,4).equals(\"done\")) {"
      },
      {
        "lineNumber": 16,
        "author": {
          "gitId": "mikhailfaiz"
        },
        "content": "            done(Integer.parseInt(s.substring(5)));"
      },
      {
        "lineNumber": 17,
        "author": {
          "gitId": "mikhailfaiz"
        },
        "content": "        } else if (s.length() \u003e 6 \u0026\u0026 s.substring(0,6).equals(\"delete\")) {"
      },
      {
        "lineNumber": 18,
        "author": {
          "gitId": "mikhailfaiz"
        },
        "content": "            delete(Integer.parseInt(s.substring(7)));"
      },
      {
        "lineNumber": 19,
        "author": {
          "gitId": "mikhailfaiz"
        },
        "content": "        } else if (s.length() \u003c 5 || !s.contains(\" \") || s.stripTrailing().length() \u003c 9) {"
      },
      {
        "lineNumber": 20,
        "author": {
          "gitId": "mikhailfaiz"
        },
        "content": "            error(s);"
      },
      {
        "lineNumber": 21,
        "author": {
          "gitId": "mikhailfaiz"
        },
        "content": "        } else {"
      },
      {
        "lineNumber": 22,
        "author": {
          "gitId": "mikhailfaiz"
        },
        "content": "            add(s);"
      },
      {
        "lineNumber": 23,
        "author": {
          "gitId": "mikhailfaiz"
        },
        "content": "        }"
      },
      {
        "lineNumber": 24,
        "author": {
          "gitId": "mikhailfaiz"
        },
        "content": "    }"
      },
      {
        "lineNumber": 25,
        "author": {
          "gitId": "mikhailfaiz"
        },
        "content": ""
      },
      {
        "lineNumber": 26,
        "author": {
          "gitId": "mikhailfaiz"
        },
        "content": "    public void list() {"
      },
      {
        "lineNumber": 27,
        "author": {
          "gitId": "mikhailfaiz"
        },
        "content": "        System.out.println(linedivider + \"Here are the tasks in your list:\");"
      },
      {
        "lineNumber": 28,
        "author": {
          "gitId": "mikhailfaiz"
        },
        "content": "        int entryno \u003d 1;"
      },
      {
        "lineNumber": 29,
        "author": {
          "gitId": "mikhailfaiz"
        },
        "content": "        for (Task ls : tasks) {"
      },
      {
        "lineNumber": 30,
        "author": {
          "gitId": "mikhailfaiz"
        },
        "content": "            System.out.println(entryno + \". \" + ls);"
      },
      {
        "lineNumber": 31,
        "author": {
          "gitId": "mikhailfaiz"
        },
        "content": "            entryno++;"
      },
      {
        "lineNumber": 32,
        "author": {
          "gitId": "mikhailfaiz"
        },
        "content": "        }"
      },
      {
        "lineNumber": 33,
        "author": {
          "gitId": "mikhailfaiz"
        },
        "content": "        System.out.println(linedivider);"
      },
      {
        "lineNumber": 34,
        "author": {
          "gitId": "mikhailfaiz"
        },
        "content": "    }"
      },
      {
        "lineNumber": 35,
        "author": {
          "gitId": "mikhailfaiz"
        },
        "content": ""
      },
      {
        "lineNumber": 36,
        "author": {
          "gitId": "mikhailfaiz"
        },
        "content": "    public void add(String s) {"
      },
      {
        "lineNumber": 37,
        "author": {
          "gitId": "mikhailfaiz"
        },
        "content": "        int whitespaceidx \u003d s.indexOf(\" \");"
      },
      {
        "lineNumber": 38,
        "author": {
          "gitId": "mikhailfaiz"
        },
        "content": "        String taskType \u003d s.substring(0, whitespaceidx);"
      },
      {
        "lineNumber": 39,
        "author": {
          "gitId": "mikhailfaiz"
        },
        "content": "        if (taskType.equals(\"todo\")) {"
      },
      {
        "lineNumber": 40,
        "author": {
          "gitId": "mikhailfaiz"
        },
        "content": "            String theTask \u003d s.substring(whitespaceidx + 1);"
      },
      {
        "lineNumber": 41,
        "author": {
          "gitId": "mikhailfaiz"
        },
        "content": "            Todo t \u003d new Todo(theTask);"
      },
      {
        "lineNumber": 42,
        "author": {
          "gitId": "mikhailfaiz"
        },
        "content": "            tasks.add(t);"
      },
      {
        "lineNumber": 43,
        "author": {
          "gitId": "mikhailfaiz"
        },
        "content": "            System.out.println(linedivider + \"Got it. I\u0027ve added this task:\\n \" + t"
      },
      {
        "lineNumber": 44,
        "author": {
          "gitId": "mikhailfaiz"
        },
        "content": "                    + \"\\nNow you have \" + tasks.size() + \" tasks in the list.\\n\" + linedivider);"
      },
      {
        "lineNumber": 45,
        "author": {
          "gitId": "mikhailfaiz"
        },
        "content": "        } else {"
      },
      {
        "lineNumber": 46,
        "author": {
          "gitId": "mikhailfaiz"
        },
        "content": "            int taskIdx \u003d s.indexOf(\"/\");"
      },
      {
        "lineNumber": 47,
        "author": {
          "gitId": "mikhailfaiz"
        },
        "content": "            String theTask \u003d s.substring(whitespaceidx + 1, taskIdx - 1);"
      },
      {
        "lineNumber": 48,
        "author": {
          "gitId": "mikhailfaiz"
        },
        "content": "            String date \u003d s.substring(taskIdx + 1);"
      },
      {
        "lineNumber": 49,
        "author": {
          "gitId": "mikhailfaiz"
        },
        "content": "            if (taskType.equals(\"deadline\")) {"
      },
      {
        "lineNumber": 50,
        "author": {
          "gitId": "mikhailfaiz"
        },
        "content": "                Deadline t \u003d new Deadline(theTask, date);"
      },
      {
        "lineNumber": 51,
        "author": {
          "gitId": "mikhailfaiz"
        },
        "content": "                tasks.add(t);"
      },
      {
        "lineNumber": 52,
        "author": {
          "gitId": "mikhailfaiz"
        },
        "content": "                System.out.println(linedivider + \"Got it. I\u0027ve added this task:\\n \" + t"
      },
      {
        "lineNumber": 53,
        "author": {
          "gitId": "mikhailfaiz"
        },
        "content": "                        + \"\\nNow you have \" + tasks.size() + \" tasks in the list.\\n\" + linedivider);"
      },
      {
        "lineNumber": 54,
        "author": {
          "gitId": "mikhailfaiz"
        },
        "content": "            } else if (taskType.equals(\"event\")) {"
      },
      {
        "lineNumber": 55,
        "author": {
          "gitId": "mikhailfaiz"
        },
        "content": "                Event t \u003d new Event(theTask, date);"
      },
      {
        "lineNumber": 56,
        "author": {
          "gitId": "mikhailfaiz"
        },
        "content": "                tasks.add(t);"
      },
      {
        "lineNumber": 57,
        "author": {
          "gitId": "mikhailfaiz"
        },
        "content": "                System.out.println(linedivider + \"Got it. I\u0027ve added this task:\\n \" + t"
      },
      {
        "lineNumber": 58,
        "author": {
          "gitId": "mikhailfaiz"
        },
        "content": "                        + \"\\nNow you have \" + tasks.size() + \" tasks in the list.\\n\" + linedivider);"
      },
      {
        "lineNumber": 59,
        "author": {
          "gitId": "mikhailfaiz"
        },
        "content": "            }"
      },
      {
        "lineNumber": 60,
        "author": {
          "gitId": "mikhailfaiz"
        },
        "content": ""
      },
      {
        "lineNumber": 61,
        "author": {
          "gitId": "mikhailfaiz"
        },
        "content": "        }"
      },
      {
        "lineNumber": 62,
        "author": {
          "gitId": "mikhailfaiz"
        },
        "content": "        storage.save(tasks);"
      },
      {
        "lineNumber": 63,
        "author": {
          "gitId": "mikhailfaiz"
        },
        "content": "    }"
      },
      {
        "lineNumber": 64,
        "author": {
          "gitId": "mikhailfaiz"
        },
        "content": ""
      },
      {
        "lineNumber": 65,
        "author": {
          "gitId": "mikhailfaiz"
        },
        "content": "    public void done(int n) {"
      },
      {
        "lineNumber": 66,
        "author": {
          "gitId": "mikhailfaiz"
        },
        "content": "        tasks.get(n-1).makeDone();"
      },
      {
        "lineNumber": 67,
        "author": {
          "gitId": "mikhailfaiz"
        },
        "content": "        System.out.println(linedivider + \"Nice! I\u0027ve marked this task as done:\\n\" + tasks.get(n-1)"
      },
      {
        "lineNumber": 68,
        "author": {
          "gitId": "mikhailfaiz"
        },
        "content": "                + \"\\n\" + linedivider);"
      },
      {
        "lineNumber": 69,
        "author": {
          "gitId": "mikhailfaiz"
        },
        "content": "        storage.save(tasks);"
      },
      {
        "lineNumber": 70,
        "author": {
          "gitId": "mikhailfaiz"
        },
        "content": "    }"
      },
      {
        "lineNumber": 71,
        "author": {
          "gitId": "mikhailfaiz"
        },
        "content": ""
      },
      {
        "lineNumber": 72,
        "author": {
          "gitId": "mikhailfaiz"
        },
        "content": "    public void delete(int n) {"
      },
      {
        "lineNumber": 73,
        "author": {
          "gitId": "mikhailfaiz"
        },
        "content": "        Task rm \u003d tasks.remove(n - 1);"
      },
      {
        "lineNumber": 74,
        "author": {
          "gitId": "mikhailfaiz"
        },
        "content": "        System.out.println(linedivider + \"Noted. I\u0027ve removed this task:\\n\" + rm + \"\\n\""
      },
      {
        "lineNumber": 75,
        "author": {
          "gitId": "mikhailfaiz"
        },
        "content": "                + \"Now you have \" + tasks.size() + \" tasks in the list.\\n\" + linedivider);"
      },
      {
        "lineNumber": 76,
        "author": {
          "gitId": "mikhailfaiz"
        },
        "content": "        storage.save(tasks);"
      },
      {
        "lineNumber": 77,
        "author": {
          "gitId": "mikhailfaiz"
        },
        "content": "    }"
      },
      {
        "lineNumber": 78,
        "author": {
          "gitId": "mikhailfaiz"
        },
        "content": ""
      },
      {
        "lineNumber": 79,
        "author": {
          "gitId": "mikhailfaiz"
        },
        "content": "    public void error(String s) {"
      },
      {
        "lineNumber": 80,
        "author": {
          "gitId": "mikhailfaiz"
        },
        "content": "        System.out.println(linedivider);"
      },
      {
        "lineNumber": 81,
        "author": {
          "gitId": "mikhailfaiz"
        },
        "content": "        if (s.length() \u003e\u003d 4 \u0026\u0026 (s.stripTrailing().equals(\"todo\")"
      },
      {
        "lineNumber": 82,
        "author": {
          "gitId": "mikhailfaiz"
        },
        "content": "                || s.stripTrailing().equals(\"deadline\") || s.stripTrailing().equals(\"event\"))) {"
      },
      {
        "lineNumber": 83,
        "author": {
          "gitId": "mikhailfaiz"
        },
        "content": "            if (s.stripTrailing().equals(\"todo\")) {"
      },
      {
        "lineNumber": 84,
        "author": {
          "gitId": "mikhailfaiz"
        },
        "content": "                System.out.println(\":( OOPS!!! The description of a todo cannot be empty.\");"
      },
      {
        "lineNumber": 85,
        "author": {
          "gitId": "mikhailfaiz"
        },
        "content": "            } else if (s.stripTrailing().equals(\"deadline\")) {"
      },
      {
        "lineNumber": 86,
        "author": {
          "gitId": "mikhailfaiz"
        },
        "content": "                System.out.println(\":( OOPS!!! The description of a deadline cannot be empty.\");"
      },
      {
        "lineNumber": 87,
        "author": {
          "gitId": "mikhailfaiz"
        },
        "content": "            } else if (s.stripTrailing().equals(\"event\")) {"
      },
      {
        "lineNumber": 88,
        "author": {
          "gitId": "mikhailfaiz"
        },
        "content": "                System.out.println(\":( OOPS!!! The description of an event cannot be empty.\");"
      },
      {
        "lineNumber": 89,
        "author": {
          "gitId": "mikhailfaiz"
        },
        "content": "            }"
      },
      {
        "lineNumber": 90,
        "author": {
          "gitId": "mikhailfaiz"
        },
        "content": "        } else {"
      },
      {
        "lineNumber": 91,
        "author": {
          "gitId": "mikhailfaiz"
        },
        "content": "            System.out.println(\":( OOPS!!! I\u0027m sorry, but I don\u0027t know what that means :-(\");"
      },
      {
        "lineNumber": 92,
        "author": {
          "gitId": "mikhailfaiz"
        },
        "content": "        }"
      },
      {
        "lineNumber": 93,
        "author": {
          "gitId": "mikhailfaiz"
        },
        "content": "        System.out.println(linedivider);"
      },
      {
        "lineNumber": 94,
        "author": {
          "gitId": "mikhailfaiz"
        },
        "content": "    }"
      },
      {
        "lineNumber": 95,
        "author": {
          "gitId": "mikhailfaiz"
        },
        "content": ""
      },
      {
        "lineNumber": 96,
        "author": {
          "gitId": "mikhailfaiz"
        },
        "content": "}"
      }
    ],
    "authorContributionMap": {
      "mikhailfaiz": 96
    }
  },
  {
    "path": "src/main/java/Parser.java",
    "fileType": "java",
    "lines": [
      {
        "lineNumber": 1,
        "author": {
          "gitId": "mikhailfaiz"
        },
        "content": ""
      },
      {
        "lineNumber": 2,
        "author": {
          "gitId": "mikhailfaiz"
        },
        "content": "public class Parser {"
      },
      {
        "lineNumber": 3,
        "author": {
          "gitId": "mikhailfaiz"
        },
        "content": ""
      },
      {
        "lineNumber": 4,
        "author": {
          "gitId": "mikhailfaiz"
        },
        "content": "    public static Task parseDataFromFile(String s) {"
      },
      {
        "lineNumber": 5,
        "author": {
          "gitId": "mikhailfaiz"
        },
        "content": "        String taskType \u003d s.substring(0, 1);"
      },
      {
        "lineNumber": 6,
        "author": {
          "gitId": "mikhailfaiz"
        },
        "content": "        String isTaskDone \u003d s.substring(4, 5);"
      },
      {
        "lineNumber": 7,
        "author": {
          "gitId": "mikhailfaiz"
        },
        "content": "        String taskDesc \u003d s.substring(8);"
      },
      {
        "lineNumber": 8,
        "author": {
          "gitId": "mikhailfaiz"
        },
        "content": "        String taskDateTime \u003d \"\";"
      },
      {
        "lineNumber": 9,
        "author": {
          "gitId": "mikhailfaiz"
        },
        "content": "        Task parsedTask \u003d null;"
      },
      {
        "lineNumber": 10,
        "author": {
          "gitId": "mikhailfaiz"
        },
        "content": "        if (!taskType.equals(\"T\")) {"
      },
      {
        "lineNumber": 11,
        "author": {
          "gitId": "mikhailfaiz"
        },
        "content": "            String[] taskArr \u003d taskDesc.split(\",\", 2);"
      },
      {
        "lineNumber": 12,
        "author": {
          "gitId": "mikhailfaiz"
        },
        "content": "            taskDesc \u003d taskArr[0].trim();"
      },
      {
        "lineNumber": 13,
        "author": {
          "gitId": "mikhailfaiz"
        },
        "content": "            taskDateTime \u003d taskArr[1].trim();"
      },
      {
        "lineNumber": 14,
        "author": {
          "gitId": "mikhailfaiz"
        },
        "content": "        }"
      },
      {
        "lineNumber": 15,
        "author": {
          "gitId": "mikhailfaiz"
        },
        "content": "        switch (taskType) {"
      },
      {
        "lineNumber": 16,
        "author": {
          "gitId": "mikhailfaiz"
        },
        "content": "            case \"T\":"
      },
      {
        "lineNumber": 17,
        "author": {
          "gitId": "mikhailfaiz"
        },
        "content": "                Todo t \u003d new Todo(taskDesc);"
      },
      {
        "lineNumber": 18,
        "author": {
          "gitId": "mikhailfaiz"
        },
        "content": "                parsedTask \u003d t;"
      },
      {
        "lineNumber": 19,
        "author": {
          "gitId": "mikhailfaiz"
        },
        "content": "                break;"
      },
      {
        "lineNumber": 20,
        "author": {
          "gitId": "mikhailfaiz"
        },
        "content": "            case \"D\":"
      },
      {
        "lineNumber": 21,
        "author": {
          "gitId": "mikhailfaiz"
        },
        "content": "                Deadline d \u003d new Deadline(taskDesc, taskDateTime);"
      },
      {
        "lineNumber": 22,
        "author": {
          "gitId": "mikhailfaiz"
        },
        "content": "                parsedTask \u003d d;"
      },
      {
        "lineNumber": 23,
        "author": {
          "gitId": "mikhailfaiz"
        },
        "content": "                break;"
      },
      {
        "lineNumber": 24,
        "author": {
          "gitId": "mikhailfaiz"
        },
        "content": "            case \"E\":"
      },
      {
        "lineNumber": 25,
        "author": {
          "gitId": "mikhailfaiz"
        },
        "content": "                Event e \u003d new Event(taskDesc, taskDateTime);"
      },
      {
        "lineNumber": 26,
        "author": {
          "gitId": "mikhailfaiz"
        },
        "content": "                parsedTask \u003d e;"
      },
      {
        "lineNumber": 27,
        "author": {
          "gitId": "mikhailfaiz"
        },
        "content": "                break;"
      },
      {
        "lineNumber": 28,
        "author": {
          "gitId": "mikhailfaiz"
        },
        "content": "        }"
      },
      {
        "lineNumber": 29,
        "author": {
          "gitId": "mikhailfaiz"
        },
        "content": "        return parsedTask;"
      },
      {
        "lineNumber": 30,
        "author": {
          "gitId": "mikhailfaiz"
        },
        "content": "    }"
      },
      {
        "lineNumber": 31,
        "author": {
          "gitId": "mikhailfaiz"
        },
        "content": ""
      },
      {
        "lineNumber": 32,
        "author": {
          "gitId": "mikhailfaiz"
        },
        "content": "}"
      }
    ],
    "authorContributionMap": {
      "mikhailfaiz": 32
    }
  },
  {
    "path": "src/main/java/Storage.java",
    "fileType": "java",
    "lines": [
      {
        "lineNumber": 1,
        "author": {
          "gitId": "mikhailfaiz"
        },
        "content": "import java.io.BufferedWriter;"
      },
      {
        "lineNumber": 2,
        "author": {
          "gitId": "mikhailfaiz"
        },
        "content": "import java.io.FileWriter;"
      },
      {
        "lineNumber": 3,
        "author": {
          "gitId": "mikhailfaiz"
        },
        "content": "import java.io.IOException;"
      },
      {
        "lineNumber": 4,
        "author": {
          "gitId": "mikhailfaiz"
        },
        "content": "import java.nio.file.Files;"
      },
      {
        "lineNumber": 5,
        "author": {
          "gitId": "mikhailfaiz"
        },
        "content": "import java.nio.file.Path;"
      },
      {
        "lineNumber": 6,
        "author": {
          "gitId": "mikhailfaiz"
        },
        "content": "import java.nio.file.Paths;"
      },
      {
        "lineNumber": 7,
        "author": {
          "gitId": "mikhailfaiz"
        },
        "content": "import java.util.ArrayList;"
      },
      {
        "lineNumber": 8,
        "author": {
          "gitId": "mikhailfaiz"
        },
        "content": "import java.util.List;"
      },
      {
        "lineNumber": 9,
        "author": {
          "gitId": "mikhailfaiz"
        },
        "content": ""
      },
      {
        "lineNumber": 10,
        "author": {
          "gitId": "mikhailfaiz"
        },
        "content": "public class Storage {"
      },
      {
        "lineNumber": 11,
        "author": {
          "gitId": "mikhailfaiz"
        },
        "content": ""
      },
      {
        "lineNumber": 12,
        "author": {
          "gitId": "mikhailfaiz"
        },
        "content": "    public String home \u003d System.getProperty(\"user.dir\");"
      },
      {
        "lineNumber": 13,
        "author": {
          "gitId": "mikhailfaiz"
        },
        "content": "    protected Path rootPath;"
      },
      {
        "lineNumber": 14,
        "author": {
          "gitId": "mikhailfaiz"
        },
        "content": "    protected Path dataPath;"
      },
      {
        "lineNumber": 15,
        "author": {
          "gitId": "mikhailfaiz"
        },
        "content": ""
      },
      {
        "lineNumber": 16,
        "author": {
          "gitId": "mikhailfaiz"
        },
        "content": "    public Storage() {"
      },
      {
        "lineNumber": 17,
        "author": {
          "gitId": "mikhailfaiz"
        },
        "content": "        this.rootPath \u003d Paths.get(home).getParent().getParent().getParent();"
      },
      {
        "lineNumber": 18,
        "author": {
          "gitId": "mikhailfaiz"
        },
        "content": "        this.dataPath \u003d Paths.get(rootPath.toString(),  \"data\", \"duke.txt\");"
      },
      {
        "lineNumber": 19,
        "author": {
          "gitId": "mikhailfaiz"
        },
        "content": "    }"
      },
      {
        "lineNumber": 20,
        "author": {
          "gitId": "mikhailfaiz"
        },
        "content": ""
      },
      {
        "lineNumber": 21,
        "author": {
          "gitId": "mikhailfaiz"
        },
        "content": "    public ArrayList\u003cTask\u003e load() {"
      },
      {
        "lineNumber": 22,
        "author": {
          "gitId": "mikhailfaiz"
        },
        "content": "        ArrayList\u003cTask\u003e tasks \u003d  new ArrayList\u003c\u003e();"
      },
      {
        "lineNumber": 23,
        "author": {
          "gitId": "mikhailfaiz"
        },
        "content": "        try {"
      },
      {
        "lineNumber": 24,
        "author": {
          "gitId": "mikhailfaiz"
        },
        "content": "            List\u003cString\u003e dataLines \u003d Files.readAllLines(dataPath);"
      },
      {
        "lineNumber": 25,
        "author": {
          "gitId": "mikhailfaiz"
        },
        "content": "            for (String s : dataLines) {"
      },
      {
        "lineNumber": 26,
        "author": {
          "gitId": "mikhailfaiz"
        },
        "content": "                tasks.add(Parser.parseDataFromFile(s));"
      },
      {
        "lineNumber": 27,
        "author": {
          "gitId": "mikhailfaiz"
        },
        "content": "            }"
      },
      {
        "lineNumber": 28,
        "author": {
          "gitId": "mikhailfaiz"
        },
        "content": "        } catch (IOException e) {"
      },
      {
        "lineNumber": 29,
        "author": {
          "gitId": "mikhailfaiz"
        },
        "content": "            e.printStackTrace();"
      },
      {
        "lineNumber": 30,
        "author": {
          "gitId": "mikhailfaiz"
        },
        "content": "        }"
      },
      {
        "lineNumber": 31,
        "author": {
          "gitId": "mikhailfaiz"
        },
        "content": "        return tasks;"
      },
      {
        "lineNumber": 32,
        "author": {
          "gitId": "mikhailfaiz"
        },
        "content": "    }"
      },
      {
        "lineNumber": 33,
        "author": {
          "gitId": "mikhailfaiz"
        },
        "content": ""
      },
      {
        "lineNumber": 34,
        "author": {
          "gitId": "mikhailfaiz"
        },
        "content": "    public void save(ArrayList\u003cTask\u003e taskList) {"
      },
      {
        "lineNumber": 35,
        "author": {
          "gitId": "mikhailfaiz"
        },
        "content": "        StringBuilder sb \u003d new StringBuilder();"
      },
      {
        "lineNumber": 36,
        "author": {
          "gitId": "mikhailfaiz"
        },
        "content": "        for (Task t : taskList) {"
      },
      {
        "lineNumber": 37,
        "author": {
          "gitId": "mikhailfaiz"
        },
        "content": "            if (t instanceof Todo) {"
      },
      {
        "lineNumber": 38,
        "author": {
          "gitId": "mikhailfaiz"
        },
        "content": "                sb.append(((Todo) t).toSaveForm());"
      },
      {
        "lineNumber": 39,
        "author": {
          "gitId": "mikhailfaiz"
        },
        "content": "            } else if (t instanceof Deadline) {"
      },
      {
        "lineNumber": 40,
        "author": {
          "gitId": "mikhailfaiz"
        },
        "content": "                sb.append(((Deadline) t).toSaveForm());"
      },
      {
        "lineNumber": 41,
        "author": {
          "gitId": "mikhailfaiz"
        },
        "content": "            } else if (t instanceof Event) {"
      },
      {
        "lineNumber": 42,
        "author": {
          "gitId": "mikhailfaiz"
        },
        "content": "                sb.append(((Event) t).toSaveForm());"
      },
      {
        "lineNumber": 43,
        "author": {
          "gitId": "mikhailfaiz"
        },
        "content": "            }"
      },
      {
        "lineNumber": 44,
        "author": {
          "gitId": "mikhailfaiz"
        },
        "content": "        }"
      },
      {
        "lineNumber": 45,
        "author": {
          "gitId": "mikhailfaiz"
        },
        "content": "        try {"
      },
      {
        "lineNumber": 46,
        "author": {
          "gitId": "mikhailfaiz"
        },
        "content": "            FileWriter fw \u003d new FileWriter(dataPath.toFile());"
      },
      {
        "lineNumber": 47,
        "author": {
          "gitId": "mikhailfaiz"
        },
        "content": "            BufferedWriter bw \u003d new BufferedWriter(fw);"
      },
      {
        "lineNumber": 48,
        "author": {
          "gitId": "mikhailfaiz"
        },
        "content": "            bw.write(sb.toString());"
      },
      {
        "lineNumber": 49,
        "author": {
          "gitId": "mikhailfaiz"
        },
        "content": "            bw.close();"
      },
      {
        "lineNumber": 50,
        "author": {
          "gitId": "mikhailfaiz"
        },
        "content": "            fw.close();"
      },
      {
        "lineNumber": 51,
        "author": {
          "gitId": "mikhailfaiz"
        },
        "content": "        } catch (IOException e) {"
      },
      {
        "lineNumber": 52,
        "author": {
          "gitId": "mikhailfaiz"
        },
        "content": "            e.printStackTrace();"
      },
      {
        "lineNumber": 53,
        "author": {
          "gitId": "mikhailfaiz"
        },
        "content": "        }"
      },
      {
        "lineNumber": 54,
        "author": {
          "gitId": "mikhailfaiz"
        },
        "content": "    }"
      },
      {
        "lineNumber": 55,
        "author": {
          "gitId": "mikhailfaiz"
        },
        "content": ""
      },
      {
        "lineNumber": 56,
        "author": {
          "gitId": "mikhailfaiz"
        },
        "content": ""
      },
      {
        "lineNumber": 57,
        "author": {
          "gitId": "mikhailfaiz"
        },
        "content": "}"
      }
    ],
    "authorContributionMap": {
      "mikhailfaiz": 57
    }
  },
  {
    "path": "src/main/java/Task.java",
    "fileType": "java",
    "lines": [
      {
        "lineNumber": 1,
        "author": {
          "gitId": "mikhailfaiz"
        },
        "content": "public class Task {"
      },
      {
        "lineNumber": 2,
        "author": {
          "gitId": "mikhailfaiz"
        },
        "content": "    protected String description;"
      },
      {
        "lineNumber": 3,
        "author": {
          "gitId": "mikhailfaiz"
        },
        "content": "    protected boolean isDone;"
      },
      {
        "lineNumber": 4,
        "author": {
          "gitId": "mikhailfaiz"
        },
        "content": ""
      },
      {
        "lineNumber": 5,
        "author": {
          "gitId": "mikhailfaiz"
        },
        "content": "    public Task(String description) {"
      },
      {
        "lineNumber": 6,
        "author": {
          "gitId": "mikhailfaiz"
        },
        "content": "        this.description \u003d description;"
      },
      {
        "lineNumber": 7,
        "author": {
          "gitId": "mikhailfaiz"
        },
        "content": "        this.isDone \u003d false;"
      },
      {
        "lineNumber": 8,
        "author": {
          "gitId": "mikhailfaiz"
        },
        "content": "    }"
      },
      {
        "lineNumber": 9,
        "author": {
          "gitId": "mikhailfaiz"
        },
        "content": ""
      },
      {
        "lineNumber": 10,
        "author": {
          "gitId": "mikhailfaiz"
        },
        "content": "    public String getStatusIcon() {"
      },
      {
        "lineNumber": 11,
        "author": {
          "gitId": "mikhailfaiz"
        },
        "content": "        return (isDone ? \"Y\" : \"N\"); //return tick or X symbols"
      },
      {
        "lineNumber": 12,
        "author": {
          "gitId": "mikhailfaiz"
        },
        "content": "    }"
      },
      {
        "lineNumber": 13,
        "author": {
          "gitId": "mikhailfaiz"
        },
        "content": ""
      },
      {
        "lineNumber": 14,
        "author": {
          "gitId": "mikhailfaiz"
        },
        "content": "    public void makeDone() {"
      },
      {
        "lineNumber": 15,
        "author": {
          "gitId": "mikhailfaiz"
        },
        "content": "        isDone \u003d true;"
      },
      {
        "lineNumber": 16,
        "author": {
          "gitId": "mikhailfaiz"
        },
        "content": "    }"
      },
      {
        "lineNumber": 17,
        "author": {
          "gitId": "mikhailfaiz"
        },
        "content": ""
      },
      {
        "lineNumber": 18,
        "author": {
          "gitId": "mikhailfaiz"
        },
        "content": "    public String getDescription() { return description; }"
      },
      {
        "lineNumber": 19,
        "author": {
          "gitId": "mikhailfaiz"
        },
        "content": ""
      },
      {
        "lineNumber": 20,
        "author": {
          "gitId": "mikhailfaiz"
        },
        "content": "    @Override"
      },
      {
        "lineNumber": 21,
        "author": {
          "gitId": "mikhailfaiz"
        },
        "content": "    public String toString() {"
      },
      {
        "lineNumber": 22,
        "author": {
          "gitId": "mikhailfaiz"
        },
        "content": "        return \"[\" + getStatusIcon() + \"] \" + description;"
      },
      {
        "lineNumber": 23,
        "author": {
          "gitId": "mikhailfaiz"
        },
        "content": "    }"
      },
      {
        "lineNumber": 24,
        "author": {
          "gitId": "mikhailfaiz"
        },
        "content": ""
      },
      {
        "lineNumber": 25,
        "author": {
          "gitId": "mikhailfaiz"
        },
        "content": "}"
      }
    ],
    "authorContributionMap": {
      "mikhailfaiz": 25
    }
  },
  {
    "path": "src/main/java/Todo.java",
    "fileType": "java",
    "lines": [
      {
        "lineNumber": 1,
        "author": {
          "gitId": "mikhailfaiz"
        },
        "content": "public class Todo extends Task {"
      },
      {
        "lineNumber": 2,
        "author": {
          "gitId": "mikhailfaiz"
        },
        "content": ""
      },
      {
        "lineNumber": 3,
        "author": {
          "gitId": "mikhailfaiz"
        },
        "content": "    public Todo(String description) {"
      },
      {
        "lineNumber": 4,
        "author": {
          "gitId": "mikhailfaiz"
        },
        "content": "        super(description);"
      },
      {
        "lineNumber": 5,
        "author": {
          "gitId": "mikhailfaiz"
        },
        "content": "    }"
      },
      {
        "lineNumber": 6,
        "author": {
          "gitId": "mikhailfaiz"
        },
        "content": ""
      },
      {
        "lineNumber": 7,
        "author": {
          "gitId": "mikhailfaiz"
        },
        "content": "    public String toSaveForm() {"
      },
      {
        "lineNumber": 8,
        "author": {
          "gitId": "mikhailfaiz"
        },
        "content": "        return \"T , \" + super.getStatusIcon() + \" , \" + description + \"\\n\";"
      },
      {
        "lineNumber": 9,
        "author": {
          "gitId": "mikhailfaiz"
        },
        "content": "    }"
      },
      {
        "lineNumber": 10,
        "author": {
          "gitId": "mikhailfaiz"
        },
        "content": ""
      },
      {
        "lineNumber": 11,
        "author": {
          "gitId": "mikhailfaiz"
        },
        "content": "    @Override"
      },
      {
        "lineNumber": 12,
        "author": {
          "gitId": "mikhailfaiz"
        },
        "content": "    public String toString() {"
      },
      {
        "lineNumber": 13,
        "author": {
          "gitId": "mikhailfaiz"
        },
        "content": "        return \"[T]\" + super.toString();"
      },
      {
        "lineNumber": 14,
        "author": {
          "gitId": "mikhailfaiz"
        },
        "content": "    }"
      },
      {
        "lineNumber": 15,
        "author": {
          "gitId": "mikhailfaiz"
        },
        "content": "}"
      }
    ],
    "authorContributionMap": {
      "mikhailfaiz": 15
    }
  },
  {
    "path": "text-ui-test/EXPECTED.txt",
    "fileType": "txt",
    "lines": [
      {
        "lineNumber": 1,
        "author": {
          "gitId": "mikhailfaiz"
        },
        "content": "Hello from"
      },
      {
        "lineNumber": 2,
        "author": {
          "gitId": "mikhailfaiz"
        },
        "content": " ____        _"
      },
      {
        "lineNumber": 3,
        "author": {
          "gitId": "mikhailfaiz"
        },
        "content": "|  _ \\ _   _| | _____"
      },
      {
        "lineNumber": 4,
        "author": {
          "gitId": "mikhailfaiz"
        },
        "content": "| | | | | | | |/ / _ \\"
      },
      {
        "lineNumber": 5,
        "author": {
          "gitId": "mikhailfaiz"
        },
        "content": "| |_| | |_| |   \u003c  __/"
      },
      {
        "lineNumber": 6,
        "author": {
          "gitId": "mikhailfaiz"
        },
        "content": "|____/ \\__,_|_|\\_\\___|"
      },
      {
        "lineNumber": 7,
        "author": {
          "gitId": "mikhailfaiz"
        },
        "content": ""
      },
      {
        "lineNumber": 8,
        "author": {
          "gitId": "mikhailfaiz"
        },
        "content": "____________________________________________________________"
      },
      {
        "lineNumber": 9,
        "author": {
          "gitId": "mikhailfaiz"
        },
        "content": "Hello! I\u0027m Duke"
      },
      {
        "lineNumber": 10,
        "author": {
          "gitId": "mikhailfaiz"
        },
        "content": "What can I do for you?"
      },
      {
        "lineNumber": 11,
        "author": {
          "gitId": "mikhailfaiz"
        },
        "content": "____________________________________________________________"
      },
      {
        "lineNumber": 12,
        "author": {
          "gitId": "mikhailfaiz"
        },
        "content": ""
      },
      {
        "lineNumber": 13,
        "author": {
          "gitId": "mikhailfaiz"
        },
        "content": "____________________________________________________________"
      },
      {
        "lineNumber": 14,
        "author": {
          "gitId": "mikhailfaiz"
        },
        "content": "Got it. I\u0027ve added this task:"
      },
      {
        "lineNumber": 15,
        "author": {
          "gitId": "mikhailfaiz"
        },
        "content": " [D][N] revise for 2103T (by: today, 12pm)"
      },
      {
        "lineNumber": 16,
        "author": {
          "gitId": "mikhailfaiz"
        },
        "content": "Now you have 1 tasks in the list."
      },
      {
        "lineNumber": 17,
        "author": {
          "gitId": "mikhailfaiz"
        },
        "content": "____________________________________________________________"
      },
      {
        "lineNumber": 18,
        "author": {
          "gitId": "mikhailfaiz"
        },
        "content": ""
      },
      {
        "lineNumber": 19,
        "author": {
          "gitId": "mikhailfaiz"
        },
        "content": "____________________________________________________________"
      },
      {
        "lineNumber": 20,
        "author": {
          "gitId": "mikhailfaiz"
        },
        "content": "Got it. I\u0027ve added this task:"
      },
      {
        "lineNumber": 21,
        "author": {
          "gitId": "mikhailfaiz"
        },
        "content": " [E][N] school dance (at: 2nd Feb 2020)"
      },
      {
        "lineNumber": 22,
        "author": {
          "gitId": "mikhailfaiz"
        },
        "content": "Now you have 2 tasks in the list."
      },
      {
        "lineNumber": 23,
        "author": {
          "gitId": "mikhailfaiz"
        },
        "content": "____________________________________________________________"
      },
      {
        "lineNumber": 24,
        "author": {
          "gitId": "mikhailfaiz"
        },
        "content": ""
      },
      {
        "lineNumber": 25,
        "author": {
          "gitId": "mikhailfaiz"
        },
        "content": "____________________________________________________________"
      },
      {
        "lineNumber": 26,
        "author": {
          "gitId": "mikhailfaiz"
        },
        "content": "Got it. I\u0027ve added this task:"
      },
      {
        "lineNumber": 27,
        "author": {
          "gitId": "mikhailfaiz"
        },
        "content": " [T][N] clean room"
      },
      {
        "lineNumber": 28,
        "author": {
          "gitId": "mikhailfaiz"
        },
        "content": "Now you have 3 tasks in the list."
      },
      {
        "lineNumber": 29,
        "author": {
          "gitId": "mikhailfaiz"
        },
        "content": "____________________________________________________________"
      },
      {
        "lineNumber": 30,
        "author": {
          "gitId": "mikhailfaiz"
        },
        "content": ""
      },
      {
        "lineNumber": 31,
        "author": {
          "gitId": "mikhailfaiz"
        },
        "content": "____________________________________________________________"
      },
      {
        "lineNumber": 32,
        "author": {
          "gitId": "mikhailfaiz"
        },
        "content": ""
      },
      {
        "lineNumber": 33,
        "author": {
          "gitId": "mikhailfaiz"
        },
        "content": ":( OOPS!!! I\u0027m sorry, but I don\u0027t know what that means :-("
      },
      {
        "lineNumber": 34,
        "author": {
          "gitId": "mikhailfaiz"
        },
        "content": "____________________________________________________________"
      },
      {
        "lineNumber": 35,
        "author": {
          "gitId": "mikhailfaiz"
        },
        "content": ""
      },
      {
        "lineNumber": 36,
        "author": {
          "gitId": "mikhailfaiz"
        },
        "content": "____________________________________________________________"
      },
      {
        "lineNumber": 37,
        "author": {
          "gitId": "mikhailfaiz"
        },
        "content": "Here are the tasks in your list:"
      },
      {
        "lineNumber": 38,
        "author": {
          "gitId": "mikhailfaiz"
        },
        "content": "1. [D][N] revise for 2103T (by: today, 12pm)"
      },
      {
        "lineNumber": 39,
        "author": {
          "gitId": "mikhailfaiz"
        },
        "content": "2. [E][N] school dance (at: 2nd Feb 2020)"
      },
      {
        "lineNumber": 40,
        "author": {
          "gitId": "mikhailfaiz"
        },
        "content": "3. [T][N] clean room"
      },
      {
        "lineNumber": 41,
        "author": {
          "gitId": "mikhailfaiz"
        },
        "content": "____________________________________________________________"
      },
      {
        "lineNumber": 42,
        "author": {
          "gitId": "mikhailfaiz"
        },
        "content": ""
      },
      {
        "lineNumber": 43,
        "author": {
          "gitId": "mikhailfaiz"
        },
        "content": "____________________________________________________________"
      },
      {
        "lineNumber": 44,
        "author": {
          "gitId": "mikhailfaiz"
        },
        "content": "Nice! I\u0027ve marked this task as done:"
      },
      {
        "lineNumber": 45,
        "author": {
          "gitId": "mikhailfaiz"
        },
        "content": "[T][Y] clean room"
      },
      {
        "lineNumber": 46,
        "author": {
          "gitId": "mikhailfaiz"
        },
        "content": "____________________________________________________________"
      },
      {
        "lineNumber": 47,
        "author": {
          "gitId": "mikhailfaiz"
        },
        "content": ""
      },
      {
        "lineNumber": 48,
        "author": {
          "gitId": "mikhailfaiz"
        },
        "content": "____________________________________________________________"
      },
      {
        "lineNumber": 49,
        "author": {
          "gitId": "mikhailfaiz"
        },
        "content": "Nice! I\u0027ve marked this task as done:"
      },
      {
        "lineNumber": 50,
        "author": {
          "gitId": "mikhailfaiz"
        },
        "content": "[D][Y] revise for 2103T (by: today, 12pm)"
      },
      {
        "lineNumber": 51,
        "author": {
          "gitId": "mikhailfaiz"
        },
        "content": "____________________________________________________________"
      },
      {
        "lineNumber": 52,
        "author": {
          "gitId": "mikhailfaiz"
        },
        "content": ""
      },
      {
        "lineNumber": 53,
        "author": {
          "gitId": "mikhailfaiz"
        },
        "content": "____________________________________________________________"
      },
      {
        "lineNumber": 54,
        "author": {
          "gitId": "mikhailfaiz"
        },
        "content": "Here are the tasks in your list:"
      },
      {
        "lineNumber": 55,
        "author": {
          "gitId": "mikhailfaiz"
        },
        "content": "1. [D][Y] revise for 2103T (by: today, 12pm)"
      },
      {
        "lineNumber": 56,
        "author": {
          "gitId": "mikhailfaiz"
        },
        "content": "2. [E][N] school dance (at: 2nd Feb 2020)"
      },
      {
        "lineNumber": 57,
        "author": {
          "gitId": "mikhailfaiz"
        },
        "content": "3. [T][Y] clean room"
      },
      {
        "lineNumber": 58,
        "author": {
          "gitId": "mikhailfaiz"
        },
        "content": "____________________________________________________________"
      },
      {
        "lineNumber": 59,
        "author": {
          "gitId": "mikhailfaiz"
        },
        "content": ""
      },
      {
        "lineNumber": 60,
        "author": {
          "gitId": "mikhailfaiz"
        },
        "content": "____________________________________________________________"
      },
      {
        "lineNumber": 61,
        "author": {
          "gitId": "mikhailfaiz"
        },
        "content": "Bye. Hope to see you again soon!"
      },
      {
        "lineNumber": 62,
        "author": {
          "gitId": "mikhailfaiz"
        },
        "content": "____________________________________________________________"
      },
      {
        "lineNumber": 63,
        "author": {
          "gitId": "mikhailfaiz"
        },
        "content": ""
      }
    ],
    "authorContributionMap": {
      "mikhailfaiz": 63
    }
  },
  {
    "path": "text-ui-test/input.txt",
    "fileType": "txt",
    "lines": [
      {
        "lineNumber": 1,
        "author": {
          "gitId": "mikhailfaiz"
        },
        "content": "deadline revise for 2103T /today, 12pm"
      },
      {
        "lineNumber": 2,
        "author": {
          "gitId": "mikhailfaiz"
        },
        "content": "event school dance /2nd Feb 2020"
      },
      {
        "lineNumber": 3,
        "author": {
          "gitId": "mikhailfaiz"
        },
        "content": "todo clean room"
      },
      {
        "lineNumber": 4,
        "author": {
          "gitId": "mikhailfaiz"
        },
        "content": "bruhhh"
      },
      {
        "lineNumber": 5,
        "author": {
          "gitId": "mikhailfaiz"
        },
        "content": "list"
      },
      {
        "lineNumber": 6,
        "author": {
          "gitId": "mikhailfaiz"
        },
        "content": "done 3"
      },
      {
        "lineNumber": 7,
        "author": {
          "gitId": "mikhailfaiz"
        },
        "content": "done 1"
      },
      {
        "lineNumber": 8,
        "author": {
          "gitId": "mikhailfaiz"
        },
        "content": "list"
      },
      {
        "lineNumber": 9,
        "author": {
          "gitId": "mikhailfaiz"
        },
        "content": "bye"
      }
    ],
    "authorContributionMap": {
      "mikhailfaiz": 9
    }
  },
  {
    "path": "text-ui-test/runtest.bat",
    "fileType": "bat",
    "lines": [
      {
        "lineNumber": 1,
        "author": {
          "gitId": "mikhailfaiz"
        },
        "content": "@ECHO OFF"
      },
      {
        "lineNumber": 2,
        "author": {
          "gitId": "mikhailfaiz"
        },
        "content": ""
      },
      {
        "lineNumber": 3,
        "author": {
          "gitId": "mikhailfaiz"
        },
        "content": "REM create bin directory if it doesn\u0027t exist"
      },
      {
        "lineNumber": 4,
        "author": {
          "gitId": "mikhailfaiz"
        },
        "content": "if not exist ..\\bin mkdir ..\\bin"
      },
      {
        "lineNumber": 5,
        "author": {
          "gitId": "mikhailfaiz"
        },
        "content": ""
      },
      {
        "lineNumber": 6,
        "author": {
          "gitId": "mikhailfaiz"
        },
        "content": "REM delete output from previous run"
      },
      {
        "lineNumber": 7,
        "author": {
          "gitId": "mikhailfaiz"
        },
        "content": "del ACTUAL.TXT"
      },
      {
        "lineNumber": 8,
        "author": {
          "gitId": "mikhailfaiz"
        },
        "content": ""
      },
      {
        "lineNumber": 9,
        "author": {
          "gitId": "mikhailfaiz"
        },
        "content": "REM compile the code into the bin folder"
      },
      {
        "lineNumber": 10,
        "author": {
          "gitId": "mikhailfaiz"
        },
        "content": "javac  -cp ..\\src -Xlint:none -d ..\\bin ..\\src\\main\\java\\*.java"
      },
      {
        "lineNumber": 11,
        "author": {
          "gitId": "mikhailfaiz"
        },
        "content": "IF ERRORLEVEL 1 ("
      },
      {
        "lineNumber": 12,
        "author": {
          "gitId": "mikhailfaiz"
        },
        "content": "    echo ********** BUILD FAILURE **********"
      },
      {
        "lineNumber": 13,
        "author": {
          "gitId": "mikhailfaiz"
        },
        "content": "    exit /b 1"
      },
      {
        "lineNumber": 14,
        "author": {
          "gitId": "mikhailfaiz"
        },
        "content": ")"
      },
      {
        "lineNumber": 15,
        "author": {
          "gitId": "mikhailfaiz"
        },
        "content": "REM no error here, errorlevel \u003d\u003d 0"
      },
      {
        "lineNumber": 16,
        "author": {
          "gitId": "mikhailfaiz"
        },
        "content": ""
      },
      {
        "lineNumber": 17,
        "author": {
          "gitId": "mikhailfaiz"
        },
        "content": "REM run the program, feed commands from input.txt file and redirect the output to the ACTUAL.TXT"
      },
      {
        "lineNumber": 18,
        "author": {
          "gitId": "mikhailfaiz"
        },
        "content": "java -classpath ..\\bin Duke \u003c input.txt \u003e ACTUAL.TXT"
      },
      {
        "lineNumber": 19,
        "author": {
          "gitId": "mikhailfaiz"
        },
        "content": ""
      },
      {
        "lineNumber": 20,
        "author": {
          "gitId": "mikhailfaiz"
        },
        "content": "REM compare the output to the expected output"
      },
      {
        "lineNumber": 21,
        "author": {
          "gitId": "mikhailfaiz"
        },
        "content": "FC ACTUAL.TXT EXPECTED.TXT"
      }
    ],
    "authorContributionMap": {
      "mikhailfaiz": 21
    }
  }
]
