{
  "authorDailyContributionsMap": {
    "teriaiw": [
      {
        "insertions": 41,
        "deletions": 9,
        "date": "2020-01-24",
        "commitResults": [
          {
            "hash": "d983452cfa7bb15533dbd4e4b635fe7cd99c4120",
            "messageTitle": "add Level-1",
            "messageBody": "",
            "tags": [
              "Level-1"
            ],
            "insertions": 26,
            "deletions": 6
          },
          {
            "hash": "e5efa5fefee646db1de06338155a42ffdec37ccb",
            "messageTitle": "add Level-2",
            "messageBody": "",
            "tags": [
              "Level-2"
            ],
            "insertions": 15,
            "deletions": 3
          }
        ]
      },
      {
        "insertions": 53,
        "deletions": 10,
        "date": "2020-01-25",
        "commitResults": [
          {
            "hash": "26013bddcc80a65d74e382022a0f9e4769c54489",
            "messageTitle": "add Level-3",
            "messageBody": "",
            "insertions": 38,
            "deletions": 3
          },
          {
            "hash": "947f135849f5de1f798dcbbb147578d45887af35",
            "messageTitle": "add fail case",
            "messageBody": "",
            "tags": [
              "Level-3"
            ],
            "insertions": 15,
            "deletions": 7
          }
        ]
      },
      {
        "insertions": 242,
        "deletions": 68,
        "date": "2020-01-26",
        "commitResults": [
          {
            "hash": "b547a524cd00785d3956e8a53280a824b49a9a7f",
            "messageTitle": "add Level-4",
            "messageBody": "",
            "tags": [
              "Level-4"
            ],
            "insertions": 85,
            "deletions": 12
          },
          {
            "hash": "4d40dca3428ae62265a3ac50ffaba6f4f8ae8281",
            "messageTitle": "A-TextUiTesting",
            "messageBody": "",
            "tags": [
              "A-TextUiTesting"
            ],
            "insertions": 40,
            "deletions": 2
          },
          {
            "hash": "1cac3beb6b94f53e6a071e3ba4369061724df373",
            "messageTitle": "add Level-5",
            "messageBody": "",
            "tags": [
              "Level-5"
            ],
            "insertions": 93,
            "deletions": 54
          },
          {
            "hash": "5395f51e831661a250706986ce27f51b37ca90ae",
            "messageTitle": "add Level-6",
            "messageBody": "",
            "tags": [
              "Level-6"
            ],
            "insertions": 24,
            "deletions": 0
          }
        ]
      },
      {
        "insertions": 91,
        "deletions": 53,
        "date": "2020-01-31",
        "commitResults": [
          {
            "hash": "b5c86ca675227c036caa4436952a663cd29c6770",
            "messageTitle": "add Level-8",
            "messageBody": "",
            "insertions": 91,
            "deletions": 53
          }
        ]
      },
      {
        "insertions": 458,
        "deletions": 292,
        "date": "2020-02-03",
        "commitResults": [
          {
            "hash": "43ec78f22343dfead8bed65e79ed0c25afcc0323",
            "messageTitle": "add Level-7",
            "messageBody": "",
            "tags": [
              "Level-7"
            ],
            "insertions": 113,
            "deletions": 90
          },
          {
            "hash": "395ae122a4a73333935450ad3bfa0caffcb37ccc",
            "messageTitle": "Level-8",
            "messageBody": "",
            "tags": [
              "Level-8"
            ],
            "insertions": 8,
            "deletions": 10
          },
          {
            "hash": "14c5205a13cf0ca8e15489604e367865cdc5281b",
            "messageTitle": "add A-MoreOOP",
            "messageBody": "",
            "tags": [
              "A-MoreOOP"
            ],
            "insertions": 337,
            "deletions": 192
          }
        ]
      },
      {
        "insertions": 82,
        "deletions": 10,
        "date": "2020-02-05",
        "commitResults": [
          {
            "hash": "71633da49874f507b84cc7f6a8aa7f1de3b1b6fc",
            "messageTitle": "add package",
            "messageBody": "",
            "tags": [
              "A-Packages"
            ],
            "insertions": 22,
            "deletions": 2
          },
          {
            "hash": "9416d50693e1b193935ec13a3b63241356b68711",
            "messageTitle": "add JUnit",
            "messageBody": "",
            "tags": [
              "A-Jar",
              "A-JUnit"
            ],
            "insertions": 60,
            "deletions": 8
          }
        ]
      },
      {
        "insertions": 253,
        "deletions": 41,
        "date": "2020-02-06",
        "commitResults": [
          {
            "hash": "9ba3ce31b6a8c03a83b1d3fb11b6e0c7bb046f36",
            "messageTitle": "add JavaDoc",
            "messageBody": "",
            "tags": [
              "A-JavaDoc"
            ],
            "insertions": 224,
            "deletions": 41
          },
          {
            "hash": "c6e677d19a100fc191bf99641c26eee9e5cc7a67",
            "messageTitle": "add Level-9",
            "messageBody": "",
            "tags": [
              "Level-9"
            ],
            "insertions": 26,
            "deletions": 0
          },
          {
            "hash": "ab88c971bd38f8ad804a052452987909e016add1",
            "messageTitle": "add CodingStandard",
            "messageBody": "",
            "tags": [
              "A-CodingStandard"
            ],
            "insertions": 3,
            "deletions": 0
          }
        ]
      },
      {
        "insertions": 8,
        "deletions": 3,
        "date": "2020-02-13",
        "commitResults": [
          {
            "hash": "6265c609cb2b12e5e65a685423ac5a1e60d11705",
            "messageTitle": "modify duke txt file",
            "messageBody": "",
            "insertions": 0,
            "deletions": 0
          },
          {
            "hash": "684aae0f8e56e16ea86ded4e4106c6dc8d052769",
            "messageTitle": "add A-Gradle",
            "messageBody": "",
            "tags": [
              "A-Gradle"
            ],
            "insertions": 8,
            "deletions": 3
          }
        ]
      }
    ]
  },
  "authorFinalContributionMap": {
    "teriaiw": 765
  },
  "authorFileTypeContributionMap": {
    "teriaiw": {
      "java": 720,
      "md": 2,
      "fxml": 0,
      "sh": 0,
      "bat": 21,
      "gradle": 6,
      "txt": 16
    }
  },
  "authorContributionVariance": {
    "teriaiw": 21531.87
  },
  "authorDisplayNameMap": {
    "teriaiw": "CS2103T-F09- 3 TERI.. MIN"
  }
}
