{
  "authorDailyContributionsMap": {
    "NNpanpan": [
      {
        "insertions": 32,
        "deletions": 9,
        "date": "2020-01-20",
        "commitResults": [
          {
            "hash": "35444b920da7dbd775b96427bc8ca3a68ba7c151",
            "messageTitle": "Created Main",
            "messageBody": "",
            "insertions": 22,
            "deletions": 0
          },
          {
            "hash": "8eb2d2394a5b054f8972e03034d972e101ed444a",
            "messageTitle": "Finished Level-1",
            "messageBody": "",
            "insertions": 10,
            "deletions": 9
          }
        ]
      },
      {
        "insertions": 303,
        "deletions": 35,
        "date": "2020-01-21",
        "commitResults": [
          {
            "hash": "eed44498525c45a43bcd831c1eec23d43e9b6fb4",
            "messageTitle": "Really finished Level-1",
            "messageBody": "",
            "tags": [
              "Level-One"
            ],
            "insertions": 33,
            "deletions": 6
          },
          {
            "hash": "7697e7745507f3e94b1c6b1c8ac1ee3ad9ebdd56",
            "messageTitle": "Level 2",
            "messageBody": "",
            "insertions": 33,
            "deletions": 2
          },
          {
            "hash": "232c651d207d1976c0dd91ac129ddc860e1590e2",
            "messageTitle": "Level 2 fixed with longer uselessLine",
            "messageBody": "",
            "insertions": 1,
            "deletions": 0
          },
          {
            "hash": "9a10d6b2308e620a41004c8ed3b628794cde09c5",
            "messageTitle": "Handle empty input lvl 2",
            "messageBody": "",
            "insertions": 6,
            "deletions": 1
          },
          {
            "hash": "ab11b618ac80f4458f433ad8a074b02f86b2166c",
            "messageTitle": "May have really finished level 2",
            "messageBody": "",
            "tags": [
              "Level-2"
            ],
            "insertions": 2,
            "deletions": 1
          },
          {
            "hash": "996cc8d3b78901fef4d88259503361d0e8319e15",
            "messageTitle": "Added Task class",
            "messageBody": "",
            "insertions": 28,
            "deletions": 0
          },
          {
            "hash": "38acbd488efb72b8bbdc7b8788b659dda2db98d6",
            "messageTitle": "Level 3 without catching errors... But do we need to?",
            "messageBody": "",
            "tags": [
              "Level-3"
            ],
            "insertions": 52,
            "deletions": 10
          },
          {
            "hash": "c138881a4017ff7b51af8850c5e6a5cf06dbccc8",
            "messageTitle": "Created classes for 3 task types",
            "messageBody": "",
            "insertions": 10,
            "deletions": 0
          },
          {
            "hash": "b0cee962e4da177fa5b55c6ffc17fa89c997b5eb",
            "messageTitle": "Basic code for 3 types",
            "messageBody": "",
            "insertions": 57,
            "deletions": 5
          },
          {
            "hash": "2d90a1198f0f85e99207eb3788fe46addb4991dd",
            "messageTitle": "Added method to check command type",
            "messageBody": "",
            "insertions": 38,
            "deletions": 2
          },
          {
            "hash": "4be6e856422b81ec331dd457cc33ce9091160e1d",
            "messageTitle": "handleToDo",
            "messageBody": "",
            "insertions": 30,
            "deletions": 6
          },
          {
            "hash": "1f6d789ee29ec8a09fb49888929f21ffb7edfa55",
            "messageTitle": "Level 4 seems done",
            "messageBody": "",
            "tags": [
              "Level-4"
            ],
            "insertions": 13,
            "deletions": 2
          }
        ]
      },
      {
        "insertions": 383,
        "deletions": 64,
        "date": "2020-01-22",
        "commitResults": [
          {
            "hash": "e3930abbbf4247e30c10a91ded47a30452719306",
            "messageTitle": "Created runtest.sh",
            "messageBody": "",
            "insertions": 34,
            "deletions": 0
          },
          {
            "hash": "266b166d2efba3b867fdd490132eec2d25ee7448",
            "messageTitle": "Tried semi-auto testing with redirection",
            "messageBody": "",
            "tags": [
              "A-TextUiTesting"
            ],
            "insertions": 222,
            "deletions": 13
          },
          {
            "hash": "1860c370e5a29af3593d2ba77f741146d5760d37",
            "messageTitle": "InvalidCommandException added",
            "messageBody": "",
            "insertions": 7,
            "deletions": 8
          },
          {
            "hash": "7dd1d9f67a6667ff1d11b00b54d02550bf75d7c3",
            "messageTitle": "Added OutOfBoundMarkingException",
            "messageBody": "",
            "insertions": 10,
            "deletions": 4
          },
          {
            "hash": "25cc54799a026b78e9f16454bd855deb3e6abcbe",
            "messageTitle": "Handled 2 exceptions",
            "messageBody": "",
            "insertions": 32,
            "deletions": 22
          },
          {
            "hash": "1244ec3f13e53fb0d2ea8fde0574f9e3d5d6a9e6",
            "messageTitle": "Seems like some visible errors are handled",
            "messageBody": "",
            "tags": [
              "Level-5"
            ],
            "insertions": 34,
            "deletions": 10
          },
          {
            "hash": "53dda83a01ca3881044a242b399cf3325aef932a",
            "messageTitle": "Level 6 seems okay",
            "messageBody": "",
            "tags": [
              "Level-6"
            ],
            "insertions": 44,
            "deletions": 7
          }
        ]
      },
      {
        "insertions": 154,
        "deletions": 11,
        "date": "2020-01-29",
        "commitResults": [
          {
            "hash": "ed04c13b81273f92848b0adcf1518479d0debbb0",
            "messageTitle": "Save feature",
            "messageBody": "",
            "tags": [
              "Level-7"
            ],
            "insertions": 124,
            "deletions": 7
          },
          {
            "hash": "5f07a238922e9c7c6278f7edc282e3933c24f24f",
            "messageTitle": "Used LocalDate",
            "messageBody": "",
            "insertions": 30,
            "deletions": 4
          }
        ]
      },
      {
        "insertions": 697,
        "deletions": 252,
        "date": "2020-01-30",
        "commitResults": [
          {
            "hash": "c6df2affe6bcd5b85d6c36202d581935c443afce",
            "messageTitle": "More OOP",
            "messageBody": "",
            "insertions": 245,
            "deletions": 187
          },
          {
            "hash": "6e888ee289f41ae8ed32f4a9459b6338e8c2810c",
            "messageTitle": "Fixed for More OOP",
            "messageBody": "",
            "tags": [
              "A-MoreOOP"
            ],
            "insertions": 4,
            "deletions": 2
          },
          {
            "hash": "f68faaddb6e6baf50f99965535a53bbcc77f5866",
            "messageTitle": "packaged",
            "messageBody": "",
            "tags": [
              "A-Packages"
            ],
            "insertions": 51,
            "deletions": 8
          },
          {
            "hash": "d9c14c3531560c7c05cc38599d0e99a6d1d580e2",
            "messageTitle": "Added JUnit tests",
            "messageBody": "",
            "tags": [
              "A-JUnit"
            ],
            "insertions": 75,
            "deletions": 3
          },
          {
            "hash": "1ef59326a7945967bf05989765f17ebdd3480db5",
            "messageTitle": "documented",
            "messageBody": "",
            "insertions": 203,
            "deletions": 0
          },
          {
            "hash": "d8fc81b5ffe760d8122df4581a3a8714b361cc1f",
            "messageTitle": "tweaked",
            "messageBody": "",
            "insertions": 57,
            "deletions": 52
          },
          {
            "hash": "77d6d3862a52b23da342d642adceb8f2c9f757e8",
            "messageTitle": "find feature",
            "messageBody": "",
            "insertions": 48,
            "deletions": 0
          },
          {
            "hash": "70e25d60ef2fc517057cc410d804b566ab14c909",
            "messageTitle": "Last of week 3",
            "messageBody": "",
            "tags": [
              "Level-9"
            ],
            "insertions": 14,
            "deletions": 0
          }
        ]
      },
      {
        "insertions": 11,
        "deletions": 2,
        "date": "2020-01-31",
        "commitResults": [
          {
            "hash": "1743ba0a468a1c80c9776155b615abde7d23cf94",
            "messageTitle": "gradle installed",
            "messageBody": "",
            "tags": [
              "A-Gradle"
            ],
            "insertions": 11,
            "deletions": 2
          }
        ]
      },
      {
        "insertions": 17,
        "deletions": 0,
        "date": "2020-02-03",
        "commitResults": [
          {
            "hash": "31b5e4b2827dcdf8899f91b05e823424a4d2c4fc",
            "messageTitle": "JavaFX installed",
            "messageBody": "",
            "insertions": 17,
            "deletions": 0
          }
        ]
      },
      {
        "insertions": 383,
        "deletions": 149,
        "date": "2020-02-04",
        "commitResults": [
          {
            "hash": "2ea6f6dfce9e59864d0531210711aab54f9c99c3",
            "messageTitle": "Some style fix",
            "messageBody": "",
            "insertions": 72,
            "deletions": 72
          },
          {
            "hash": "23cce94307002ab66e11419284273a7509b18320",
            "messageTitle": "JavaFX started",
            "messageBody": "",
            "insertions": 41,
            "deletions": 1
          },
          {
            "hash": "aae255067d74fc75236a8d9e5607e2dec15c6771",
            "messageTitle": "Iter 3 of JavaFX",
            "messageBody": "",
            "insertions": 270,
            "deletions": 76
          }
        ]
      },
      {
        "insertions": 151,
        "deletions": 120,
        "date": "2020-02-05",
        "commitResults": [
          {
            "hash": "d60cc9e6e064d8b6a9760cb214c5880d02f81e6d",
            "messageTitle": "fmxl added, code looks shamble",
            "messageBody": "",
            "insertions": 151,
            "deletions": 120
          }
        ]
      },
      {
        "insertions": 22,
        "deletions": 51,
        "date": "2020-02-09",
        "commitResults": [
          {
            "hash": "7ea33064c880da9ff49eadba87d1bb0b30da71c8",
            "messageTitle": "Clean up",
            "messageBody": "",
            "insertions": 22,
            "deletions": 51
          }
        ]
      },
      {
        "insertions": 97,
        "deletions": 67,
        "date": "2020-02-12",
        "commitResults": [
          {
            "hash": "27c6edb877e863d29761126e8fe2aa58feddbdcf",
            "messageTitle": "made another jar",
            "messageBody": "",
            "insertions": 8,
            "deletions": 0
          },
          {
            "hash": "5ab2658f36b0d3678487a86357808aae52582178",
            "messageTitle": "Asserts",
            "messageBody": "",
            "tags": [
              "A-Assertions"
            ],
            "insertions": 67,
            "deletions": 48
          },
          {
            "hash": "99701a87484cedb704f501167580299187e91349",
            "messageTitle": "quality",
            "messageBody": "",
            "tags": [
              "A-CodeQuality"
            ],
            "insertions": 22,
            "deletions": 19
          }
        ]
      },
      {
        "insertions": 73,
        "deletions": 6,
        "date": "2020-02-13",
        "commitResults": [
          {
            "hash": "05a9c9a75401f40e5ad15f441b81ce7f7f9636b2",
            "messageTitle": "slightly better search",
            "messageBody": "",
            "tags": [
              "C-BetterSearch"
            ],
            "insertions": 73,
            "deletions": 6
          }
        ]
      }
    ]
  },
  "authorFinalContributionMap": {
    "NNpanpan": 1563
  },
  "authorFileTypeContributionMap": {
    "NNpanpan": {
      "java": 1252,
      "md": 0,
      "fxml": 35,
      "sh": 34,
      "bat": 0,
      "gradle": 33,
      "txt": 209
    }
  },
  "authorContributionVariance": {
    "NNpanpan": 41898.87
  },
  "authorDisplayNameMap": {
    "NNpanpan": "CS2103T-F10- 4 NGUY..NHAT"
  }
}
