{
  "authorDailyContributionsMap": {
    "tzihiang": [
      {
        "insertions": 14,
        "deletions": 1,
        "date": "2020-01-21",
        "commitResults": [
          {
            "hash": "f9e753ffd4bef33b1ab678c2f1cae8ebb71d9b1e",
            "messageTitle": "gradleTutorial pt1",
            "messageBody": "Did everything till checkstyle, continue from Shadow section\n",
            "insertions": 14,
            "deletions": 1
          }
        ]
      },
      {
        "insertions": 121,
        "deletions": 29,
        "date": "2020-01-22",
        "commitResults": [
          {
            "hash": "6455a686eefb941367676c7bece2a8a7d94a6ec9",
            "messageTitle": "Gradle complete",
            "messageBody": "Finished Gradle Tutorial\n",
            "insertions": 17,
            "deletions": 1
          },
          {
            "hash": "4e076ddda21a6ebfc28101c5e140c56e0bd1875f",
            "messageTitle": "Finished level 1",
            "messageBody": "",
            "tags": [
              "Level-1"
            ],
            "insertions": 34,
            "deletions": 13
          },
          {
            "hash": "9d47e039d6694f9540001ad3e1f61732eb11dfc5",
            "messageTitle": "Finished level 1",
            "messageBody": "",
            "tags": [
              "Level-2"
            ],
            "insertions": 1,
            "deletions": 2
          },
          {
            "hash": "8198a5286a507c72bf95ada206b6d059757ca81b",
            "messageTitle": "Level 2 finished",
            "messageBody": "",
            "insertions": 18,
            "deletions": 3
          },
          {
            "hash": "439bf35e89f69824c3f5b486387e0a42c35a9e63",
            "messageTitle": "Finished level 3",
            "messageBody": "",
            "tags": [
              "Level-3"
            ],
            "insertions": 49,
            "deletions": 8
          },
          {
            "hash": "5d0e78fb45f984a577592bbe38ffb1e6c07bd9d5",
            "messageTitle": "level 3 finished",
            "messageBody": "",
            "tags": [
              "Level-4"
            ],
            "insertions": 2,
            "deletions": 2
          }
        ]
      },
      {
        "insertions": 177,
        "deletions": 57,
        "date": "2020-01-23",
        "commitResults": [
          {
            "hash": "30e385faebfa331f87e13ced25ace4274d2fbdd5",
            "messageTitle": "Finished Level 4",
            "messageBody": "",
            "insertions": 80,
            "deletions": 34
          },
          {
            "hash": "79c5bec47baf524c02e95af6b1fd476587c36dac",
            "messageTitle": "Finished level 5",
            "messageBody": "",
            "tags": [
              "Level-5"
            ],
            "insertions": 61,
            "deletions": 21
          },
          {
            "hash": "4a835a04ce98da2d61443e03060af7c2ccca1c6b",
            "messageTitle": "Level 6 Complete",
            "messageBody": "",
            "tags": [
              "Level-6"
            ],
            "insertions": 36,
            "deletions": 2
          }
        ]
      },
      {
        "insertions": 544,
        "deletions": 161,
        "date": "2020-01-30",
        "commitResults": [
          {
            "hash": "8d3d7f3f58f6f7905707d06c793cd9d07df077ca",
            "messageTitle": "Branch Level 7 Complete",
            "messageBody": "",
            "tags": [
              "Level-7"
            ],
            "insertions": 118,
            "deletions": 3
          },
          {
            "hash": "dcec3f426f0b30092575053170c892f20870edfa",
            "messageTitle": "Branch Level 8 Complete",
            "messageBody": "",
            "insertions": 7,
            "deletions": 2
          },
          {
            "hash": "4c4d51ebd003f30e6813fd5f1112979534935f35",
            "messageTitle": "Finished Level 8",
            "messageBody": "",
            "tags": [
              "Level-8"
            ],
            "insertions": 32,
            "deletions": 12
          },
          {
            "hash": "81f76fb85ed1c653e63fbb48ea57402f5026c5b1",
            "messageTitle": "Merge and deconflicted Level 7 and 8",
            "messageBody": "",
            "insertions": 3,
            "deletions": 2
          },
          {
            "hash": "3d1649ffb965ba0dceb5a22b540713431a24bb0c",
            "messageTitle": "Added A-MoreOOP",
            "messageBody": "",
            "tags": [
              "A-MoreOOP"
            ],
            "insertions": 195,
            "deletions": 118
          },
          {
            "hash": "f7b72b6e7ab9b1f71b92b9d955af6f584f069038",
            "messageTitle": "Finished JUnit Setup, with jar packaging done previously",
            "messageBody": "",
            "tags": [
              "A-Jar",
              "A-CodingStandard"
            ],
            "insertions": 16,
            "deletions": 0
          },
          {
            "hash": "bbc1ddbf661e8dfde907abc834da2a5914d08b16",
            "messageTitle": "Finished Javadoc for some files",
            "messageBody": "",
            "tags": [
              "A-JavaDoc"
            ],
            "insertions": 154,
            "deletions": 23
          },
          {
            "hash": "c2fca32a35b3e9e34dc1db210aa78b51527e4352",
            "messageTitle": "Finished Level 9",
            "messageBody": "",
            "tags": [
              "Level-9"
            ],
            "insertions": 19,
            "deletions": 1
          }
        ]
      },
      {
        "insertions": 357,
        "deletions": 14,
        "date": "2020-02-06",
        "commitResults": [
          {
            "hash": "2a9e3947157514c83382fdb07698d2c1dad4d0f9",
            "messageTitle": "Completed level 10",
            "messageBody": "",
            "insertions": 357,
            "deletions": 14
          }
        ]
      }
    ]
  },
  "authorFinalContributionMap": {
    "tzihiang": 949
  },
  "authorFileTypeContributionMap": {
    "tzihiang": {
      "java": 842,
      "md": 0,
      "fxml": 35,
      "sh": 0,
      "bat": 21,
      "gradle": 47,
      "txt": 4
    }
  },
  "authorContributionVariance": {
    "tzihiang": 25004.88
  },
  "authorDisplayNameMap": {
    "tzihiang": "CS2103T-F11- 4 TAY ..LLIS"
  }
}
