{
  "authorDailyContributionsMap": {
    "youaremysky99": [
      {
        "insertions": 58,
        "deletions": 9,
        "date": "2020-01-19",
        "commitResults": [
          {
            "hash": "76676afb5f5c818a72387d105667a66932cadc39",
            "messageTitle": "level-1 delivery",
            "messageBody": "",
            "tags": [
              "Level-1"
            ],
            "insertions": 58,
            "deletions": 9
          }
        ]
      },
      {
        "insertions": 166,
        "deletions": 24,
        "date": "2020-01-20",
        "commitResults": [
          {
            "hash": "2b0d5a51a0b088c3848dca4563c70c563b54c7d4",
            "messageTitle": "level-2 delivery",
            "messageBody": "",
            "tags": [
              "Level-2"
            ],
            "insertions": 45,
            "deletions": 10
          },
          {
            "hash": "bc48e980e273f63cc1d50e764ca32d96b60ab615",
            "messageTitle": "level-3-delivery",
            "messageBody": "",
            "tags": [
              "Level-3"
            ],
            "insertions": 121,
            "deletions": 14
          }
        ]
      },
      {
        "insertions": 237,
        "deletions": 18,
        "date": "2020-01-23",
        "commitResults": [
          {
            "hash": "e234864d7ef353fa7b6c7aa0ad3c2a9b749c717f",
            "messageTitle": "level-4-delivery",
            "messageBody": "",
            "tags": [
              "Level-4"
            ],
            "insertions": 195,
            "deletions": 6
          },
          {
            "hash": "66df72583ae6278b5141c30b233c118316e5a163",
            "messageTitle": "level-5-delivery",
            "messageBody": "",
            "tags": [
              "Level-5"
            ],
            "insertions": 42,
            "deletions": 12
          }
        ]
      },
      {
        "insertions": 51,
        "deletions": 7,
        "date": "2020-01-24",
        "commitResults": [
          {
            "hash": "5cca9d5e4d5838ee29e9ef29253906f35a436c79",
            "messageTitle": "level-6-delivery",
            "messageBody": "",
            "tags": [
              "Level-6"
            ],
            "insertions": 51,
            "deletions": 7
          }
        ]
      },
      {
        "insertions": 524,
        "deletions": 205,
        "date": "2020-02-01",
        "commitResults": [
          {
            "hash": "57029c5dc47944e4562625365d5018f7f3e18222",
            "messageTitle": "Level-7",
            "messageBody": "",
            "tags": [
              "Level-7"
            ],
            "insertions": 171,
            "deletions": 25
          },
          {
            "hash": "b2827b338b6084d1de7b5843cd822f371d992128",
            "messageTitle": "Level-8",
            "messageBody": "",
            "tags": [
              "Level-8"
            ],
            "insertions": 130,
            "deletions": 39
          },
          {
            "hash": "f109da457849bf9459142c68a450815813c22b3b",
            "messageTitle": "A-Packages",
            "messageBody": "",
            "insertions": 13,
            "deletions": 7
          },
          {
            "hash": "435faaaef58ce92d41cb5d3d8a51de2f195ded5a",
            "messageTitle": "A-MoreOOP",
            "messageBody": "",
            "insertions": 174,
            "deletions": 134
          },
          {
            "hash": "48cb6fc32efb4568f00ceff8f5b4f73040795692",
            "messageTitle": "A-JUnit",
            "messageBody": "",
            "insertions": 24,
            "deletions": 0
          },
          {
            "hash": "1d4130e7004911ab354f7d6be120474dc3c92fcf",
            "messageTitle": "A-JavaDoc",
            "messageBody": "",
            "insertions": 12,
            "deletions": 0
          }
        ]
      },
      {
        "insertions": 423,
        "deletions": 214,
        "date": "2020-02-02",
        "commitResults": [
          {
            "hash": "30c04cdeaa729dfb84c4566123f913e69a02769b",
            "messageTitle": "Level-9",
            "messageBody": "",
            "insertions": 334,
            "deletions": 209
          },
          {
            "hash": "29f341334d3149d7157274ef0a163d441fa242ca",
            "messageTitle": "Level-9",
            "messageBody": "",
            "tags": [
              "Level-9",
              "A-MoreOOP"
            ],
            "insertions": 89,
            "deletions": 5
          }
        ]
      },
      {
        "insertions": 332,
        "deletions": 62,
        "date": "2020-02-03",
        "commitResults": [
          {
            "hash": "69dc4a25dc4e9e4906a1526d66544bd557ef1e7d",
            "messageTitle": "Level-10",
            "messageBody": "",
            "insertions": 331,
            "deletions": 62
          },
          {
            "hash": "ea9f18df5be83fd57bcb96f86a22bb24acdce1cc",
            "messageTitle": "fix-user-input",
            "messageBody": "",
            "tags": [
              "Level-10",
              "A-Jar"
            ],
            "insertions": 1,
            "deletions": 0
          }
        ]
      },
      {
        "insertions": 62,
        "deletions": 19,
        "date": "2020-02-06",
        "commitResults": [
          {
            "hash": "8a5473b335a64bc959b4da9168aaff77ae40ee5b",
            "messageTitle": "A-Assertions",
            "messageBody": "",
            "tags": [
              "A-JUnit"
            ],
            "insertions": 5,
            "deletions": 1
          },
          {
            "hash": "52c4ece62609a7d92339c92ff366bea42d78ecfb",
            "messageTitle": "C-MassOps",
            "messageBody": "",
            "tags": [
              "C-MassOps"
            ],
            "insertions": 57,
            "deletions": 18
          }
        ]
      },
      {
        "insertions": 176,
        "deletions": 96,
        "date": "2020-02-12",
        "commitResults": [
          {
            "hash": "7284d7ba6d7f504362d67df146dca2f6c1860b5a",
            "messageTitle": "more-fixes",
            "messageBody": "",
            "insertions": 6,
            "deletions": 3
          },
          {
            "hash": "b48f8a491faca7c63f56d0754170d12dee17827d",
            "messageTitle": "morefixes",
            "messageBody": "",
            "insertions": 160,
            "deletions": 88
          },
          {
            "hash": "b9b85e68f52459c8b77b2aed33a5fd9e16f62ef4",
            "messageTitle": "morefixes",
            "messageBody": "",
            "insertions": 1,
            "deletions": 0
          },
          {
            "hash": "a98a61fb2901b261a57594881288e7866fedfb17",
            "messageTitle": "morefixes",
            "messageBody": "",
            "insertions": 1,
            "deletions": 1
          },
          {
            "hash": "cbf9091cc067e807e362f2b7e2cbc53b8932cc03",
            "messageTitle": "st",
            "messageBody": "",
            "insertions": 1,
            "deletions": 1
          },
          {
            "hash": "e3d9c4910803f2f63335c104bf474c378cd2d22e",
            "messageTitle": "add-resize",
            "messageBody": "",
            "insertions": 7,
            "deletions": 3
          }
        ]
      },
      {
        "insertions": 275,
        "deletions": 35,
        "date": "2020-02-28",
        "commitResults": [
          {
            "hash": "c4faf1ad08fd72ef4ff14908d3131c1f01d81f94",
            "messageTitle": "adding-jvdocs",
            "messageBody": "",
            "insertions": 268,
            "deletions": 31
          },
          {
            "hash": "d36bb11491d6992f2c353d3600d1b34447ea0bdb",
            "messageTitle": "adding-jvdocs",
            "messageBody": "",
            "tags": [
              "A-CodeQuality"
            ],
            "insertions": 1,
            "deletions": 0
          },
          {
            "hash": "2d1f49e9edb4255950837ce683a22e52c5e48454",
            "messageTitle": "addAssertions",
            "messageBody": "",
            "tags": [
              "A-Assertions"
            ],
            "insertions": 6,
            "deletions": 4
          }
        ]
      },
      {
        "insertions": 17,
        "deletions": 5,
        "date": "2020-02-29",
        "commitResults": [
          {
            "hash": "27254b8fce091836b8dff0ba50a1b7c7161928db",
            "messageTitle": "adduserguid",
            "messageBody": "",
            "insertions": 17,
            "deletions": 5
          }
        ]
      },
      {
        "insertions": 161,
        "deletions": 40,
        "date": "2020-03-01",
        "commitResults": [
          {
            "hash": "f45feef20d3287e3722ff690685a0539e6339fef",
            "messageTitle": "adduserguid",
            "messageBody": "",
            "insertions": 150,
            "deletions": 15
          },
          {
            "hash": "1ef991eef68659cf7ca15978d42ee89c1d6b3a55",
            "messageTitle": "changeuserguide",
            "messageBody": "",
            "insertions": 9,
            "deletions": 0
          },
          {
            "hash": "b64d184c62033a7a7abf91b811e5774746df85ab",
            "messageTitle": "minor-update",
            "messageBody": "",
            "insertions": 1,
            "deletions": 24
          },
          {
            "hash": "412e6b0cfd424375eff8e37d99c937ef8a91e10e",
            "messageTitle": "minor-update",
            "messageBody": "",
            "insertions": 1,
            "deletions": 1
          }
        ]
      }
    ]
  },
  "authorFinalContributionMap": {
    "youaremysky99": 1754
  },
  "authorFileTypeContributionMap": {
    "youaremysky99": {
      "java": 1582,
      "md": 133,
      "fxml": 0,
      "sh": 0,
      "bat": 0,
      "gradle": 38,
      "txt": 1
    }
  },
  "authorContributionVariance": {
    "youaremysky99": 24650.592
  },
  "authorDisplayNameMap": {
    "youaremysky99": "CS2103T-W13- 2 LE Q..TUAN"
  }
}
