{
  "authorDailyContributionsMap": {
    "SHAUNGOH97": [
      {
        "insertions": 17,
        "deletions": 0,
        "date": "2020-01-19",
        "commitResults": [
          {
            "hash": "8f71841d45b018f08f56307c17e8b7b8bb9efcfd",
            "messageTitle": "Level-1",
            "messageBody": "",
            "insertions": 17,
            "deletions": 0
          }
        ]
      },
      {
        "insertions": 229,
        "deletions": 48,
        "date": "2020-01-20",
        "commitResults": [
          {
            "hash": "7e82147f32898584383363f010346093f2fc92f0",
            "messageTitle": "Update Duke.java",
            "messageBody": "",
            "tags": [
              "level-1"
            ],
            "insertions": 4,
            "deletions": 4
          },
          {
            "hash": "845ab99d8767ac572e177f849b36489e201b7067",
            "messageTitle": "changes",
            "messageBody": "",
            "insertions": 1,
            "deletions": 0
          },
          {
            "hash": "e88982f8eae869746a3ec31faef0e15904843e7c",
            "messageTitle": "Finished Level 2",
            "messageBody": "",
            "insertions": 10,
            "deletions": 3
          },
          {
            "hash": "74555e74c72a97e89c31c1bb24503c64f08a69d5",
            "messageTitle": "finish",
            "messageBody": "",
            "insertions": 1,
            "deletions": 1
          },
          {
            "hash": "8a08a702c3ed7e843666de30158ea361024d9c9f",
            "messageTitle": "working on Level-3",
            "messageBody": "",
            "insertions": 38,
            "deletions": 4
          },
          {
            "hash": "edbc75fdba2c0e0a815c272c2550e3276914ae99",
            "messageTitle": "level-3 done",
            "messageBody": "",
            "insertions": 20,
            "deletions": 8
          },
          {
            "hash": "1e26e2d1e7803fc8144eb03a212c74c0e11f8ec0",
            "messageTitle": "added exceptions",
            "messageBody": "",
            "insertions": 23,
            "deletions": 10
          },
          {
            "hash": "b21caee55ed27f7921068c56d063d0314fc21261",
            "messageTitle": "added comments",
            "messageBody": "",
            "insertions": 9,
            "deletions": 0
          },
          {
            "hash": "0b94ec73437c44f51f959197692a2e8a3060e8ad",
            "messageTitle": "modify toString for each task class, currently list command is not showing schedule",
            "messageBody": "",
            "insertions": 84,
            "deletions": 6
          },
          {
            "hash": "8a5c6d20619d32e4207f346e57c3f5a723cc1ed0",
            "messageTitle": "level-4 done, add comments",
            "messageBody": "",
            "insertions": 39,
            "deletions": 12
          }
        ]
      },
      {
        "insertions": 202,
        "deletions": 180,
        "date": "2020-01-21",
        "commitResults": [
          {
            "hash": "f8bab6cc63b2afa3bcc79f4ceb19916dba9f9c1d",
            "messageTitle": "redo level -4",
            "messageBody": "",
            "insertions": 28,
            "deletions": 153
          },
          {
            "hash": "1ed0c29eec14e083257c8ee34130e53344be7808",
            "messageTitle": "level-4 modified",
            "messageBody": "",
            "tags": [
              "level-4"
            ],
            "insertions": 65,
            "deletions": 4
          },
          {
            "hash": "9162bb583989d8433df52d898553690df0198ba9",
            "messageTitle": "error handling",
            "messageBody": "",
            "tags": [
              "level-5"
            ],
            "insertions": 44,
            "deletions": 21
          },
          {
            "hash": "ddeab0bed4b0cb74e366918726c14b58b74da653",
            "messageTitle": "delete function added",
            "messageBody": "",
            "tags": [
              "level-6"
            ],
            "insertions": 20,
            "deletions": 1
          },
          {
            "hash": "ef508e041bfa65985a57ee810527240165ddbf3c",
            "messageTitle": "Text UITest",
            "messageBody": "",
            "insertions": 34,
            "deletions": 0
          },
          {
            "hash": "0713c1a318bdb39e951ea925ae931ab30f8f0cde",
            "messageTitle": "moved test file",
            "messageBody": "",
            "insertions": 11,
            "deletions": 1
          }
        ]
      },
      {
        "insertions": 44,
        "deletions": 0,
        "date": "2020-01-22",
        "commitResults": [
          {
            "hash": "0996ff5546bdd9ffdc6f1061bf0410d67a46f14b",
            "messageTitle": "added some automated testing",
            "messageBody": "",
            "tags": [
              "A-TextUiTesting"
            ],
            "insertions": 44,
            "deletions": 0
          }
        ]
      },
      {
        "insertions": 168,
        "deletions": 35,
        "date": "2020-01-29",
        "commitResults": [
          {
            "hash": "bf9e4f0e01e71c35298de299c5f01ccdae2318cb",
            "messageTitle": "modified level-7",
            "messageBody": "",
            "tags": [
              "level-7"
            ],
            "insertions": 112,
            "deletions": 7
          },
          {
            "hash": "d02593d5e60c47ef8b8c30c044609b116b1ad1a4",
            "messageTitle": "level-8 done",
            "messageBody": "",
            "insertions": 56,
            "deletions": 28
          }
        ]
      },
      {
        "insertions": 691,
        "deletions": 312,
        "date": "2020-01-30",
        "commitResults": [
          {
            "hash": "1a869216a6267136f75e5b97bad2079aa7f5b875",
            "messageTitle": "changes",
            "messageBody": "",
            "insertions": 7,
            "deletions": 0
          },
          {
            "hash": "c1468e0d914a1acf203cc529b543e9510a30bdfd",
            "messageTitle": "added storage and taskList calss",
            "messageBody": "",
            "insertions": 249,
            "deletions": 172
          },
          {
            "hash": "fdad2209e6d2e26d5203416ab8c56394a5731e69",
            "messageTitle": "added Parser and UI classes",
            "messageBody": "",
            "tags": [
              "A-MoreOOP"
            ],
            "insertions": 84,
            "deletions": 46
          },
          {
            "hash": "60afb329847073b5fad9d673728696de0c21ae60",
            "messageTitle": "Added junit testing for Task and Todo class",
            "messageBody": "",
            "tags": [
              "v0.1",
              "A-JUnit"
            ],
            "insertions": 34,
            "deletions": 3
          },
          {
            "hash": "41bb2b98832353e37e0aff7593ddd5221f4543da",
            "messageTitle": "Javadoc branch",
            "messageBody": "",
            "tags": [
              "A-JavaDoc"
            ],
            "insertions": 197,
            "deletions": 10
          },
          {
            "hash": "b0a31cd8615dce05a387a2d11d234e85da72158a",
            "messageTitle": "added find function",
            "messageBody": "",
            "insertions": 41,
            "deletions": 8
          },
          {
            "hash": "6f68a88a1f16ffae206ff6c77dc0623a6e6bdcd9",
            "messageTitle": "Cleaned up code",
            "messageBody": "",
            "tags": [
              "A-CodingStandard"
            ],
            "insertions": 79,
            "deletions": 73
          }
        ]
      },
      {
        "insertions": 8,
        "deletions": 8,
        "date": "2020-01-31",
        "commitResults": [
          {
            "hash": "7bb263474dd92396e6b98a644a803d131cf32e60",
            "messageTitle": "some changes",
            "messageBody": "",
            "tags": [
              "A-Jar"
            ],
            "insertions": 8,
            "deletions": 8
          }
        ]
      },
      {
        "insertions": 3,
        "deletions": 1,
        "date": "2020-02-03",
        "commitResults": [
          {
            "hash": "2a4ef701b96f17f6c55a977c3073917c1a7c0a4f",
            "messageTitle": "added Jar tag",
            "messageBody": "",
            "insertions": 3,
            "deletions": 1
          }
        ]
      },
      {
        "insertions": 20,
        "deletions": 15,
        "date": "2020-02-04",
        "commitResults": [
          {
            "hash": "416c0dfeff2d04d793096dd4ec5690b277c04300",
            "messageTitle": "Haven settled \u0027done\u0027 and \u0027bye\u0027 bugs",
            "messageBody": "",
            "insertions": 1,
            "deletions": 1
          },
          {
            "hash": "9c5882dd56e154df18f7883fcf1fd3c95cf7fa8f",
            "messageTitle": "fixed \u0027done\u0027 bug",
            "messageBody": "",
            "insertions": 6,
            "deletions": 2
          },
          {
            "hash": "c1bac351937b49c9fed347e5d4ad6c6fe99cd2cb",
            "messageTitle": "fixed bye message",
            "messageBody": "",
            "insertions": 13,
            "deletions": 9
          },
          {
            "hash": "59ff7e7b3895ca74c80672aac413e87d8dc1e86a",
            "messageTitle": "Added checkstyle-IDEA",
            "messageBody": "",
            "tags": [
              "A-Checkstyle"
            ],
            "insertions": 0,
            "deletions": 3
          }
        ]
      },
      {
        "insertions": 339,
        "deletions": 4,
        "date": "2020-02-06",
        "commitResults": [
          {
            "hash": "29a23b11891f285d9497c5c480a504b5c47b247e",
            "messageTitle": "Finished GUI tutorial",
            "messageBody": "",
            "tags": [
              "Level-10",
              "A-Gradle"
            ],
            "insertions": 339,
            "deletions": 4
          }
        ]
      },
      {
        "insertions": 243,
        "deletions": 147,
        "date": "2020-02-10",
        "commitResults": [
          {
            "hash": "284c18a7d123efc6b7ed7030ab60975abb2cf4bf",
            "messageTitle": "Integrated Logic into GUI",
            "messageBody": "",
            "insertions": 238,
            "deletions": 147
          },
          {
            "hash": "78dd19e282f2f490b9910401c418169d60b689f2",
            "messageTitle": "Still unable to save/load with GUI",
            "messageBody": "",
            "insertions": 5,
            "deletions": 0
          }
        ]
      },
      {
        "insertions": 262,
        "deletions": 198,
        "date": "2020-02-12",
        "commitResults": [
          {
            "hash": "d2cf70f298237a49a36ab94c5765dd997b1a5394",
            "messageTitle": "fixed filepath, should add buttons for quit",
            "messageBody": "",
            "insertions": 28,
            "deletions": 22
          },
          {
            "hash": "73fee03b439848a104500045b9dfc5c7c3257d61",
            "messageTitle": "Added an exit button",
            "messageBody": "",
            "insertions": 32,
            "deletions": 9
          },
          {
            "hash": "22b90fe3100d293b3cdd36d3bdeb953dce35dd6f",
            "messageTitle": "Added Assertions",
            "messageBody": "",
            "tags": [
              "A-Assertions"
            ],
            "insertions": 14,
            "deletions": 0
          },
          {
            "hash": "f34f7e69dfd14dcb3689cd640ba31fc55a0b9383",
            "messageTitle": "Added javadocs and fixed line spacing issues",
            "messageBody": "",
            "tags": [
              "A-CodeQuality"
            ],
            "insertions": 111,
            "deletions": 93
          },
          {
            "hash": "4bd7058913bb19e3d237ae2767d323c68c3ad83c",
            "messageTitle": "added extension to detect duplicate task",
            "messageBody": "",
            "tags": [
              "C-DetectDuplicates"
            ],
            "insertions": 77,
            "deletions": 74
          }
        ]
      },
      {
        "insertions": 132,
        "deletions": 139,
        "date": "2020-02-18",
        "commitResults": [
          {
            "hash": "cad2426cda508e4c9143f1c22393bee2f54a47f6",
            "messageTitle": "Added a clear list function, fixed pendingTask bug",
            "messageBody": "",
            "insertions": 68,
            "deletions": 74
          },
          {
            "hash": "93536dfff4dd17b9134c389df1893df351bbfcfd",
            "messageTitle": "Created a DukeException class but haven implemented",
            "messageBody": "",
            "insertions": 36,
            "deletions": 23
          },
          {
            "hash": "3f9c7af0a52d27693ab0c872a307c7ec532aa2a3",
            "messageTitle": "Fixed some error messages",
            "messageBody": "",
            "insertions": 28,
            "deletions": 42
          }
        ]
      }
    ]
  },
  "authorFinalContributionMap": {
    "SHAUNGOH97": 1204
  },
  "authorFileTypeContributionMap": {
    "SHAUNGOH97": {
      "java": 1114,
      "md": 0,
      "fxml": 41,
      "sh": 0,
      "bat": 0,
      "gradle": 48,
      "txt": 1
    }
  },
  "authorContributionVariance": {
    "SHAUNGOH97": 40746.637
  },
  "authorDisplayNameMap": {
    "SHAUNGOH97": "CS2103T-F11- 3 GOH ..HAUN"
  }
}
