{
  "authorDailyContributionsMap": {
    "alloystory": [
      {
        "insertions": 159,
        "deletions": 58,
        "date": "2020-01-22",
        "commitResults": [
          {
            "hash": "52e1f54d16b83a655cdcfa92072e52c1f129a22a",
            "messageTitle": "changed gradle mainClassName",
            "messageBody": "",
            "insertions": 1,
            "deletions": 1
          },
          {
            "hash": "1db97f56e6b3dc999aedebf1fd92cb129ca23f6f",
            "messageTitle": "created chatbot basic features",
            "messageBody": "",
            "tags": [
              "Level-1"
            ],
            "insertions": 40,
            "deletions": 6
          },
          {
            "hash": "636bc17afde4edd16b4d7b2450fb54a05f66b96d",
            "messageTitle": "added storing and listing functionality",
            "messageBody": "",
            "insertions": 18,
            "deletions": 4
          },
          {
            "hash": "cf5412d0ee21c6074ccac1512357cfc8d92c3b21",
            "messageTitle": "added check for task size",
            "messageBody": "",
            "insertions": 6,
            "deletions": 2
          },
          {
            "hash": "f6f5b1b269bcc1204472a527398d119cd610d557",
            "messageTitle": "added classes to manage classes",
            "messageBody": "",
            "tags": [
              "Level-2"
            ],
            "insertions": 73,
            "deletions": 39
          },
          {
            "hash": "df8378d32abab8906e2495080293df5ffa3de66d",
            "messageTitle": "added done method",
            "messageBody": "",
            "tags": [
              "Level-3"
            ],
            "insertions": 21,
            "deletions": 6
          }
        ]
      },
      {
        "insertions": 149,
        "deletions": 54,
        "date": "2020-01-25",
        "commitResults": [
          {
            "hash": "a6687a35142adfce6c70ad1c6b813f3ab5a8bce0",
            "messageTitle": "added support for deadline, event and todo tasks",
            "messageBody": "",
            "tags": [
              "Level-4"
            ],
            "insertions": 76,
            "deletions": 15
          },
          {
            "hash": "889942efb5624cd7a0aefa82bbeb7d45dcd38496",
            "messageTitle": "added exceptions",
            "messageBody": "",
            "tags": [
              "Level-5"
            ],
            "insertions": 51,
            "deletions": 35
          },
          {
            "hash": "67353bdcf29cf0e618f0be1829a051f4d2236d61",
            "messageTitle": "added delete functionality",
            "messageBody": "",
            "tags": [
              "Level-6"
            ],
            "insertions": 22,
            "deletions": 4
          }
        ]
      },
      {
        "insertions": 55,
        "deletions": 0,
        "date": "2020-01-26",
        "commitResults": [
          {
            "hash": "e6a0955f87ce57b44f291e842af30ce997ee7455",
            "messageTitle": "added test",
            "messageBody": "",
            "tags": [
              "A-TextUiTesting"
            ],
            "insertions": 55,
            "deletions": 0
          }
        ]
      },
      {
        "insertions": 205,
        "deletions": 39,
        "date": "2020-01-29",
        "commitResults": [
          {
            "hash": "b4f827d98197e8a80a870aa67521d58617fa35b3",
            "messageTitle": "added persistent storage feature",
            "messageBody": "",
            "tags": [
              "Level-7"
            ],
            "insertions": 79,
            "deletions": 3
          },
          {
            "hash": "81a24de7ad4c751363d703245153cd20bf90ccf5",
            "messageTitle": "added script to test app",
            "messageBody": "",
            "insertions": 20,
            "deletions": 0
          },
          {
            "hash": "b8d110c9da7953f5ff0471c809716eb253425ceb",
            "messageTitle": "added the ability to read datetime",
            "messageBody": "",
            "tags": [
              "Level-8"
            ],
            "insertions": 56,
            "deletions": 10
          },
          {
            "hash": "2a66dd8114c69364602e932f766bfba8f47f830c",
            "messageTitle": "created base exception class for all custom exceptions",
            "messageBody": "",
            "insertions": 12,
            "deletions": 5
          },
          {
            "hash": "995231f36e27f7fc4fa1db26bc8356805c7a0e9f",
            "messageTitle": "fixed storage date",
            "messageBody": "",
            "insertions": 38,
            "deletions": 21
          }
        ]
      },
      {
        "insertions": 85,
        "deletions": 55,
        "date": "2020-01-30",
        "commitResults": [
          {
            "hash": "467c1984c62a270ed27c76161af5311c2c46127e",
            "messageTitle": "edited Date class",
            "messageBody": "",
            "insertions": 31,
            "deletions": 12
          },
          {
            "hash": "477304e8b5ad915b74136771b3825e8db2601983",
            "messageTitle": "edited toStorage() format for Date objects",
            "messageBody": "",
            "insertions": 6,
            "deletions": 7
          },
          {
            "hash": "81e76f7ed2ea21b934264cb197c58d6a185caef6",
            "messageTitle": "added UserInterface class",
            "messageBody": "",
            "insertions": 44,
            "deletions": 32
          },
          {
            "hash": "356128c3ef596f981a2162acfee9184492760779",
            "messageTitle": "edited build scripts",
            "messageBody": "",
            "insertions": 4,
            "deletions": 4
          }
        ]
      },
      {
        "insertions": 82,
        "deletions": 151,
        "date": "2020-01-31",
        "commitResults": [
          {
            "hash": "1f8fe1cdf564ca65d23a2466ecb590070b79924b",
            "messageTitle": "changed project folder structure",
            "messageBody": "",
            "insertions": 2,
            "deletions": 122
          },
          {
            "hash": "0b5dfbef69b224bcd2894f26b7a1d5331ae93327",
            "messageTitle": "edited file structure",
            "messageBody": "",
            "insertions": 38,
            "deletions": 10
          },
          {
            "hash": "a31608c3d935848cb540098528428ec0191376ec",
            "messageTitle": "added Tokenizer",
            "messageBody": "",
            "insertions": 42,
            "deletions": 19
          }
        ]
      },
      {
        "insertions": 13,
        "deletions": 8,
        "date": "2020-02-01",
        "commitResults": [
          {
            "hash": "27d93fc2806215f64bf5f5a3e8634c7c60306443",
            "messageTitle": "change app package structure",
            "messageBody": "",
            "insertions": 13,
            "deletions": 8
          }
        ]
      },
      {
        "insertions": 337,
        "deletions": 101,
        "date": "2020-02-02",
        "commitResults": [
          {
            "hash": "218cca628b374bcab4e25d5e6dd7e5eb8fee17b3",
            "messageTitle": "add command package",
            "messageBody": "",
            "insertions": 200,
            "deletions": 0
          },
          {
            "hash": "f23de84d8421792d9ed938f97f1d51667f82a004",
            "messageTitle": "add pair classes for utility",
            "messageBody": "",
            "insertions": 36,
            "deletions": 0
          },
          {
            "hash": "00dba914021b65090eb36469ab7e9270d32c71df",
            "messageTitle": "change Tokenizer to Parser",
            "messageBody": "",
            "insertions": 16,
            "deletions": 9
          },
          {
            "hash": "9230e41e5c5093ee503c065e692515c08824f9f2",
            "messageTitle": "add output to stderr in UI",
            "messageBody": "",
            "insertions": 23,
            "deletions": 13
          },
          {
            "hash": "d1cdefb0e43f046fa5d58cfcf9a426884ad24f2b",
            "messageTitle": "edit taskmanager to support new command package",
            "messageBody": "",
            "insertions": 35,
            "deletions": 60
          },
          {
            "hash": "c041448addb7af0b2a9c23c3b7615edb72a39bf1",
            "messageTitle": "abstract main functions into other classes",
            "messageBody": "",
            "insertions": 12,
            "deletions": 18
          },
          {
            "hash": "ca30b861e38605678c92a3797271e9ebf19c7a48",
            "messageTitle": "add exception for done and delete cmds",
            "messageBody": "",
            "insertions": 7,
            "deletions": 0
          },
          {
            "hash": "012c94e459c48225612b7cd86af4579d0096a0b1",
            "messageTitle": "edit gitignore and gradle build files",
            "messageBody": "",
            "tags": [
              "A-Packages",
              "A-MoreOOP",
              "A-Jar"
            ],
            "insertions": 8,
            "deletions": 1
          }
        ]
      },
      {
        "insertions": 453,
        "deletions": 28,
        "date": "2020-02-03",
        "commitResults": [
          {
            "hash": "03a5aca9ce18bc9fcc18518615bc62aa36d6b7e4",
            "messageTitle": "add checkstyle to gradle config",
            "messageBody": "",
            "insertions": 13,
            "deletions": 0
          },
          {
            "hash": "ccf54d0d7756337a230c0baf8d9c41a1b30b3a71",
            "messageTitle": "create tests for util package",
            "messageBody": "",
            "tags": [
              "v0.1",
              "A-JUnit"
            ],
            "insertions": 68,
            "deletions": 0
          },
          {
            "hash": "ee7cca987d77f2681f5624e2d6d94f3c144216c2",
            "messageTitle": "add find command",
            "messageBody": "",
            "insertions": 25,
            "deletions": 0
          },
          {
            "hash": "6b50013e54659b717b78a59a536aa9fd81289780",
            "messageTitle": "add find by description method in tasks model",
            "messageBody": "",
            "tags": [
              "Level-9"
            ],
            "insertions": 32,
            "deletions": 0
          },
          {
            "hash": "86d28059fba3c00a1d92abe31df08bc79d2690a5",
            "messageTitle": "edit classes and methods visibilities",
            "messageBody": "",
            "insertions": 27,
            "deletions": 27
          },
          {
            "hash": "a0bbf41e7b1215c248c88a7db406e49de8f2d091",
            "messageTitle": "add javadoc comments to the app.util package",
            "messageBody": "",
            "insertions": 97,
            "deletions": 1
          },
          {
            "hash": "62d65284e13b2db85163795dec267fd4186049bc",
            "messageTitle": "add javadoc comments to the app.exceptions package",
            "messageBody": "",
            "insertions": 45,
            "deletions": 0
          },
          {
            "hash": "111c0d762e418d442a713be702d80e8571ea66da",
            "messageTitle": "add javadoc comments to the app.core.* package",
            "messageBody": "",
            "insertions": 129,
            "deletions": 0
          },
          {
            "hash": "7ae505e9a5f83dfe5239d370232c534f3bab9de4",
            "messageTitle": "add javadoc comments to Duke.java",
            "messageBody": "",
            "tags": [
              "A-JavaDoc"
            ],
            "insertions": 17,
            "deletions": 0
          }
        ]
      },
      {
        "insertions": 128,
        "deletions": 83,
        "date": "2020-02-04",
        "commitResults": [
          {
            "hash": "58a564d301e904d334a5fb93eb2ab133e1a3211a",
            "messageTitle": "fix coding standard error",
            "messageBody": "",
            "tags": [
              "A-CodingStandard"
            ],
            "insertions": 22,
            "deletions": 16
          },
          {
            "hash": "9352cc156abdc0fd3b2b0538b984a31b0eb15c40",
            "messageTitle": "edit FindCommand visibility",
            "messageBody": "",
            "insertions": 2,
            "deletions": 2
          },
          {
            "hash": "51e0a78f1c78b9fc8ba11c8fce4158db6c1901ee",
            "messageTitle": "add javadoc comments to the findMatchingTask method",
            "messageBody": "",
            "insertions": 7,
            "deletions": 2
          },
          {
            "hash": "2fb8edb0852d7ef8a82060302f3d21fc46ab1e97",
            "messageTitle": "edit UserInterface to have dynamic border length",
            "messageBody": "",
            "insertions": 16,
            "deletions": 6
          },
          {
            "hash": "6a24a845d2218bca4063ee4f28f10b87dc422f92",
            "messageTitle": "add StorageFileException",
            "messageBody": "",
            "insertions": 16,
            "deletions": 0
          },
          {
            "hash": "4aa85d9cefe7947fd7cb5f6431e766d389615f4b",
            "messageTitle": "add support for new exception",
            "messageBody": "",
            "insertions": 23,
            "deletions": 15
          },
          {
            "hash": "e88ffb659bf5f17344487d94043621360e80fbd6",
            "messageTitle": "changed exceptions name",
            "messageBody": "",
            "insertions": 9,
            "deletions": 9
          },
          {
            "hash": "7bc2bf16ead5244871490312bc2d26aa9de81cee",
            "messageTitle": "edit files to support new exception class names",
            "messageBody": "",
            "tags": [
              "A-Gradle",
              "A-CheckStyle"
            ],
            "insertions": 33,
            "deletions": 33
          }
        ]
      },
      {
        "insertions": 65,
        "deletions": 54,
        "date": "2020-02-05",
        "commitResults": [
          {
            "hash": "d2cd4f5a4d286bdf6ab45ec6cbe1db5a9b35b0d9",
            "messageTitle": "edit command execution flow",
            "messageBody": "",
            "insertions": 50,
            "deletions": 39
          },
          {
            "hash": "b591ff501f5096bc0a1c5e449a30278a1d9d5568",
            "messageTitle": "edit UserInterface to ConsoleInterface",
            "messageBody": "",
            "insertions": 15,
            "deletions": 15
          }
        ]
      },
      {
        "insertions": 357,
        "deletions": 75,
        "date": "2020-02-06",
        "commitResults": [
          {
            "hash": "dbb54ece584d2343094bdc90573ce28bbf531d4f",
            "messageTitle": "edit gradle file to support javafx",
            "messageBody": "",
            "insertions": 13,
            "deletions": 0
          },
          {
            "hash": "6fd40e198e2fecf951e0700cc4e43c59292cd0fe",
            "messageTitle": "add views and images",
            "messageBody": "",
            "insertions": 39,
            "deletions": 0
          },
          {
            "hash": "b1638e1b22a384dfb0c58d0000219a2edcaa4bf4",
            "messageTitle": "add controllers",
            "messageBody": "",
            "insertions": 190,
            "deletions": 3
          },
          {
            "hash": "58a17eb97ae1666ae51d9ffcb359f5503a3d2bdd",
            "messageTitle": "add designed views",
            "messageBody": "",
            "insertions": 45,
            "deletions": 12
          },
          {
            "hash": "67b4dfb0b05bac397299218fa0519c2c83f8c1f4",
            "messageTitle": "edit view comtrollers",
            "messageBody": "",
            "insertions": 66,
            "deletions": 37
          },
          {
            "hash": "3041a3a5ae8e1c57da3ba590673cc5dcc747580c",
            "messageTitle": "add dependencies to gradle for javafx",
            "messageBody": "",
            "insertions": 1,
            "deletions": 0
          },
          {
            "hash": "9d865da6647c8e25483af4e11ec42663dfe6552b",
            "messageTitle": "add application launcher",
            "messageBody": "",
            "tags": [
              "Level-10"
            ],
            "insertions": 3,
            "deletions": 23
          }
        ]
      },
      {
        "insertions": 100,
        "deletions": 80,
        "date": "2020-02-07",
        "commitResults": [
          {
            "hash": "c0054ff33fca82532bf706c4805130bfccd524fd",
            "messageTitle": "fixed checkstyle issues",
            "messageBody": "",
            "insertions": 100,
            "deletions": 80
          }
        ]
      }
    ]
  },
  "authorFinalContributionMap": {
    "alloystory": 1488
  },
  "authorFileTypeContributionMap": {
    "alloystory": {
      "java": 1344,
      "md": 0,
      "fxml": 72,
      "sh": 39,
      "bat": 0,
      "gradle": 33,
      "txt": 0
    }
  },
  "authorContributionVariance": {
    "alloystory": 22535.393
  },
  "authorDisplayNameMap": {
    "alloystory": "CS2103T-W16- 2 CHAN..SIUS"
  }
}
