{
  "authorDailyContributionsMap": {
    "KEVVVINN": [
      {
        "insertions": 307,
        "deletions": 134,
        "date": "2020-01-26",
        "commitResults": [
          {
            "hash": "e52133169d897607f47297c72012ee78b99aa433",
            "messageTitle": "Level 1. Greet, Echo, Exit",
            "messageBody": "",
            "tags": [
              "Level-1"
            ],
            "insertions": 278,
            "deletions": 8
          },
          {
            "hash": "ab60e0ea3123c7fd53617f5303177502acf295dc",
            "messageTitle": "Level 2. Add, List",
            "messageBody": "",
            "tags": [
              "Level-2"
            ],
            "insertions": 29,
            "deletions": 126
          }
        ]
      },
      {
        "insertions": 179,
        "deletions": 15,
        "date": "2020-02-03",
        "commitResults": [
          {
            "hash": "d492febe8022d994576564aa48ae44453bfd6978",
            "messageTitle": "Level 3. Mark as Done",
            "messageBody": "",
            "tags": [
              "Level-3"
            ],
            "insertions": 39,
            "deletions": 5
          },
          {
            "hash": "600b88c7cc27733e34081e40e827ccf08f2b50b2",
            "messageTitle": "Level 4. ToDos, Events, Deadlines",
            "messageBody": "",
            "tags": [
              "Level-4"
            ],
            "insertions": 101,
            "deletions": 7
          },
          {
            "hash": "e504d2929c7dc57d753557fcc9850f3de15078ca",
            "messageTitle": "A-TextUiTesting: Automated Text UI Testing",
            "messageBody": "",
            "tags": [
              "A-TextUiTesting"
            ],
            "insertions": 39,
            "deletions": 3
          }
        ]
      },
      {
        "insertions": 76,
        "deletions": 29,
        "date": "2020-02-04",
        "commitResults": [
          {
            "hash": "8e4ea6657efc554dbfc4831c1cb8807f997b2575",
            "messageTitle": "Level 5. Handle Errors",
            "messageBody": "",
            "tags": [
              "Level-5"
            ],
            "insertions": 62,
            "deletions": 28
          },
          {
            "hash": "a45abea1362380f4d5beda3dfa79219665224780",
            "messageTitle": "Level 6. Delete",
            "messageBody": "",
            "tags": [
              "Level-6"
            ],
            "insertions": 14,
            "deletions": 1
          }
        ]
      },
      {
        "insertions": 204,
        "deletions": 1,
        "date": "2020-02-06",
        "commitResults": [
          {
            "hash": "fd6a3456c7d0415d43dd350d2391b5aab91b04cf",
            "messageTitle": "Level 7. adding save function",
            "messageBody": "",
            "tags": [
              "v1.0",
              "Level-7"
            ],
            "insertions": 204,
            "deletions": 1
          }
        ]
      }
    ]
  },
  "authorFinalContributionMap": {
    "KEVVVINN": 595
  },
  "authorFileTypeContributionMap": {
    "KEVVVINN": {
      "java": 530,
      "md": 0,
      "fxml": 0,
      "sh": 0,
      "bat": 32,
      "gradle": 1,
      "txt": 32
    }
  },
  "authorContributionVariance": {
    "KEVVVINN": 9977.842
  },
  "authorDisplayNameMap": {
    "KEVVVINN": "CS2103T-F09- 1 LAW ..EVIN"
  }
}
