{
  "authorDailyContributionsMap": {
    "eedenong": [
      {
        "insertions": 468,
        "deletions": 101,
        "date": "2020-01-24",
        "commitResults": [
          {
            "hash": "7d4d3279efe10e75507dad2a2986501d9e420428",
            "messageTitle": "Level-1",
            "messageBody": "",
            "insertions": 35,
            "deletions": 0
          },
          {
            "hash": "232b9f4971c3e81a1ad01c3d7e92a61c896de7f9",
            "messageTitle": "Level-2",
            "messageBody": "",
            "insertions": 22,
            "deletions": 6
          },
          {
            "hash": "e5f9c44497faa1b4b8675b69ce7b5e1182a624f3",
            "messageTitle": "Level-3",
            "messageBody": "",
            "insertions": 61,
            "deletions": 7
          },
          {
            "hash": "fe9ba1eafc417e239959e53f3260ecff4fcff13a",
            "messageTitle": "Level-4",
            "messageBody": "",
            "insertions": 141,
            "deletions": 33
          },
          {
            "hash": "695213733a9c74c6085572f30b19a632706c0318",
            "messageTitle": "A-TextUiTesting",
            "messageBody": "",
            "insertions": 91,
            "deletions": 6
          },
          {
            "hash": "66357e5a3be093aee9f4e298db25c971aa09ba3d",
            "messageTitle": "Level-5",
            "messageBody": "",
            "insertions": 105,
            "deletions": 49
          },
          {
            "hash": "9ed6aa8d0385b1170c3bc1f1d9cea436323dbbad",
            "messageTitle": "Level-6",
            "messageBody": "",
            "insertions": 13,
            "deletions": 0
          }
        ]
      },
      {
        "insertions": 56,
        "deletions": 8,
        "date": "2020-01-30",
        "commitResults": [
          {
            "hash": "3f6f7d237a45d3bfc4722f3e2f976fb1b9bf2021",
            "messageTitle": "Level-7",
            "messageBody": "",
            "insertions": 55,
            "deletions": 8
          },
          {
            "hash": "d6c223d59776b45e6f01fba636fc81b88e1d356d",
            "messageTitle": "Level-8",
            "messageBody": "",
            "insertions": 1,
            "deletions": 0
          }
        ]
      },
      {
        "insertions": 594,
        "deletions": 339,
        "date": "2020-01-31",
        "commitResults": [
          {
            "hash": "cc781ff73a78d0fd6d099207fa14bbf37d9e1a2f",
            "messageTitle": "Level-7",
            "messageBody": "",
            "insertions": 112,
            "deletions": 51
          },
          {
            "hash": "ad60fce43b3aab074cd98909af2376a0b457a9be",
            "messageTitle": "Level-8",
            "messageBody": "",
            "insertions": 14,
            "deletions": 7
          },
          {
            "hash": "a0befbce8f189d642618de48c19aaaa814335a03",
            "messageTitle": "Added classes Command, Parser, Storage, Ui, TaskList",
            "messageBody": "",
            "insertions": 468,
            "deletions": 281
          }
        ]
      },
      {
        "insertions": 277,
        "deletions": 267,
        "date": "2020-02-03",
        "commitResults": [
          {
            "hash": "1b53e173df6521e59b42167621cb5e61d6fc5292",
            "messageTitle": "A-MoreOOP",
            "messageBody": "",
            "insertions": 277,
            "deletions": 267
          }
        ]
      },
      {
        "insertions": 74,
        "deletions": 4,
        "date": "2020-02-04",
        "commitResults": [
          {
            "hash": "6a24c9334ecdde67284ecc4690d1046a909b268a",
            "messageTitle": "A-Packages",
            "messageBody": "",
            "insertions": 62,
            "deletions": 4
          },
          {
            "hash": "3f5be0b356c3af3ae261118714dc6bed392ab408",
            "messageTitle": "A-Packages",
            "messageBody": "",
            "insertions": 12,
            "deletions": 0
          }
        ]
      }
    ]
  },
  "authorFinalContributionMap": {
    "eedenong": 758
  },
  "authorFileTypeContributionMap": {
    "eedenong": {
      "java": 68,
      "java": 10,
      "java": 28,
      "java": 24,
      "java": 33,
      "java": 30,
      "java": 44,
      "java": 7,
      "java": 38,
      "java": 73,
      "java": 133,
      "java": 68,
      "java": 38,
      "java": 25,
      "java": 35,
      "java": 13,
      "TXT": 26,
      "txt": 26,
      "txt": 5,
      "sh": 34
    }
  },
  "authorContributionVariance": {
    "eedenong": 42211.293
  },
  "authorDisplayNameMap": {
    "eedenong": "CS2103T-F09- 2 ONG ..EDEN"
  }
}
