{
  "authorDailyContributionsMap": {
    "shunde97": [
      {
        "insertions": 143,
        "deletions": 30,
        "date": "2020-01-22",
        "commitResults": [
          {
            "hash": "91b694c180af03aff2452d3c2894b96efba3cc0f",
            "messageTitle": "Finished Level 1",
            "messageBody": "",
            "insertions": 13,
            "deletions": 2
          },
          {
            "hash": "5086c510dcd699ede41a2c0ad10cd2d000fb43e0",
            "messageTitle": "finished Level 1",
            "messageBody": "",
            "insertions": 2,
            "deletions": 13
          },
          {
            "hash": "9de2667ccbc4d03c9bd6a8d7ef9e34b409a96cf4",
            "messageTitle": "Finished Level 1",
            "messageBody": "Signed-off-by: shunde_ \u003cchiangshunde13@gmail.com\u003e\n",
            "insertions": 13,
            "deletions": 1
          },
          {
            "hash": "ee7d18c5d79fa715ecbcf2072eb26c4faece6537",
            "messageTitle": "Level-1",
            "messageBody": "Signed-off-by: shunde_ \u003cchiangshunde13@gmail.com\u003e\n",
            "tags": [
              "Level-1"
            ],
            "insertions": 1,
            "deletions": 1
          },
          {
            "hash": "6f31ad01b00e1617da5849694a9434f78a6c70ca",
            "messageTitle": "Finished Level 1",
            "messageBody": "Signed-off-by: shunde_ \u003cchiangshunde13@gmail.com\u003e\n",
            "insertions": 1,
            "deletions": 1
          },
          {
            "hash": "9abc02644e43065cf7c1f36d893c227ec6d8fd00",
            "messageTitle": "Finished Level 2",
            "messageBody": "Signed-off-by: shunde_ \u003cchiangshunde13@gmail.com\u003e\n",
            "tags": [
              "Level-2"
            ],
            "insertions": 20,
            "deletions": 6
          },
          {
            "hash": "e5e7d08f18dd719b42bc94b224a525d558b30efe",
            "messageTitle": "Finished Level 3",
            "messageBody": "Signed-off-by: shunde_ \u003cchiangshunde13@gmail.com\u003e\n",
            "tags": [
              "Level-3"
            ],
            "insertions": 47,
            "deletions": 4
          },
          {
            "hash": "6d6ae5a8505ee4a6ba14c098004a934232ca615a",
            "messageTitle": "Finished Level 4",
            "messageBody": "Signed-off-by: shunde_ \u003cchiangshunde13@gmail.com\u003e\n",
            "tags": [
              "Level-4a",
              "Level-4"
            ],
            "insertions": 46,
            "deletions": 2
          }
        ]
      },
      {
        "insertions": 167,
        "deletions": 47,
        "date": "2020-01-24",
        "commitResults": [
          {
            "hash": "806311481c1ac79d6d7a1ace57aa14a55535f9e5",
            "messageTitle": "Finished Level 5",
            "messageBody": "Signed-off-by: shunde_ \u003cchiangshunde13@gmail.com\u003e\n",
            "tags": [
              "Level-5"
            ],
            "insertions": 121,
            "deletions": 29
          },
          {
            "hash": "666198aee2509387c1174891e2a618c3ebc36e4e",
            "messageTitle": "Finished Level 5",
            "messageBody": "Signed-off-by: shunde_ \u003cchiangshunde13@gmail.com\u003e\n",
            "insertions": 28,
            "deletions": 12
          },
          {
            "hash": "d2a520d44765cf4d31867831c3e29c490612f997",
            "messageTitle": "Finished Level 6",
            "messageBody": "Signed-off-by: shunde_ \u003cchiangshunde13@gmail.com\u003e\n",
            "tags": [
              "Level-6"
            ],
            "insertions": 1,
            "deletions": 1
          },
          {
            "hash": "e86a5af88197c0b7e460515f87297313c5dd0320",
            "messageTitle": "Finished Level 6",
            "messageBody": "Signed-off-by: shunde_ \u003cchiangshunde13@gmail.com\u003e\n",
            "insertions": 1,
            "deletions": 1
          },
          {
            "hash": "a2f930a4feab7e6faaebca8f74b7c5580cdd9d62",
            "messageTitle": "Finished Level 6 with A-TextUiTesting completed",
            "messageBody": "Signed-off-by: shunde_ \u003cchiangshunde13@gmail.com\u003e\n",
            "tags": [
              "Level-8",
              "Level-7",
              "A-TextUiTesting"
            ],
            "insertions": 16,
            "deletions": 4
          }
        ]
      },
      {
        "insertions": 182,
        "deletions": 24,
        "date": "2020-02-04",
        "commitResults": [
          {
            "hash": "2122140ab84ffb0561bb96e86919dc69bdac9876",
            "messageTitle": "Level 7 with A-TextUiTesting completed",
            "messageBody": "Signed-off-by: shunde_ \u003cchiangshunde13@gmail.com\u003e\n",
            "insertions": 176,
            "deletions": 24
          },
          {
            "hash": "49531a4e275ce0487fcee03a8c46fb7b17198c22",
            "messageTitle": "Level 8 test",
            "messageBody": "Signed-off-by: shunde_ \u003cchiangshunde13@gmail.com\u003e\n",
            "insertions": 2,
            "deletions": 0
          },
          {
            "hash": "87b7cb3fe445420c0ed1fb6233b56318a943dd16",
            "messageTitle": "Level X test",
            "messageBody": "Signed-off-by: shunde_ \u003cchiangshunde13@gmail.com\u003e\n",
            "tags": [
              "Level-9",
              "A-MoreOOP",
              "A-Jar",
              "A-JUnit"
            ],
            "insertions": 2,
            "deletions": 0
          },
          {
            "hash": "d4fb6d687851e8541e8cc84ef91a37f6c94e4ecf",
            "messageTitle": "Level X test",
            "messageBody": "Signed-off-by: shunde_ \u003cchiangshunde13@gmail.com\u003e\n",
            "tags": [
              "Level-10",
              "A-Varargs",
              "A-CheckStyle"
            ],
            "insertions": 2,
            "deletions": 0
          }
        ]
      },
      {
        "insertions": 236,
        "deletions": 109,
        "date": "2020-02-06",
        "commitResults": [
          {
            "hash": "852d3b011a4784eb7c9735bbeb4c487c07988478",
            "messageTitle": "Level 7 completed",
            "messageBody": "Signed-off-by: shunde_ \u003cchiangshunde13@gmail.com\u003e\n",
            "insertions": 161,
            "deletions": 88
          },
          {
            "hash": "aec602c8a70c95f8d66c7791deaa9909ecccbaf6",
            "messageTitle": "Level 8 completed",
            "messageBody": "Signed-off-by: shunde_ \u003cchiangshunde13@gmail.com\u003e\n",
            "insertions": 62,
            "deletions": 13
          },
          {
            "hash": "b48e01f7684c516cd31167963dc48e43a3bb2725",
            "messageTitle": "Level 8 completed",
            "messageBody": "Signed-off-by: shunde_ \u003cchiangshunde13@gmail.com\u003e\n",
            "insertions": 13,
            "deletions": 8
          }
        ]
      },
      {
        "insertions": 27,
        "deletions": 4,
        "date": "2020-02-12",
        "commitResults": [
          {
            "hash": "27e2c2ace27f4ae5c182c200e3b50e89c72f883a",
            "messageTitle": "Level 9 finished",
            "messageBody": "Signed-off-by: shunde_ \u003cchiangshunde13@gmail.com\u003e\n",
            "insertions": 15,
            "deletions": 2
          },
          {
            "hash": "b5f8698efbb8d9fa1ebe384d47f72e06a9072b34",
            "messageTitle": "Level 9 finished",
            "messageBody": "Signed-off-by: shunde_ \u003cchiangshunde13@gmail.com\u003e\n",
            "insertions": 12,
            "deletions": 2
          }
        ]
      },
      {
        "insertions": 294,
        "deletions": 41,
        "date": "2020-02-18",
        "commitResults": [
          {
            "hash": "c62e0fc01a45cb5a9b65c6b93c88e58086fac044",
            "messageTitle": "JavaDoc",
            "messageBody": "Signed-off-by: shunde_ \u003cchiangshunde13@gmail.com\u003e\n",
            "insertions": 28,
            "deletions": 8
          },
          {
            "hash": "6c2a5378f37e440e4a7f7c415a988d100b5e9a24",
            "messageTitle": "JavaDoc Finished",
            "messageBody": "Signed-off-by: shunde_ \u003cchiangshunde13@gmail.com\u003e\n",
            "insertions": 250,
            "deletions": 29
          },
          {
            "hash": "d05494572791497a86102a28ec574b3bce838407",
            "messageTitle": "Merge branch \u0027A-JavaDoc\u0027 into branch-Level-9",
            "messageBody": "Signed-off-by: shunde_ \u003cchiangshunde13@gmail.com\u003e\n",
            "insertions": 14,
            "deletions": 0
          },
          {
            "hash": "0f4caac7a8a9f15f55f19eac1002ef7f3c136432",
            "messageTitle": "Merge branch \u0027A-JavaDoc\u0027 into branch-Level-9",
            "messageBody": "Signed-off-by: shunde_ \u003cchiangshunde13@gmail.com\u003e\n",
            "insertions": 0,
            "deletions": 1
          },
          {
            "hash": "537092c74954eb046d91b8293f9ef32ff50534a5",
            "messageTitle": "added Assertions",
            "messageBody": "Signed-off-by: shunde_ \u003cchiangshunde13@gmail.com\u003e\n",
            "tags": [
              "A-Assertions"
            ],
            "insertions": 2,
            "deletions": 3
          }
        ]
      },
      {
        "insertions": 113,
        "deletions": 15,
        "date": "2020-03-01",
        "commitResults": [
          {
            "hash": "f292d930cc6368458badf27fbae2544dcaf73d95",
            "messageTitle": "extension C-MassOps, added mass delete and mark done",
            "messageBody": "Signed-off-by: shunde_ \u003cchiangshunde13@gmail.com\u003e\n",
            "tags": [
              "C-MassOps"
            ],
            "insertions": 113,
            "deletions": 15
          }
        ]
      },
      {
        "insertions": 729,
        "deletions": 253,
        "date": "2020-03-02",
        "commitResults": [
          {
            "hash": "095f86306a722c9a81372470db9435599f9ae468",
            "messageTitle": "finished ip left tidying",
            "messageBody": "Signed-off-by: shunde_ \u003cchiangshunde13@gmail.com\u003e\n",
            "tags": [
              "v1.1",
              "v0.1.4"
            ],
            "insertions": 471,
            "deletions": 211
          },
          {
            "hash": "5f57a2ebbd76b9fb77965370f49a99c8bb4e87e6",
            "messageTitle": "added the initial greeting",
            "messageBody": "Signed-off-by: shunde_ \u003cchiangshunde13@gmail.com\u003e\n",
            "insertions": 30,
            "deletions": 10
          },
          {
            "hash": "611e8c5f32f58c8bb6f2f3f01e3fc8c9fdaaae30",
            "messageTitle": "to test product website",
            "messageBody": "Signed-off-by: shunde_ \u003cchiangshunde13@gmail.com\u003e\n",
            "insertions": 26,
            "deletions": 4
          },
          {
            "hash": "f21771d63164d5a4b00d4d611fbb91a2c55baa10",
            "messageTitle": "fixed final issues",
            "messageBody": "Signed-off-by: shunde_ \u003cchiangshunde13@gmail.com\u003e\n",
            "insertions": 103,
            "deletions": 17
          },
          {
            "hash": "2e6348649633d21651690a10b809c2289db5ce9d",
            "messageTitle": "fixed final issues",
            "messageBody": "Signed-off-by: shunde_ \u003cchiangshunde13@gmail.com\u003e\n",
            "insertions": 89,
            "deletions": 3
          },
          {
            "hash": "0cad61f42a2cb423b2df0ac9bd442ec4706bd1e3",
            "messageTitle": "fixed final issues",
            "messageBody": "Signed-off-by: shunde_ \u003cchiangshunde13@gmail.com\u003e\n",
            "insertions": 10,
            "deletions": 8
          }
        ]
      }
    ]
  },
  "authorFinalContributionMap": {
    "shunde97": 1379
  },
  "authorFileTypeContributionMap": {
    "shunde97": {
      "java": 1099,
      "md": 156,
      "fxml": 35,
      "sh": 0,
      "bat": 21,
      "gradle": 52,
      "txt": 16
    }
  },
  "authorContributionVariance": {
    "shunde97": 24290.643
  },
  "authorDisplayNameMap": {
    "shunde97": "CS2103-W15- 3 CHIA..N DE"
  }
}
