{
  "authorDailyContributionsMap": {
    "shunde97": [
      {
        "insertions": 143,
        "deletions": 30,
        "date": "2020-01-22",
        "commitResults": [
          {
            "hash": "91b694c180af03aff2452d3c2894b96efba3cc0f",
            "messageTitle": "Finished Level 1",
            "messageBody": "",
            "insertions": 13,
            "deletions": 2
          },
          {
            "hash": "5086c510dcd699ede41a2c0ad10cd2d000fb43e0",
            "messageTitle": "finished Level 1",
            "messageBody": "",
            "insertions": 2,
            "deletions": 13
          },
          {
            "hash": "9de2667ccbc4d03c9bd6a8d7ef9e34b409a96cf4",
            "messageTitle": "Finished Level 1",
            "messageBody": "Signed-off-by: shunde_ \u003cchiangshunde13@gmail.com\u003e\n",
            "insertions": 13,
            "deletions": 1
          },
          {
            "hash": "ee7d18c5d79fa715ecbcf2072eb26c4faece6537",
            "messageTitle": "Level-1",
            "messageBody": "Signed-off-by: shunde_ \u003cchiangshunde13@gmail.com\u003e\n",
            "tags": [
              "Level-1"
            ],
            "insertions": 1,
            "deletions": 1
          },
          {
            "hash": "6f31ad01b00e1617da5849694a9434f78a6c70ca",
            "messageTitle": "Finished Level 1",
            "messageBody": "Signed-off-by: shunde_ \u003cchiangshunde13@gmail.com\u003e\n",
            "insertions": 1,
            "deletions": 1
          },
          {
            "hash": "9abc02644e43065cf7c1f36d893c227ec6d8fd00",
            "messageTitle": "Finished Level 2",
            "messageBody": "Signed-off-by: shunde_ \u003cchiangshunde13@gmail.com\u003e\n",
            "tags": [
              "Level-2"
            ],
            "insertions": 20,
            "deletions": 6
          },
          {
            "hash": "e5e7d08f18dd719b42bc94b224a525d558b30efe",
            "messageTitle": "Finished Level 3",
            "messageBody": "Signed-off-by: shunde_ \u003cchiangshunde13@gmail.com\u003e\n",
            "tags": [
              "Level-3"
            ],
            "insertions": 47,
            "deletions": 4
          },
          {
            "hash": "6d6ae5a8505ee4a6ba14c098004a934232ca615a",
            "messageTitle": "Finished Level 4",
            "messageBody": "Signed-off-by: shunde_ \u003cchiangshunde13@gmail.com\u003e\n",
            "tags": [
              "Level-4a",
              "Level-4"
            ],
            "insertions": 46,
            "deletions": 2
          }
        ]
      },
      {
        "insertions": 167,
        "deletions": 47,
        "date": "2020-01-24",
        "commitResults": [
          {
            "hash": "806311481c1ac79d6d7a1ace57aa14a55535f9e5",
            "messageTitle": "Finished Level 5",
            "messageBody": "Signed-off-by: shunde_ \u003cchiangshunde13@gmail.com\u003e\n",
            "tags": [
              "Level-5"
            ],
            "insertions": 121,
            "deletions": 29
          },
          {
            "hash": "666198aee2509387c1174891e2a618c3ebc36e4e",
            "messageTitle": "Finished Level 5",
            "messageBody": "Signed-off-by: shunde_ \u003cchiangshunde13@gmail.com\u003e\n",
            "insertions": 28,
            "deletions": 12
          },
          {
            "hash": "d2a520d44765cf4d31867831c3e29c490612f997",
            "messageTitle": "Finished Level 6",
            "messageBody": "Signed-off-by: shunde_ \u003cchiangshunde13@gmail.com\u003e\n",
            "tags": [
              "Level-6"
            ],
            "insertions": 1,
            "deletions": 1
          },
          {
            "hash": "e86a5af88197c0b7e460515f87297313c5dd0320",
            "messageTitle": "Finished Level 6",
            "messageBody": "Signed-off-by: shunde_ \u003cchiangshunde13@gmail.com\u003e\n",
            "insertions": 1,
            "deletions": 1
          },
          {
            "hash": "a2f930a4feab7e6faaebca8f74b7c5580cdd9d62",
            "messageTitle": "Finished Level 6 with A-TextUiTesting completed",
            "messageBody": "Signed-off-by: shunde_ \u003cchiangshunde13@gmail.com\u003e\n",
            "tags": [
              "Level-8",
              "Level-7",
              "A-TextUiTesting"
            ],
            "insertions": 16,
            "deletions": 4
          }
        ]
      },
      {
        "insertions": 182,
        "deletions": 24,
        "date": "2020-02-04",
        "commitResults": [
          {
            "hash": "2122140ab84ffb0561bb96e86919dc69bdac9876",
            "messageTitle": "Level 7 with A-TextUiTesting completed",
            "messageBody": "Signed-off-by: shunde_ \u003cchiangshunde13@gmail.com\u003e\n",
            "insertions": 176,
            "deletions": 24
          },
          {
            "hash": "49531a4e275ce0487fcee03a8c46fb7b17198c22",
            "messageTitle": "Level 8 test",
            "messageBody": "Signed-off-by: shunde_ \u003cchiangshunde13@gmail.com\u003e\n",
            "insertions": 2,
            "deletions": 0
          },
          {
            "hash": "87b7cb3fe445420c0ed1fb6233b56318a943dd16",
            "messageTitle": "Level X test",
            "messageBody": "Signed-off-by: shunde_ \u003cchiangshunde13@gmail.com\u003e\n",
            "tags": [
              "Level-9",
              "A-MoreOOP",
              "A-Jar",
              "A-JUnit"
            ],
            "insertions": 2,
            "deletions": 0
          },
          {
            "hash": "d4fb6d687851e8541e8cc84ef91a37f6c94e4ecf",
            "messageTitle": "Level X test",
            "messageBody": "Signed-off-by: shunde_ \u003cchiangshunde13@gmail.com\u003e\n",
            "tags": [
              "Level-10",
              "A-Varargs",
              "A-CheckStyle"
            ],
            "insertions": 2,
            "deletions": 0
          }
        ]
      }
    ]
  },
  "authorFinalContributionMap": {
    "shunde97": 396
  },
  "authorFileTypeContributionMap": {
    "shunde97": {
      "java": 363,
      "md": 0,
      "fxml": 0,
      "sh": 0,
      "bat": 21,
      "gradle": 0,
      "txt": 12
    }
  },
  "authorContributionVariance": {
    "shunde97": 4472.6914
  },
  "authorDisplayNameMap": {
    "shunde97": "CS2103-W15- 3 CHIA..N DE"
  }
}
