{
  "authorDailyContributionsMap": {
    "hanchingyong": [
      {
        "insertions": 251,
        "deletions": 60,
        "date": "2020-01-20",
        "commitResults": [
          {
            "hash": "730a56a42233240fd9585c1ee5ad2a08225a48a6",
            "messageTitle": "initial commit",
            "messageBody": "",
            "insertions": 15,
            "deletions": 1
          },
          {
            "hash": "98b2cc6958f0f621cdf721ab6aad3ef55517b7b4",
            "messageTitle": "Basic function, greet echo, exit",
            "messageBody": "",
            "tags": [
              "Level-1"
            ],
            "insertions": 1,
            "deletions": 1
          },
          {
            "hash": "0f51d56bdff95f6e7af41aec7b87ac4946739da1",
            "messageTitle": "Level-2: Add and List functions added",
            "messageBody": "",
            "tags": [
              "Level-2"
            ],
            "insertions": 11,
            "deletions": 1
          },
          {
            "hash": "e9735c16d58876336cd99f352792b5c4715cdc94",
            "messageTitle": "Level-3: added Task class and done function.",
            "messageBody": "",
            "tags": [
              "Level-3"
            ],
            "insertions": 44,
            "deletions": 3
          },
          {
            "hash": "377bfd7359df3e051a7c272f57e8bed0f07318f5",
            "messageTitle": "rename event and todo",
            "messageBody": "",
            "insertions": 42,
            "deletions": 0
          },
          {
            "hash": "2500e5e2bfb588e5222167b7959e293be6d149d7",
            "messageTitle": "Added 3 different tasks, have yet to add By and At",
            "messageBody": "",
            "insertions": 54,
            "deletions": 21
          },
          {
            "hash": "ed644e486cc881053d044851a90fa7d965c3df8c",
            "messageTitle": "Level-3, added 3 tasks tracking capabilities",
            "messageBody": "",
            "tags": [
              "Level-4"
            ],
            "insertions": 36,
            "deletions": 21
          },
          {
            "hash": "90e458d02575fbe54d6fb7d9ae28f452b2c01d97",
            "messageTitle": "Handled 2 basic exceptions - Command and Description errors",
            "messageBody": "",
            "tags": [
              "Level-5"
            ],
            "insertions": 34,
            "deletions": 10
          },
          {
            "hash": "53e79f937fd50e0e837f33c5bd2586e862f29974",
            "messageTitle": "Level-6: Added delete functions.",
            "messageBody": "",
            "tags": [
              "Level-6"
            ],
            "insertions": 14,
            "deletions": 2
          }
        ]
      },
      {
        "insertions": 148,
        "deletions": 18,
        "date": "2020-01-24",
        "commitResults": [
          {
            "hash": "7a5892916c87f8232875a20ee06b85cd30d03031",
            "messageTitle": "Level-7 save and load dukelist automatically",
            "messageBody": "",
            "tags": [
              "Level-7"
            ],
            "insertions": 115,
            "deletions": 7
          },
          {
            "hash": "4bf30ecf6b34dc3938cbebeca1770d41a9b27f8f",
            "messageTitle": "Level-8, added date-time capabilities",
            "messageBody": "",
            "tags": [
              "Level-8"
            ],
            "insertions": 33,
            "deletions": 11
          }
        ]
      },
      {
        "insertions": 367,
        "deletions": 170,
        "date": "2020-01-26",
        "commitResults": [
          {
            "hash": "ec6fec190a94e1cfdf86d655d693dae20d7bdca0",
            "messageTitle": "Changed code to make it more OOP - added Parser, TaskList, STorage and UI class",
            "messageBody": "",
            "tags": [
              "A-MoreOOP"
            ],
            "insertions": 243,
            "deletions": 128
          },
          {
            "hash": "8c13149c3f4972c775168d7baff3a3751111f90d",
            "messageTitle": "Added test methods for TaskList and Parser through the use of J Unit",
            "messageBody": "",
            "tags": [
              "A-JUnit"
            ],
            "insertions": 124,
            "deletions": 42
          },
          {
            "hash": "f5893b09fe1691c44edc2a2b300d49eda0211d9c",
            "messageTitle": "Created a JAR File",
            "messageBody": "",
            "tags": [
              "A-Jar"
            ],
            "insertions": 0,
            "deletions": 0
          }
        ]
      },
      {
        "insertions": 290,
        "deletions": 46,
        "date": "2020-01-27",
        "commitResults": [
          {
            "hash": "797f7fa6d29bc3b6def32c838f9c01654859b19a",
            "messageTitle": "Added JavaDocs support",
            "messageBody": "",
            "tags": [
              "A-JavaDoc"
            ],
            "insertions": 230,
            "deletions": 19
          },
          {
            "hash": "9613476d68763a6a6b364fd062e13f0e1bd20d16",
            "messageTitle": "Followed coding guidelines",
            "messageBody": "",
            "tags": [
              "A-CodingStandard"
            ],
            "insertions": 26,
            "deletions": 24
          },
          {
            "hash": "d74c1b0f6a167f4ff3550120dbd54aef4a410774",
            "messageTitle": "Added find function",
            "messageBody": "",
            "tags": [
              "Level-9"
            ],
            "insertions": 34,
            "deletions": 3
          }
        ]
      },
      {
        "insertions": 2,
        "deletions": 6,
        "date": "2020-01-30",
        "commitResults": [
          {
            "hash": "da7096529590f011fb4cf9f7edfecb62e3f3f59a",
            "messageTitle": "Changed Ui class.",
            "messageBody": "",
            "insertions": 1,
            "deletions": 5
          },
          {
            "hash": "aae26c73337ff4f2792ada3b520321e3b6dc89de",
            "messageTitle": "Added gradle support.",
            "messageBody": "",
            "insertions": 1,
            "deletions": 1
          }
        ]
      },
      {
        "insertions": 75,
        "deletions": 54,
        "date": "2020-01-31",
        "commitResults": [
          {
            "hash": "47acd2e18c368a2e9fb1b965adfd7a77181cfce6",
            "messageTitle": "Fixed Gradle support",
            "messageBody": "",
            "tags": [
              "A-Checkstyle"
            ],
            "insertions": 75,
            "deletions": 54
          }
        ]
      },
      {
        "insertions": 435,
        "deletions": 25,
        "date": "2020-02-02",
        "commitResults": [
          {
            "hash": "c987d58a28288ec9ae1ca8d3030ce9e97368f066",
            "messageTitle": "Added JavaFX support",
            "messageBody": "",
            "tags": [
              "Level-10"
            ],
            "insertions": 435,
            "deletions": 25
          }
        ]
      },
      {
        "insertions": 110,
        "deletions": 16,
        "date": "2020-02-06",
        "commitResults": [
          {
            "hash": "5ad9a1d2f66abfd3e8caa746ffda5576cff29658",
            "messageTitle": "Added assertions",
            "messageBody": "",
            "tags": [
              "A-Assertions"
            ],
            "insertions": 24,
            "deletions": 5
          },
          {
            "hash": "bd35757efe5d3f914f2429b7dfef2b79a82197cc",
            "messageTitle": "Fixed code quality by adhering to checkstyles standard",
            "messageBody": "",
            "tags": [
              "A-CodeQuality"
            ],
            "insertions": 5,
            "deletions": 0
          },
          {
            "hash": "5e4b8ab120cb81fb1a97c49737ea7816daa6b52d",
            "messageTitle": "Added B-Snooze function, to postpone tasks that are time sensitive",
            "messageBody": "",
            "tags": [
              "B-Snooze"
            ],
            "insertions": 81,
            "deletions": 11
          }
        ]
      },
      {
        "insertions": 160,
        "deletions": 14,
        "date": "2020-02-10",
        "commitResults": [
          {
            "hash": "9e37aabc10c94ac77f7a47d94319a1b54c619f2a",
            "messageTitle": "Added more exception handling for Event and Deadline.",
            "messageBody": "",
            "insertions": 160,
            "deletions": 14
          }
        ]
      },
      {
        "insertions": 9,
        "deletions": 14,
        "date": "2020-02-11",
        "commitResults": [
          {
            "hash": "5206e0b3cd702466124ef1f3347711f0f4cff193",
            "messageTitle": "Added exception handling for delete and get tasks.",
            "messageBody": "",
            "insertions": 9,
            "deletions": 14
          }
        ]
      }
    ]
  },
  "authorFinalContributionMap": {
    "hanchingyong": 1434
  },
  "authorFileTypeContributionMap": {
    "hanchingyong": {
      "java": 1238,
      "md": 124,
      "fxml": 35,
      "sh": 0,
      "bat": 0,
      "gradle": 36,
      "txt": 1
    }
  },
  "authorContributionVariance": {
    "hanchingyong": 20958.818
  },
  "authorDisplayNameMap": {
    "hanchingyong": "CS2103-W15- 3 YONG..HING"
  }
}
