{
  "authorDailyContributionsMap": {
    "Cherweijie": [
      {
        "insertions": 269,
        "deletions": 79,
        "date": "2020-01-22",
        "commitResults": [
          {
            "hash": "69fb4cc20b0d92be098ee7b9de951aa69b134f52",
            "messageTitle": "Level-1",
            "messageBody": "",
            "tags": [
              "level-1"
            ],
            "insertions": 74,
            "deletions": 2
          },
          {
            "hash": "75c784946eb31ccd59f70dc12fe8fff3a42be3dd",
            "messageTitle": "level-2",
            "messageBody": "",
            "tags": [
              "level-2"
            ],
            "insertions": 24,
            "deletions": 4
          },
          {
            "hash": "d83f5904e88978e0e4fb7aeeb4dbb46df9565a69",
            "messageTitle": "level-3",
            "messageBody": "",
            "tags": [
              "level-3"
            ],
            "insertions": 19,
            "deletions": 8
          },
          {
            "hash": "0c7761665c6fd333d3c0f0a77238e48f3744b4c0",
            "messageTitle": "level-4",
            "messageBody": "",
            "insertions": 12,
            "deletions": 0
          },
          {
            "hash": "50bfaddd44b484d64d84569819805759e5ec438a",
            "messageTitle": "level-4",
            "messageBody": "",
            "tags": [
              "level-4"
            ],
            "insertions": 59,
            "deletions": 13
          },
          {
            "hash": "8f97a2d221241b53d3cdf4b459af9e7f943afcb9",
            "messageTitle": "level-5",
            "messageBody": "",
            "tags": [
              "level-5"
            ],
            "insertions": 72,
            "deletions": 50
          },
          {
            "hash": "b228fa7e42b6e6fe0f1b1a84c68b83bad0ed9f8e",
            "messageTitle": "level-6",
            "messageBody": "",
            "insertions": 9,
            "deletions": 2
          }
        ]
      },
      {
        "insertions": 116,
        "deletions": 5,
        "date": "2020-01-28",
        "commitResults": [
          {
            "hash": "c0c668ec7be6fbaf7207793b19e0d5d9fc19ec77",
            "messageTitle": "level-7: Storage file created but load() method is not functional",
            "messageBody": "",
            "insertions": 116,
            "deletions": 5
          }
        ]
      },
      {
        "insertions": 107,
        "deletions": 84,
        "date": "2020-01-29",
        "commitResults": [
          {
            "hash": "deff8dcc5b3e0da44391fdc02c5e9cf3187e5baf",
            "messageTitle": "Level 7: Made adjustments to whitespaces for loading and saving",
            "messageBody": "",
            "insertions": 48,
            "deletions": 61
          },
          {
            "hash": "6a0579823ff1afb7ec50cf2e0c4ab9104386dfdb",
            "messageTitle": "Level-8 inclusive of LocalDate objects",
            "messageBody": "",
            "insertions": 30,
            "deletions": 12
          },
          {
            "hash": "4120cef7903aa5c0ca4c785ac0c25f8eadddf455",
            "messageTitle": "level-7 fixed save() method",
            "messageBody": "",
            "insertions": 2,
            "deletions": 1
          },
          {
            "hash": "3418899dd3f818e7d6d0b9c98c82b8b4d31067a7",
            "messageTitle": "empty duke.txt file",
            "messageBody": "",
            "insertions": 0,
            "deletions": 2
          },
          {
            "hash": "3c6440e82774ed52ad63ff75f4f0b04fcf933b17",
            "messageTitle": "Fix differences between level-7 \u0026 8 after merging to use LocalDate",
            "messageBody": "",
            "insertions": 23,
            "deletions": 7
          },
          {
            "hash": "b57cfe83199fec1e2671c2716ea1a3d63f02bbdb",
            "messageTitle": "Included formatting output for level-8",
            "messageBody": "",
            "insertions": 4,
            "deletions": 1
          }
        ]
      },
      {
        "insertions": 358,
        "deletions": 215,
        "date": "2020-01-30",
        "commitResults": [
          {
            "hash": "c9cf3c15eec5141429b6c1321c1d91083d85a0d7",
            "messageTitle": "Refactoring in progress",
            "messageBody": "",
            "insertions": 243,
            "deletions": 13
          },
          {
            "hash": "5a9860bcdcb60d16d9bd6c89e05c7b9aded3abca",
            "messageTitle": "Refactoring completed.",
            "messageBody": "",
            "insertions": 110,
            "deletions": 200
          },
          {
            "hash": "4a139eacb50ef27388934e4be3a060e384c930ac",
            "messageTitle": "Updated to fix bugs in Event class",
            "messageBody": "",
            "insertions": 5,
            "deletions": 2
          }
        ]
      },
      {
        "insertions": 509,
        "deletions": 111,
        "date": "2020-01-31",
        "commitResults": [
          {
            "hash": "fa8cfdbca8d2bca322c01a675c4cba529ad11838",
            "messageTitle": "JUnit testing done for Command, Event and Task classes",
            "messageBody": "",
            "tags": [
              "A-Jar",
              "A-JUnit"
            ],
            "insertions": 40,
            "deletions": 4
          },
          {
            "hash": "36e9c3f724e8c1953e9e7e0b13679fa99733f665",
            "messageTitle": "JavaDoc documentation in progress",
            "messageBody": "",
            "insertions": 36,
            "deletions": 4
          },
          {
            "hash": "858e40d98e6abddd803f3544f949fc63a0822cec",
            "messageTitle": "Updated to include Ui for printing output in different commands",
            "messageBody": "",
            "tags": [
              "A-MoreOOP"
            ],
            "insertions": 18,
            "deletions": 6
          },
          {
            "hash": "7356e9ba040a9481bc176d62940a039e43853ad1",
            "messageTitle": "JavaDoc documentation done",
            "messageBody": "",
            "tags": [
              "A-JavaDoc"
            ],
            "insertions": 277,
            "deletions": 62
          },
          {
            "hash": "649573d74c200479917ba0bf66aa9d88a62f11cf",
            "messageTitle": "Coding Standards checked",
            "messageBody": "",
            "tags": [
              "A-CodingStandard"
            ],
            "insertions": 83,
            "deletions": 34
          },
          {
            "hash": "f480c8ffb3ab53fef9e36f55432c65e642cb4071",
            "messageTitle": "Find function added",
            "messageBody": "",
            "tags": [
              "Level-9"
            ],
            "insertions": 48,
            "deletions": 1
          },
          {
            "hash": "950ab4043e349077122de18f70139bf11913eb71",
            "messageTitle": "JavaFX in progress",
            "messageBody": "",
            "tags": [
              "A-Gradle"
            ],
            "insertions": 7,
            "deletions": 0
          }
        ]
      },
      {
        "insertions": 400,
        "deletions": 165,
        "date": "2020-02-03",
        "commitResults": [
          {
            "hash": "f0d7ac278b5022e8d562bb6638c044ab9a356b35",
            "messageTitle": "Re-factoring output for GUI in progress",
            "messageBody": "",
            "insertions": 361,
            "deletions": 7
          },
          {
            "hash": "0ce1830c00f28fb99250c4ff6ee0aa7a55954239",
            "messageTitle": "Re-factoring still in progress for GUI",
            "messageBody": "",
            "insertions": 9,
            "deletions": 84
          },
          {
            "hash": "e732a4ca6f2d46f0e0a8e4ebde6b631d65421f5e",
            "messageTitle": "Re-factoring for GUI completed",
            "messageBody": "",
            "tags": [
              "Level-10"
            ],
            "insertions": 30,
            "deletions": 74
          }
        ]
      },
      {
        "insertions": 93,
        "deletions": 28,
        "date": "2020-02-04",
        "commitResults": [
          {
            "hash": "330fe8bf348d9eec89a4381041e12f0d10d38a0c",
            "messageTitle": "Added automatic exit of Duke application",
            "messageBody": "",
            "insertions": 26,
            "deletions": 1
          },
          {
            "hash": "bbc7d8aead2605b324a9046cea31843ef9fd4205",
            "messageTitle": "Automatic exit of Duke application in master",
            "messageBody": "",
            "insertions": 67,
            "deletions": 27
          }
        ]
      },
      {
        "insertions": 215,
        "deletions": 184,
        "date": "2020-02-11",
        "commitResults": [
          {
            "hash": "d6b86ccc0a5bc78e898006cafc847f281705b106",
            "messageTitle": "master version before PRs",
            "messageBody": "",
            "insertions": 10,
            "deletions": 60
          },
          {
            "hash": "28db1f6edee95a45aca80097fe7b0dc9eaafce99",
            "messageTitle": "Implemented assertions and removed unused methods",
            "messageBody": "",
            "tags": [
              "A-Assertions"
            ],
            "insertions": 138,
            "deletions": 106
          },
          {
            "hash": "4d96f84a59739961d75d2bc566902d17179b1224",
            "messageTitle": "Implemented mass delete function",
            "messageBody": "",
            "insertions": 67,
            "deletions": 18
          }
        ]
      },
      {
        "insertions": 122,
        "deletions": 75,
        "date": "2020-02-17",
        "commitResults": [
          {
            "hash": "92c64ab0d36f9989524faf04bda20b3e8b892502",
            "messageTitle": "Included new images for Tom and user as well as app screenshot",
            "messageBody": "",
            "insertions": 79,
            "deletions": 58
          },
          {
            "hash": "29836980aef479795a42e7ceb7967096f0fe12d9",
            "messageTitle": "Edited welcome message",
            "messageBody": "",
            "insertions": 1,
            "deletions": 1
          },
          {
            "hash": "4ed9319b59b5839ba85258f1c02deddc1ff675b8",
            "messageTitle": "Fixed minor bugs in mass deletion tasks",
            "messageBody": "",
            "tags": [
              "C-MassOps"
            ],
            "insertions": 40,
            "deletions": 15
          },
          {
            "hash": "4c58c98da3f85224d2f3120ed35f7a7d0561a180",
            "messageTitle": "User Guide documentation in progress",
            "messageBody": "",
            "insertions": 2,
            "deletions": 1
          }
        ]
      },
      {
        "insertions": 200,
        "deletions": 43,
        "date": "2020-02-18",
        "commitResults": [
          {
            "hash": "489b5265dd2d67d013fd3d0aef53b66e3448f3cd",
            "messageTitle": "User Guide draft completed",
            "messageBody": "",
            "insertions": 163,
            "deletions": 8
          },
          {
            "hash": "e2af3154966f8173140e69033eb283953b221dac",
            "messageTitle": "User Guide draft 2 completed",
            "messageBody": "",
            "insertions": 16,
            "deletions": 18
          },
          {
            "hash": "f4be0eee921c97e21da716e38b4e2fe346859ee3",
            "messageTitle": "Fix minor naming issue for ToDo image",
            "messageBody": "",
            "tags": [
              "A-UserGuide"
            ],
            "insertions": 1,
            "deletions": 1
          },
          {
            "hash": "2a6fc594a45edc015f5cca1b445730131f39f547",
            "messageTitle": "Fix absolute path to relative path",
            "messageBody": "",
            "insertions": 20,
            "deletions": 16
          }
        ]
      }
    ]
  },
  "authorFinalContributionMap": {
    "Cherweijie": 1433
  },
  "authorFileTypeContributionMap": {
    "Cherweijie": {
      "java": 1170,
      "md": 180,
      "fxml": 41,
      "sh": 0,
      "bat": 0,
      "gradle": 41,
      "txt": 1
    }
  },
  "authorContributionVariance": {
    "Cherweijie": 31553.459
  },
  "authorDisplayNameMap": {
    "Cherweijie": "CS2103T-W12- 1 CHER.. JIE"
  }
}
