{
  "authorDailyContributionsMap": {
    "Yujian-Fu": [
      {
        "insertions": 34,
        "deletions": 0,
        "date": "2020-02-11",
        "commitResults": [
          {
            "hash": "3bccf3d73bf46a7bd9b5fba0edd6d5cf0ef99160",
            "messageTitle": "add the text-ui-test",
            "messageBody": "",
            "fileTypesAndContributionMap": {
              "sh": {
                "insertions": 34,
                "deletions": 0
              }
            }
          }
        ]
      },
      {
        "insertions": 389,
        "deletions": 122,
        "date": "2020-02-19",
        "commitResults": [
          {
            "hash": "6744c11ac75dc554d8a36e77866cf42ada6d3f76",
            "messageTitle": "add UI",
            "messageBody": "",
            "fileTypesAndContributionMap": {
              "gradle": {
                "insertions": 21,
                "deletions": 4
              },
              "java": {
                "insertions": 151,
                "deletions": 1
              }
            }
          },
          {
            "hash": "509a1c06c11ca97c2f91633941549b8aaf679123",
            "messageTitle": "add new jar file",
            "messageBody": "",
            "fileTypesAndContributionMap": {
              "gradle": {
                "insertions": 9,
                "deletions": 1
              }
            }
          },
          {
            "hash": "00466cf2ebe98451ab693d02d6ba684650a12268",
            "messageTitle": "add checkstyle",
            "messageBody": "",
            "fileTypesAndContributionMap": {
              "gradle": {
                "insertions": 4,
                "deletions": 0
              },
              "java": {
                "insertions": 5,
                "deletions": 2
              }
            }
          },
          {
            "hash": "2b7f72df004aa21bbb1bf630d94edb84c88736a9",
            "messageTitle": "add ui",
            "messageBody": "",
            "fileTypesAndContributionMap": {
              "java": {
                "insertions": 4,
                "deletions": 7
              }
            }
          },
          {
            "hash": "cd10fa46071b385fb68b4fa230021df835a82167",
            "messageTitle": "add task_manager",
            "messageBody": "",
            "fileTypesAndContributionMap": {
              "java": {
                "insertions": 195,
                "deletions": 107
              }
            }
          }
        ]
      },
      {
        "insertions": 441,
        "deletions": 88,
        "date": "2020-03-01",
        "commitResults": [
          {
            "hash": "6eea76364b58fadb0b6975fab2c18149329d8faa",
            "messageTitle": "the final version",
            "messageBody": "",
            "fileTypesAndContributionMap": {
              "txt": {
                "insertions": 1,
                "deletions": 0
              },
              "java": {
                "insertions": 308,
                "deletions": 44
              }
            }
          },
          {
            "hash": "5a34f796d7d91654e73456769d53231462448cee",
            "messageTitle": "final version",
            "messageBody": "",
            "tags": [
              "v0.2"
            ],
            "fileTypesAndContributionMap": {
              "gradle": {
                "insertions": 1,
                "deletions": 1
              },
              "txt": {
                "insertions": 0,
                "deletions": 1
              },
              "java": {
                "insertions": 0,
                "deletions": 29
              }
            }
          },
          {
            "hash": "5fa7e3153fe3fb799769ca6b3b18fc2f23c194b8",
            "messageTitle": "final version of IP",
            "messageBody": "",
            "fileTypesAndContributionMap": {
              "gradle": {
                "insertions": 2,
                "deletions": 1
              },
              "java": {
                "insertions": 4,
                "deletions": 2
              },
              "md": {
                "insertions": 125,
                "deletions": 10
              }
            }
          }
        ]
      }
    ]
  },
  "authorFinalContributionMap": {
    "Yujian-Fu": 677
  },
  "authorFileTypeContributionMap": {
    "Yujian-Fu": {
      "java": 485,
      "md": 123,
      "fxml": 0,
      "sh": 34,
      "bat": 0,
      "gradle": 35,
      "txt": 0
    }
  },
  "authorContributionVariance": {
    "Yujian-Fu": 10583.22
  },
  "authorDisplayNameMap": {
    "Yujian-Fu": "CS2103-W15- 1 FU Y..JIAN"
  }
}
