{
  "authorDailyContributionsMap": {
    "aegis-bot": [
      {
        "insertions": 362,
        "deletions": 125,
        "date": "2020-01-23",
        "commitResults": [
          {
            "hash": "f173bac5a2d50c9021b73c3c82ec07d4fda42c95",
            "messageTitle": "Add inputloop function.",
            "messageBody": "",
            "insertions": 22,
            "deletions": 1
          },
          {
            "hash": "89473f0640b0d0f04b04585852897caa85e34eb0",
            "messageTitle": "Added Enum Command.",
            "messageBody": "",
            "insertions": 53,
            "deletions": 6
          },
          {
            "hash": "48a5093e474b2f56d3924af1fa0f8f3a46de8b05",
            "messageTitle": "Task \u0026 Tasklist class created. Input functions and enum removed from duke to new classes.",
            "messageBody": "",
            "insertions": 100,
            "deletions": 62
          },
          {
            "hash": "0ad2338873e4e2ac62b8a5225ae646b2677b4688",
            "messageTitle": "Create child of Task. Boolean completed converted into a class. Added more functions to tasklist.",
            "messageBody": "",
            "insertions": 128,
            "deletions": 22
          },
          {
            "hash": "1cb577b3de03d524854257511511cd6db34d1cac",
            "messageTitle": "modified complete task. remove arrays for arraylist. exception handling in inputloop",
            "messageBody": "",
            "insertions": 47,
            "deletions": 33
          },
          {
            "hash": "5a6afa25df2dde1f71d16c8b9cae76c89417f65f",
            "messageTitle": "added delete method \u0026 enum",
            "messageBody": "",
            "insertions": 12,
            "deletions": 1
          }
        ]
      },
      {
        "insertions": 163,
        "deletions": 6,
        "date": "2020-01-27",
        "commitResults": [
          {
            "hash": "de787bb0b7da9cc74c77698132bc87176f75cc37",
            "messageTitle": "added auto-save function and resumeSave() method",
            "messageBody": "",
            "insertions": 163,
            "deletions": 6
          }
        ]
      },
      {
        "insertions": 25,
        "deletions": 3,
        "date": "2020-01-28",
        "commitResults": [
          {
            "hash": "5775d5458d6cad4da6454d73ebd2f6753cc61c11",
            "messageTitle": "Modified Deadline class to handle LocalDate",
            "messageBody": "",
            "insertions": 25,
            "deletions": 3
          }
        ]
      },
      {
        "insertions": 146,
        "deletions": 40,
        "date": "2020-01-29",
        "commitResults": [
          {
            "hash": "5f433ca1d4732c27dc1bede8868efc6c46d3dcac",
            "messageTitle": "incomplete 0.0.1. Added Ui, Parser, Command, Storage",
            "messageBody": "",
            "insertions": 0,
            "deletions": 0
          },
          {
            "hash": "74a9037a197c70b860c9a1756311306302a3d25d",
            "messageTitle": "incomplete 0.0.1. Added Ui, Parser, Command, Storage",
            "messageBody": "",
            "insertions": 21,
            "deletions": 17
          },
          {
            "hash": "fa9597a8348e59a673f82c3b0b7d7d4585f360d5",
            "messageTitle": "incomplete 0.0.1. Added Ui, Parser, Command, Storage",
            "messageBody": "",
            "insertions": 125,
            "deletions": 23
          }
        ]
      },
      {
        "insertions": 232,
        "deletions": 271,
        "date": "2020-01-31",
        "commitResults": [
          {
            "hash": "de9adf4cd757d606400ca509e14df4890dcdb050",
            "messageTitle": "added ui, parser, storage. code cleaned",
            "messageBody": "",
            "insertions": 232,
            "deletions": 271
          }
        ]
      },
      {
        "insertions": 747,
        "deletions": 560,
        "date": "2020-02-01",
        "commitResults": [
          {
            "hash": "85821512ee852b0910c06b4f92e1fed5562a04b3",
            "messageTitle": "cleared obsolete codes and added gradle",
            "messageBody": "",
            "insertions": 4,
            "deletions": 35
          },
          {
            "hash": "2d4a788790f750eb47f73cbcdf23be30b7b4db1c",
            "messageTitle": "add plugins checkstyle",
            "messageBody": "",
            "insertions": 6,
            "deletions": 2
          },
          {
            "hash": "b2b628de19d9267249709f9a97f84ecbd702286b",
            "messageTitle": "Packaged java files \u0026 transferred to seedu/java/util folder. Created Main.java in place",
            "messageBody": "",
            "insertions": 472,
            "deletions": 0
          },
          {
            "hash": "2c2e6f435a7e08afea79f1f4484a5973908d5ec9",
            "messageTitle": "created test copy of main. Deleted all files in main except data, seedu \u0026 main.java",
            "messageBody": "",
            "insertions": 47,
            "deletions": 22
          },
          {
            "hash": "df905ecb074318514288bb1e5e708707cc593b43",
            "messageTitle": "added runtest.sh",
            "messageBody": "",
            "insertions": 46,
            "deletions": 11
          },
          {
            "hash": "1dd9bd959e89c1db6ef998ac7537531074451b8d",
            "messageTitle": "Removed Redundant testers, added testConvertTiming() to DeadlineTest \u0026 testReadCommand() to ParserTest",
            "messageBody": "",
            "insertions": 24,
            "deletions": 464
          },
          {
            "hash": "945f79e2d00bc7cd852db4eee079216c0ddca1d7",
            "messageTitle": "added shadow plugin in jar",
            "messageBody": "",
            "insertions": 11,
            "deletions": 2
          },
          {
            "hash": "07f8932a3c00d75dc1e95bd4966fea7edbf0a051",
            "messageTitle": "nothing much",
            "messageBody": "",
            "insertions": 1,
            "deletions": 2
          },
          {
            "hash": "947dfb0d389cf6e65ed4862e9071d8d23a353756",
            "messageTitle": "Added JavaDocs to most public classes/methods \u0026 added manual on UI.java",
            "messageBody": "",
            "insertions": 136,
            "deletions": 22
          }
        ]
      },
      {
        "insertions": 258,
        "deletions": 161,
        "date": "2020-02-02",
        "commitResults": [
          {
            "hash": "0cc66307eeb3f147e1da09affaa584207fff12fb",
            "messageTitle": "Tweak to follow coding standard",
            "messageBody": "",
            "insertions": 225,
            "deletions": 153
          },
          {
            "hash": "34982daae5ae1db855e9c8e8f2e26bc0e59b7c11",
            "messageTitle": "added find() function \u0026 enumeration in TaskList \u0026 Command respectively",
            "messageBody": "",
            "insertions": 33,
            "deletions": 8
          }
        ]
      },
      {
        "insertions": 4,
        "deletions": 3,
        "date": "2020-02-03",
        "commitResults": [
          {
            "hash": "18c17ddad95fff716f56a2e0ec0f85907c8d4440",
            "messageTitle": "minor edits to instructions",
            "messageBody": "",
            "insertions": 4,
            "deletions": 3
          }
        ]
      }
    ]
  },
  "authorFinalContributionMap": {
    "aegis-bot": 715
  },
  "authorFileTypeContributionMap": {
    "aegis-bot": {
      "gradle": 20,
      "txt": 2,
      "java": 8,
      "txt": 4,
      "java": 32,
      "java": 18,
      "java": 50,
      "java": 50,
      "java": 24,
      "java": 74,
      "java": 114,
      "java": 47,
      "java": 134,
      "java": 16,
      "java": 58,
      "txt": 3,
      "txt": 3,
      "java": 12,
      "java": 11,
      "sh": 35
    }
  },
  "authorContributionVariance": {
    "aegis-bot": 68605.7
  },
  "authorDisplayNameMap": {
    "aegis-bot": "CS2103T-W16- 3 TIN .. WEN"
  }
}
