[
  {
    "path": "build.gradle",
    "fileType": "gradle",
    "lines": [
      {
        "lineNumber": 1,
        "author": {
          "gitId": "-"
        },
        "content": "plugins {"
      },
      {
        "lineNumber": 2,
        "author": {
          "gitId": "-"
        },
        "content": "    id \u0027java\u0027"
      },
      {
        "lineNumber": 3,
        "author": {
          "gitId": "-"
        },
        "content": "    id \u0027application\u0027"
      },
      {
        "lineNumber": 4,
        "author": {
          "gitId": "YuuTon9"
        },
        "content": "    id \u0027com.github.johnrengelman.shadow\u0027 version \u00275.1.0\u0027"
      },
      {
        "lineNumber": 5,
        "author": {
          "gitId": "-"
        },
        "content": "}"
      },
      {
        "lineNumber": 6,
        "author": {
          "gitId": "-"
        },
        "content": ""
      },
      {
        "lineNumber": 7,
        "author": {
          "gitId": "-"
        },
        "content": "group \u0027seedu.duke\u0027"
      },
      {
        "lineNumber": 8,
        "author": {
          "gitId": "-"
        },
        "content": "version \u00270.1.0\u0027"
      },
      {
        "lineNumber": 9,
        "author": {
          "gitId": "-"
        },
        "content": ""
      },
      {
        "lineNumber": 10,
        "author": {
          "gitId": "-"
        },
        "content": "repositories {"
      },
      {
        "lineNumber": 11,
        "author": {
          "gitId": "-"
        },
        "content": "    mavenCentral()"
      },
      {
        "lineNumber": 12,
        "author": {
          "gitId": "-"
        },
        "content": "}"
      },
      {
        "lineNumber": 13,
        "author": {
          "gitId": "-"
        },
        "content": ""
      },
      {
        "lineNumber": 14,
        "author": {
          "gitId": "-"
        },
        "content": "application {"
      },
      {
        "lineNumber": 15,
        "author": {
          "gitId": "-"
        },
        "content": "    // Change this to your main class."
      },
      {
        "lineNumber": 16,
        "author": {
          "gitId": "YuuTon9"
        },
        "content": "    mainClassName \u003d \"Duke\""
      },
      {
        "lineNumber": 17,
        "author": {
          "gitId": "-"
        },
        "content": "}"
      },
      {
        "lineNumber": 18,
        "author": {
          "gitId": "-"
        },
        "content": ""
      },
      {
        "lineNumber": 19,
        "author": {
          "gitId": "-"
        },
        "content": "run {"
      },
      {
        "lineNumber": 20,
        "author": {
          "gitId": "-"
        },
        "content": "    standardInput \u003d System.in"
      },
      {
        "lineNumber": 21,
        "author": {
          "gitId": "-"
        },
        "content": "}"
      },
      {
        "lineNumber": 22,
        "author": {
          "gitId": "YuuTon9"
        },
        "content": ""
      },
      {
        "lineNumber": 23,
        "author": {
          "gitId": "YuuTon9"
        },
        "content": "shadowJar {"
      },
      {
        "lineNumber": 24,
        "author": {
          "gitId": "YuuTon9"
        },
        "content": "    archiveBaseName \u003d \"duke\""
      },
      {
        "lineNumber": 25,
        "author": {
          "gitId": "YuuTon9"
        },
        "content": "    archiveVersion \u003d \"0.1.3\""
      },
      {
        "lineNumber": 26,
        "author": {
          "gitId": "YuuTon9"
        },
        "content": "    archiveClassifier \u003d null"
      },
      {
        "lineNumber": 27,
        "author": {
          "gitId": "YuuTon9"
        },
        "content": "    archiveAppendix \u003d null"
      },
      {
        "lineNumber": 28,
        "author": {
          "gitId": "YuuTon9"
        },
        "content": "}"
      },
      {
        "lineNumber": 29,
        "author": {
          "gitId": "YuuTon9"
        },
        "content": ""
      },
      {
        "lineNumber": 30,
        "author": {
          "gitId": "YuuTon9"
        },
        "content": "dependencies {"
      },
      {
        "lineNumber": 31,
        "author": {
          "gitId": "YuuTon9"
        },
        "content": "    testImplementation \u0027org.junit.jupiter:junit-jupiter:5.5.0\u0027"
      },
      {
        "lineNumber": 32,
        "author": {
          "gitId": "YuuTon9"
        },
        "content": "}"
      },
      {
        "lineNumber": 33,
        "author": {
          "gitId": "YuuTon9"
        },
        "content": ""
      },
      {
        "lineNumber": 34,
        "author": {
          "gitId": "YuuTon9"
        },
        "content": "test {"
      },
      {
        "lineNumber": 35,
        "author": {
          "gitId": "YuuTon9"
        },
        "content": "    useJUnitPlatform()"
      },
      {
        "lineNumber": 36,
        "author": {
          "gitId": "-"
        },
        "content": "}"
      }
    ],
    "authorContributionMap": {
      "-": 20,
      "YuuTon9": 16
    }
  },
  {
    "path": "src/main/java/duke/AddCommand.java",
    "fileType": "java",
    "lines": [
      {
        "lineNumber": 1,
        "author": {
          "gitId": "YuuTon9"
        },
        "content": "package duke;"
      },
      {
        "lineNumber": 2,
        "author": {
          "gitId": "YuuTon9"
        },
        "content": ""
      },
      {
        "lineNumber": 3,
        "author": {
          "gitId": "YuuTon9"
        },
        "content": "import java.time.LocalDate;"
      },
      {
        "lineNumber": 4,
        "author": {
          "gitId": "YuuTon9"
        },
        "content": ""
      },
      {
        "lineNumber": 5,
        "author": {
          "gitId": "YuuTon9"
        },
        "content": ""
      },
      {
        "lineNumber": 6,
        "author": {
          "gitId": "YuuTon9"
        },
        "content": "public class AddCommand extends Command {"
      },
      {
        "lineNumber": 7,
        "author": {
          "gitId": "YuuTon9"
        },
        "content": ""
      },
      {
        "lineNumber": 8,
        "author": {
          "gitId": "YuuTon9"
        },
        "content": "    AddCommand(String str) {"
      },
      {
        "lineNumber": 9,
        "author": {
          "gitId": "YuuTon9"
        },
        "content": "        super(str);"
      },
      {
        "lineNumber": 10,
        "author": {
          "gitId": "YuuTon9"
        },
        "content": "    }"
      },
      {
        "lineNumber": 11,
        "author": {
          "gitId": "YuuTon9"
        },
        "content": ""
      },
      {
        "lineNumber": 12,
        "author": {
          "gitId": "YuuTon9"
        },
        "content": "    @Override"
      },
      {
        "lineNumber": 13,
        "author": {
          "gitId": "YuuTon9"
        },
        "content": "    String execute(TaskList lst,Storage storage,Ui ui,int tasks) throws DukeException {"
      },
      {
        "lineNumber": 14,
        "author": {
          "gitId": "YuuTon9"
        },
        "content": "        tasks++;"
      },
      {
        "lineNumber": 15,
        "author": {
          "gitId": "YuuTon9"
        },
        "content": "        String[] command \u003d str.split(\" \");"
      },
      {
        "lineNumber": 16,
        "author": {
          "gitId": "YuuTon9"
        },
        "content": "        switch (command[0]) {"
      },
      {
        "lineNumber": 17,
        "author": {
          "gitId": "YuuTon9"
        },
        "content": "            case \"todo\":"
      },
      {
        "lineNumber": 18,
        "author": {
          "gitId": "YuuTon9"
        },
        "content": "                String name \u003d \"\";"
      },
      {
        "lineNumber": 19,
        "author": {
          "gitId": "YuuTon9"
        },
        "content": "                for (int i \u003d 1; i \u003c command.length; i++) {"
      },
      {
        "lineNumber": 20,
        "author": {
          "gitId": "YuuTon9"
        },
        "content": "                    name +\u003d (command[i] + \" \");"
      },
      {
        "lineNumber": 21,
        "author": {
          "gitId": "YuuTon9"
        },
        "content": "                }"
      },
      {
        "lineNumber": 22,
        "author": {
          "gitId": "YuuTon9"
        },
        "content": "                Todo todo \u003d new Todo(name);"
      },
      {
        "lineNumber": 23,
        "author": {
          "gitId": "YuuTon9"
        },
        "content": "                lst.addTask(todo);"
      },
      {
        "lineNumber": 24,
        "author": {
          "gitId": "YuuTon9"
        },
        "content": "                return ui.taskAdd(todo, tasks);"
      },
      {
        "lineNumber": 25,
        "author": {
          "gitId": "YuuTon9"
        },
        "content": ""
      },
      {
        "lineNumber": 26,
        "author": {
          "gitId": "YuuTon9"
        },
        "content": "            case \"deadline\":"
      },
      {
        "lineNumber": 27,
        "author": {
          "gitId": "YuuTon9"
        },
        "content": "                String[] commandD \u003d setData(str);"
      },
      {
        "lineNumber": 28,
        "author": {
          "gitId": "YuuTon9"
        },
        "content": "                LocalDate dateD \u003d setDate(commandD[1]);"
      },
      {
        "lineNumber": 29,
        "author": {
          "gitId": "YuuTon9"
        },
        "content": "                Deadline deadline \u003d new Deadline(commandD[0], dateD);"
      },
      {
        "lineNumber": 30,
        "author": {
          "gitId": "YuuTon9"
        },
        "content": "                deadline.setTime(commandD[2]);"
      },
      {
        "lineNumber": 31,
        "author": {
          "gitId": "YuuTon9"
        },
        "content": "                lst.addTask(deadline);"
      },
      {
        "lineNumber": 32,
        "author": {
          "gitId": "YuuTon9"
        },
        "content": "                return ui.taskAdd(deadline, tasks);"
      },
      {
        "lineNumber": 33,
        "author": {
          "gitId": "YuuTon9"
        },
        "content": ""
      },
      {
        "lineNumber": 34,
        "author": {
          "gitId": "YuuTon9"
        },
        "content": "            case \"event\":"
      },
      {
        "lineNumber": 35,
        "author": {
          "gitId": "YuuTon9"
        },
        "content": "                String[] commandE \u003d setData(str);"
      },
      {
        "lineNumber": 36,
        "author": {
          "gitId": "YuuTon9"
        },
        "content": "                LocalDate dateE \u003d setDate(commandE[1]);"
      },
      {
        "lineNumber": 37,
        "author": {
          "gitId": "YuuTon9"
        },
        "content": "                Event event \u003d new Event(commandE[0], dateE);"
      },
      {
        "lineNumber": 38,
        "author": {
          "gitId": "YuuTon9"
        },
        "content": "                event.setTime(commandE[2]);"
      },
      {
        "lineNumber": 39,
        "author": {
          "gitId": "YuuTon9"
        },
        "content": "                lst.addTask(event);"
      },
      {
        "lineNumber": 40,
        "author": {
          "gitId": "YuuTon9"
        },
        "content": "                return ui.taskAdd(event, tasks);"
      },
      {
        "lineNumber": 41,
        "author": {
          "gitId": "YuuTon9"
        },
        "content": ""
      },
      {
        "lineNumber": 42,
        "author": {
          "gitId": "YuuTon9"
        },
        "content": "            default:"
      },
      {
        "lineNumber": 43,
        "author": {
          "gitId": "YuuTon9"
        },
        "content": "                return ui.errormsg();"
      },
      {
        "lineNumber": 44,
        "author": {
          "gitId": "YuuTon9"
        },
        "content": "        }"
      },
      {
        "lineNumber": 45,
        "author": {
          "gitId": "YuuTon9"
        },
        "content": "    }"
      },
      {
        "lineNumber": 46,
        "author": {
          "gitId": "YuuTon9"
        },
        "content": ""
      },
      {
        "lineNumber": 47,
        "author": {
          "gitId": "YuuTon9"
        },
        "content": "    String[] setData(String command) { //name and date and time"
      },
      {
        "lineNumber": 48,
        "author": {
          "gitId": "YuuTon9"
        },
        "content": "        int slashtask \u003d command.indexOf(\"/\");"
      },
      {
        "lineNumber": 49,
        "author": {
          "gitId": "YuuTon9"
        },
        "content": "        String[] datetime \u003d command.substring(slashtask + 4,command.length()).split(\" \"); //string containing date and time on"
      },
      {
        "lineNumber": 50,
        "author": {
          "gitId": "YuuTon9"
        },
        "content": "        String ddate \u003d datetime[0];"
      },
      {
        "lineNumber": 51,
        "author": {
          "gitId": "YuuTon9"
        },
        "content": "        String time \u003d datetime[1];"
      },
      {
        "lineNumber": 52,
        "author": {
          "gitId": "YuuTon9"
        },
        "content": "        int slashdate \u003d ddate.indexOf(\"/\");"
      },
      {
        "lineNumber": 53,
        "author": {
          "gitId": "YuuTon9"
        },
        "content": "        String name \u003d command.substring(0,slashdate).split(\" \")[1];"
      },
      {
        "lineNumber": 54,
        "author": {
          "gitId": "YuuTon9"
        },
        "content": "        String[] result \u003d new String[3];"
      },
      {
        "lineNumber": 55,
        "author": {
          "gitId": "YuuTon9"
        },
        "content": "        result[0] \u003d name;"
      },
      {
        "lineNumber": 56,
        "author": {
          "gitId": "YuuTon9"
        },
        "content": "        result[1] \u003d ddate;"
      },
      {
        "lineNumber": 57,
        "author": {
          "gitId": "YuuTon9"
        },
        "content": "        result[2] \u003d time;"
      },
      {
        "lineNumber": 58,
        "author": {
          "gitId": "YuuTon9"
        },
        "content": "        return result;"
      },
      {
        "lineNumber": 59,
        "author": {
          "gitId": "YuuTon9"
        },
        "content": "    }"
      },
      {
        "lineNumber": 60,
        "author": {
          "gitId": "YuuTon9"
        },
        "content": ""
      },
      {
        "lineNumber": 61,
        "author": {
          "gitId": "YuuTon9"
        },
        "content": "    LocalDate setDate(String date1) {"
      },
      {
        "lineNumber": 62,
        "author": {
          "gitId": "YuuTon9"
        },
        "content": "        System.out.println(date1);"
      },
      {
        "lineNumber": 63,
        "author": {
          "gitId": "YuuTon9"
        },
        "content": "        String[] date \u003d date1.split(\"/\");"
      },
      {
        "lineNumber": 64,
        "author": {
          "gitId": "YuuTon9"
        },
        "content": "        int year \u003d Integer.parseInt(date[2]);"
      },
      {
        "lineNumber": 65,
        "author": {
          "gitId": "YuuTon9"
        },
        "content": "        int month \u003d Integer.parseInt(date[1]);"
      },
      {
        "lineNumber": 66,
        "author": {
          "gitId": "YuuTon9"
        },
        "content": "        int day \u003d Integer.parseInt(date[0]);"
      },
      {
        "lineNumber": 67,
        "author": {
          "gitId": "YuuTon9"
        },
        "content": "        LocalDate localdate \u003d LocalDate.of(year, month, day);"
      },
      {
        "lineNumber": 68,
        "author": {
          "gitId": "YuuTon9"
        },
        "content": "        return localdate;"
      },
      {
        "lineNumber": 69,
        "author": {
          "gitId": "YuuTon9"
        },
        "content": "    }"
      },
      {
        "lineNumber": 70,
        "author": {
          "gitId": "YuuTon9"
        },
        "content": "}"
      }
    ],
    "authorContributionMap": {
      "YuuTon9": 70
    }
  },
  {
    "path": "src/main/java/duke/ByeCommand.java",
    "fileType": "java",
    "lines": [
      {
        "lineNumber": 1,
        "author": {
          "gitId": "YuuTon9"
        },
        "content": "package duke;"
      },
      {
        "lineNumber": 2,
        "author": {
          "gitId": "YuuTon9"
        },
        "content": ""
      },
      {
        "lineNumber": 3,
        "author": {
          "gitId": "YuuTon9"
        },
        "content": "public class ByeCommand extends Command {"
      },
      {
        "lineNumber": 4,
        "author": {
          "gitId": "YuuTon9"
        },
        "content": ""
      },
      {
        "lineNumber": 5,
        "author": {
          "gitId": "YuuTon9"
        },
        "content": "    ByeCommand(String str) {"
      },
      {
        "lineNumber": 6,
        "author": {
          "gitId": "YuuTon9"
        },
        "content": "        super(str);"
      },
      {
        "lineNumber": 7,
        "author": {
          "gitId": "YuuTon9"
        },
        "content": "    }"
      },
      {
        "lineNumber": 8,
        "author": {
          "gitId": "YuuTon9"
        },
        "content": ""
      },
      {
        "lineNumber": 9,
        "author": {
          "gitId": "YuuTon9"
        },
        "content": "    String execute(TaskList lst, Storage storage, Ui ui, int tasks) {"
      },
      {
        "lineNumber": 10,
        "author": {
          "gitId": "YuuTon9"
        },
        "content": "        storage.writeToFile(lst);"
      },
      {
        "lineNumber": 11,
        "author": {
          "gitId": "YuuTon9"
        },
        "content": "        return ui.saybye();"
      },
      {
        "lineNumber": 12,
        "author": {
          "gitId": "YuuTon9"
        },
        "content": "    }"
      },
      {
        "lineNumber": 13,
        "author": {
          "gitId": "YuuTon9"
        },
        "content": "}"
      }
    ],
    "authorContributionMap": {
      "YuuTon9": 13
    }
  },
  {
    "path": "src/main/java/duke/Command.java",
    "fileType": "java",
    "lines": [
      {
        "lineNumber": 1,
        "author": {
          "gitId": "YuuTon9"
        },
        "content": "package duke;"
      },
      {
        "lineNumber": 2,
        "author": {
          "gitId": "YuuTon9"
        },
        "content": ""
      },
      {
        "lineNumber": 3,
        "author": {
          "gitId": "YuuTon9"
        },
        "content": "public abstract class Command {"
      },
      {
        "lineNumber": 4,
        "author": {
          "gitId": "YuuTon9"
        },
        "content": "    String str;"
      },
      {
        "lineNumber": 5,
        "author": {
          "gitId": "YuuTon9"
        },
        "content": ""
      },
      {
        "lineNumber": 6,
        "author": {
          "gitId": "YuuTon9"
        },
        "content": "    Command(String str) {"
      },
      {
        "lineNumber": 7,
        "author": {
          "gitId": "YuuTon9"
        },
        "content": "        this.str \u003d str;"
      },
      {
        "lineNumber": 8,
        "author": {
          "gitId": "YuuTon9"
        },
        "content": "    }"
      },
      {
        "lineNumber": 9,
        "author": {
          "gitId": "YuuTon9"
        },
        "content": ""
      },
      {
        "lineNumber": 10,
        "author": {
          "gitId": "YuuTon9"
        },
        "content": "    abstract String execute(TaskList task,Storage storage,Ui ui, int tasks) throws DukeException ;"
      },
      {
        "lineNumber": 11,
        "author": {
          "gitId": "YuuTon9"
        },
        "content": ""
      },
      {
        "lineNumber": 12,
        "author": {
          "gitId": "YuuTon9"
        },
        "content": "    boolean isExit() {"
      },
      {
        "lineNumber": 13,
        "author": {
          "gitId": "YuuTon9"
        },
        "content": "        return false;"
      },
      {
        "lineNumber": 14,
        "author": {
          "gitId": "YuuTon9"
        },
        "content": "    }"
      },
      {
        "lineNumber": 15,
        "author": {
          "gitId": "YuuTon9"
        },
        "content": ""
      },
      {
        "lineNumber": 16,
        "author": {
          "gitId": "YuuTon9"
        },
        "content": "}"
      }
    ],
    "authorContributionMap": {
      "YuuTon9": 16
    }
  },
  {
    "path": "src/main/java/duke/Deadline.java",
    "fileType": "java",
    "lines": [
      {
        "lineNumber": 1,
        "author": {
          "gitId": "YuuTon9"
        },
        "content": "package duke;"
      },
      {
        "lineNumber": 2,
        "author": {
          "gitId": "YuuTon9"
        },
        "content": ""
      },
      {
        "lineNumber": 3,
        "author": {
          "gitId": "YuuTon9"
        },
        "content": "import java.time.LocalDate;"
      },
      {
        "lineNumber": 4,
        "author": {
          "gitId": "YuuTon9"
        },
        "content": "import java.text.SimpleDateFormat;"
      },
      {
        "lineNumber": 5,
        "author": {
          "gitId": "YuuTon9"
        },
        "content": "import java.util.Date;"
      },
      {
        "lineNumber": 6,
        "author": {
          "gitId": "YuuTon9"
        },
        "content": "import java.time.format.DateTimeFormatter;"
      },
      {
        "lineNumber": 7,
        "author": {
          "gitId": "YuuTon9"
        },
        "content": "import java.text.ParseException;"
      },
      {
        "lineNumber": 8,
        "author": {
          "gitId": "YuuTon9"
        },
        "content": "import java.text.DateFormat;"
      },
      {
        "lineNumber": 9,
        "author": {
          "gitId": "YuuTon9"
        },
        "content": ""
      },
      {
        "lineNumber": 10,
        "author": {
          "gitId": "YuuTon9"
        },
        "content": ""
      },
      {
        "lineNumber": 11,
        "author": {
          "gitId": "YuuTon9"
        },
        "content": "public class Deadline extends Task {"
      },
      {
        "lineNumber": 12,
        "author": {
          "gitId": "YuuTon9"
        },
        "content": "    protected LocalDate date;"
      },
      {
        "lineNumber": 13,
        "author": {
          "gitId": "YuuTon9"
        },
        "content": ""
      },
      {
        "lineNumber": 14,
        "author": {
          "gitId": "YuuTon9"
        },
        "content": "    public Deadline(String description, LocalDate date) {"
      },
      {
        "lineNumber": 15,
        "author": {
          "gitId": "YuuTon9"
        },
        "content": "        super(description);"
      },
      {
        "lineNumber": 16,
        "author": {
          "gitId": "YuuTon9"
        },
        "content": "        this.typeD \u003d \"E\";"
      },
      {
        "lineNumber": 17,
        "author": {
          "gitId": "YuuTon9"
        },
        "content": "        this.date \u003d date;"
      },
      {
        "lineNumber": 18,
        "author": {
          "gitId": "YuuTon9"
        },
        "content": "    }"
      },
      {
        "lineNumber": 19,
        "author": {
          "gitId": "YuuTon9"
        },
        "content": ""
      },
      {
        "lineNumber": 20,
        "author": {
          "gitId": "YuuTon9"
        },
        "content": "    public void setTime(String time) {"
      },
      {
        "lineNumber": 21,
        "author": {
          "gitId": "YuuTon9"
        },
        "content": "        String newtime \u003d time.substring(0,2) + \":\" + time.substring(2);"
      },
      {
        "lineNumber": 22,
        "author": {
          "gitId": "YuuTon9"
        },
        "content": "        DateFormat df \u003d new SimpleDateFormat(\"HH:mm\");"
      },
      {
        "lineNumber": 23,
        "author": {
          "gitId": "YuuTon9"
        },
        "content": "        DateFormat outputdf \u003d new SimpleDateFormat(\"hh:mm aa\");"
      },
      {
        "lineNumber": 24,
        "author": {
          "gitId": "YuuTon9"
        },
        "content": "        Date date \u003d null;"
      },
      {
        "lineNumber": 25,
        "author": {
          "gitId": "YuuTon9"
        },
        "content": "        String output \u003d null;"
      },
      {
        "lineNumber": 26,
        "author": {
          "gitId": "YuuTon9"
        },
        "content": "        try {"
      },
      {
        "lineNumber": 27,
        "author": {
          "gitId": "YuuTon9"
        },
        "content": "            date \u003d df.parse(newtime);"
      },
      {
        "lineNumber": 28,
        "author": {
          "gitId": "YuuTon9"
        },
        "content": "            output \u003d outputdf.format(date);"
      },
      {
        "lineNumber": 29,
        "author": {
          "gitId": "YuuTon9"
        },
        "content": "            this.timeD \u003d output;"
      },
      {
        "lineNumber": 30,
        "author": {
          "gitId": "YuuTon9"
        },
        "content": "            //Date newtime2 \u003d new SimpleDateFormat(\"hh:mm a\").format(newtime);"
      },
      {
        "lineNumber": 31,
        "author": {
          "gitId": "YuuTon9"
        },
        "content": "            //this.timeD \u003d new SimpleDateFormat(\"h:mm: a\").format(newtime2)"
      },
      {
        "lineNumber": 32,
        "author": {
          "gitId": "YuuTon9"
        },
        "content": "        } catch (ParseException e) {"
      },
      {
        "lineNumber": 33,
        "author": {
          "gitId": "YuuTon9"
        },
        "content": "            e.printStackTrace();"
      },
      {
        "lineNumber": 34,
        "author": {
          "gitId": "YuuTon9"
        },
        "content": "        }"
      },
      {
        "lineNumber": 35,
        "author": {
          "gitId": "YuuTon9"
        },
        "content": "    }"
      },
      {
        "lineNumber": 36,
        "author": {
          "gitId": "YuuTon9"
        },
        "content": ""
      },
      {
        "lineNumber": 37,
        "author": {
          "gitId": "YuuTon9"
        },
        "content": "    public String getTime() {"
      },
      {
        "lineNumber": 38,
        "author": {
          "gitId": "YuuTon9"
        },
        "content": "        return this.timeD;"
      },
      {
        "lineNumber": 39,
        "author": {
          "gitId": "YuuTon9"
        },
        "content": "    }"
      },
      {
        "lineNumber": 40,
        "author": {
          "gitId": "YuuTon9"
        },
        "content": ""
      },
      {
        "lineNumber": 41,
        "author": {
          "gitId": "YuuTon9"
        },
        "content": "    public String getDate() {"
      },
      {
        "lineNumber": 42,
        "author": {
          "gitId": "YuuTon9"
        },
        "content": "        return date.format(DateTimeFormatter.ofPattern(\"MMM d yyyy\"));"
      },
      {
        "lineNumber": 43,
        "author": {
          "gitId": "YuuTon9"
        },
        "content": "    }"
      },
      {
        "lineNumber": 44,
        "author": {
          "gitId": "YuuTon9"
        },
        "content": ""
      },
      {
        "lineNumber": 45,
        "author": {
          "gitId": "YuuTon9"
        },
        "content": "    public String getTimeStamp() {"
      },
      {
        "lineNumber": 46,
        "author": {
          "gitId": "YuuTon9"
        },
        "content": "        return \"(by: \" +  date.format(DateTimeFormatter.ofPattern(\"MMM d yyyy\"))  + \" \" +  this.timeD + \")\";"
      },
      {
        "lineNumber": 47,
        "author": {
          "gitId": "YuuTon9"
        },
        "content": "    }"
      },
      {
        "lineNumber": 48,
        "author": {
          "gitId": "YuuTon9"
        },
        "content": ""
      },
      {
        "lineNumber": 49,
        "author": {
          "gitId": "YuuTon9"
        },
        "content": "    @Override"
      },
      {
        "lineNumber": 50,
        "author": {
          "gitId": "YuuTon9"
        },
        "content": "    public String toString() {"
      },
      {
        "lineNumber": 51,
        "author": {
          "gitId": "YuuTon9"
        },
        "content": "        return String.format(\"[%s] [%s] %s \",this.typeD,getStatusIcon(),this.description) + getTimeStamp();"
      },
      {
        "lineNumber": 52,
        "author": {
          "gitId": "YuuTon9"
        },
        "content": "    }"
      },
      {
        "lineNumber": 53,
        "author": {
          "gitId": "YuuTon9"
        },
        "content": "}"
      }
    ],
    "authorContributionMap": {
      "YuuTon9": 53
    }
  },
  {
    "path": "src/main/java/duke/DeleteCommand.java",
    "fileType": "java",
    "lines": [
      {
        "lineNumber": 1,
        "author": {
          "gitId": "YuuTon9"
        },
        "content": "package duke;"
      },
      {
        "lineNumber": 2,
        "author": {
          "gitId": "YuuTon9"
        },
        "content": ""
      },
      {
        "lineNumber": 3,
        "author": {
          "gitId": "YuuTon9"
        },
        "content": "public class DeleteCommand extends Command {"
      },
      {
        "lineNumber": 4,
        "author": {
          "gitId": "YuuTon9"
        },
        "content": ""
      },
      {
        "lineNumber": 5,
        "author": {
          "gitId": "YuuTon9"
        },
        "content": "    DeleteCommand(String str) {"
      },
      {
        "lineNumber": 6,
        "author": {
          "gitId": "YuuTon9"
        },
        "content": "        super(str);"
      },
      {
        "lineNumber": 7,
        "author": {
          "gitId": "YuuTon9"
        },
        "content": "    }"
      },
      {
        "lineNumber": 8,
        "author": {
          "gitId": "YuuTon9"
        },
        "content": ""
      },
      {
        "lineNumber": 9,
        "author": {
          "gitId": "YuuTon9"
        },
        "content": "    String execute(TaskList lst, Storage storage, Ui ui, int tasks) {"
      },
      {
        "lineNumber": 10,
        "author": {
          "gitId": "YuuTon9"
        },
        "content": "        int i \u003d Integer.parseInt(str.split(\" \")[1]) - 1;"
      },
      {
        "lineNumber": 11,
        "author": {
          "gitId": "YuuTon9"
        },
        "content": "        Task task \u003d lst.getTask(i);"
      },
      {
        "lineNumber": 12,
        "author": {
          "gitId": "YuuTon9"
        },
        "content": "        try {"
      },
      {
        "lineNumber": 13,
        "author": {
          "gitId": "YuuTon9"
        },
        "content": "            lst.deleteTask(task);"
      },
      {
        "lineNumber": 14,
        "author": {
          "gitId": "YuuTon9"
        },
        "content": "        } catch (DukeException e) {"
      },
      {
        "lineNumber": 15,
        "author": {
          "gitId": "YuuTon9"
        },
        "content": "            System.out.println(e);"
      },
      {
        "lineNumber": 16,
        "author": {
          "gitId": "YuuTon9"
        },
        "content": "        }"
      },
      {
        "lineNumber": 17,
        "author": {
          "gitId": "YuuTon9"
        },
        "content": "        if (!task.getStatus()) {"
      },
      {
        "lineNumber": 18,
        "author": {
          "gitId": "YuuTon9"
        },
        "content": "            tasks--;"
      },
      {
        "lineNumber": 19,
        "author": {
          "gitId": "YuuTon9"
        },
        "content": "        }"
      },
      {
        "lineNumber": 20,
        "author": {
          "gitId": "YuuTon9"
        },
        "content": "        return ui.taskDelete(task, tasks);"
      },
      {
        "lineNumber": 21,
        "author": {
          "gitId": "YuuTon9"
        },
        "content": "    }"
      },
      {
        "lineNumber": 22,
        "author": {
          "gitId": "YuuTon9"
        },
        "content": "}"
      }
    ],
    "authorContributionMap": {
      "YuuTon9": 22
    }
  },
  {
    "path": "src/main/java/duke/DoneCommand.java",
    "fileType": "java",
    "lines": [
      {
        "lineNumber": 1,
        "author": {
          "gitId": "YuuTon9"
        },
        "content": "package duke;"
      },
      {
        "lineNumber": 2,
        "author": {
          "gitId": "YuuTon9"
        },
        "content": ""
      },
      {
        "lineNumber": 3,
        "author": {
          "gitId": "YuuTon9"
        },
        "content": "public class DoneCommand extends Command {"
      },
      {
        "lineNumber": 4,
        "author": {
          "gitId": "YuuTon9"
        },
        "content": ""
      },
      {
        "lineNumber": 5,
        "author": {
          "gitId": "YuuTon9"
        },
        "content": "    DoneCommand(String str) {"
      },
      {
        "lineNumber": 6,
        "author": {
          "gitId": "YuuTon9"
        },
        "content": "        super(str);"
      },
      {
        "lineNumber": 7,
        "author": {
          "gitId": "YuuTon9"
        },
        "content": "    }"
      },
      {
        "lineNumber": 8,
        "author": {
          "gitId": "YuuTon9"
        },
        "content": ""
      },
      {
        "lineNumber": 9,
        "author": {
          "gitId": "YuuTon9"
        },
        "content": "    String execute(TaskList lst, Storage storage, Ui ui, int tasks) {"
      },
      {
        "lineNumber": 10,
        "author": {
          "gitId": "YuuTon9"
        },
        "content": "        int space \u003d Integer.parseInt(str.split(\" \")[1]) -1;"
      },
      {
        "lineNumber": 11,
        "author": {
          "gitId": "YuuTon9"
        },
        "content": "        Task task \u003d lst.getTask(space);"
      },
      {
        "lineNumber": 12,
        "author": {
          "gitId": "YuuTon9"
        },
        "content": "        task.doAct();"
      },
      {
        "lineNumber": 13,
        "author": {
          "gitId": "YuuTon9"
        },
        "content": "        tasks--;"
      },
      {
        "lineNumber": 14,
        "author": {
          "gitId": "YuuTon9"
        },
        "content": "        return ui.taskDone(task, tasks);"
      },
      {
        "lineNumber": 15,
        "author": {
          "gitId": "YuuTon9"
        },
        "content": "    }"
      },
      {
        "lineNumber": 16,
        "author": {
          "gitId": "YuuTon9"
        },
        "content": "}"
      }
    ],
    "authorContributionMap": {
      "YuuTon9": 16
    }
  },
  {
    "path": "src/main/java/duke/Duke.java",
    "fileType": "java",
    "lines": [
      {
        "lineNumber": 1,
        "author": {
          "gitId": "YuuTon9"
        },
        "content": "package duke;"
      },
      {
        "lineNumber": 2,
        "author": {
          "gitId": "YuuTon9"
        },
        "content": ""
      },
      {
        "lineNumber": 3,
        "author": {
          "gitId": "YuuTon9"
        },
        "content": "import java.nio.file.Files;"
      },
      {
        "lineNumber": 4,
        "author": {
          "gitId": "YuuTon9"
        },
        "content": "import java.nio.file.Path;"
      },
      {
        "lineNumber": 5,
        "author": {
          "gitId": "YuuTon9"
        },
        "content": "import java.nio.file.Paths;"
      },
      {
        "lineNumber": 6,
        "author": {
          "gitId": "YuuTon9"
        },
        "content": "import java.util.Scanner;"
      },
      {
        "lineNumber": 7,
        "author": {
          "gitId": "YuuTon9"
        },
        "content": "import java.util.ArrayList;"
      },
      {
        "lineNumber": 8,
        "author": {
          "gitId": "YuuTon9"
        },
        "content": "import java.util.List;"
      },
      {
        "lineNumber": 9,
        "author": {
          "gitId": "YuuTon9"
        },
        "content": "import java.io.IOException;"
      },
      {
        "lineNumber": 10,
        "author": {
          "gitId": "YuuTon9"
        },
        "content": "import java.io.BufferedWriter;"
      },
      {
        "lineNumber": 11,
        "author": {
          "gitId": "YuuTon9"
        },
        "content": "import java.io.FileWriter;"
      },
      {
        "lineNumber": 12,
        "author": {
          "gitId": "YuuTon9"
        },
        "content": "import java.util.Arrays;"
      },
      {
        "lineNumber": 13,
        "author": {
          "gitId": "YuuTon9"
        },
        "content": "import java.time.LocalDate;"
      },
      {
        "lineNumber": 14,
        "author": {
          "gitId": "YuuTon9"
        },
        "content": ""
      },
      {
        "lineNumber": 15,
        "author": {
          "gitId": "YuuTon9"
        },
        "content": "public class Duke {"
      },
      {
        "lineNumber": 16,
        "author": {
          "gitId": "YuuTon9"
        },
        "content": ""
      },
      {
        "lineNumber": 17,
        "author": {
          "gitId": "YuuTon9"
        },
        "content": "    private Storage storage;"
      },
      {
        "lineNumber": 18,
        "author": {
          "gitId": "YuuTon9"
        },
        "content": "    private TaskList tasks;"
      },
      {
        "lineNumber": 19,
        "author": {
          "gitId": "YuuTon9"
        },
        "content": "    private Ui ui;"
      },
      {
        "lineNumber": 20,
        "author": {
          "gitId": "YuuTon9"
        },
        "content": ""
      },
      {
        "lineNumber": 21,
        "author": {
          "gitId": "YuuTon9"
        },
        "content": "    public Duke(String filePath) {"
      },
      {
        "lineNumber": 22,
        "author": {
          "gitId": "YuuTon9"
        },
        "content": "        Ui ui \u003d new Ui();"
      },
      {
        "lineNumber": 23,
        "author": {
          "gitId": "YuuTon9"
        },
        "content": "        Storage storage \u003d new Storage();"
      },
      {
        "lineNumber": 24,
        "author": {
          "gitId": "YuuTon9"
        },
        "content": "        int tasksnum \u003d 0;"
      },
      {
        "lineNumber": 25,
        "author": {
          "gitId": "YuuTon9"
        },
        "content": "        try {"
      },
      {
        "lineNumber": 26,
        "author": {
          "gitId": "YuuTon9"
        },
        "content": "            TaskList lst \u003d new TaskList(storage.readFile());"
      },
      {
        "lineNumber": 27,
        "author": {
          "gitId": "YuuTon9"
        },
        "content": "            tasksnum \u003d lst.getSize() - 1;"
      },
      {
        "lineNumber": 28,
        "author": {
          "gitId": "YuuTon9"
        },
        "content": "            lst.deleteTask(lst.getTask(tasksnum));"
      },
      {
        "lineNumber": 29,
        "author": {
          "gitId": "YuuTon9"
        },
        "content": "        } catch (DukeException e) {"
      },
      {
        "lineNumber": 30,
        "author": {
          "gitId": "YuuTon9"
        },
        "content": "            ui.showLoadingError();"
      },
      {
        "lineNumber": 31,
        "author": {
          "gitId": "YuuTon9"
        },
        "content": "            tasks \u003d new TaskList();"
      },
      {
        "lineNumber": 32,
        "author": {
          "gitId": "YuuTon9"
        },
        "content": "        }"
      },
      {
        "lineNumber": 33,
        "author": {
          "gitId": "YuuTon9"
        },
        "content": "    }"
      },
      {
        "lineNumber": 34,
        "author": {
          "gitId": "YuuTon9"
        },
        "content": ""
      },
      {
        "lineNumber": 35,
        "author": {
          "gitId": "YuuTon9"
        },
        "content": "    public void run() {"
      },
      {
        "lineNumber": 36,
        "author": {
          "gitId": "YuuTon9"
        },
        "content": "        ui.greet();"
      },
      {
        "lineNumber": 37,
        "author": {
          "gitId": "YuuTon9"
        },
        "content": "        boolean isExit \u003d false;"
      },
      {
        "lineNumber": 38,
        "author": {
          "gitId": "YuuTon9"
        },
        "content": "        while (!isExit) {"
      },
      {
        "lineNumber": 39,
        "author": {
          "gitId": "YuuTon9"
        },
        "content": "            try {"
      },
      {
        "lineNumber": 40,
        "author": {
          "gitId": "YuuTon9"
        },
        "content": "                int num \u003d 0; //temp"
      },
      {
        "lineNumber": 41,
        "author": {
          "gitId": "YuuTon9"
        },
        "content": "                String fullCommand \u003d ui.readCommand();"
      },
      {
        "lineNumber": 42,
        "author": {
          "gitId": "YuuTon9"
        },
        "content": "                ui.showLine(); // show the divider line (\"_______\")"
      },
      {
        "lineNumber": 43,
        "author": {
          "gitId": "YuuTon9"
        },
        "content": "                Command c \u003d Parser.parse(fullCommand);"
      },
      {
        "lineNumber": 44,
        "author": {
          "gitId": "YuuTon9"
        },
        "content": "                c.execute(tasks, storage, ui, num);"
      },
      {
        "lineNumber": 45,
        "author": {
          "gitId": "YuuTon9"
        },
        "content": "                isExit \u003d c.isExit();"
      },
      {
        "lineNumber": 46,
        "author": {
          "gitId": "YuuTon9"
        },
        "content": "            } catch (DukeException e) {"
      },
      {
        "lineNumber": 47,
        "author": {
          "gitId": "YuuTon9"
        },
        "content": "                ui.showError(e.getMessage());"
      },
      {
        "lineNumber": 48,
        "author": {
          "gitId": "YuuTon9"
        },
        "content": "            } finally {"
      },
      {
        "lineNumber": 49,
        "author": {
          "gitId": "YuuTon9"
        },
        "content": "                ui.showLine();"
      },
      {
        "lineNumber": 50,
        "author": {
          "gitId": "YuuTon9"
        },
        "content": "            }"
      },
      {
        "lineNumber": 51,
        "author": {
          "gitId": "YuuTon9"
        },
        "content": "        }"
      },
      {
        "lineNumber": 52,
        "author": {
          "gitId": "YuuTon9"
        },
        "content": "    }"
      },
      {
        "lineNumber": 53,
        "author": {
          "gitId": "YuuTon9"
        },
        "content": ""
      },
      {
        "lineNumber": 54,
        "author": {
          "gitId": "YuuTon9"
        },
        "content": "    public static void main(String[] args) {"
      },
      {
        "lineNumber": 55,
        "author": {
          "gitId": "YuuTon9"
        },
        "content": "        new Duke(\"data/tasks.txt\").run();"
      },
      {
        "lineNumber": 56,
        "author": {
          "gitId": "YuuTon9"
        },
        "content": "    }"
      },
      {
        "lineNumber": 57,
        "author": {
          "gitId": "YuuTon9"
        },
        "content": "}"
      },
      {
        "lineNumber": 58,
        "author": {
          "gitId": "YuuTon9"
        },
        "content": ""
      }
    ],
    "authorContributionMap": {
      "YuuTon9": 58
    }
  },
  {
    "path": "src/main/java/duke/DukeException.java",
    "fileType": "java",
    "lines": [
      {
        "lineNumber": 1,
        "author": {
          "gitId": "YuuTon9"
        },
        "content": "package duke;"
      },
      {
        "lineNumber": 2,
        "author": {
          "gitId": "YuuTon9"
        },
        "content": ""
      },
      {
        "lineNumber": 3,
        "author": {
          "gitId": "YuuTon9"
        },
        "content": "public class DukeException extends Exception {"
      },
      {
        "lineNumber": 4,
        "author": {
          "gitId": "YuuTon9"
        },
        "content": ""
      },
      {
        "lineNumber": 5,
        "author": {
          "gitId": "YuuTon9"
        },
        "content": "    public DukeException() {}"
      },
      {
        "lineNumber": 6,
        "author": {
          "gitId": "YuuTon9"
        },
        "content": ""
      },
      {
        "lineNumber": 7,
        "author": {
          "gitId": "YuuTon9"
        },
        "content": "    public DukeException(String message) {"
      },
      {
        "lineNumber": 8,
        "author": {
          "gitId": "YuuTon9"
        },
        "content": "        super(message);"
      },
      {
        "lineNumber": 9,
        "author": {
          "gitId": "YuuTon9"
        },
        "content": "    }"
      },
      {
        "lineNumber": 10,
        "author": {
          "gitId": "YuuTon9"
        },
        "content": "}"
      }
    ],
    "authorContributionMap": {
      "YuuTon9": 10
    }
  },
  {
    "path": "src/main/java/duke/Event.java",
    "fileType": "java",
    "lines": [
      {
        "lineNumber": 1,
        "author": {
          "gitId": "YuuTon9"
        },
        "content": "package duke;"
      },
      {
        "lineNumber": 2,
        "author": {
          "gitId": "YuuTon9"
        },
        "content": ""
      },
      {
        "lineNumber": 3,
        "author": {
          "gitId": "YuuTon9"
        },
        "content": "import java.time.LocalDate;"
      },
      {
        "lineNumber": 4,
        "author": {
          "gitId": "YuuTon9"
        },
        "content": "import java.text.SimpleDateFormat;"
      },
      {
        "lineNumber": 5,
        "author": {
          "gitId": "YuuTon9"
        },
        "content": "import java.util.Date;"
      },
      {
        "lineNumber": 6,
        "author": {
          "gitId": "YuuTon9"
        },
        "content": "import java.time.format.DateTimeFormatter;"
      },
      {
        "lineNumber": 7,
        "author": {
          "gitId": "YuuTon9"
        },
        "content": "import java.text.ParseException;"
      },
      {
        "lineNumber": 8,
        "author": {
          "gitId": "YuuTon9"
        },
        "content": ""
      },
      {
        "lineNumber": 9,
        "author": {
          "gitId": "YuuTon9"
        },
        "content": "public class Event extends Task {"
      },
      {
        "lineNumber": 10,
        "author": {
          "gitId": "YuuTon9"
        },
        "content": "    protected LocalDate date;"
      },
      {
        "lineNumber": 11,
        "author": {
          "gitId": "YuuTon9"
        },
        "content": ""
      },
      {
        "lineNumber": 12,
        "author": {
          "gitId": "YuuTon9"
        },
        "content": "    public Event(String description, LocalDate date) {"
      },
      {
        "lineNumber": 13,
        "author": {
          "gitId": "YuuTon9"
        },
        "content": "        super(description);"
      },
      {
        "lineNumber": 14,
        "author": {
          "gitId": "YuuTon9"
        },
        "content": "        this.typeD \u003d \"E\";"
      },
      {
        "lineNumber": 15,
        "author": {
          "gitId": "YuuTon9"
        },
        "content": "        this.date \u003d date;"
      },
      {
        "lineNumber": 16,
        "author": {
          "gitId": "YuuTon9"
        },
        "content": "    }"
      },
      {
        "lineNumber": 17,
        "author": {
          "gitId": "YuuTon9"
        },
        "content": ""
      },
      {
        "lineNumber": 18,
        "author": {
          "gitId": "YuuTon9"
        },
        "content": "    public void setTime(String time) {"
      },
      {
        "lineNumber": 19,
        "author": {
          "gitId": "YuuTon9"
        },
        "content": "        this.timeD \u003d time;"
      },
      {
        "lineNumber": 20,
        "author": {
          "gitId": "YuuTon9"
        },
        "content": "    }"
      },
      {
        "lineNumber": 21,
        "author": {
          "gitId": "YuuTon9"
        },
        "content": ""
      },
      {
        "lineNumber": 22,
        "author": {
          "gitId": "YuuTon9"
        },
        "content": "    public String getTime() {"
      },
      {
        "lineNumber": 23,
        "author": {
          "gitId": "YuuTon9"
        },
        "content": "        return this.timeD;"
      },
      {
        "lineNumber": 24,
        "author": {
          "gitId": "YuuTon9"
        },
        "content": "    }"
      },
      {
        "lineNumber": 25,
        "author": {
          "gitId": "YuuTon9"
        },
        "content": ""
      },
      {
        "lineNumber": 26,
        "author": {
          "gitId": "YuuTon9"
        },
        "content": "    public String getDate() {"
      },
      {
        "lineNumber": 27,
        "author": {
          "gitId": "YuuTon9"
        },
        "content": "        return date.format(DateTimeFormatter.ofPattern(\"MMM d yyyy\"));"
      },
      {
        "lineNumber": 28,
        "author": {
          "gitId": "YuuTon9"
        },
        "content": "    }"
      },
      {
        "lineNumber": 29,
        "author": {
          "gitId": "YuuTon9"
        },
        "content": ""
      },
      {
        "lineNumber": 30,
        "author": {
          "gitId": "YuuTon9"
        },
        "content": "    public String getTimeStamp() {"
      },
      {
        "lineNumber": 31,
        "author": {
          "gitId": "YuuTon9"
        },
        "content": "        return \"(at: \" +  date.format(DateTimeFormatter.ofPattern(\"MMM d yyyy\"))  + \" \" +  this.timeD +\")\";"
      },
      {
        "lineNumber": 32,
        "author": {
          "gitId": "YuuTon9"
        },
        "content": "    }"
      },
      {
        "lineNumber": 33,
        "author": {
          "gitId": "YuuTon9"
        },
        "content": ""
      },
      {
        "lineNumber": 34,
        "author": {
          "gitId": "YuuTon9"
        },
        "content": "    @Override"
      },
      {
        "lineNumber": 35,
        "author": {
          "gitId": "YuuTon9"
        },
        "content": "    public String toString() {"
      },
      {
        "lineNumber": 36,
        "author": {
          "gitId": "YuuTon9"
        },
        "content": "        return String.format(\"[%s] [%s] %s \",this.typeD,getStatusIcon(),this.description) + getTimeStamp()"
      },
      {
        "lineNumber": 37,
        "author": {
          "gitId": "YuuTon9"
        },
        "content": "                + \" \";"
      },
      {
        "lineNumber": 38,
        "author": {
          "gitId": "YuuTon9"
        },
        "content": "    }"
      },
      {
        "lineNumber": 39,
        "author": {
          "gitId": "YuuTon9"
        },
        "content": "}"
      }
    ],
    "authorContributionMap": {
      "YuuTon9": 39
    }
  },
  {
    "path": "src/main/java/duke/ListCommand.java",
    "fileType": "java",
    "lines": [
      {
        "lineNumber": 1,
        "author": {
          "gitId": "YuuTon9"
        },
        "content": "package duke;"
      },
      {
        "lineNumber": 2,
        "author": {
          "gitId": "YuuTon9"
        },
        "content": ""
      },
      {
        "lineNumber": 3,
        "author": {
          "gitId": "YuuTon9"
        },
        "content": "public class ListCommand extends Command {"
      },
      {
        "lineNumber": 4,
        "author": {
          "gitId": "YuuTon9"
        },
        "content": ""
      },
      {
        "lineNumber": 5,
        "author": {
          "gitId": "YuuTon9"
        },
        "content": "    ListCommand(String str) {"
      },
      {
        "lineNumber": 6,
        "author": {
          "gitId": "YuuTon9"
        },
        "content": "        super(str);"
      },
      {
        "lineNumber": 7,
        "author": {
          "gitId": "YuuTon9"
        },
        "content": "    }"
      },
      {
        "lineNumber": 8,
        "author": {
          "gitId": "YuuTon9"
        },
        "content": ""
      },
      {
        "lineNumber": 9,
        "author": {
          "gitId": "YuuTon9"
        },
        "content": "    String execute(TaskList lst,Storage storage,Ui ui,int tasks) {"
      },
      {
        "lineNumber": 10,
        "author": {
          "gitId": "YuuTon9"
        },
        "content": "        for (int i \u003d 0; i \u003c lst.getSize(); i++) {"
      },
      {
        "lineNumber": 11,
        "author": {
          "gitId": "YuuTon9"
        },
        "content": "            str +\u003d lst.getTask(i) + \"\\n\";"
      },
      {
        "lineNumber": 12,
        "author": {
          "gitId": "YuuTon9"
        },
        "content": "        }"
      },
      {
        "lineNumber": 13,
        "author": {
          "gitId": "YuuTon9"
        },
        "content": "        return str;"
      },
      {
        "lineNumber": 14,
        "author": {
          "gitId": "YuuTon9"
        },
        "content": "    }"
      },
      {
        "lineNumber": 15,
        "author": {
          "gitId": "YuuTon9"
        },
        "content": ""
      },
      {
        "lineNumber": 16,
        "author": {
          "gitId": "YuuTon9"
        },
        "content": "}"
      }
    ],
    "authorContributionMap": {
      "YuuTon9": 16
    }
  },
  {
    "path": "src/main/java/duke/Parser.java",
    "fileType": "java",
    "lines": [
      {
        "lineNumber": 1,
        "author": {
          "gitId": "YuuTon9"
        },
        "content": "package duke;"
      },
      {
        "lineNumber": 2,
        "author": {
          "gitId": "YuuTon9"
        },
        "content": ""
      },
      {
        "lineNumber": 3,
        "author": {
          "gitId": "YuuTon9"
        },
        "content": "public class Parser {"
      },
      {
        "lineNumber": 4,
        "author": {
          "gitId": "YuuTon9"
        },
        "content": "    protected TaskList task;"
      },
      {
        "lineNumber": 5,
        "author": {
          "gitId": "YuuTon9"
        },
        "content": "    protected Storage storage;"
      },
      {
        "lineNumber": 6,
        "author": {
          "gitId": "YuuTon9"
        },
        "content": "    protected Ui ui;"
      },
      {
        "lineNumber": 7,
        "author": {
          "gitId": "YuuTon9"
        },
        "content": ""
      },
      {
        "lineNumber": 8,
        "author": {
          "gitId": "YuuTon9"
        },
        "content": "    Parser(TaskList task,Storage storage,Ui ui) {"
      },
      {
        "lineNumber": 9,
        "author": {
          "gitId": "YuuTon9"
        },
        "content": "        this.task \u003d task;"
      },
      {
        "lineNumber": 10,
        "author": {
          "gitId": "YuuTon9"
        },
        "content": "        this.storage \u003d storage;"
      },
      {
        "lineNumber": 11,
        "author": {
          "gitId": "YuuTon9"
        },
        "content": "        this.ui \u003d ui;"
      },
      {
        "lineNumber": 12,
        "author": {
          "gitId": "YuuTon9"
        },
        "content": "    };"
      },
      {
        "lineNumber": 13,
        "author": {
          "gitId": "YuuTon9"
        },
        "content": ""
      },
      {
        "lineNumber": 14,
        "author": {
          "gitId": "YuuTon9"
        },
        "content": "    public static Command parse(String str) throws DukeException {"
      },
      {
        "lineNumber": 15,
        "author": {
          "gitId": "YuuTon9"
        },
        "content": "        if  (str.length() \u003d\u003d 0) {"
      },
      {
        "lineNumber": 16,
        "author": {
          "gitId": "YuuTon9"
        },
        "content": "            throw new DukeException(\"Command should not be empty\");"
      },
      {
        "lineNumber": 17,
        "author": {
          "gitId": "YuuTon9"
        },
        "content": "        }"
      },
      {
        "lineNumber": 18,
        "author": {
          "gitId": "YuuTon9"
        },
        "content": "        String[] temp \u003d str.split(\" \");"
      },
      {
        "lineNumber": 19,
        "author": {
          "gitId": "YuuTon9"
        },
        "content": "        switch (temp[0]) {"
      },
      {
        "lineNumber": 20,
        "author": {
          "gitId": "YuuTon9"
        },
        "content": "        case \"todo\":"
      },
      {
        "lineNumber": 21,
        "author": {
          "gitId": "YuuTon9"
        },
        "content": "            return new AddCommand(str);"
      },
      {
        "lineNumber": 22,
        "author": {
          "gitId": "YuuTon9"
        },
        "content": "        case \"deadline\":"
      },
      {
        "lineNumber": 23,
        "author": {
          "gitId": "YuuTon9"
        },
        "content": "            return new AddCommand(str);"
      },
      {
        "lineNumber": 24,
        "author": {
          "gitId": "YuuTon9"
        },
        "content": "        case \"event\":"
      },
      {
        "lineNumber": 25,
        "author": {
          "gitId": "YuuTon9"
        },
        "content": "            return new AddCommand(str);"
      },
      {
        "lineNumber": 26,
        "author": {
          "gitId": "YuuTon9"
        },
        "content": "        case \"list\":"
      },
      {
        "lineNumber": 27,
        "author": {
          "gitId": "YuuTon9"
        },
        "content": "            return new ListCommand(str);"
      },
      {
        "lineNumber": 28,
        "author": {
          "gitId": "YuuTon9"
        },
        "content": "        case \"delete\":"
      },
      {
        "lineNumber": 29,
        "author": {
          "gitId": "YuuTon9"
        },
        "content": "            return new DeleteCommand(str);"
      },
      {
        "lineNumber": 30,
        "author": {
          "gitId": "YuuTon9"
        },
        "content": "        case \"done\":"
      },
      {
        "lineNumber": 31,
        "author": {
          "gitId": "YuuTon9"
        },
        "content": "            return new DoneCommand(str);"
      },
      {
        "lineNumber": 32,
        "author": {
          "gitId": "YuuTon9"
        },
        "content": "        case \"bye\":"
      },
      {
        "lineNumber": 33,
        "author": {
          "gitId": "YuuTon9"
        },
        "content": "            return new ByeCommand(str);"
      },
      {
        "lineNumber": 34,
        "author": {
          "gitId": "YuuTon9"
        },
        "content": "        default:"
      },
      {
        "lineNumber": 35,
        "author": {
          "gitId": "YuuTon9"
        },
        "content": "            throw new DukeException(\"Please like pass in an input\");"
      },
      {
        "lineNumber": 36,
        "author": {
          "gitId": "YuuTon9"
        },
        "content": "        }"
      },
      {
        "lineNumber": 37,
        "author": {
          "gitId": "YuuTon9"
        },
        "content": "    }"
      },
      {
        "lineNumber": 38,
        "author": {
          "gitId": "YuuTon9"
        },
        "content": ""
      },
      {
        "lineNumber": 39,
        "author": {
          "gitId": "YuuTon9"
        },
        "content": ""
      },
      {
        "lineNumber": 40,
        "author": {
          "gitId": "YuuTon9"
        },
        "content": "}"
      },
      {
        "lineNumber": 41,
        "author": {
          "gitId": "YuuTon9"
        },
        "content": ""
      }
    ],
    "authorContributionMap": {
      "YuuTon9": 41
    }
  },
  {
    "path": "src/main/java/duke/Storage.java",
    "fileType": "java",
    "lines": [
      {
        "lineNumber": 1,
        "author": {
          "gitId": "YuuTon9"
        },
        "content": "package duke;"
      },
      {
        "lineNumber": 2,
        "author": {
          "gitId": "YuuTon9"
        },
        "content": ""
      },
      {
        "lineNumber": 3,
        "author": {
          "gitId": "YuuTon9"
        },
        "content": "import java.nio.file.Files;"
      },
      {
        "lineNumber": 4,
        "author": {
          "gitId": "YuuTon9"
        },
        "content": "import java.nio.file.Path;"
      },
      {
        "lineNumber": 5,
        "author": {
          "gitId": "YuuTon9"
        },
        "content": "import java.nio.file.Paths;"
      },
      {
        "lineNumber": 6,
        "author": {
          "gitId": "YuuTon9"
        },
        "content": "import java.io.BufferedWriter;"
      },
      {
        "lineNumber": 7,
        "author": {
          "gitId": "YuuTon9"
        },
        "content": "import java.io.FileWriter;"
      },
      {
        "lineNumber": 8,
        "author": {
          "gitId": "YuuTon9"
        },
        "content": "import java.util.List;"
      },
      {
        "lineNumber": 9,
        "author": {
          "gitId": "YuuTon9"
        },
        "content": "import java.util.ArrayList;"
      },
      {
        "lineNumber": 10,
        "author": {
          "gitId": "YuuTon9"
        },
        "content": "import java.util.Arrays;"
      },
      {
        "lineNumber": 11,
        "author": {
          "gitId": "YuuTon9"
        },
        "content": "import java.time.LocalDate;"
      },
      {
        "lineNumber": 12,
        "author": {
          "gitId": "YuuTon9"
        },
        "content": "import java.io.IOException;"
      },
      {
        "lineNumber": 13,
        "author": {
          "gitId": "YuuTon9"
        },
        "content": "import java.time.LocalDate;"
      },
      {
        "lineNumber": 14,
        "author": {
          "gitId": "YuuTon9"
        },
        "content": ""
      },
      {
        "lineNumber": 15,
        "author": {
          "gitId": "YuuTon9"
        },
        "content": "public class Storage {"
      },
      {
        "lineNumber": 16,
        "author": {
          "gitId": "YuuTon9"
        },
        "content": "    private String directory \u003d System.getProperty(\"user.dir\");"
      },
      {
        "lineNumber": 17,
        "author": {
          "gitId": "YuuTon9"
        },
        "content": "    private String fileName \u003d \"filedata.txt\";"
      },
      {
        "lineNumber": 18,
        "author": {
          "gitId": "YuuTon9"
        },
        "content": "    private Path path \u003d Paths.get(directory, fileName);"
      },
      {
        "lineNumber": 19,
        "author": {
          "gitId": "YuuTon9"
        },
        "content": "    private ArrayList\u003cTask\u003e lst \u003d new ArrayList\u003cTask\u003e();"
      },
      {
        "lineNumber": 20,
        "author": {
          "gitId": "YuuTon9"
        },
        "content": ""
      },
      {
        "lineNumber": 21,
        "author": {
          "gitId": "YuuTon9"
        },
        "content": "    public Storage() {};"
      },
      {
        "lineNumber": 22,
        "author": {
          "gitId": "YuuTon9"
        },
        "content": ""
      },
      {
        "lineNumber": 23,
        "author": {
          "gitId": "YuuTon9"
        },
        "content": "    public ArrayList\u003cTask\u003e readFile() {//returns tasklist + task number (appended to the back)"
      },
      {
        "lineNumber": 24,
        "author": {
          "gitId": "YuuTon9"
        },
        "content": "        int tasks \u003d 0;"
      },
      {
        "lineNumber": 25,
        "author": {
          "gitId": "YuuTon9"
        },
        "content": "        try {"
      },
      {
        "lineNumber": 26,
        "author": {
          "gitId": "YuuTon9"
        },
        "content": "            List\u003cString\u003e input \u003d Files.readAllLines(path);"
      },
      {
        "lineNumber": 27,
        "author": {
          "gitId": "YuuTon9"
        },
        "content": "            for (int i \u003d 0; i \u003c input.size(); i++) {"
      },
      {
        "lineNumber": 28,
        "author": {
          "gitId": "YuuTon9"
        },
        "content": "                tasks++;"
      },
      {
        "lineNumber": 29,
        "author": {
          "gitId": "YuuTon9"
        },
        "content": "                String[] temp \u003d input.get(i).split(\"\\\\|\");"
      },
      {
        "lineNumber": 30,
        "author": {
          "gitId": "YuuTon9"
        },
        "content": "                //is there a way to add different child class instances without 3 diff if-else statement"
      },
      {
        "lineNumber": 31,
        "author": {
          "gitId": "YuuTon9"
        },
        "content": "                if (temp[0].equals(\"T\")) {"
      },
      {
        "lineNumber": 32,
        "author": {
          "gitId": "YuuTon9"
        },
        "content": "                    Todo todo \u003d new Todo(temp[2]);"
      },
      {
        "lineNumber": 33,
        "author": {
          "gitId": "YuuTon9"
        },
        "content": "                    if (todo.getStatusIcon().equals(\"Y\")) {"
      },
      {
        "lineNumber": 34,
        "author": {
          "gitId": "YuuTon9"
        },
        "content": "                        todo.doAct();"
      },
      {
        "lineNumber": 35,
        "author": {
          "gitId": "YuuTon9"
        },
        "content": "                        tasks--;"
      },
      {
        "lineNumber": 36,
        "author": {
          "gitId": "YuuTon9"
        },
        "content": "                    }"
      },
      {
        "lineNumber": 37,
        "author": {
          "gitId": "YuuTon9"
        },
        "content": "                    lst.add(todo);"
      },
      {
        "lineNumber": 38,
        "author": {
          "gitId": "YuuTon9"
        },
        "content": "                } else {"
      },
      {
        "lineNumber": 39,
        "author": {
          "gitId": "YuuTon9"
        },
        "content": "                    LocalDate localdate \u003d setDate(temp);"
      },
      {
        "lineNumber": 40,
        "author": {
          "gitId": "YuuTon9"
        },
        "content": "                    if (temp[0].equals(\"D\")) {"
      },
      {
        "lineNumber": 41,
        "author": {
          "gitId": "YuuTon9"
        },
        "content": "                        Deadline deadline \u003d new Deadline(temp[2], localdate);"
      },
      {
        "lineNumber": 42,
        "author": {
          "gitId": "YuuTon9"
        },
        "content": "                        addtask(deadline, tasks);"
      },
      {
        "lineNumber": 43,
        "author": {
          "gitId": "YuuTon9"
        },
        "content": "                        deadline.setTime(temp[3]);"
      },
      {
        "lineNumber": 44,
        "author": {
          "gitId": "YuuTon9"
        },
        "content": "                        lst.add(deadline);"
      },
      {
        "lineNumber": 45,
        "author": {
          "gitId": "YuuTon9"
        },
        "content": "                    } else {"
      },
      {
        "lineNumber": 46,
        "author": {
          "gitId": "YuuTon9"
        },
        "content": "                        Event event \u003d new Event(temp[2], localdate);"
      },
      {
        "lineNumber": 47,
        "author": {
          "gitId": "YuuTon9"
        },
        "content": "                        addtask(event, tasks);"
      },
      {
        "lineNumber": 48,
        "author": {
          "gitId": "YuuTon9"
        },
        "content": "                        event.setTime(temp[3]);"
      },
      {
        "lineNumber": 49,
        "author": {
          "gitId": "YuuTon9"
        },
        "content": "                        lst.add(event);"
      },
      {
        "lineNumber": 50,
        "author": {
          "gitId": "YuuTon9"
        },
        "content": "                    }"
      },
      {
        "lineNumber": 51,
        "author": {
          "gitId": "YuuTon9"
        },
        "content": ""
      },
      {
        "lineNumber": 52,
        "author": {
          "gitId": "YuuTon9"
        },
        "content": "                }"
      },
      {
        "lineNumber": 53,
        "author": {
          "gitId": "YuuTon9"
        },
        "content": "            }"
      },
      {
        "lineNumber": 54,
        "author": {
          "gitId": "YuuTon9"
        },
        "content": "        } catch (IOException e) {"
      },
      {
        "lineNumber": 55,
        "author": {
          "gitId": "YuuTon9"
        },
        "content": "            e.printStackTrace();"
      },
      {
        "lineNumber": 56,
        "author": {
          "gitId": "YuuTon9"
        },
        "content": "        }"
      },
      {
        "lineNumber": 57,
        "author": {
          "gitId": "YuuTon9"
        },
        "content": "        return lst;"
      },
      {
        "lineNumber": 58,
        "author": {
          "gitId": "YuuTon9"
        },
        "content": "    }"
      },
      {
        "lineNumber": 59,
        "author": {
          "gitId": "YuuTon9"
        },
        "content": ""
      },
      {
        "lineNumber": 60,
        "author": {
          "gitId": "YuuTon9"
        },
        "content": "    public void writeToFile(TaskList lst){"
      },
      {
        "lineNumber": 61,
        "author": {
          "gitId": "YuuTon9"
        },
        "content": "        try {"
      },
      {
        "lineNumber": 62,
        "author": {
          "gitId": "YuuTon9"
        },
        "content": "            BufferedWriter writer \u003d new BufferedWriter(new FileWriter(fileName));"
      },
      {
        "lineNumber": 63,
        "author": {
          "gitId": "YuuTon9"
        },
        "content": "            for (int i \u003d 0; i \u003c lst.getSize(); i++) {"
      },
      {
        "lineNumber": 64,
        "author": {
          "gitId": "YuuTon9"
        },
        "content": "                Task task \u003d lst.getTask(i);"
      },
      {
        "lineNumber": 65,
        "author": {
          "gitId": "YuuTon9"
        },
        "content": "                if (task instanceof Todo) {"
      },
      {
        "lineNumber": 66,
        "author": {
          "gitId": "YuuTon9"
        },
        "content": "                    writer.write(\"T\" + \"|\" + task.getStatusIcon() + \"|\" + task.getD());"
      },
      {
        "lineNumber": 67,
        "author": {
          "gitId": "YuuTon9"
        },
        "content": "                    writer.newLine();"
      },
      {
        "lineNumber": 68,
        "author": {
          "gitId": "YuuTon9"
        },
        "content": "                } else {"
      },
      {
        "lineNumber": 69,
        "author": {
          "gitId": "YuuTon9"
        },
        "content": "                    writer.write(task.getType() + \"|\" + task.getStatusIcon() + \"|\" + task.getD() + \"|\" + task.getTime());"
      },
      {
        "lineNumber": 70,
        "author": {
          "gitId": "YuuTon9"
        },
        "content": "                    writer.newLine();"
      },
      {
        "lineNumber": 71,
        "author": {
          "gitId": "YuuTon9"
        },
        "content": "                }"
      },
      {
        "lineNumber": 72,
        "author": {
          "gitId": "YuuTon9"
        },
        "content": ""
      },
      {
        "lineNumber": 73,
        "author": {
          "gitId": "YuuTon9"
        },
        "content": "            }"
      },
      {
        "lineNumber": 74,
        "author": {
          "gitId": "YuuTon9"
        },
        "content": "            writer.close();"
      },
      {
        "lineNumber": 75,
        "author": {
          "gitId": "YuuTon9"
        },
        "content": "        } catch (IOException e) {"
      },
      {
        "lineNumber": 76,
        "author": {
          "gitId": "YuuTon9"
        },
        "content": "            e.printStackTrace();"
      },
      {
        "lineNumber": 77,
        "author": {
          "gitId": "YuuTon9"
        },
        "content": "        }"
      },
      {
        "lineNumber": 78,
        "author": {
          "gitId": "YuuTon9"
        },
        "content": "    }"
      },
      {
        "lineNumber": 79,
        "author": {
          "gitId": "YuuTon9"
        },
        "content": ""
      },
      {
        "lineNumber": 80,
        "author": {
          "gitId": "YuuTon9"
        },
        "content": "    private LocalDate setDate(String[] temp) {"
      },
      {
        "lineNumber": 81,
        "author": {
          "gitId": "YuuTon9"
        },
        "content": "        String[] temp1 \u003d temp[3].split(\" \");"
      },
      {
        "lineNumber": 82,
        "author": {
          "gitId": "YuuTon9"
        },
        "content": "        String[] temp2 \u003d temp1[1].split(\"/\");"
      },
      {
        "lineNumber": 83,
        "author": {
          "gitId": "YuuTon9"
        },
        "content": "        int year \u003d Integer.parseInt(temp2[2]);"
      },
      {
        "lineNumber": 84,
        "author": {
          "gitId": "YuuTon9"
        },
        "content": "        int month \u003d Integer.parseInt(temp2[1]);"
      },
      {
        "lineNumber": 85,
        "author": {
          "gitId": "YuuTon9"
        },
        "content": "        int day \u003d Integer.parseInt(temp2[0]);"
      },
      {
        "lineNumber": 86,
        "author": {
          "gitId": "YuuTon9"
        },
        "content": "        int time \u003d Integer.parseInt(temp1[2]);"
      },
      {
        "lineNumber": 87,
        "author": {
          "gitId": "YuuTon9"
        },
        "content": "        LocalDate localdate \u003d LocalDate.of(year, month, day);"
      },
      {
        "lineNumber": 88,
        "author": {
          "gitId": "YuuTon9"
        },
        "content": "        return localdate;"
      },
      {
        "lineNumber": 89,
        "author": {
          "gitId": "YuuTon9"
        },
        "content": "    }"
      },
      {
        "lineNumber": 90,
        "author": {
          "gitId": "YuuTon9"
        },
        "content": ""
      },
      {
        "lineNumber": 91,
        "author": {
          "gitId": "YuuTon9"
        },
        "content": "    private void addtask(Task task, int tasks) {"
      },
      {
        "lineNumber": 92,
        "author": {
          "gitId": "YuuTon9"
        },
        "content": "        if (task.getStatusIcon().equals(\"Y\")) {"
      },
      {
        "lineNumber": 93,
        "author": {
          "gitId": "YuuTon9"
        },
        "content": "            task.doAct();"
      },
      {
        "lineNumber": 94,
        "author": {
          "gitId": "YuuTon9"
        },
        "content": "            tasks--;"
      },
      {
        "lineNumber": 95,
        "author": {
          "gitId": "YuuTon9"
        },
        "content": "        }"
      },
      {
        "lineNumber": 96,
        "author": {
          "gitId": "YuuTon9"
        },
        "content": "    }"
      },
      {
        "lineNumber": 97,
        "author": {
          "gitId": "YuuTon9"
        },
        "content": "}"
      }
    ],
    "authorContributionMap": {
      "YuuTon9": 97
    }
  },
  {
    "path": "src/main/java/duke/Task.java",
    "fileType": "java",
    "lines": [
      {
        "lineNumber": 1,
        "author": {
          "gitId": "YuuTon9"
        },
        "content": "package duke;"
      },
      {
        "lineNumber": 2,
        "author": {
          "gitId": "YuuTon9"
        },
        "content": ""
      },
      {
        "lineNumber": 3,
        "author": {
          "gitId": "YuuTon9"
        },
        "content": "import java.time.LocalDate;"
      },
      {
        "lineNumber": 4,
        "author": {
          "gitId": "YuuTon9"
        },
        "content": ""
      },
      {
        "lineNumber": 5,
        "author": {
          "gitId": "YuuTon9"
        },
        "content": "public class Task {"
      },
      {
        "lineNumber": 6,
        "author": {
          "gitId": "YuuTon9"
        },
        "content": "    protected String description;"
      },
      {
        "lineNumber": 7,
        "author": {
          "gitId": "YuuTon9"
        },
        "content": "    protected boolean isDone;"
      },
      {
        "lineNumber": 8,
        "author": {
          "gitId": "YuuTon9"
        },
        "content": "    protected String typeD;"
      },
      {
        "lineNumber": 9,
        "author": {
          "gitId": "YuuTon9"
        },
        "content": "    protected String timeD;"
      },
      {
        "lineNumber": 10,
        "author": {
          "gitId": "YuuTon9"
        },
        "content": ""
      },
      {
        "lineNumber": 11,
        "author": {
          "gitId": "YuuTon9"
        },
        "content": "    public Task(String description) {"
      },
      {
        "lineNumber": 12,
        "author": {
          "gitId": "YuuTon9"
        },
        "content": "        this.description \u003d description;"
      },
      {
        "lineNumber": 13,
        "author": {
          "gitId": "YuuTon9"
        },
        "content": "        this.isDone \u003d false;"
      },
      {
        "lineNumber": 14,
        "author": {
          "gitId": "YuuTon9"
        },
        "content": "    }"
      },
      {
        "lineNumber": 15,
        "author": {
          "gitId": "YuuTon9"
        },
        "content": ""
      },
      {
        "lineNumber": 16,
        "author": {
          "gitId": "YuuTon9"
        },
        "content": "    public boolean getStatus() { return this.isDone; }"
      },
      {
        "lineNumber": 17,
        "author": {
          "gitId": "YuuTon9"
        },
        "content": ""
      },
      {
        "lineNumber": 18,
        "author": {
          "gitId": "YuuTon9"
        },
        "content": "    public String getStatusIcon() {"
      },
      {
        "lineNumber": 19,
        "author": {
          "gitId": "YuuTon9"
        },
        "content": "        return (isDone ? \"Y\" : \"N\"); //return tick or X symbols"
      },
      {
        "lineNumber": 20,
        "author": {
          "gitId": "YuuTon9"
        },
        "content": "    }"
      },
      {
        "lineNumber": 21,
        "author": {
          "gitId": "YuuTon9"
        },
        "content": ""
      },
      {
        "lineNumber": 22,
        "author": {
          "gitId": "YuuTon9"
        },
        "content": "    public void doAct() {"
      },
      {
        "lineNumber": 23,
        "author": {
          "gitId": "YuuTon9"
        },
        "content": "        isDone \u003d true;"
      },
      {
        "lineNumber": 24,
        "author": {
          "gitId": "YuuTon9"
        },
        "content": "    }"
      },
      {
        "lineNumber": 25,
        "author": {
          "gitId": "YuuTon9"
        },
        "content": ""
      },
      {
        "lineNumber": 26,
        "author": {
          "gitId": "YuuTon9"
        },
        "content": "    public String getD() {"
      },
      {
        "lineNumber": 27,
        "author": {
          "gitId": "YuuTon9"
        },
        "content": "        return description;"
      },
      {
        "lineNumber": 28,
        "author": {
          "gitId": "YuuTon9"
        },
        "content": "    }"
      },
      {
        "lineNumber": 29,
        "author": {
          "gitId": "YuuTon9"
        },
        "content": ""
      },
      {
        "lineNumber": 30,
        "author": {
          "gitId": "YuuTon9"
        },
        "content": "    public void setTime(String time) {"
      },
      {
        "lineNumber": 31,
        "author": {
          "gitId": "YuuTon9"
        },
        "content": "        this.timeD \u003d time;"
      },
      {
        "lineNumber": 32,
        "author": {
          "gitId": "YuuTon9"
        },
        "content": "    }"
      },
      {
        "lineNumber": 33,
        "author": {
          "gitId": "YuuTon9"
        },
        "content": ""
      },
      {
        "lineNumber": 34,
        "author": {
          "gitId": "YuuTon9"
        },
        "content": "    public String getTime() {"
      },
      {
        "lineNumber": 35,
        "author": {
          "gitId": "YuuTon9"
        },
        "content": "        return this.timeD;"
      },
      {
        "lineNumber": 36,
        "author": {
          "gitId": "YuuTon9"
        },
        "content": "    }"
      },
      {
        "lineNumber": 37,
        "author": {
          "gitId": "YuuTon9"
        },
        "content": ""
      },
      {
        "lineNumber": 38,
        "author": {
          "gitId": "YuuTon9"
        },
        "content": "    public String getType() {"
      },
      {
        "lineNumber": 39,
        "author": {
          "gitId": "YuuTon9"
        },
        "content": "        return this.typeD;"
      },
      {
        "lineNumber": 40,
        "author": {
          "gitId": "YuuTon9"
        },
        "content": "    }"
      },
      {
        "lineNumber": 41,
        "author": {
          "gitId": "YuuTon9"
        },
        "content": ""
      },
      {
        "lineNumber": 42,
        "author": {
          "gitId": "YuuTon9"
        },
        "content": "}"
      }
    ],
    "authorContributionMap": {
      "YuuTon9": 42
    }
  },
  {
    "path": "src/main/java/duke/TaskList.java",
    "fileType": "java",
    "lines": [
      {
        "lineNumber": 1,
        "author": {
          "gitId": "YuuTon9"
        },
        "content": "package duke;"
      },
      {
        "lineNumber": 2,
        "author": {
          "gitId": "YuuTon9"
        },
        "content": ""
      },
      {
        "lineNumber": 3,
        "author": {
          "gitId": "YuuTon9"
        },
        "content": "import java.util.ArrayList;"
      },
      {
        "lineNumber": 4,
        "author": {
          "gitId": "YuuTon9"
        },
        "content": ""
      },
      {
        "lineNumber": 5,
        "author": {
          "gitId": "YuuTon9"
        },
        "content": "public class TaskList {"
      },
      {
        "lineNumber": 6,
        "author": {
          "gitId": "YuuTon9"
        },
        "content": "    ArrayList\u003cTask\u003e lst;"
      },
      {
        "lineNumber": 7,
        "author": {
          "gitId": "YuuTon9"
        },
        "content": ""
      },
      {
        "lineNumber": 8,
        "author": {
          "gitId": "YuuTon9"
        },
        "content": "    TaskList() {"
      },
      {
        "lineNumber": 9,
        "author": {
          "gitId": "YuuTon9"
        },
        "content": "        this.lst \u003d new ArrayList\u003cTask\u003e();"
      },
      {
        "lineNumber": 10,
        "author": {
          "gitId": "YuuTon9"
        },
        "content": "    }"
      },
      {
        "lineNumber": 11,
        "author": {
          "gitId": "YuuTon9"
        },
        "content": "    TaskList(ArrayList\u003cTask\u003e lst) {"
      },
      {
        "lineNumber": 12,
        "author": {
          "gitId": "YuuTon9"
        },
        "content": "        this.lst \u003d lst;"
      },
      {
        "lineNumber": 13,
        "author": {
          "gitId": "YuuTon9"
        },
        "content": "    }"
      },
      {
        "lineNumber": 14,
        "author": {
          "gitId": "YuuTon9"
        },
        "content": ""
      },
      {
        "lineNumber": 15,
        "author": {
          "gitId": "YuuTon9"
        },
        "content": "    void addTask(Task task) {"
      },
      {
        "lineNumber": 16,
        "author": {
          "gitId": "YuuTon9"
        },
        "content": "        lst.add(task);"
      },
      {
        "lineNumber": 17,
        "author": {
          "gitId": "YuuTon9"
        },
        "content": "    }"
      },
      {
        "lineNumber": 18,
        "author": {
          "gitId": "YuuTon9"
        },
        "content": ""
      },
      {
        "lineNumber": 19,
        "author": {
          "gitId": "YuuTon9"
        },
        "content": "    void deleteTask(Task task) throws DukeException {"
      },
      {
        "lineNumber": 20,
        "author": {
          "gitId": "YuuTon9"
        },
        "content": "        if (lst.size() \u003d\u003d 0) {"
      },
      {
        "lineNumber": 21,
        "author": {
          "gitId": "YuuTon9"
        },
        "content": "            throw new DukeException(\"No task to delete\");"
      },
      {
        "lineNumber": 22,
        "author": {
          "gitId": "YuuTon9"
        },
        "content": "        }"
      },
      {
        "lineNumber": 23,
        "author": {
          "gitId": "YuuTon9"
        },
        "content": "        lst.remove(task);"
      },
      {
        "lineNumber": 24,
        "author": {
          "gitId": "YuuTon9"
        },
        "content": "    }"
      },
      {
        "lineNumber": 25,
        "author": {
          "gitId": "YuuTon9"
        },
        "content": ""
      },
      {
        "lineNumber": 26,
        "author": {
          "gitId": "YuuTon9"
        },
        "content": "    Task getTask(int counter) {"
      },
      {
        "lineNumber": 27,
        "author": {
          "gitId": "YuuTon9"
        },
        "content": "        return lst.get(counter);"
      },
      {
        "lineNumber": 28,
        "author": {
          "gitId": "YuuTon9"
        },
        "content": "    }"
      },
      {
        "lineNumber": 29,
        "author": {
          "gitId": "YuuTon9"
        },
        "content": ""
      },
      {
        "lineNumber": 30,
        "author": {
          "gitId": "YuuTon9"
        },
        "content": "    int getSize() {return lst.size();}"
      },
      {
        "lineNumber": 31,
        "author": {
          "gitId": "YuuTon9"
        },
        "content": ""
      },
      {
        "lineNumber": 32,
        "author": {
          "gitId": "YuuTon9"
        },
        "content": "}"
      },
      {
        "lineNumber": 33,
        "author": {
          "gitId": "YuuTon9"
        },
        "content": ""
      }
    ],
    "authorContributionMap": {
      "YuuTon9": 33
    }
  },
  {
    "path": "src/main/java/duke/Todo.java",
    "fileType": "java",
    "lines": [
      {
        "lineNumber": 1,
        "author": {
          "gitId": "YuuTon9"
        },
        "content": "package duke;"
      },
      {
        "lineNumber": 2,
        "author": {
          "gitId": "YuuTon9"
        },
        "content": ""
      },
      {
        "lineNumber": 3,
        "author": {
          "gitId": "YuuTon9"
        },
        "content": "public class Todo extends Task {"
      },
      {
        "lineNumber": 4,
        "author": {
          "gitId": "YuuTon9"
        },
        "content": ""
      },
      {
        "lineNumber": 5,
        "author": {
          "gitId": "YuuTon9"
        },
        "content": "    public Todo(String description) {"
      },
      {
        "lineNumber": 6,
        "author": {
          "gitId": "YuuTon9"
        },
        "content": "        super(description);"
      },
      {
        "lineNumber": 7,
        "author": {
          "gitId": "YuuTon9"
        },
        "content": "        this.typeD \u003d \"T\";"
      },
      {
        "lineNumber": 8,
        "author": {
          "gitId": "YuuTon9"
        },
        "content": "    }"
      },
      {
        "lineNumber": 9,
        "author": {
          "gitId": "YuuTon9"
        },
        "content": ""
      },
      {
        "lineNumber": 10,
        "author": {
          "gitId": "YuuTon9"
        },
        "content": "    @Override"
      },
      {
        "lineNumber": 11,
        "author": {
          "gitId": "YuuTon9"
        },
        "content": "    public String toString() {"
      },
      {
        "lineNumber": 12,
        "author": {
          "gitId": "YuuTon9"
        },
        "content": "        return String.format(\"[%s] [%s] %s\",this.typeD,getStatusIcon(),this.description);"
      },
      {
        "lineNumber": 13,
        "author": {
          "gitId": "YuuTon9"
        },
        "content": "    }"
      },
      {
        "lineNumber": 14,
        "author": {
          "gitId": "YuuTon9"
        },
        "content": ""
      },
      {
        "lineNumber": 15,
        "author": {
          "gitId": "YuuTon9"
        },
        "content": "}"
      }
    ],
    "authorContributionMap": {
      "YuuTon9": 15
    }
  },
  {
    "path": "src/main/java/duke/Ui.java",
    "fileType": "java",
    "lines": [
      {
        "lineNumber": 1,
        "author": {
          "gitId": "YuuTon9"
        },
        "content": "package duke;"
      },
      {
        "lineNumber": 2,
        "author": {
          "gitId": "YuuTon9"
        },
        "content": ""
      },
      {
        "lineNumber": 3,
        "author": {
          "gitId": "YuuTon9"
        },
        "content": "import java.util.Scanner;"
      },
      {
        "lineNumber": 4,
        "author": {
          "gitId": "YuuTon9"
        },
        "content": ""
      },
      {
        "lineNumber": 5,
        "author": {
          "gitId": "YuuTon9"
        },
        "content": "public class Ui {"
      },
      {
        "lineNumber": 6,
        "author": {
          "gitId": "YuuTon9"
        },
        "content": "    private String output;"
      },
      {
        "lineNumber": 7,
        "author": {
          "gitId": "YuuTon9"
        },
        "content": ""
      },
      {
        "lineNumber": 8,
        "author": {
          "gitId": "YuuTon9"
        },
        "content": "    Ui() {this.output \u003d \"\";}"
      },
      {
        "lineNumber": 9,
        "author": {
          "gitId": "YuuTon9"
        },
        "content": ""
      },
      {
        "lineNumber": 10,
        "author": {
          "gitId": "YuuTon9"
        },
        "content": "    public String readCommand() {"
      },
      {
        "lineNumber": 11,
        "author": {
          "gitId": "YuuTon9"
        },
        "content": "        Scanner sc \u003d new Scanner(System.in);"
      },
      {
        "lineNumber": 12,
        "author": {
          "gitId": "YuuTon9"
        },
        "content": "        String input \u003d sc.nextLine();"
      },
      {
        "lineNumber": 13,
        "author": {
          "gitId": "YuuTon9"
        },
        "content": "        return input;"
      },
      {
        "lineNumber": 14,
        "author": {
          "gitId": "YuuTon9"
        },
        "content": "    }"
      },
      {
        "lineNumber": 15,
        "author": {
          "gitId": "YuuTon9"
        },
        "content": ""
      },
      {
        "lineNumber": 16,
        "author": {
          "gitId": "YuuTon9"
        },
        "content": "    public String showLine() {"
      },
      {
        "lineNumber": 17,
        "author": {
          "gitId": "YuuTon9"
        },
        "content": "        output \u003d \"_______\";"
      },
      {
        "lineNumber": 18,
        "author": {
          "gitId": "YuuTon9"
        },
        "content": "        return output;"
      },
      {
        "lineNumber": 19,
        "author": {
          "gitId": "YuuTon9"
        },
        "content": "    }"
      },
      {
        "lineNumber": 20,
        "author": {
          "gitId": "YuuTon9"
        },
        "content": ""
      },
      {
        "lineNumber": 21,
        "author": {
          "gitId": "YuuTon9"
        },
        "content": "    public String showLoadingError() {"
      },
      {
        "lineNumber": 22,
        "author": {
          "gitId": "YuuTon9"
        },
        "content": "        output \u003d \"Unable to load\";"
      },
      {
        "lineNumber": 23,
        "author": {
          "gitId": "YuuTon9"
        },
        "content": "        return output;"
      },
      {
        "lineNumber": 24,
        "author": {
          "gitId": "YuuTon9"
        },
        "content": "    }"
      },
      {
        "lineNumber": 25,
        "author": {
          "gitId": "YuuTon9"
        },
        "content": ""
      },
      {
        "lineNumber": 26,
        "author": {
          "gitId": "YuuTon9"
        },
        "content": "    public String showError(String err) {"
      },
      {
        "lineNumber": 27,
        "author": {
          "gitId": "YuuTon9"
        },
        "content": "        return err;"
      },
      {
        "lineNumber": 28,
        "author": {
          "gitId": "YuuTon9"
        },
        "content": "    }"
      },
      {
        "lineNumber": 29,
        "author": {
          "gitId": "YuuTon9"
        },
        "content": "     public String greet() {"
      },
      {
        "lineNumber": 30,
        "author": {
          "gitId": "YuuTon9"
        },
        "content": "        output \u003d \"Hey! I\u0027m Duke! + \\n\" + \"What can I help you with?\";"
      },
      {
        "lineNumber": 31,
        "author": {
          "gitId": "YuuTon9"
        },
        "content": "        return output;"
      },
      {
        "lineNumber": 32,
        "author": {
          "gitId": "YuuTon9"
        },
        "content": "    }"
      },
      {
        "lineNumber": 33,
        "author": {
          "gitId": "YuuTon9"
        },
        "content": ""
      },
      {
        "lineNumber": 34,
        "author": {
          "gitId": "YuuTon9"
        },
        "content": "    public String taskAdd(Task task, int tasks) {"
      },
      {
        "lineNumber": 35,
        "author": {
          "gitId": "YuuTon9"
        },
        "content": "        output \u003d  \"Got it. I\u0027ve added this task: \\n\" + task + \"\\n\" + \"Now you have \""
      },
      {
        "lineNumber": 36,
        "author": {
          "gitId": "YuuTon9"
        },
        "content": "                + tasks  + \"\\n\"+ \" tasks in the list.\\n\";"
      },
      {
        "lineNumber": 37,
        "author": {
          "gitId": "YuuTon9"
        },
        "content": "        return output;"
      },
      {
        "lineNumber": 38,
        "author": {
          "gitId": "YuuTon9"
        },
        "content": "    }"
      },
      {
        "lineNumber": 39,
        "author": {
          "gitId": "YuuTon9"
        },
        "content": ""
      },
      {
        "lineNumber": 40,
        "author": {
          "gitId": "YuuTon9"
        },
        "content": "    public String taskDone(Task task, int tasks) {"
      },
      {
        "lineNumber": 41,
        "author": {
          "gitId": "YuuTon9"
        },
        "content": "        output \u003d \"Nice! I\u0027ve marked this task as done: \\n\" + task + \"\\n\" + \"Now you have \""
      },
      {
        "lineNumber": 42,
        "author": {
          "gitId": "YuuTon9"
        },
        "content": "                + tasks + \"\\n\" + \" tasks in the list.\\n\";"
      },
      {
        "lineNumber": 43,
        "author": {
          "gitId": "YuuTon9"
        },
        "content": "        return output;"
      },
      {
        "lineNumber": 44,
        "author": {
          "gitId": "YuuTon9"
        },
        "content": "    }"
      },
      {
        "lineNumber": 45,
        "author": {
          "gitId": "YuuTon9"
        },
        "content": ""
      },
      {
        "lineNumber": 46,
        "author": {
          "gitId": "YuuTon9"
        },
        "content": "    public String taskDelete(Task task, int tasks) {"
      },
      {
        "lineNumber": 47,
        "author": {
          "gitId": "YuuTon9"
        },
        "content": "        output \u003d \"Noted, I\u0027ve removed this task: \\n\" + task + \"\\n\" + \"Now you have \""
      },
      {
        "lineNumber": 48,
        "author": {
          "gitId": "YuuTon9"
        },
        "content": "                + tasks + \"\\n\" + \" tasks in the list.\\n\";"
      },
      {
        "lineNumber": 49,
        "author": {
          "gitId": "YuuTon9"
        },
        "content": "        return output;"
      },
      {
        "lineNumber": 50,
        "author": {
          "gitId": "YuuTon9"
        },
        "content": "    }"
      },
      {
        "lineNumber": 51,
        "author": {
          "gitId": "YuuTon9"
        },
        "content": ""
      },
      {
        "lineNumber": 52,
        "author": {
          "gitId": "YuuTon9"
        },
        "content": "    public String saybye() {"
      },
      {
        "lineNumber": 53,
        "author": {
          "gitId": "YuuTon9"
        },
        "content": "        output \u003d \"Bye! Hope to see you again soon! \\n\";"
      },
      {
        "lineNumber": 54,
        "author": {
          "gitId": "YuuTon9"
        },
        "content": "        return output;"
      },
      {
        "lineNumber": 55,
        "author": {
          "gitId": "YuuTon9"
        },
        "content": "    }"
      },
      {
        "lineNumber": 56,
        "author": {
          "gitId": "YuuTon9"
        },
        "content": ""
      },
      {
        "lineNumber": 57,
        "author": {
          "gitId": "YuuTon9"
        },
        "content": "    public String errormsg() {"
      },
      {
        "lineNumber": 58,
        "author": {
          "gitId": "YuuTon9"
        },
        "content": "        output \u003d \"Oops but that is not a valid command :-(\";"
      },
      {
        "lineNumber": 59,
        "author": {
          "gitId": "YuuTon9"
        },
        "content": "        return output;"
      },
      {
        "lineNumber": 60,
        "author": {
          "gitId": "YuuTon9"
        },
        "content": "    }"
      },
      {
        "lineNumber": 61,
        "author": {
          "gitId": "YuuTon9"
        },
        "content": ""
      },
      {
        "lineNumber": 62,
        "author": {
          "gitId": "YuuTon9"
        },
        "content": "}"
      }
    ],
    "authorContributionMap": {
      "YuuTon9": 62
    }
  },
  {
    "path": "src/main/java/duke/filedata.txt",
    "fileType": "txt",
    "lines": [
      {
        "lineNumber": 1,
        "author": {
          "gitId": "YuuTon9"
        },
        "content": ""
      }
    ],
    "authorContributionMap": {
      "YuuTon9": 1
    }
  }
]
