{
  "authorDailyContributionsMap": {
    "jwee97": [
      {
        "insertions": 14,
        "deletions": 6,
        "date": "2020-01-20",
        "commitResults": [
          {
            "hash": "a76bf9ca7f1f22091d4609897445025d7990f3e7",
            "messageTitle": "Level 1 Completed",
            "messageBody": "",
            "insertions": 14,
            "deletions": 6
          }
        ]
      },
      {
        "insertions": 89,
        "deletions": 15,
        "date": "2020-01-21",
        "commitResults": [
          {
            "hash": "24f6ed61f84416489719519baa972c3fc3933faa",
            "messageTitle": "Level 2 Completed",
            "messageBody": "",
            "insertions": 30,
            "deletions": 3
          },
          {
            "hash": "0736472a36e6e9eb6e0e6779a2f247540fc17879",
            "messageTitle": "Level 3 Completed",
            "messageBody": "",
            "insertions": 59,
            "deletions": 12
          }
        ]
      },
      {
        "insertions": 157,
        "deletions": 49,
        "date": "2020-01-23",
        "commitResults": [
          {
            "hash": "4f5649aabe0e846247f10adc5dc73ae7e3cdd8ad",
            "messageTitle": "Level 4 Completed",
            "messageBody": "",
            "insertions": 72,
            "deletions": 2
          },
          {
            "hash": "7577d2cb64c3e10c3ce9133696875ee592de41e4",
            "messageTitle": "Level 5 Completed",
            "messageBody": "",
            "insertions": 61,
            "deletions": 41
          },
          {
            "hash": "fc1571733e6a09f13d8b9ac38f3ef6dc8e2518a3",
            "messageTitle": "Level 6 Completed",
            "messageBody": "",
            "insertions": 24,
            "deletions": 6
          }
        ]
      },
      {
        "insertions": 57,
        "deletions": 0,
        "date": "2020-01-26",
        "commitResults": [
          {
            "hash": "8b458449a8d3c89bcf3a869c0aff15737cc6621a",
            "messageTitle": "Automated Testing included",
            "messageBody": "",
            "tags": [
              "Level-6"
            ],
            "insertions": 57,
            "deletions": 0
          }
        ]
      },
      {
        "insertions": 103,
        "deletions": 11,
        "date": "2020-02-03",
        "commitResults": [
          {
            "hash": "2d9ecbf06132f7ca386e9ccbf37252d0f46db7b4",
            "messageTitle": "Level 7 Completed",
            "messageBody": "",
            "tags": [
              "Level-7"
            ],
            "insertions": 81,
            "deletions": 9
          },
          {
            "hash": "2ab456b7d0fea7126ec2801511649c0176e71440",
            "messageTitle": "Level 8 Complete",
            "messageBody": "",
            "tags": [
              "Level-8"
            ],
            "insertions": 22,
            "deletions": 2
          }
        ]
      },
      {
        "insertions": 51,
        "deletions": 18,
        "date": "2020-02-04",
        "commitResults": [
          {
            "hash": "3187bb366db2ea44fd3f4afdbc6aa6fb9b7013b4",
            "messageTitle": "Modified Storage class",
            "messageBody": "",
            "insertions": 49,
            "deletions": 13
          },
          {
            "hash": "4267109df776d00dd9e1d466c771fd878bd0f720",
            "messageTitle": "Changed printTaskAdded in MyList class",
            "messageBody": "",
            "insertions": 2,
            "deletions": 5
          }
        ]
      },
      {
        "insertions": 630,
        "deletions": 91,
        "date": "2020-02-09",
        "commitResults": [
          {
            "hash": "8ef70d166541b97ee2debd439debf3c5aa2ed1bc",
            "messageTitle": "Use More OOP",
            "messageBody": "",
            "tags": [
              "A-MoreOOP"
            ],
            "insertions": 226,
            "deletions": 86
          },
          {
            "hash": "8a2a477639952823819df0a3be5575f5e6802053",
            "messageTitle": "Organized into package",
            "messageBody": "",
            "tags": [
              "A-Packages"
            ],
            "insertions": 33,
            "deletions": 1
          },
          {
            "hash": "ee853ab6352523f8136054004b7bd3bbe53ef68f",
            "messageTitle": "JUnit Tess",
            "messageBody": "",
            "tags": [
              "v0.1",
              "A-JUnit"
            ],
            "insertions": 45,
            "deletions": 4
          },
          {
            "hash": "8c21585957d0326c227658250de12ed52e7ca2e9",
            "messageTitle": "Added JavaDoc Comments",
            "messageBody": "",
            "tags": [
              "A-JavaDoc"
            ],
            "insertions": 265,
            "deletions": 0
          },
          {
            "hash": "e8ddc0b4770d42b30f35498174c6f830ea5f9ced",
            "messageTitle": "Level 9 completed",
            "messageBody": "",
            "insertions": 61,
            "deletions": 0
          }
        ]
      },
      {
        "insertions": 350,
        "deletions": 89,
        "date": "2020-02-10",
        "commitResults": [
          {
            "hash": "67328d0c83adb06110c5b5f89324236330798b99",
            "messageTitle": "Added gradle",
            "messageBody": "",
            "tags": [
              "A-Gradle"
            ],
            "insertions": 2,
            "deletions": 1
          },
          {
            "hash": "669fca016a84a3cecc4b9156e6703571f158f4ea",
            "messageTitle": "Added GUI interface",
            "messageBody": "",
            "insertions": 258,
            "deletions": 38
          },
          {
            "hash": "602cfde1547691003d9207610239d11749e69235",
            "messageTitle": "Level 10 Completed",
            "messageBody": "",
            "tags": [
              "Level-10"
            ],
            "insertions": 90,
            "deletions": 50
          }
        ]
      },
      {
        "insertions": 52,
        "deletions": 3,
        "date": "2020-02-11",
        "commitResults": [
          {
            "hash": "ade1a43fbc00b8ddfbbcc17c72102307cb2a0629",
            "messageTitle": "Changed GUI",
            "messageBody": "",
            "insertions": 52,
            "deletions": 3
          }
        ]
      }
    ]
  },
  "authorFinalContributionMap": {
    "jwee97": 1231
  },
  "authorFileTypeContributionMap": {
    "jwee97": {
      "java": 1118,
      "md": 0,
      "fxml": 35,
      "sh": 0,
      "bat": 21,
      "gradle": 26,
      "txt": 31
    }
  },
  "authorContributionVariance": {
    "jwee97": 22801.25
  },
  "authorDisplayNameMap": {
    "jwee97": "CS2103T-W17- 3 WEE ..SHUA"
  }
}
