{
  "authorDailyContributionsMap": {
    "sheexiong": [
      {
        "insertions": 256,
        "deletions": 16,
        "date": "2020-01-23",
        "commitResults": [
          {
            "hash": "081fadb47e34497ae63917df3846cf98ee4cd669",
            "messageTitle": "Update for Level-1",
            "messageBody": "",
            "insertions": 22,
            "deletions": 0
          },
          {
            "hash": "44057061ae0d737a1959c0d804d65927afd88169",
            "messageTitle": "update level-2",
            "messageBody": "",
            "insertions": 20,
            "deletions": 4
          },
          {
            "hash": "6ed4eb9af8dd805fc067ff76b9a43e14c9e11b1d",
            "messageTitle": "Fix Level 2",
            "messageBody": "",
            "insertions": 11,
            "deletions": 8
          },
          {
            "hash": "8221063c33599799d06d6357f4fb9cf289df485d",
            "messageTitle": "Update level 3",
            "messageBody": "",
            "insertions": 33,
            "deletions": 3
          },
          {
            "hash": "e666c45a150047f9c7080844afd6faefec29a6ff",
            "messageTitle": "Update level 4",
            "messageBody": "",
            "insertions": 74,
            "deletions": 1
          },
          {
            "hash": "d7627952bfbe53f384a08c4dca5f07ed73965eca",
            "messageTitle": "update A-TextUiTesting",
            "messageBody": "",
            "insertions": 96,
            "deletions": 0
          }
        ]
      },
      {
        "insertions": 172,
        "deletions": 94,
        "date": "2020-01-24",
        "commitResults": [
          {
            "hash": "1c0adab211d4d26320cfcd4422d6e3c4e2a1a410",
            "messageTitle": "Update A-TextUiTesting bug",
            "messageBody": "",
            "insertions": 56,
            "deletions": 1
          },
          {
            "hash": "c3561a5563424aa67b244939f3c53dfbc4672b5a",
            "messageTitle": "Update Exception",
            "messageBody": "",
            "insertions": 79,
            "deletions": 73
          },
          {
            "hash": "7cfc0a05a10201237a015dfe321a28105d0fdb0e",
            "messageTitle": "Update level 6",
            "messageBody": "",
            "insertions": 37,
            "deletions": 20
          }
        ]
      },
      {
        "insertions": 958,
        "deletions": 406,
        "date": "2020-01-29",
        "commitResults": [
          {
            "hash": "8f63ccc5e6c5dfd9802321faea291a5b4165d565",
            "messageTitle": "Level-7",
            "messageBody": "",
            "insertions": 146,
            "deletions": 7
          },
          {
            "hash": "a7919a5f4f91eed75eedda2158383ba6c8ff11bd",
            "messageTitle": "Update Level-8",
            "messageBody": "",
            "insertions": 17,
            "deletions": 6
          },
          {
            "hash": "98f5910fffd4a1ccb2e14210ca41b72b461b188f",
            "messageTitle": "Fix bug of merging",
            "messageBody": "",
            "insertions": 12,
            "deletions": 32
          },
          {
            "hash": "a344e996bd8ea8464eabe163d80d3f888222aa0f",
            "messageTitle": "Update A-MoreOOP",
            "messageBody": "",
            "insertions": 722,
            "deletions": 305
          },
          {
            "hash": "f664a44e534e8778151b3413167e2c4916909ff0",
            "messageTitle": "Update A-Packages",
            "messageBody": "",
            "insertions": 7,
            "deletions": 2
          },
          {
            "hash": "f0eb05a20f0e62e9d3ec1e17cc3582731b49a6fe",
            "messageTitle": "Update A-Packages v2",
            "messageBody": "",
            "insertions": 54,
            "deletions": 54
          }
        ]
      },
      {
        "insertions": 554,
        "deletions": 32,
        "date": "2020-01-30",
        "commitResults": [
          {
            "hash": "a5713c997f588bb067fbe1fd9fe4e9f5ee10379b",
            "messageTitle": "Update A-JUnit",
            "messageBody": "",
            "insertions": 112,
            "deletions": 6
          },
          {
            "hash": "a3e8ba6c1d00011c1c7af4cbfb9ac78605c8c2bb",
            "messageTitle": "Update A-JavaDoc",
            "messageBody": "",
            "insertions": 339,
            "deletions": 11
          },
          {
            "hash": "34190ba03bf4e0b615d23ff99374ac1b488a60a0",
            "messageTitle": "Update A-CodingStandard",
            "messageBody": "",
            "insertions": 16,
            "deletions": 15
          },
          {
            "hash": "c3ccc880d16db9c222fb589c48eb3a680bb52820",
            "messageTitle": "Update Level-9",
            "messageBody": "",
            "insertions": 47,
            "deletions": 0
          },
          {
            "hash": "6c9eac276922057fc7e358f34d753eb42f6f1ccd",
            "messageTitle": "Fix bug created while resolve conflict.",
            "messageBody": "",
            "insertions": 40,
            "deletions": 0
          }
        ]
      },
      {
        "insertions": 112,
        "deletions": 30,
        "date": "2020-02-01",
        "commitResults": [
          {
            "hash": "199e0d1ca19f5b25345bd81cdfad56f585aa40ce",
            "messageTitle": "Update for A-CheckStyle.",
            "messageBody": "",
            "insertions": 112,
            "deletions": 30
          }
        ]
      },
      {
        "insertions": 278,
        "deletions": 146,
        "date": "2020-02-02",
        "commitResults": [
          {
            "hash": "e966844f3d9a337428be237838573de62d843931",
            "messageTitle": "Implement GUI to duke.",
            "messageBody": "",
            "insertions": 259,
            "deletions": 43
          },
          {
            "hash": "11367750f96d5f30811807e1cc36451f528dcd3c",
            "messageTitle": "Update javadoc and cleanup code",
            "messageBody": "",
            "insertions": 19,
            "deletions": 103
          }
        ]
      }
    ]
  },
  "authorFinalContributionMap": {
    "sheexiong": 1623
  },
  "authorFileTypeContributionMap": {
    "sheexiong": {
      "md": 3,
      "gradle": 28,
      "txt": 3,
      "properties": 3,
      "java": 61,
      "java": 51,
      "java": 12,
      "java": 31,
      "java": 52,
      "java": 33,
      "java": 37,
      "java": 30,
      "java": 31,
      "java": 37,
      "java": 23,
      "java": 44,
      "java": 26,
      "java": 23,
      "java": 32,
      "java": 23,
      "java": 202,
      "java": 169,
      "java": 41,
      "java": 41,
      "java": 82,
      "java": 85,
      "java": 8,
      "java": 27,
      "java": 127,
      "fxml": 16,
      "fxml": 19,
      "java": 30,
      "java": 30,
      "java": 22,
      "TXT": 55,
      "txt": 55,
      "txt": 10,
      "bat": 21
    }
  },
  "authorContributionVariance": {
    "sheexiong": 74589.15
  },
  "authorDisplayNameMap": {
    "sheexiong": "CS2103T-W13- 1 CHEN..IONG"
  }
}
