{
  "authorDailyContributionsMap": {
    "limdylan": [
      {
        "insertions": 14,
        "deletions": 1,
        "date": "2020-01-22",
        "commitResults": [
          {
            "hash": "84b17846d3bbb54b07c15237bfa7f57ef632e384",
            "messageTitle": "Configure Gradle settings",
            "messageBody": "",
            "insertions": 6,
            "deletions": 1
          },
          {
            "hash": "a9e9db816146d25c9af51a1547dfc783ff1a780e",
            "messageTitle": "Add Shadow plugin for Gradle",
            "messageBody": "",
            "tags": [
              "A-Jar"
            ],
            "insertions": 8,
            "deletions": 0
          }
        ]
      },
      {
        "insertions": 539,
        "deletions": 162,
        "date": "2020-01-23",
        "commitResults": [
          {
            "hash": "06bc2efe0eca39581667ede1dbab6984f9787104",
            "messageTitle": "Add echo commands and exit",
            "messageBody": "",
            "tags": [
              "Level-1"
            ],
            "insertions": 14,
            "deletions": 0
          },
          {
            "hash": "5df12a4d2d5c0b1b58fc38a8fd78407ea1f03bef",
            "messageTitle": "Add ability to store texts and display texts",
            "messageBody": "",
            "tags": [
              "Level-2",
              "A-Collections"
            ],
            "insertions": 26,
            "deletions": 5
          },
          {
            "hash": "237c3570271523edfaf1b58784a03e3a9fc8c908",
            "messageTitle": "Add ability to mark tasks as done",
            "messageBody": "",
            "tags": [
              "Level-3"
            ],
            "insertions": 49,
            "deletions": 9
          },
          {
            "hash": "48222b9fd0b3a14ea5b81e904cc9c74d0cf0962f",
            "messageTitle": "Add Task class",
            "messageBody": "",
            "insertions": 33,
            "deletions": 10
          },
          {
            "hash": "7b8ae4bf7f1e5f500f42595792ab1dad7a7c111d",
            "messageTitle": "Add TaskList class",
            "messageBody": "",
            "insertions": 55,
            "deletions": 20
          },
          {
            "hash": "f8eccb900cb52d5a1431606ebc29d9612c7bf8ba",
            "messageTitle": "Add UserInput class",
            "messageBody": "",
            "tags": [
              "A-Classes"
            ],
            "insertions": 38,
            "deletions": 23
          },
          {
            "hash": "45ffe04b00bc8dbacb60e2afcbc7e4df33c52e65",
            "messageTitle": "Add Todo, Deadline and Event classes",
            "messageBody": "",
            "tags": [
              "Level-4",
              "A-Inheritance"
            ],
            "insertions": 94,
            "deletions": 12
          },
          {
            "hash": "ed7cd77ea28baf5272373e98371c9caba7c8f4f1",
            "messageTitle": "Add automated text UI test",
            "messageBody": "",
            "tags": [
              "A-TextUiTesting"
            ],
            "insertions": 28,
            "deletions": 1
          },
          {
            "hash": "3235e696f323a977a125f205c7fdd342a8723ec5",
            "messageTitle": "Remove ability to echo command",
            "messageBody": "",
            "insertions": 4,
            "deletions": 3
          },
          {
            "hash": "0d2c252fb99b62fc9f0df4a7fd2f050b273c0e96",
            "messageTitle": "Change string representation of empty TaskList",
            "messageBody": "",
            "insertions": 3,
            "deletions": 0
          },
          {
            "hash": "29e7a7db018c1cad20e19e95eddbe6e1df2a7096",
            "messageTitle": "Add error handling",
            "messageBody": "",
            "tags": [
              "Level-5"
            ],
            "insertions": 44,
            "deletions": 15
          },
          {
            "hash": "308d3dc4a037410cab5d2149dec1d223c35869de",
            "messageTitle": "Move error handling to appropriate exception classes",
            "messageBody": "",
            "tags": [
              "A-Exceptions"
            ],
            "insertions": 116,
            "deletions": 60
          },
          {
            "hash": "ea5f454cbcf4cb99ebb032c1ee1dc67c13c10da2",
            "messageTitle": "Add ability to delete tasks",
            "messageBody": "",
            "tags": [
              "Level-6"
            ],
            "insertions": 35,
            "deletions": 4
          }
        ]
      },
      {
        "insertions": 135,
        "deletions": 128,
        "date": "2020-01-25",
        "commitResults": [
          {
            "hash": "0f628b57105b21af605759713e81c3621d16aa97",
            "messageTitle": "Rename exceptions",
            "messageBody": "",
            "insertions": 2,
            "deletions": 2
          },
          {
            "hash": "317f7d17ffc25d6aae5315e9c3a71da932c3bfd5",
            "messageTitle": "Add exception when no command given",
            "messageBody": "",
            "insertions": 9,
            "deletions": 2
          },
          {
            "hash": "00edede29b4f83f81dfdf83f6251c1534aa85d29",
            "messageTitle": "Refactor task classes",
            "messageBody": "",
            "insertions": 22,
            "deletions": 7
          },
          {
            "hash": "ecd0e83fa863fb8acf1692a04f264ced7e5d54e4",
            "messageTitle": "Abstract execution of commands to UserInput class",
            "messageBody": "",
            "insertions": 102,
            "deletions": 117
          }
        ]
      },
      {
        "insertions": 154,
        "deletions": 80,
        "date": "2020-01-26",
        "commitResults": [
          {
            "hash": "c5487f6d94445cb82db2836f81730acc48260cbe",
            "messageTitle": "Rename UserInput class to Command",
            "messageBody": "",
            "insertions": 33,
            "deletions": 32
          },
          {
            "hash": "1fe4d9f9cfb425ced7e8f41260018edd3bc3fb8e",
            "messageTitle": "Refactor Duke class",
            "messageBody": "",
            "insertions": 33,
            "deletions": 15
          },
          {
            "hash": "08b92422b85f3f6207edbbb823d9718ed8a2123e",
            "messageTitle": "Add Ui class",
            "messageBody": "",
            "insertions": 81,
            "deletions": 18
          },
          {
            "hash": "e7fad2bd874f8e702cc1ae0b44b298ac41272a36",
            "messageTitle": "Change modifiers to become more restrictive",
            "messageBody": "",
            "insertions": 7,
            "deletions": 15
          }
        ]
      },
      {
        "insertions": 507,
        "deletions": 200,
        "date": "2020-01-27",
        "commitResults": [
          {
            "hash": "96d995704b84cc6a9ea3f5d1559a8e81d3e203a1",
            "messageTitle": "Move execution of commands to individual command classes",
            "messageBody": "",
            "tags": [
              "A-MoreOOP"
            ],
            "insertions": 165,
            "deletions": 111
          },
          {
            "hash": "2cda6bda0308a85a2e3dd33ccf79a8196d86fe3d",
            "messageTitle": "Move classes to duke package",
            "messageBody": "",
            "insertions": 53,
            "deletions": 1
          },
          {
            "hash": "43eaf0aaf28c548ecb068d77e12c728c40006551",
            "messageTitle": "Move classes to appropriate subpackages",
            "messageBody": "",
            "tags": [
              "A-Packages"
            ],
            "insertions": 103,
            "deletions": 40
          },
          {
            "hash": "e5ae970d81c1c6485a81fee57b4375ecb2f93425",
            "messageTitle": "Add ability to load from and save tasks to file",
            "messageBody": "",
            "insertions": 90,
            "deletions": 3
          },
          {
            "hash": "6510b6a2e9d0c0fd5868d63a305b15aa6fcba264",
            "messageTitle": "Move loading and saving of tasks to Storage class",
            "messageBody": "",
            "insertions": 80,
            "deletions": 33
          },
          {
            "hash": "3888e26f024f1f7ec6cba2cd20084673aba02c48",
            "messageTitle": "Refactor Ui class",
            "messageBody": "",
            "insertions": 16,
            "deletions": 12
          }
        ]
      },
      {
        "insertions": 58,
        "deletions": 12,
        "date": "2020-01-28",
        "commitResults": [
          {
            "hash": "a29672ced392eb9e84f742ab1610bca3cf120579",
            "messageTitle": "Edit deadline and event task classes to format and store dates and times",
            "messageBody": "",
            "insertions": 58,
            "deletions": 12
          }
        ]
      },
      {
        "insertions": 221,
        "deletions": 87,
        "date": "2020-01-29",
        "commitResults": [
          {
            "hash": "222e7299dd2d4edfc85f1ab05defaea06358ff91",
            "messageTitle": "Change data file for tasks to become human editable",
            "messageBody": "",
            "insertions": 171,
            "deletions": 42
          },
          {
            "hash": "3b0c8437af480ca93b332758c89d1813e480e8fb",
            "messageTitle": "Change saving of tasks to become automatic",
            "messageBody": "",
            "insertions": 35,
            "deletions": 22
          },
          {
            "hash": "603552a1988ca9b710cf6a59b2a610139e7e6aab",
            "messageTitle": "Remove ability to manually save tasks",
            "messageBody": "",
            "insertions": 15,
            "deletions": 23
          }
        ]
      },
      {
        "insertions": 155,
        "deletions": 124,
        "date": "2020-01-31",
        "commitResults": [
          {
            "hash": "326eb1a620674403c59cb9d49386d019e988e70d",
            "messageTitle": "Tweak code to conform to module\u0027s coding standard",
            "messageBody": "",
            "tags": [
              "A-CodingStandard"
            ],
            "insertions": 44,
            "deletions": 66
          },
          {
            "hash": "c26790c64dd9424dfeeb70da6a62766949222f7a",
            "messageTitle": "Change string representation of TaskList",
            "messageBody": "",
            "insertions": 11,
            "deletions": 6
          },
          {
            "hash": "f43498a1c3abf110b6a4262a2df56a9d54edd46d",
            "messageTitle": "Add ability to find tasks by searching for a keyword",
            "messageBody": "",
            "tags": [
              "Level-9"
            ],
            "insertions": 39,
            "deletions": 0
          },
          {
            "hash": "f3a1fcf337317ab0996f384fc7dc704e8af0ac95",
            "messageTitle": "Tweak code to conform to checkstyle rules",
            "messageBody": "",
            "tags": [
              "A-CheckStyle"
            ],
            "insertions": 61,
            "deletions": 52
          }
        ]
      },
      {
        "insertions": 340,
        "deletions": 92,
        "date": "2020-02-04",
        "commitResults": [
          {
            "hash": "5354c018753f0172c27c596b3f10001d08d0c926",
            "messageTitle": "Change program to run with a GUI",
            "messageBody": "",
            "tags": [
              "Level-10",
              "A-JavaFx"
            ],
            "insertions": 340,
            "deletions": 92
          }
        ]
      },
      {
        "insertions": 9,
        "deletions": 4,
        "date": "2020-02-05",
        "commitResults": [
          {
            "hash": "5b6d5843fe8fb1024eee3996425e2974ce348c55",
            "messageTitle": "Add option to run program as command-line only without a GUI",
            "messageBody": "",
            "insertions": 9,
            "deletions": 4
          }
        ]
      },
      {
        "insertions": 139,
        "deletions": 63,
        "date": "2020-02-08",
        "commitResults": [
          {
            "hash": "b3eb201a48403b13c577ffb32b5d0062e932c274",
            "messageTitle": "Critically examine and refactor code to improve code quality",
            "messageBody": "",
            "insertions": 139,
            "deletions": 63
          }
        ]
      },
      {
        "insertions": 321,
        "deletions": 121,
        "date": "2020-02-09",
        "commitResults": [
          {
            "hash": "d309ec5a25bce59df08f82e41cf4c03aeed101a8",
            "messageTitle": "Add assertions to test postconditions",
            "messageBody": "",
            "insertions": 9,
            "deletions": 4
          },
          {
            "hash": "06b196fb3f16d3a0acf4a503042e36bc0d8ae579",
            "messageTitle": "Add ability to show help",
            "messageBody": "",
            "tags": [
              "C-Help"
            ],
            "insertions": 136,
            "deletions": 19
          },
          {
            "hash": "b707a76a9908a4df8582c0864eac5f6a2b2bc489",
            "messageTitle": "Refactor command classes",
            "messageBody": "",
            "insertions": 70,
            "deletions": 82
          },
          {
            "hash": "ce2e20a4290f95e60df6e941877fbce6a94d7845",
            "messageTitle": "Resize the GUI window",
            "messageBody": "",
            "insertions": 4,
            "deletions": 4
          },
          {
            "hash": "6f04270f7880a4a5e3c6595b2d6a1c271664ee2a",
            "messageTitle": "Change error messages",
            "messageBody": "",
            "insertions": 11,
            "deletions": 11
          },
          {
            "hash": "3e4ca31275ae5dd6be5093015a37adbf30163a5e",
            "messageTitle": "Add JUnit tests to test task classes",
            "messageBody": "",
            "tags": [
              "A-JUnit"
            ],
            "insertions": 91,
            "deletions": 1
          }
        ]
      },
      {
        "insertions": 282,
        "deletions": 20,
        "date": "2020-02-11",
        "commitResults": [
          {
            "hash": "66e9c55f77178405831636362a58862c69611733",
            "messageTitle": "Add user guide",
            "messageBody": "",
            "tags": [
              "A-UserGuide"
            ],
            "insertions": 266,
            "deletions": 9
          },
          {
            "hash": "804c9f2d9f7b07b7ff0b28e47a70bb698d1901d5",
            "messageTitle": "Update user guide",
            "messageBody": "",
            "insertions": 13,
            "deletions": 11
          },
          {
            "hash": "97c93894f58739572e59e716fda8dc1969e63746",
            "messageTitle": "Fix typos in user guide",
            "messageBody": "",
            "insertions": 3,
            "deletions": 0
          }
        ]
      },
      {
        "insertions": 14,
        "deletions": 4,
        "date": "2020-02-13",
        "commitResults": [
          {
            "hash": "dc57fae1f881973d0a9cb23b9ee64691f3d94c76",
            "messageTitle": "Update gradle to compile to Java 11",
            "messageBody": "",
            "insertions": 6,
            "deletions": 2
          },
          {
            "hash": "018e2253c4dc599f87555cf0836ee588794df8a3",
            "messageTitle": "Add instruction to run program without GUI in user guide",
            "messageBody": "",
            "insertions": 8,
            "deletions": 2
          }
        ]
      }
    ]
  },
  "authorFinalContributionMap": {
    "limdylan": 1803
  },
  "authorFileTypeContributionMap": {
    "limdylan": {
      "java": 1460,
      "md": 274,
      "fxml": 0,
      "sh": 0,
      "bat": 27,
      "gradle": 42,
      "txt": 0
    }
  },
  "authorContributionVariance": {
    "limdylan": 40968.387
  },
  "authorDisplayNameMap": {
    "limdylan": "CS2103-W15- 4 LIM ..YLAN"
  }
}
