{
  "authorDailyContributionsMap": {
    "zenatrick": [
      {
        "insertions": 935,
        "deletions": 124,
        "date": "2020-01-23",
        "commitResults": [
          {
            "hash": "b14da5c6dc0a768e2e44dbc11e2c282625434a23",
            "messageTitle": "Update build.gradle",
            "messageBody": "",
            "tags": [
              "A-Gradle"
            ],
            "insertions": 14,
            "deletions": 1
          },
          {
            "hash": "339cedfe84e710b20dc845520b0eaa960f1a30e1",
            "messageTitle": "Complete Level-1",
            "messageBody": "In this initial skeletal version of Duke, it starts by greeting the\nuser, simply echos commands entered by the user, and exits when the user\ntypes bye.\n",
            "tags": [
              "Level-1"
            ],
            "insertions": 50,
            "deletions": 6
          },
          {
            "hash": "703df491a2c4f15b1c5ee04e50370fa19ad8c5a6",
            "messageTitle": "Complete Level-2",
            "messageBody": "Add the ability to store whatever text entered by the user and display\nthem back to the user when requested.\n",
            "tags": [
              "Level-2"
            ],
            "insertions": 46,
            "deletions": 9
          },
          {
            "hash": "a2bda217ee53c93ac07484cd7ecc327344bbd696",
            "messageTitle": "Complete Level-3",
            "messageBody": "Add the ability to mark tasks as done.\n",
            "tags": [
              "Level-3"
            ],
            "insertions": 47,
            "deletions": 20
          },
          {
            "hash": "b52f9e6bf9b1ac93f20af18d42f776a973269d99",
            "messageTitle": "Complete Level-4",
            "messageBody": "Add support for tracking three types of tasks:\n  1. ToDos: tasks without any date/time attached to it\n    - e.g. visit new theme park\n  2. Deadlines: tasks that need to be done before a specific date/time\n    - e.g. submit report by 11/10/2019 5pm\n  3. Events: tasks that starts and ends at a specific date/time\n    - e.g. team project meeting on 2/10/2019 2-4pm\n",
            "tags": [
              "Level-4"
            ],
            "insertions": 141,
            "deletions": 24
          },
          {
            "hash": "bee00dd347b6796afa22e4409f4c051669e03b80",
            "messageTitle": "Complete A-TextUiTesting",
            "messageBody": "Use the input/output redirection technique to semi-automate the testing\nof Duke.\n",
            "tags": [
              "A-TextUiTesting"
            ],
            "insertions": 235,
            "deletions": 0
          },
          {
            "hash": "30830a137baa33d5ea0713e9baee48ba51054c4f",
            "messageTitle": "Complete Level-5 and A-Exceptions",
            "messageBody": "Teach Duke to deal with errors such as incorrect inputs entered by the\nuser. Use exceptions to handle errors.\n",
            "tags": [
              "Level-5",
              "A-Exceptions"
            ],
            "insertions": 101,
            "deletions": 16
          },
          {
            "hash": "19583680bff4d810346c45e182f7423cb2085d99",
            "messageTitle": "Complete Level-6 and A-Collections",
            "messageBody": "Add support for deleting tasks from the list and update error handling\nfor this new feature.\n",
            "tags": [
              "Level-6",
              "A-Collections"
            ],
            "insertions": 41,
            "deletions": 2
          },
          {
            "hash": "d42829b8d30e452275acd7277ed2d6879a33b6a2",
            "messageTitle": "Update test case for A-TextUiTesting",
            "messageBody": "Update the test case to include tests for the new features of Level-5\nand Level-6.\n",
            "insertions": 260,
            "deletions": 46
          }
        ]
      },
      {
        "insertions": 373,
        "deletions": 257,
        "date": "2020-01-24",
        "commitResults": [
          {
            "hash": "c41669f46a5c74dab305ced8edc22cc5d4ce3a1d",
            "messageTitle": "Refactor code and update error handling",
            "messageBody": "",
            "insertions": 321,
            "deletions": 231
          },
          {
            "hash": "328d9c19503940926801ce499ef55e003dd030fc",
            "messageTitle": "Fix code styling issues",
            "messageBody": "",
            "insertions": 52,
            "deletions": 26
          }
        ]
      },
      {
        "insertions": 283,
        "deletions": 64,
        "date": "2020-01-26",
        "commitResults": [
          {
            "hash": "b106e1a0db0efefd75b9ecc94dd0d38b2be0d07e",
            "messageTitle": "Complete Level-7",
            "messageBody": "Save the tasks in the hard disk automatically whenever the task list\nchanges. Load the data from the hard disk when Duke starts up.\n",
            "insertions": 157,
            "deletions": 3
          },
          {
            "hash": "346aef793be8d60fbc45a83ea04ac51e89f8c4aa",
            "messageTitle": "Complete Level-8",
            "messageBody": "Teach Duke to understand dates and times. Time format should be entered\nin the format of \u0027dd/MM/YYYY HH:mm\u0027.\n",
            "insertions": 126,
            "deletions": 61
          }
        ]
      },
      {
        "insertions": 1091,
        "deletions": 695,
        "date": "2020-01-27",
        "commitResults": [
          {
            "hash": "a1d5aec0b95451072298e4904707fd2566f54b17",
            "messageTitle": "Complete A-MoreOOP and A-Packages",
            "messageBody": "Refactor the code to extract out closely related code as classes.\nOrganize the classes into suitable java packages.\n",
            "tags": [
              "A-Packages",
              "A-MoreOOP"
            ],
            "insertions": 987,
            "deletions": 573
          },
          {
            "hash": "237445a6bbbba36416c8fcd3b14d1fd8ccb0fca0",
            "messageTitle": "Refactor packages",
            "messageBody": "",
            "insertions": 104,
            "deletions": 122
          }
        ]
      },
      {
        "insertions": 759,
        "deletions": 155,
        "date": "2020-01-28",
        "commitResults": [
          {
            "hash": "975c6ae9f9847319cde78feffc76ead0197be601",
            "messageTitle": "Complete A-JUnit",
            "messageBody": "Add JUnit tests to test the behavior of the code for duke.task package.\n",
            "tags": [
              "A-JUnit"
            ],
            "insertions": 189,
            "deletions": 1
          },
          {
            "hash": "502729513b43bbe0df184fc2c052471bdae4cdde",
            "messageTitle": "Update build.gradle",
            "messageBody": "",
            "tags": [
              "v0.1.0",
              "A-Jar"
            ],
            "insertions": 2,
            "deletions": 2
          },
          {
            "hash": "59bdb87b4d4a60dc161a7cbc4e9875e195dbbd83",
            "messageTitle": "Complete A-JavaDoc",
            "messageBody": "Add JavaDoc comments to the code.\n",
            "insertions": 385,
            "deletions": 28
          },
          {
            "hash": "bd57bd416dcbde4aa449a135a541ccb29d7e63dd",
            "messageTitle": "Complete A-CodingStandard",
            "messageBody": "Tweak the code to comply with a chosen coding standard.\n",
            "insertions": 3,
            "deletions": 3
          },
          {
            "hash": "2ef6436cab3476e0c2a28a1b61e57fc9f499fa53",
            "messageTitle": "Complete Level-9",
            "messageBody": "Give users a way to find a task by searching for a single keyword.\n",
            "insertions": 75,
            "deletions": 4
          },
          {
            "hash": "8abf54b40f2a824c9678bab04e68da6ca21933fe",
            "messageTitle": "Fix a JUnit test case",
            "messageBody": "",
            "tags": [
              "A-CodingStandard"
            ],
            "insertions": 1,
            "deletions": 1
          },
          {
            "hash": "bd1cf95a6d228cf98bd09514342941877f82ab44",
            "messageTitle": "Rename packages",
            "messageBody": "",
            "insertions": 104,
            "deletions": 116
          }
        ]
      },
      {
        "insertions": 33,
        "deletions": 28,
        "date": "2020-02-03",
        "commitResults": [
          {
            "hash": "dbd3c0725d959788612f3fae4a08a88be90c809c",
            "messageTitle": "Reformat code",
            "messageBody": "",
            "insertions": 33,
            "deletions": 28
          }
        ]
      }
    ]
  },
  "authorFinalContributionMap": {
    "zenatrick": 2169
  },
  "authorFileTypeContributionMap": {
    "zenatrick": {
      "gitignore": 5,
      "gradle": 21,
      "java": 1548,
      "TXT": 267,
      "txt": 306,
      "bat": 22
    }
  },
  "authorContributionVariance": {
    "zenatrick": 158884.05
  },
  "authorDisplayNameMap": {
    "zenatrick": "CS2103T-W17- 3 CHAU..G LE"
  }
}
