{
  "authorDailyContributionsMap": {
    "joshlay96": [
      {
        "insertions": 85,
        "deletions": 13,
        "date": "2020-01-17",
        "commitResults": [
          {
            "hash": "a53b2a28f849959b19a5832442c5909d5b45c24e",
            "messageTitle": "Added Level 1",
            "messageBody": "Signed-off-by: Joshua \u003cx3tvaddict@hotmail.com\u003e\n",
            "tags": [
              "Level-1"
            ],
            "insertions": 28,
            "deletions": 7
          },
          {
            "hash": "431ea0384a63afd1e2ab87146bbbd9d2d6d0cc79",
            "messageTitle": "Added Level 2",
            "messageBody": "Signed-off-by: Joshua \u003cx3tvaddict@hotmail.com\u003e\n",
            "insertions": 15,
            "deletions": 2
          },
          {
            "hash": "d8a55d6cfb982b572ea12a9739cd0c877723b698",
            "messageTitle": "Added Level 2",
            "messageBody": "Signed-off-by: Joshua \u003cx3tvaddict@hotmail.com\u003e\n",
            "insertions": 0,
            "deletions": 1
          },
          {
            "hash": "36c843a966350f313f3182de0478f6e7fd21d21a",
            "messageTitle": "Added Level 3",
            "messageBody": "Signed-off-by: Joshua \u003cx3tvaddict@hotmail.com\u003e\n",
            "tags": [
              "Level-3"
            ],
            "insertions": 42,
            "deletions": 3
          }
        ]
      },
      {
        "insertions": 288,
        "deletions": 53,
        "date": "2020-01-18",
        "commitResults": [
          {
            "hash": "7a1a992e233e74297b9f0cd7da6d3c5facf8084a",
            "messageTitle": "Added Level 4",
            "messageBody": "Signed-off-by: Joshua \u003cx3tvaddict@hotmail.com\u003e\n",
            "insertions": 171,
            "deletions": 11
          },
          {
            "hash": "e1014822b1e35a571cb9a8da0b89d5f635d21033",
            "messageTitle": "Added Level 4",
            "messageBody": "Signed-off-by: Joshua \u003cx3tvaddict@hotmail.com\u003e\n",
            "tags": [
              "Level-4"
            ],
            "insertions": 15,
            "deletions": 19
          },
          {
            "hash": "752307064f215fb449e7cf5d82b5a5cd677ca48f",
            "messageTitle": "Added Level 6. Will add more exception handling along the way",
            "messageBody": "Signed-off-by: Joshua \u003cx3tvaddict@hotmail.com\u003e\n",
            "tags": [
              "Level-6"
            ],
            "insertions": 68,
            "deletions": 23
          },
          {
            "hash": "9f9335465de8ef9f00776c2e9718d649f76c5be1",
            "messageTitle": "Added Level 6, will handle exception handling later",
            "messageBody": "",
            "tags": [
              "A-Enums"
            ],
            "insertions": 34,
            "deletions": 0
          }
        ]
      },
      {
        "insertions": 24,
        "deletions": 3,
        "date": "2020-01-21",
        "commitResults": [
          {
            "hash": "de5465d36a32416b2b237f30f58886f04380fd0f",
            "messageTitle": "Added gradle support",
            "messageBody": "",
            "insertions": 24,
            "deletions": 3
          }
        ]
      },
      {
        "insertions": 222,
        "deletions": 130,
        "date": "2020-01-22",
        "commitResults": [
          {
            "hash": "3096ec4dea18b9b5f7b260174faa6e612f1ee623",
            "messageTitle": "Added TextUITesting",
            "messageBody": "",
            "tags": [
              "A-TextUiTesting"
            ],
            "insertions": 66,
            "deletions": 67
          },
          {
            "hash": "65a28f7a4c2193b3760ae82632c3e5fdf62f4c5b",
            "messageTitle": "Level-7 Branch",
            "messageBody": "Signed-off-by: Joshua \u003cx3tvaddict@hotmail.com\u003e\n",
            "insertions": 119,
            "deletions": 26
          },
          {
            "hash": "38f17a97f305420aedb1a69abc5d4a91ec5fb448",
            "messageTitle": "Level-7 Branch",
            "messageBody": "Signed-off-by: Joshua \u003cx3tvaddict@hotmail.com\u003e\n",
            "tags": [
              "branch-Level-7"
            ],
            "insertions": 37,
            "deletions": 37
          }
        ]
      },
      {
        "insertions": 225,
        "deletions": 28,
        "date": "2020-01-24",
        "commitResults": [
          {
            "hash": "db8d135b334cacf9111b1f9a50861278a86a2fb5",
            "messageTitle": "Level-8 Branch",
            "messageBody": "Signed-off-by: Joshua \u003cx3tvaddict@hotmail.com\u003e\n",
            "insertions": 225,
            "deletions": 28
          }
        ]
      },
      {
        "insertions": 477,
        "deletions": 276,
        "date": "2020-01-25",
        "commitResults": [
          {
            "hash": "106e43cccdf0633a36416f7f436ce63cdcc1ab5e",
            "messageTitle": "Level-8 Branch",
            "messageBody": "Signed-off-by: Joshua \u003cx3tvaddict@hotmail.com\u003e\n",
            "insertions": 320,
            "deletions": 227
          },
          {
            "hash": "296b31e688e30c896d67bafcf40993d61133a70b",
            "messageTitle": "Level-8 Branch",
            "messageBody": "Signed-off-by: Joshua \u003cx3tvaddict@hotmail.com\u003e\n",
            "insertions": 157,
            "deletions": 49
          }
        ]
      },
      {
        "insertions": 421,
        "deletions": 385,
        "date": "2020-01-26",
        "commitResults": [
          {
            "hash": "cc7ba8a4a68284bab912fb2a6c46125fbceb8364",
            "messageTitle": "Level-8 Branch",
            "messageBody": "Signed-off-by: Joshua \u003cx3tvaddict@hotmail.com\u003e\n",
            "insertions": 64,
            "deletions": 99
          },
          {
            "hash": "1f06324e932762793a8ee99285cb1660a4152f65",
            "messageTitle": "Level-8 Branch",
            "messageBody": "Signed-off-by: Joshua \u003cx3tvaddict@hotmail.com\u003e\n",
            "insertions": 0,
            "deletions": 1
          },
          {
            "hash": "5ced4a4a8f292fdcfc9fb1198361141403d798e0",
            "messageTitle": "Level-8 Branch",
            "messageBody": "Signed-off-by: Joshua \u003cx3tvaddict@hotmail.com\u003e\n",
            "insertions": 241,
            "deletions": 197
          },
          {
            "hash": "e81bab1b3c14e13cda895faca74b92f0d0639c1e",
            "messageTitle": "Level-8 Branch",
            "messageBody": "Signed-off-by: Joshua \u003cx3tvaddict@hotmail.com\u003e\n",
            "insertions": 66,
            "deletions": 38
          },
          {
            "hash": "6cf9cd250ce1d53c6f84c7f0f3b25ce8a7d6534e",
            "messageTitle": "Level-7",
            "messageBody": "",
            "insertions": 6,
            "deletions": 0
          },
          {
            "hash": "93720757c7a22f12222146a6f943ea7fefa0f6f5",
            "messageTitle": "Level-8 Branch",
            "messageBody": "Signed-off-by: Joshua \u003cx3tvaddict@hotmail.com\u003e\n",
            "insertions": 1,
            "deletions": 1
          },
          {
            "hash": "a5267edd32e45f61539cdafb2ae19e5b83d2aa7e",
            "messageTitle": "Level-8 Branch",
            "messageBody": "Signed-off-by: Joshua \u003cx3tvaddict@hotmail.com\u003e\n",
            "tags": [
              "branch-Level-8"
            ],
            "insertions": 1,
            "deletions": 37
          },
          {
            "hash": "4d2426cee132350ac743e449d8ec6c0549886a57",
            "messageTitle": "A-MoreOOP. Level 8 Command to print specific date not done.",
            "messageBody": "Signed-off-by: Joshua \u003cx3tvaddict@hotmail.com\u003e\n",
            "tags": [
              "A-MoreOOP"
            ],
            "insertions": 42,
            "deletions": 12
          }
        ]
      },
      {
        "insertions": 49,
        "deletions": 4,
        "date": "2020-01-27",
        "commitResults": [
          {
            "hash": "c806038fe6ab51909a4882d4b031c2cb498cdcc1",
            "messageTitle": "A-JUnit. Added packages.",
            "messageBody": "Signed-off-by: Joshua \u003cx3tvaddict@hotmail.com\u003e\n",
            "tags": [
              "A-Packages",
              "A-Jar",
              "A-JUnit"
            ],
            "insertions": 49,
            "deletions": 4
          }
        ]
      },
      {
        "insertions": 1361,
        "deletions": 517,
        "date": "2020-01-28",
        "commitResults": [
          {
            "hash": "2bba3b9e77629a825a836c04bd616ab92b928cb2",
            "messageTitle": "A-JavaDoc",
            "messageBody": "Signed-off-by: Joshua \u003cx3tvaddict@hotmail.com\u003e\n",
            "insertions": 1180,
            "deletions": 389
          },
          {
            "hash": "6f658f64eb4702a5aced91892e0ea254f600e253",
            "messageTitle": "A-CodingStandard",
            "messageBody": "Signed-off-by: Joshua \u003cx3tvaddict@hotmail.com\u003e\n",
            "insertions": 117,
            "deletions": 126
          },
          {
            "hash": "e23a677de4206980e5a870dc3f2e83fea4949da9",
            "messageTitle": "Level-9",
            "messageBody": "Signed-off-by: Joshua \u003cx3tvaddict@hotmail.com\u003e\n",
            "insertions": 64,
            "deletions": 2
          }
        ]
      },
      {
        "insertions": 248,
        "deletions": 258,
        "date": "2020-01-31",
        "commitResults": [
          {
            "hash": "64aea0493bc72eeaec9b3340d0ef52983cac6351",
            "messageTitle": "A-Gradle",
            "messageBody": "Signed-off-by: Joshua \u003cx3tvaddict@hotmail.com\u003e\n",
            "insertions": 220,
            "deletions": 232
          },
          {
            "hash": "84487dba7ebcda6d355e91a2c231573d539e8733",
            "messageTitle": "A-Gradle",
            "messageBody": "Signed-off-by: Joshua \u003cx3tvaddict@hotmail.com\u003e\n",
            "insertions": 1,
            "deletions": 1
          },
          {
            "hash": "1c59bd85c6e862f43b3da5a67de91023fd07d93f",
            "messageTitle": "A-CheckStyle",
            "messageBody": "Signed-off-by: Joshua \u003cx3tvaddict@hotmail.com\u003e\n",
            "tags": [
              "A-CheckStyle"
            ],
            "insertions": 27,
            "deletions": 25
          }
        ]
      },
      {
        "insertions": 2873,
        "deletions": 162,
        "date": "2020-02-03",
        "commitResults": [
          {
            "hash": "908fd2eca293aedc6f43c9d19a6c9d60588f1207",
            "messageTitle": "Level-10",
            "messageBody": "Signed-off-by: Joshua \u003cx3tvaddict@hotmail.com\u003e\n",
            "tags": [
              "Level-10"
            ],
            "insertions": 675,
            "deletions": 162
          },
          {
            "hash": "849d6d5310c6e66b81ea482a539169c296204771",
            "messageTitle": "Added Level-10",
            "messageBody": "",
            "insertions": 2198,
            "deletions": 0
          }
        ]
      },
      {
        "insertions": 86,
        "deletions": 147,
        "date": "2020-02-07",
        "commitResults": [
          {
            "hash": "7533c04dee8e7581c821fc72307d1e0ff633e681",
            "messageTitle": "A-Assertions",
            "messageBody": "Signed-off-by: Joshua \u003cx3tvaddict@hotmail.com\u003e\n",
            "tags": [
              "V1.1",
              "A-CodeQuality",
              "A-Assertions"
            ],
            "insertions": 86,
            "deletions": 147
          }
        ]
      },
      {
        "insertions": 100,
        "deletions": 63,
        "date": "2020-02-08",
        "commitResults": [
          {
            "hash": "7819dbbad137dee9a5051bb13d2980da52011e14",
            "messageTitle": "Add A-Streams and A-Lambdas",
            "messageBody": "Signed-off-by: Joshua \u003cx3tvaddict@hotmail.com\u003e\n",
            "tags": [
              "A-Streams",
              "A-Lambdas"
            ],
            "insertions": 83,
            "deletions": 16
          },
          {
            "hash": "db6d73b85474c4d82c93272ba82afb29b90a8f98",
            "messageTitle": "Added A-Travis",
            "messageBody": "Signed-off-by: Joshua \u003cx3tvaddict@hotmail.com\u003e\n",
            "insertions": 5,
            "deletions": 6
          },
          {
            "hash": "fa1cf2c7bf1f3570dc2348574e2ca2de7628768d",
            "messageTitle": "Added A-Travis",
            "messageBody": "Signed-off-by: Joshua \u003cx3tvaddict@hotmail.com\u003e\n",
            "insertions": 1,
            "deletions": 0
          },
          {
            "hash": "01f4856889afbe77e40a9bdaaf7de187b9f7c98b",
            "messageTitle": "Added A-Travis",
            "messageBody": "Signed-off-by: Joshua \u003cx3tvaddict@hotmail.com\u003e\n",
            "insertions": 11,
            "deletions": 11
          },
          {
            "hash": "1ae83f785605b48ae0fe9e4a1c4110d94440d446",
            "messageTitle": "Added A-Travis",
            "messageBody": "Signed-off-by: Joshua \u003cx3tvaddict@hotmail.com\u003e\n",
            "insertions": 0,
            "deletions": 30
          }
        ]
      }
    ]
  },
  "authorFinalContributionMap": {
    "joshlay96": 4388
  },
  "authorFileTypeContributionMap": {
    "joshlay96": {
      "java": 1857,
      "md": 2200,
      "fxml": 46,
      "sh": 34,
      "bat": 0,
      "gradle": 36,
      "txt": 215
    }
  },
  "authorContributionVariance": {
    "joshlay96": 442011.8
  },
  "authorDisplayNameMap": {
    "joshlay96": "CS2103T-W17- 3 JOSH.. JIE"
  }
}
