{
  "authorDailyContributionsMap": {
    "mightyrabbit99": [
      {
        "insertions": 1262,
        "deletions": 414,
        "date": "2020-01-30",
        "commitResults": [
          {
            "hash": "2c31c5ce8fc0c875ce0c09b2421ea766e4600992",
            "messageTitle": "setup runtest.sh",
            "messageBody": "",
            "insertions": 41,
            "deletions": 0
          },
          {
            "hash": "c7210a1819f25bdc8a190b216c8ea18ec22b2dff",
            "messageTitle": "Level-1",
            "messageBody": "",
            "tags": [
              "Level-1"
            ],
            "insertions": 241,
            "deletions": 154
          },
          {
            "hash": "2e238513caa9e9937652fb03932dd3f9376e1d18",
            "messageTitle": "level-2",
            "messageBody": "",
            "tags": [
              "Level-2"
            ],
            "insertions": 26,
            "deletions": 4
          },
          {
            "hash": "2e3503fc25c16965604e921b06da3a8f8c060e46",
            "messageTitle": "Level-2",
            "messageBody": "",
            "insertions": 55,
            "deletions": 18
          },
          {
            "hash": "876ab9b2a13c7c730d7ea3f064a43c61abb45f92",
            "messageTitle": "Level-3",
            "messageBody": "",
            "tags": [
              "Level-3"
            ],
            "insertions": 30,
            "deletions": 17
          },
          {
            "hash": "4bc69f4c687ca3abd1ebc5928c2e240bde10edf1",
            "messageTitle": "Level-4",
            "messageBody": "",
            "tags": [
              "Level-4"
            ],
            "insertions": 158,
            "deletions": 40
          },
          {
            "hash": "4c4327f3d98ef0ada1c878e2354211dcd85c79e8",
            "messageTitle": "Level-5",
            "messageBody": "",
            "tags": [
              "Level-5"
            ],
            "insertions": 54,
            "deletions": 31
          },
          {
            "hash": "86af6fa401dbd4bd4cce52278d39f8862387bbdd",
            "messageTitle": "A-TextUiTesting",
            "messageBody": "",
            "tags": [
              "A-TextUiTesting"
            ],
            "insertions": 3,
            "deletions": 0
          },
          {
            "hash": "9b5f9c2feedc9c5696eeb56341e581f254ba9470",
            "messageTitle": "Level-6",
            "messageBody": "",
            "tags": [
              "Level-6"
            ],
            "insertions": 33,
            "deletions": 17
          },
          {
            "hash": "6ad353d88838278e37adc05a3e26550b83420879",
            "messageTitle": "Level-7",
            "messageBody": "",
            "tags": [
              "Level-7"
            ],
            "insertions": 483,
            "deletions": 30
          },
          {
            "hash": "659b7433fe2672e17c9d3674e0a9105186e2fd62",
            "messageTitle": "Level-6",
            "messageBody": "",
            "insertions": 88,
            "deletions": 0
          },
          {
            "hash": "67626a92480906553f99c6c14f8f2a2dcb922f60",
            "messageTitle": "Revert \"Level-6\"",
            "messageBody": "This reverts commit 659b7433fe2672e17c9d3674e0a9105186e2fd62.\n",
            "insertions": 0,
            "deletions": 88
          },
          {
            "hash": "1792f86d97f94c8c08e5529616eafc8d11362f51",
            "messageTitle": "Level-8",
            "messageBody": "",
            "tags": [
              "Level-8"
            ],
            "insertions": 39,
            "deletions": 14
          },
          {
            "hash": "f04fd677e0aa316e06b6b96f12266c118bd162a9",
            "messageTitle": "Level 7 and 8",
            "messageBody": "",
            "insertions": 11,
            "deletions": 1
          }
        ]
      },
      {
        "insertions": 701,
        "deletions": 527,
        "date": "2020-01-31",
        "commitResults": [
          {
            "hash": "dbb2c84aa15580442e670b5cc527b95a58f62ef5",
            "messageTitle": "A-MoreOOP",
            "messageBody": "",
            "tags": [
              "A-MoreOOP"
            ],
            "insertions": 348,
            "deletions": 271
          },
          {
            "hash": "8e1b66500f3b3c397f7218c8e5973e03c9f90ce8",
            "messageTitle": "A-Packages",
            "messageBody": "",
            "tags": [
              "A-Packages"
            ],
            "insertions": 259,
            "deletions": 221
          },
          {
            "hash": "212ff9dfc8a85c2f99d10d77d5be9d85594465bd",
            "messageTitle": "A-JUnit",
            "messageBody": "",
            "tags": [
              "A-JUnit",
              "0.1.0"
            ],
            "insertions": 39,
            "deletions": 2
          },
          {
            "hash": "06359607c0f8d3bb9fbb302311e27329e81b3ef4",
            "messageTitle": "A-Jar",
            "messageBody": "",
            "tags": [
              "A-Jar"
            ],
            "insertions": 1,
            "deletions": 1
          },
          {
            "hash": "f8223e874e4f01f58d88ef7d8dd1f734918ce065",
            "messageTitle": "Level-9",
            "messageBody": "",
            "tags": [
              "Level-9"
            ],
            "insertions": 54,
            "deletions": 32
          }
        ]
      },
      {
        "insertions": 145,
        "deletions": 9,
        "date": "2020-02-02",
        "commitResults": [
          {
            "hash": "47974db2bf2aebac5308e4878213777185cbffbb",
            "messageTitle": "A-JavaDoc",
            "messageBody": "",
            "tags": [
              "A-JavaDoc"
            ],
            "insertions": 140,
            "deletions": 8
          },
          {
            "hash": "0b61d7c7decd2f72bbe58f5966be79ec56503522",
            "messageTitle": "A-CodingStandard",
            "messageBody": "",
            "tags": [
              "A-CodingStandard"
            ],
            "insertions": 5,
            "deletions": 1
          }
        ]
      },
      {
        "insertions": 501,
        "deletions": 427,
        "date": "2020-02-03",
        "commitResults": [
          {
            "hash": "c937bae1933be275043ee0d392fcf816d2b555cb",
            "messageTitle": "A-Gradle",
            "messageBody": "",
            "tags": [
              "A-Gradle"
            ],
            "insertions": 455,
            "deletions": 424
          },
          {
            "hash": "112c6e8cce520e1924cda341ceea08d868b55047",
            "messageTitle": "A-CheckStyle",
            "messageBody": "",
            "tags": [
              "A-CheckStyle"
            ],
            "insertions": 0,
            "deletions": 1
          },
          {
            "hash": "bfd86d6ce59a1e6d3b9112c02ab7d2d056a49c8d",
            "messageTitle": "A-JavaFx",
            "messageBody": "",
            "tags": [
              "Level-10",
              "A-Varargs"
            ],
            "insertions": 46,
            "deletions": 2
          }
        ]
      },
      {
        "insertions": 96,
        "deletions": 4,
        "date": "2020-02-04",
        "commitResults": [
          {
            "hash": "c276d1e5f049de1d7ae1545c175c3a857a237c53",
            "messageTitle": "Javafx tutorial walkthrough",
            "messageBody": "",
            "insertions": 96,
            "deletions": 4
          }
        ]
      },
      {
        "insertions": 275,
        "deletions": 77,
        "date": "2020-02-06",
        "commitResults": [
          {
            "hash": "e0b2f54777912b7c6c2f147ad369416cd5a7153f",
            "messageTitle": "Gui not working commit",
            "messageBody": "",
            "insertions": 168,
            "deletions": 26
          },
          {
            "hash": "700ed67e3c04f6b9a8b9f9c47b3749c05d1e0d0a",
            "messageTitle": "fixed javafx controller initialization sequence issue",
            "messageBody": "",
            "insertions": 91,
            "deletions": 38
          },
          {
            "hash": "f9d70d6bf8889ea0ec358fd68d07953ed5679656",
            "messageTitle": "minor tweaks on fxml according to original settings",
            "messageBody": "",
            "insertions": 16,
            "deletions": 13
          }
        ]
      },
      {
        "insertions": 18,
        "deletions": 14,
        "date": "2020-02-08",
        "commitResults": [
          {
            "hash": "8d811b5975b9c0923ccafa867e5ccc20a84a5540",
            "messageTitle": "fixed truncating problem",
            "messageBody": "",
            "insertions": 18,
            "deletions": 14
          }
        ]
      },
      {
        "insertions": 1,
        "deletions": 69,
        "date": "2020-02-10",
        "commitResults": [
          {
            "hash": "3c5cc921cb212167ebf7cf56f98f31af5424675e",
            "messageTitle": "A-Assertions",
            "messageBody": "",
            "insertions": 1,
            "deletions": 68
          },
          {
            "hash": "88f83bf7dbb3fb1fde6ed703b2a8cdc94f2faea4",
            "messageTitle": "A-CodeQuality",
            "messageBody": "",
            "insertions": 0,
            "deletions": 1
          }
        ]
      },
      {
        "insertions": 172,
        "deletions": 105,
        "date": "2020-02-11",
        "commitResults": [
          {
            "hash": "f2e9f4f04eb8ea08da09b5d5148a1a966f4f0df1",
            "messageTitle": "A-Lambdas",
            "messageBody": "",
            "insertions": 98,
            "deletions": 66
          },
          {
            "hash": "8f24b9db61c3939cb3c00ce3d1783611a22cc504",
            "messageTitle": "A-Streams",
            "messageBody": "",
            "tags": [
              "A-Streams"
            ],
            "insertions": 25,
            "deletions": 12
          },
          {
            "hash": "4969dd6e741fe47378585f8a0fc10b4e8be7d802",
            "messageTitle": "command exeption caught",
            "messageBody": "",
            "insertions": 49,
            "deletions": 27
          }
        ]
      },
      {
        "insertions": 44,
        "deletions": 48,
        "date": "2020-02-12",
        "commitResults": [
          {
            "hash": "e97d424918d686821d4a2e311a7b46e7eb3720bd",
            "messageTitle": "A-Assertions",
            "messageBody": "",
            "tags": [
              "A-Assertions"
            ],
            "insertions": 8,
            "deletions": 8
          },
          {
            "hash": "40eaeeeea76254e9bc6ef4227e95f4ee1f84ddfd",
            "messageTitle": "A-CodeQuality",
            "messageBody": "",
            "tags": [
              "A-CodeQuality"
            ],
            "insertions": 25,
            "deletions": 27
          },
          {
            "hash": "8c87cd82f37225f6ee611867a798ce870f69922f",
            "messageTitle": "A-Lambdas",
            "messageBody": "",
            "tags": [
              "A-Lambdas"
            ],
            "insertions": 11,
            "deletions": 13
          }
        ]
      },
      {
        "insertions": 412,
        "deletions": 199,
        "date": "2020-02-13",
        "commitResults": [
          {
            "hash": "4ceff8582f9a3d25999ca734a910467887699785",
            "messageTitle": "C-Undo",
            "messageBody": "",
            "insertions": 371,
            "deletions": 195
          },
          {
            "hash": "781d3c5b6e5c7735b90810c765babc94d20f0bc2",
            "messageTitle": "C-Statistics",
            "messageBody": "",
            "tags": [
              "C-Statistics"
            ],
            "insertions": 41,
            "deletions": 4
          }
        ]
      },
      {
        "insertions": 5,
        "deletions": 2,
        "date": "2020-02-19",
        "commitResults": [
          {
            "hash": "a2a0d627d9c608ff18374f46e6c97d61bc50a88a",
            "messageTitle": "fxml moved to resources",
            "messageBody": "",
            "tags": [
              "0.2.0"
            ],
            "insertions": 5,
            "deletions": 2
          }
        ]
      },
      {
        "insertions": 14,
        "deletions": 7,
        "date": "2020-02-20",
        "commitResults": [
          {
            "hash": "ed93e07f00389c51f86ef76f8c518966bbb4c397",
            "messageTitle": "fixed file not exist issue, create new file",
            "messageBody": "",
            "tags": [
              "1.0.0"
            ],
            "insertions": 11,
            "deletions": 6
          },
          {
            "hash": "df9b9bff3a0e8a399ecf5ddc48d005a2db61cbd2",
            "messageTitle": "A-UserGuide",
            "messageBody": "",
            "insertions": 3,
            "deletions": 1
          }
        ]
      }
    ]
  },
  "authorFinalContributionMap": {
    "mightyrabbit99": 1756
  },
  "authorFileTypeContributionMap": {
    "mightyrabbit99": {
      "java": 1619,
      "md": 3,
      "fxml": 16,
      "sh": 34,
      "bat": 0,
      "gradle": 41,
      "txt": 43
    }
  },
  "authorContributionVariance": {
    "mightyrabbit99": 128498.836
  },
  "authorDisplayNameMap": {
    "mightyrabbit99": "CS2103T-F10- 3 TAN .. KEN"
  }
}
