{
  "authorDailyContributionsMap": {
    "mightyrabbit99": [
      {
        "insertions": 1938,
        "deletions": 1051,
        "date": "2020-01-30",
        "commitResults": [
          {
            "hash": "2c31c5ce8fc0c875ce0c09b2421ea766e4600992",
            "messageTitle": "setup runtest.sh",
            "messageBody": "",
            "insertions": 41,
            "deletions": 0
          },
          {
            "hash": "c7210a1819f25bdc8a190b216c8ea18ec22b2dff",
            "messageTitle": "Level-1",
            "messageBody": "",
            "tags": [
              "Level-1"
            ],
            "insertions": 689,
            "deletions": 602
          },
          {
            "hash": "2e238513caa9e9937652fb03932dd3f9376e1d18",
            "messageTitle": "level-2",
            "messageBody": "",
            "tags": [
              "Level-2"
            ],
            "insertions": 71,
            "deletions": 4
          },
          {
            "hash": "2e3503fc25c16965604e921b06da3a8f8c060e46",
            "messageTitle": "Level-2",
            "messageBody": "",
            "insertions": 234,
            "deletions": 197
          },
          {
            "hash": "44a63cd2b0432c51aef3441398d074d05d70c830",
            "messageTitle": "Level-2",
            "messageBody": "",
            "insertions": 0,
            "deletions": 10
          },
          {
            "hash": "876ab9b2a13c7c730d7ea3f064a43c61abb45f92",
            "messageTitle": "Level-3",
            "messageBody": "",
            "tags": [
              "Level-3"
            ],
            "insertions": 34,
            "deletions": 17
          },
          {
            "hash": "4bc69f4c687ca3abd1ebc5928c2e240bde10edf1",
            "messageTitle": "Level-4",
            "messageBody": "",
            "tags": [
              "Level-4"
            ],
            "insertions": 158,
            "deletions": 40
          },
          {
            "hash": "4c4327f3d98ef0ada1c878e2354211dcd85c79e8",
            "messageTitle": "Level-5",
            "messageBody": "",
            "tags": [
              "Level-5"
            ],
            "insertions": 54,
            "deletions": 31
          },
          {
            "hash": "86af6fa401dbd4bd4cce52278d39f8862387bbdd",
            "messageTitle": "A-TextUiTesting",
            "messageBody": "",
            "tags": [
              "A-TextUiTesting"
            ],
            "insertions": 3,
            "deletions": 0
          },
          {
            "hash": "9b5f9c2feedc9c5696eeb56341e581f254ba9470",
            "messageTitle": "Level-6",
            "messageBody": "",
            "tags": [
              "Level-6"
            ],
            "insertions": 33,
            "deletions": 17
          },
          {
            "hash": "6ad353d88838278e37adc05a3e26550b83420879",
            "messageTitle": "Level-7",
            "messageBody": "",
            "tags": [
              "Level-7"
            ],
            "insertions": 483,
            "deletions": 30
          },
          {
            "hash": "659b7433fe2672e17c9d3674e0a9105186e2fd62",
            "messageTitle": "Level-6",
            "messageBody": "",
            "insertions": 88,
            "deletions": 0
          },
          {
            "hash": "67626a92480906553f99c6c14f8f2a2dcb922f60",
            "messageTitle": "Revert \"Level-6\"",
            "messageBody": "This reverts commit 659b7433fe2672e17c9d3674e0a9105186e2fd62.\n",
            "insertions": 0,
            "deletions": 88
          },
          {
            "hash": "1792f86d97f94c8c08e5529616eafc8d11362f51",
            "messageTitle": "Level-8",
            "messageBody": "",
            "tags": [
              "Level-8"
            ],
            "insertions": 39,
            "deletions": 14
          },
          {
            "hash": "f04fd677e0aa316e06b6b96f12266c118bd162a9",
            "messageTitle": "Level 7 and 8",
            "messageBody": "",
            "insertions": 11,
            "deletions": 1
          }
        ]
      },
      {
        "insertions": 701,
        "deletions": 527,
        "date": "2020-01-31",
        "commitResults": [
          {
            "hash": "dbb2c84aa15580442e670b5cc527b95a58f62ef5",
            "messageTitle": "A-MoreOOP",
            "messageBody": "",
            "tags": [
              "A-MoreOOP"
            ],
            "insertions": 348,
            "deletions": 271
          },
          {
            "hash": "8e1b66500f3b3c397f7218c8e5973e03c9f90ce8",
            "messageTitle": "A-Packages",
            "messageBody": "",
            "tags": [
              "A-Packages"
            ],
            "insertions": 259,
            "deletions": 221
          },
          {
            "hash": "212ff9dfc8a85c2f99d10d77d5be9d85594465bd",
            "messageTitle": "A-JUnit",
            "messageBody": "",
            "tags": [
              "A-JUnit",
              "0.1.0"
            ],
            "insertions": 39,
            "deletions": 2
          },
          {
            "hash": "06359607c0f8d3bb9fbb302311e27329e81b3ef4",
            "messageTitle": "A-Jar",
            "messageBody": "",
            "tags": [
              "A-Jar"
            ],
            "insertions": 1,
            "deletions": 1
          },
          {
            "hash": "f8223e874e4f01f58d88ef7d8dd1f734918ce065",
            "messageTitle": "Level-9",
            "messageBody": "",
            "tags": [
              "Level-9"
            ],
            "insertions": 54,
            "deletions": 32
          }
        ]
      },
      {
        "insertions": 151,
        "deletions": 9,
        "date": "2020-02-02",
        "commitResults": [
          {
            "hash": "47974db2bf2aebac5308e4878213777185cbffbb",
            "messageTitle": "A-JavaDoc",
            "messageBody": "",
            "tags": [
              "A-JavaDoc"
            ],
            "insertions": 146,
            "deletions": 8
          },
          {
            "hash": "0b61d7c7decd2f72bbe58f5966be79ec56503522",
            "messageTitle": "A-CodingStandard",
            "messageBody": "",
            "tags": [
              "A-CodingStandard"
            ],
            "insertions": 5,
            "deletions": 1
          }
        ]
      },
      {
        "insertions": 501,
        "deletions": 427,
        "date": "2020-02-03",
        "commitResults": [
          {
            "hash": "c937bae1933be275043ee0d392fcf816d2b555cb",
            "messageTitle": "A-Gradle",
            "messageBody": "",
            "tags": [
              "A-Gradle"
            ],
            "insertions": 455,
            "deletions": 424
          },
          {
            "hash": "112c6e8cce520e1924cda341ceea08d868b55047",
            "messageTitle": "A-CheckStyle",
            "messageBody": "",
            "tags": [
              "A-CheckStyle"
            ],
            "insertions": 0,
            "deletions": 1
          },
          {
            "hash": "bfd86d6ce59a1e6d3b9112c02ab7d2d056a49c8d",
            "messageTitle": "A-JavaFx",
            "messageBody": "",
            "tags": [
              "Level-10",
              "A-Varargs"
            ],
            "insertions": 46,
            "deletions": 2
          }
        ]
      }
    ]
  },
  "authorFinalContributionMap": {
    "mightyrabbit99": 1287
  },
  "authorFileTypeContributionMap": {
    "mightyrabbit99": {
      "classpath": 18,
      "gitignore": 4,
      "project": 23,
      "gradle": 40,
      "txt": 40,
      "properties": 1,
      "java": 1127,
      "sh": 34
    }
  },
  "authorContributionVariance": {
    "mightyrabbit99": 336162.9
  },
  "authorDisplayNameMap": {
    "mightyrabbit99": "CS2103T-F10- 3 TAN .. KEN"
  }
}
