{
  "authorDailyContributionsMap": {
    "tharshita": [
      {
        "insertions": 14,
        "deletions": 1,
        "date": "2020-01-22",
        "commitResults": [
          {
            "hash": "5d4b891afae565b3440b76620cc70ff4e0a77bb4",
            "messageTitle": "Level 1",
            "messageBody": "",
            "fileTypesAndContributionMap": {
              "java": {
                "insertions": 12,
                "deletions": 1
              }
            }
          },
          {
            "hash": "250672c3fabbd97b15bf9d26ba045e16691ac7b3",
            "messageTitle": "level 1",
            "messageBody": "",
            "tags": [
              "Level-1"
            ],
            "fileTypesAndContributionMap": {
              "java": {
                "insertions": 2,
                "deletions": 0
              }
            }
          }
        ]
      },
      {
        "insertions": 265,
        "deletions": 45,
        "date": "2020-01-23",
        "commitResults": [
          {
            "hash": "81c07f57e0d5e19ea0f0c0ae2617750b6e7699f6",
            "messageTitle": "level 2",
            "messageBody": "",
            "tags": [
              "Level-2"
            ],
            "fileTypesAndContributionMap": {
              "java": {
                "insertions": 16,
                "deletions": 1
              }
            }
          },
          {
            "hash": "ff1c1777716ab6a96caa6821925fcf023bd7b008",
            "messageTitle": "level 3",
            "messageBody": "",
            "tags": [
              "Level-3"
            ],
            "fileTypesAndContributionMap": {
              "java": {
                "insertions": 38,
                "deletions": 7
              }
            }
          },
          {
            "hash": "fff18db0012db671ce4c3688b5184e9d692af5f8",
            "messageTitle": "editting tasks to todo, event and deadline",
            "messageBody": "",
            "tags": [
              "Level-4"
            ],
            "fileTypesAndContributionMap": {
              "java": {
                "insertions": 82,
                "deletions": 11
              }
            }
          },
          {
            "hash": "07bb21ecf84a33f282c2856bb31441950e8aa7d5",
            "messageTitle": "ui testing passed",
            "messageBody": "",
            "tags": [
              "A-TextUiTesting"
            ],
            "fileTypesAndContributionMap": {
              "txt": {
                "insertions": 30,
                "deletions": 0
              },
              "java": {
                "insertions": 1,
                "deletions": 0
              },
              "sh": {
                "insertions": 35,
                "deletions": 0
              }
            }
          },
          {
            "hash": "cb1a97341cc51ddb12c0c3bef9f3159737581aef",
            "messageTitle": "caught exceptions",
            "messageBody": "",
            "tags": [
              "Level-5"
            ],
            "fileTypesAndContributionMap": {
              "java": {
                "insertions": 54,
                "deletions": 25
              }
            }
          },
          {
            "hash": "657baa38d5a74b9202deaf6b2ecf5d0158119652",
            "messageTitle": "delete command implemented",
            "messageBody": "",
            "tags": [
              "Level-6"
            ],
            "fileTypesAndContributionMap": {
              "java": {
                "insertions": 9,
                "deletions": 1
              }
            }
          }
        ]
      },
      {
        "insertions": 356,
        "deletions": 123,
        "date": "2020-01-29",
        "commitResults": [
          {
            "hash": "8d4a9175808970b7cde10430c0689f88780e66ae",
            "messageTitle": "Level 7",
            "messageBody": "",
            "tags": [
              "Level-7"
            ],
            "fileTypesAndContributionMap": {
              "txt": {
                "insertions": 1,
                "deletions": 0
              },
              "java": {
                "insertions": 116,
                "deletions": 4
              }
            }
          },
          {
            "hash": "be416894dada1363deb6815c9f9437178c63861b",
            "messageTitle": "Level 8",
            "messageBody": "",
            "fileTypesAndContributionMap": {
              "txt": {
                "insertions": 4,
                "deletions": 4
              },
              "java": {
                "insertions": 8,
                "deletions": 6
              }
            }
          },
          {
            "hash": "9bb9816a574d69df0504372cc2c9d590de472e80",
            "messageTitle": "A-moreOOP",
            "messageBody": "",
            "tags": [
              "A-MoreOOP"
            ],
            "fileTypesAndContributionMap": {
              "txt": {
                "insertions": 3,
                "deletions": 0
              },
              "java": {
                "insertions": 187,
                "deletions": 109
              }
            }
          },
          {
            "hash": "40985ddd74057bab3bc571e9553cd13ef04299a0",
            "messageTitle": "A-JUnit",
            "messageBody": "",
            "tags": [
              "A-JUnit"
            ],
            "fileTypesAndContributionMap": {
              "java": {
                "insertions": 37,
                "deletions": 0
              }
            }
          }
        ]
      },
      {
        "insertions": 257,
        "deletions": 53,
        "date": "2020-01-30",
        "commitResults": [
          {
            "hash": "b7717fe8b5a22faa76bda1b50a2fb8bafa5f2ef2",
            "messageTitle": "gradle",
            "messageBody": "",
            "tags": [
              "A-Jar",
              "A-Gradle"
            ],
            "fileTypesAndContributionMap": {
              "gradle": {
                "insertions": 15,
                "deletions": 2
              }
            }
          },
          {
            "hash": "eafc379a060faebec92cf72a01a8058981cd78f2",
            "messageTitle": "Javadocs",
            "messageBody": "",
            "tags": [
              "A-JavaDoc"
            ],
            "fileTypesAndContributionMap": {
              "java": {
                "insertions": 147,
                "deletions": 18
              }
            }
          },
          {
            "hash": "974cd758c61cc6d54afe896da7d20c804fb18aae",
            "messageTitle": "codingStyle",
            "messageBody": "",
            "fileTypesAndContributionMap": {
              "java": {
                "insertions": 22,
                "deletions": 18
              }
            }
          },
          {
            "hash": "89bb2c479be809fa99c3c21a1af60cde4774dd47",
            "messageTitle": "Level-9",
            "messageBody": "",
            "fileTypesAndContributionMap": {
              "java": {
                "insertions": 29,
                "deletions": 0
              }
            }
          },
          {
            "hash": "505523075514922752413841520f11cfa773f66a",
            "messageTitle": "merge conflict resolved in tasklist",
            "messageBody": "",
            "fileTypesAndContributionMap": {
              "java": {
                "insertions": 0,
                "deletions": 4
              }
            }
          },
          {
            "hash": "d7b9e8b415093c82fa9c4c8c9fc73251cece3687",
            "messageTitle": "minor changes to code style",
            "messageBody": "",
            "fileTypesAndContributionMap": {
              "txt": {
                "insertions": 1,
                "deletions": 1
              },
              "java": {
                "insertions": 2,
                "deletions": 5
              }
            }
          },
          {
            "hash": "bbc48d48eac9c16b5b9d6da5a2e5939016121254",
            "messageTitle": "checkstyleMain build sucessful",
            "messageBody": "",
            "fileTypesAndContributionMap": {
              "java": {
                "insertions": 41,
                "deletions": 5
              }
            }
          }
        ]
      },
      {
        "insertions": 433,
        "deletions": 160,
        "date": "2020-02-01",
        "commitResults": [
          {
            "hash": "779242c564c896b4a43f92f8d38777b62e063c79",
            "messageTitle": "cleaned up code",
            "messageBody": "",
            "fileTypesAndContributionMap": {
              "gradle": {
                "insertions": 8,
                "deletions": 0
              },
              "java": {
                "insertions": 42,
                "deletions": 12
              }
            }
          },
          {
            "hash": "f1d1f076587dd21deec3187396f881c3a513132d",
            "messageTitle": "checkstyle",
            "messageBody": "",
            "fileTypesAndContributionMap": {
              "java": {
                "insertions": 7,
                "deletions": 0
              }
            }
          },
          {
            "hash": "308dd567504f0c2346761dda16cf7c401eb96f46",
            "messageTitle": "checkstyle build successful",
            "messageBody": "",
            "fileTypesAndContributionMap": {
              "java": {
                "insertions": 3,
                "deletions": 3
              }
            }
          },
          {
            "hash": "72f43d9d1cc431323727b2135c0a2747b4000662",
            "messageTitle": "javaFx tut 1",
            "messageBody": "",
            "fileTypesAndContributionMap": {
              "gradle": {
                "insertions": 15,
                "deletions": 0
              },
              "java": {
                "insertions": 28,
                "deletions": 2
              }
            }
          },
          {
            "hash": "82773c1d71726e770557a1c5529dc96026dcf659",
            "messageTitle": "javafx tut 2",
            "messageBody": "",
            "fileTypesAndContributionMap": {
              "java": {
                "insertions": 56,
                "deletions": 12
              }
            }
          },
          {
            "hash": "921900f1782fba9a66838412f5bed9564fb82c49",
            "messageTitle": "javafx tut 3",
            "messageBody": "",
            "fileTypesAndContributionMap": {
              "java": {
                "insertions": 98,
                "deletions": 1
              }
            }
          },
          {
            "hash": "91754c9cbef3753a976851c4e86c981ebc29fb9f",
            "messageTitle": "A-JavaFx",
            "messageBody": "",
            "tags": [
              "Level-10",
              "A-JavaFx"
            ],
            "fileTypesAndContributionMap": {
              "fxml": {
                "insertions": 35,
                "deletions": 0
              },
              "java": {
                "insertions": 141,
                "deletions": 130
              }
            }
          }
        ]
      },
      {
        "insertions": 114,
        "deletions": 123,
        "date": "2020-02-04",
        "commitResults": [
          {
            "hash": "20fe1b02a7798a88d7394516c3b1f1b847868cd6",
            "messageTitle": "GUI works",
            "messageBody": "",
            "fileTypesAndContributionMap": {
              "txt": {
                "insertions": 4,
                "deletions": 2
              },
              "java": {
                "insertions": 110,
                "deletions": 121
              }
            }
          }
        ]
      },
      {
        "insertions": 2,
        "deletions": 2,
        "date": "2020-02-06",
        "commitResults": [
          {
            "hash": "d0f153163910fbbe1136f5b53b6eb79c3c23dbef",
            "messageTitle": "minor chances to spacings",
            "messageBody": "",
            "fileTypesAndContributionMap": {
              "java": {
                "insertions": 2,
                "deletions": 2
              }
            }
          }
        ]
      },
      {
        "insertions": 65,
        "deletions": 53,
        "date": "2020-02-12",
        "commitResults": [
          {
            "hash": "b4e2f849b2fb697ccf475ffe2cd4965370726ad8",
            "messageTitle": "updated jar and editted duke exceptions",
            "messageBody": "",
            "tags": [
              "A-Assertions"
            ],
            "fileTypesAndContributionMap": {
              "gradle": {
                "insertions": 3,
                "deletions": 3
              },
              "java": {
                "insertions": 1,
                "deletions": 5
              }
            }
          },
          {
            "hash": "bac9b10c4254f895ef913d823c5b4510fe40a743",
            "messageTitle": "del assertions",
            "messageBody": "",
            "fileTypesAndContributionMap": {
              "java": {
                "insertions": 3,
                "deletions": 0
              }
            }
          },
          {
            "hash": "88b92feb61c225aeeda4afe8f72c68e73388d09a",
            "messageTitle": "assertions added",
            "messageBody": "",
            "fileTypesAndContributionMap": {
              "java": {
                "insertions": 7,
                "deletions": 1
              }
            }
          },
          {
            "hash": "9fd20c6fc82c7a44da516e77a3a40d05dd3fea9d",
            "messageTitle": "code quality",
            "messageBody": "",
            "tags": [
              "A-CodeQuality"
            ],
            "fileTypesAndContributionMap": {
              "java": {
                "insertions": 23,
                "deletions": 35
              }
            }
          },
          {
            "hash": "e33e685c282e398c2a0c2f62f1f7d683fb3285e6",
            "messageTitle": "updated travis 2.0",
            "messageBody": "",
            "fileTypesAndContributionMap": {
              "java": {
                "insertions": 2,
                "deletions": 2
              }
            }
          },
          {
            "hash": "50021af8593c8f00cbf936a93d86ef21f91cf047",
            "messageTitle": "extension",
            "messageBody": "",
            "tags": [
              "C-Archive"
            ],
            "fileTypesAndContributionMap": {
              "txt": {
                "insertions": 0,
                "deletions": 6
              },
              "java": {
                "insertions": 26,
                "deletions": 1
              }
            }
          }
        ]
      },
      {
        "insertions": 14,
        "deletions": 10,
        "date": "2020-02-13",
        "commitResults": [
          {
            "hash": "88fc525c30e820d3d3f2ec46713629501704bc99",
            "messageTitle": "update C-Archive",
            "messageBody": "",
            "fileTypesAndContributionMap": {
              "txt": {
                "insertions": 3,
                "deletions": 0
              },
              "java": {
                "insertions": 11,
                "deletions": 10
              }
            }
          }
        ]
      },
      {
        "insertions": 110,
        "deletions": 38,
        "date": "2020-02-19",
        "commitResults": [
          {
            "hash": "b6ed4ef6fbe763864ff719cd3903cead50739ee3",
            "messageTitle": "edits to assertions",
            "messageBody": "",
            "fileTypesAndContributionMap": {
              "java": {
                "insertions": 3,
                "deletions": 6
              }
            }
          },
          {
            "hash": "662ba91ed0bdda8176a7d326b512f263caf12b7c",
            "messageTitle": "more assertions",
            "messageBody": "",
            "fileTypesAndContributionMap": {
              "java": {
                "insertions": 6,
                "deletions": 2
              }
            }
          },
          {
            "hash": "9e644df3c0db52f6e003e8b1137e7fc34b502761",
            "messageTitle": "packages",
            "messageBody": "",
            "tags": [
              "A-Packages"
            ],
            "fileTypesAndContributionMap": {
              "gradle": {
                "insertions": 3,
                "deletions": 3
              },
              "fxml": {
                "insertions": 1,
                "deletions": 1
              },
              "java": {
                "insertions": 60,
                "deletions": 11
              }
            }
          },
          {
            "hash": "4a91fa75c96091c0bc577002dff84d1aef123843",
            "messageTitle": "changes to ui",
            "messageBody": "",
            "fileTypesAndContributionMap": {
              "java": {
                "insertions": 2,
                "deletions": 2
              }
            }
          },
          {
            "hash": "a542bcaa8dd1b6ad07cf9a70f2fc1373344b1971",
            "messageTitle": "caught more exceptions",
            "messageBody": "",
            "fileTypesAndContributionMap": {
              "java": {
                "insertions": 7,
                "deletions": 0
              }
            }
          },
          {
            "hash": "647fd1078e291872343d6aab6b7f92bba594dacd",
            "messageTitle": "ui changes",
            "messageBody": "",
            "fileTypesAndContributionMap": {
              "txt": {
                "insertions": 1,
                "deletions": 0
              },
              "fxml": {
                "insertions": 5,
                "deletions": 5
              }
            }
          },
          {
            "hash": "6c028a8bf722e2d03a37a328d3521af07382d651",
            "messageTitle": "user guide",
            "messageBody": "",
            "fileTypesAndContributionMap": {
              "md": {
                "insertions": 14,
                "deletions": 8
              }
            }
          },
          {
            "hash": "642e4a69eaeaa5bef6700465d6edf9f7ca7cd72c",
            "messageTitle": "user guide",
            "messageBody": "",
            "tags": [
              "A-UserGuide",
              "A-Release"
            ],
            "fileTypesAndContributionMap": {
              "md": {
                "insertions": 8,
                "deletions": 0
              }
            }
          }
        ]
      },
      {
        "insertions": 124,
        "deletions": 19,
        "date": "2020-02-20",
        "commitResults": [
          {
            "hash": "afc0591ecad6f5812e3775797aaf854f116c3962",
            "messageTitle": "update userguide",
            "messageBody": "",
            "fileTypesAndContributionMap": {
              "md": {
                "insertions": 111,
                "deletions": 11
              }
            }
          },
          {
            "hash": "46e7c8379621b40ea88a6952b287c443c16c1e81",
            "messageTitle": "fixed ui newline errors",
            "messageBody": "",
            "fileTypesAndContributionMap": {
              "txt": {
                "insertions": 0,
                "deletions": 4
              },
              "java": {
                "insertions": 2,
                "deletions": 2
              }
            }
          },
          {
            "hash": "abb4b8d0085fb304fad68144f3a98d02fe609e58",
            "messageTitle": "update storage automatically",
            "messageBody": "",
            "fileTypesAndContributionMap": {
              "txt": {
                "insertions": 3,
                "deletions": 0
              },
              "java": {
                "insertions": 8,
                "deletions": 2
              }
            }
          }
        ]
      },
      {
        "insertions": 6,
        "deletions": 3,
        "date": "2020-02-22",
        "commitResults": [
          {
            "hash": "6275234786fa998209152cc7782cec61322cd7b8",
            "messageTitle": "editted saybye command",
            "messageBody": "",
            "fileTypesAndContributionMap": {
              "txt": {
                "insertions": 1,
                "deletions": 1
              },
              "fxml": {
                "insertions": 4,
                "deletions": 1
              },
              "java": {
                "insertions": 1,
                "deletions": 1
              }
            }
          }
        ]
      },
      {
        "insertions": 129,
        "deletions": 13,
        "date": "2020-02-28",
        "commitResults": [
          {
            "hash": "c74c4512f2f27cacbca2c08de9b4f205a66a7d16",
            "messageTitle": "updated readme to include new feature",
            "messageBody": "",
            "fileTypesAndContributionMap": {
              "md": {
                "insertions": 19,
                "deletions": 2
              }
            }
          },
          {
            "hash": "f40bd936a0faa6293def107dec54aa4471eda95a",
            "messageTitle": "added new history feature",
            "messageBody": "",
            "fileTypesAndContributionMap": {
              "txt": {
                "insertions": 9,
                "deletions": 3
              },
              "java": {
                "insertions": 101,
                "deletions": 8
              }
            }
          }
        ]
      }
    ]
  },
  "authorFinalContributionMap": {
    "tharshita": 1267
  },
  "authorFileTypeContributionMap": {
    "tharshita": {
      "java": 979,
      "md": 139,
      "fxml": 38,
      "sh": 35,
      "bat": 0,
      "gradle": 37,
      "txt": 39
    }
  },
  "authorContributionVariance": {
    "tharshita": 16391.355
  },
  "authorDisplayNameMap": {
    "tharshita": "CS2103T-T10- 1 TIYA..HITA"
  }
}
