{
  "authorDailyContributionsMap": {
    "PangJiaDa": [
      {
        "insertions": 368,
        "deletions": 56,
        "date": "2020-01-23",
        "commitResults": [
          {
            "hash": "e855069b5a7bab911501b08bfeb32e9f5c0bc74a",
            "messageTitle": "my initial commit after forking duke template repo",
            "messageBody": "",
            "insertions": 2,
            "deletions": 1
          },
          {
            "hash": "46056f664ceaf31c05d5e3b67e8722bed67fb630",
            "messageTitle": "completed level 1, greet, echo and exit functionality",
            "messageBody": "",
            "tags": [
              "Level-1"
            ],
            "insertions": 26,
            "deletions": 3
          },
          {
            "hash": "b3ab69df3b1f2e14bbbd11adc725b1fdf8fa0350",
            "messageTitle": "completed level 2, add \u0026 list functionality",
            "messageBody": "",
            "tags": [
              "Level-2"
            ],
            "insertions": 26,
            "deletions": 1
          },
          {
            "hash": "b967932202fed26d3d361fcb141e7fa98acf63ae",
            "messageTitle": "completed level 3, mark-as-done functionality. removed printing with horizontal line",
            "messageBody": "",
            "tags": [
              "Level-3"
            ],
            "insertions": 47,
            "deletions": 7
          },
          {
            "hash": "876d0df3e1ce8bf939977d725affd3c48042d91a",
            "messageTitle": "completed level 4, implemented ToDos, Events, Deadline tasks. Refactored into more OOP style for Tasks and Events",
            "messageBody": "",
            "tags": [
              "Level-4"
            ],
            "insertions": 172,
            "deletions": 33
          },
          {
            "hash": "786c00cbbb9c7a79cf31265d2790417ce577faf5",
            "messageTitle": "tried the automated TextUiTesting, not too sure about the batch file commands",
            "messageBody": "",
            "tags": [
              "A-TextUiTesting"
            ],
            "insertions": 32,
            "deletions": 0
          },
          {
            "hash": "b1d79c61508cb9b8277241872f8f3090ba472f55",
            "messageTitle": "added basic error handling. Handles a todo command without description. Handles undefined commands",
            "messageBody": "",
            "tags": [
              "Level-5"
            ],
            "insertions": 34,
            "deletions": 10
          },
          {
            "hash": "4888a0aeff927417edd4c080bb4db3f4999ad7dd",
            "messageTitle": "completed level 6, implemented Delete functionality",
            "messageBody": "",
            "tags": [
              "Level-6"
            ],
            "insertions": 27,
            "deletions": 1
          },
          {
            "hash": "170b262e7d5482b5a7f3218be8ab95a1fd13cb3b",
            "messageTitle": "experimenting with automated testing",
            "messageBody": "",
            "insertions": 2,
            "deletions": 0
          }
        ]
      },
      {
        "insertions": 401,
        "deletions": 202,
        "date": "2020-01-28",
        "commitResults": [
          {
            "hash": "59fcc995746ad575a39d18e0b2b54d3bdd8c6a26",
            "messageTitle": "completed level 7, save functionality",
            "messageBody": "",
            "insertions": 91,
            "deletions": 5
          },
          {
            "hash": "fd6ae54aae120fa172d05528eb3169a44d687cbe",
            "messageTitle": "completed branch level 8: deadlines store date using LocalDate",
            "messageBody": "",
            "tags": [
              "branch-Level-8"
            ],
            "insertions": 11,
            "deletions": 8
          },
          {
            "hash": "24d508903dc96a3de8da7f6fe146ab627a38b0f9",
            "messageTitle": "cleaned up left over print debugging statements",
            "messageBody": "",
            "tags": [
              "Level-8"
            ],
            "insertions": 4,
            "deletions": 8
          },
          {
            "hash": "77e24ebd5b4d7c342d103a82e6d11f69d1037f77",
            "messageTitle": "completed A-MoreOOP: refactored code to a much more OOP style. Program cannot recover from incorrect LocalDate format",
            "messageBody": "",
            "tags": [
              "A-MoreOOP"
            ],
            "insertions": 247,
            "deletions": 80
          },
          {
            "hash": "a921d5f8acfa89f29f12460b3a5840f433ee380e",
            "messageTitle": "completed A-JUnit: implemented a few tests for Todo and Deadline class",
            "messageBody": "",
            "tags": [
              "A-JUnit"
            ],
            "insertions": 48,
            "deletions": 101
          }
        ]
      }
    ]
  },
  "authorFinalContributionMap": {
    "PangJiaDa": 511
  },
  "authorFileTypeContributionMap": {
    "PangJiaDa": {
      "java": 472,
      "md": 0,
      "fxml": 0,
      "sh": 0,
      "bat": 22,
      "gradle": 0,
      "txt": 17
    }
  },
  "authorContributionVariance": {
    "PangJiaDa": 29841.527
  },
  "authorDisplayNameMap": {
    "PangJiaDa": "CS2103-W14- 2 PANG..A DA"
  }
}
