{
  "authorDailyContributionsMap": {
    "hhjoel": [
      {
        "insertions": 436,
        "deletions": 1285,
        "date": "2020-01-28",
        "commitResults": [
          {
            "hash": "e3dc2eecb6e606f269ed7936e9a02c4b336bcab9",
            "messageTitle": "TEST RUN 1",
            "messageBody": "",
            "tags": [
              "Test_Run_1"
            ],
            "insertions": 2,
            "deletions": 0
          },
          {
            "hash": "02f998d0b64e24a9e480fcb718d5b8c3cca83c42",
            "messageTitle": "Level-1",
            "messageBody": "",
            "insertions": 16,
            "deletions": 1
          },
          {
            "hash": "68a8694f0b8f2bbd1622b13f743a2c744bc75c3f",
            "messageTitle": "Level-2",
            "messageBody": "",
            "insertions": 18,
            "deletions": 3
          },
          {
            "hash": "5a1a07803c0ed3aacbe05f1ffcebacc5de2f4f33",
            "messageTitle": "Level-1",
            "messageBody": "",
            "tags": [
              "Level-1"
            ],
            "insertions": 6,
            "deletions": 5
          },
          {
            "hash": "e00cd1b9bbcf5df40708f0be60ef92c87620ff96",
            "messageTitle": "Level-2",
            "messageBody": "",
            "tags": [
              "Level-2"
            ],
            "insertions": 5,
            "deletions": 6
          },
          {
            "hash": "00c08fbe9a4b6808ad30da56b5f887c49445c3c5",
            "messageTitle": "Level-3",
            "messageBody": "",
            "tags": [
              "Level-3"
            ],
            "insertions": 33,
            "deletions": 4
          },
          {
            "hash": "59011812d013ce8d9f5d8bfded9f13024fa22a93",
            "messageTitle": "Level-4",
            "messageBody": "",
            "tags": [
              "Level-4"
            ],
            "insertions": 83,
            "deletions": 4
          },
          {
            "hash": "0a8e70566bb7eac8667e76494b703adbfc2ac674",
            "messageTitle": "A-TextUiTesting",
            "messageBody": "",
            "tags": [
              "A-TextUiTesting"
            ],
            "insertions": 30,
            "deletions": 0
          },
          {
            "hash": "ae777de4fcd3aa4b679a2248f23528e104c0f4a9",
            "messageTitle": "Level-5",
            "messageBody": "",
            "tags": [
              "Level-5"
            ],
            "insertions": 65,
            "deletions": 3
          },
          {
            "hash": "a6a1a669a762caae68ea2b33a91baaf3cce78c5f",
            "messageTitle": "Level-6 + more exceptions handled",
            "messageBody": "",
            "tags": [
              "Level-6"
            ],
            "insertions": 53,
            "deletions": 13
          },
          {
            "hash": "70931e4794cc985305aa1eb235e60c55741d4c5e",
            "messageTitle": "A-Enums",
            "messageBody": "",
            "tags": [
              "A-Enums"
            ],
            "insertions": 10,
            "deletions": 1
          },
          {
            "hash": "9243fa076cd85a9fd092733e711a53e2b5573695",
            "messageTitle": "Level-7",
            "messageBody": "",
            "tags": [
              "Level-7"
            ],
            "insertions": 103,
            "deletions": 17
          },
          {
            "hash": "34cebcf293f3ff4c8d077cc5b0269b2f478729eb",
            "messageTitle": "Level-8",
            "messageBody": "",
            "insertions": 5,
            "deletions": 5
          },
          {
            "hash": "ba3daf65de076e60f2b1225f1af6ac761e3c3755",
            "messageTitle": "Level-8",
            "messageBody": "",
            "tags": [
              "Level-8"
            ],
            "insertions": 5,
            "deletions": 4
          },
          {
            "hash": "6f7d55dc13ce17c67289920eb016c7f03e97b063",
            "messageTitle": "Level-8",
            "messageBody": "",
            "insertions": 2,
            "deletions": 1219
          }
        ]
      },
      {
        "insertions": 331,
        "deletions": 228,
        "date": "2020-01-30",
        "commitResults": [
          {
            "hash": "9cb6145b8a9691eb71699c87bc8b4487eb12668d",
            "messageTitle": "more OOP",
            "messageBody": "",
            "tags": [
              "A-MoreOOP"
            ],
            "insertions": 331,
            "deletions": 228
          }
        ]
      },
      {
        "insertions": 676,
        "deletions": 74,
        "date": "2020-02-04",
        "commitResults": [
          {
            "hash": "b70ac80959a884538d0c0e532658717402edc5da",
            "messageTitle": "Fixed delete not writing into database, implement packages",
            "messageBody": "",
            "tags": [
              "A-Packages"
            ],
            "insertions": 34,
            "deletions": 29
          },
          {
            "hash": "48d1d9a4fb274a59519566a72ed4e2e993545c0a",
            "messageTitle": "A-JUnit",
            "messageBody": "",
            "tags": [
              "v1.0",
              "A-JUnit"
            ],
            "insertions": 74,
            "deletions": 33
          },
          {
            "hash": "7c42154a401845da6b619770675cb0e38ae04c16",
            "messageTitle": "A-JavaDocs",
            "messageBody": "",
            "tags": [
              "A-JavaDoc"
            ],
            "insertions": 121,
            "deletions": 0
          },
          {
            "hash": "6c4fb02ce9d83fd794d55ca6cde9e8903b75e3a2",
            "messageTitle": "A-CodingStandard",
            "messageBody": "",
            "insertions": 24,
            "deletions": 8
          },
          {
            "hash": "bb43dbde6d3de0db4e6e06db0acdd556155f633e",
            "messageTitle": "Level-9",
            "messageBody": "",
            "insertions": 43,
            "deletions": 2
          },
          {
            "hash": "d9f03a7f1dcb7ed9361415f6bb815a9c20ae1a54",
            "messageTitle": "A-Gradle",
            "messageBody": "",
            "tags": [
              "A-Gradle"
            ],
            "insertions": 22,
            "deletions": 1
          },
          {
            "hash": "4af4f9caf5562f17985202f4f1dc602cd2113c31",
            "messageTitle": "A-CheckStyle",
            "messageBody": "",
            "tags": [
              "A-CheckStyle"
            ],
            "insertions": 8,
            "deletions": 0
          },
          {
            "hash": "c840c6f8107265a85400117bcd78d1659dbbd507",
            "messageTitle": "Level-10 GUI",
            "messageBody": "",
            "tags": [
              "Level-10"
            ],
            "insertions": 350,
            "deletions": 1
          }
        ]
      },
      {
        "insertions": 309,
        "deletions": 283,
        "date": "2020-02-11",
        "commitResults": [
          {
            "hash": "bd665bbac9b0f0c4767088d4909a9f1c9c4fd24b",
            "messageTitle": "Enabled GUI to work properly, tried asserts",
            "messageBody": "",
            "tags": [
              "A-Assertions"
            ],
            "insertions": 289,
            "deletions": 283
          },
          {
            "hash": "946458eed8ba300398d88d5c2d01c4291cd8e316",
            "messageTitle": "Separated classes into separate files",
            "messageBody": "",
            "tags": [
              "A-CodeQuality"
            ],
            "insertions": 20,
            "deletions": 0
          }
        ]
      },
      {
        "insertions": 476,
        "deletions": 565,
        "date": "2020-02-12",
        "commitResults": [
          {
            "hash": "cb68b9ff7a1dd42d5dab9d57af601554e1162da7",
            "messageTitle": "Added sorting functionality by name and date + did code quality and cleared static analysis of all classes",
            "messageBody": "",
            "tags": [
              "C-Sort"
            ],
            "insertions": 476,
            "deletions": 565
          }
        ]
      }
    ]
  },
  "authorFinalContributionMap": {
    "hhjoel": 1011
  },
  "authorFileTypeContributionMap": {
    "hhjoel": {
      "java": 898,
      "md": 0,
      "fxml": 35,
      "sh": 0,
      "bat": 21,
      "gradle": 42,
      "txt": 15
    }
  },
  "authorContributionVariance": {
    "hhjoel": 147405.22
  },
  "authorDisplayNameMap": {
    "hhjoel": "CS2103-W14- 3 JOEL..HENG"
  }
}
