{
  "authorDailyContributionsMap": {
    "weiichengg": [
      {
        "insertions": 86,
        "deletions": 26,
        "date": "2020-01-22",
        "commitResults": [
          {
            "hash": "520b4231ef6dbcb3af8f30b2cfb90de8c78fffd1",
            "messageTitle": "Level 1 : Greet, Echo, Exit",
            "messageBody": "",
            "tags": [
              "Level-1"
            ],
            "insertions": 18,
            "deletions": 8
          },
          {
            "hash": "7a4732f6db20f5c5d0ca01a39f9013613d8cc524",
            "messageTitle": "Level 2. Add, List",
            "messageBody": "",
            "tags": [
              "Level-2"
            ],
            "insertions": 29,
            "deletions": 6
          },
          {
            "hash": "1bb36c78252455c8098062c718cdef1df632d91b",
            "messageTitle": "Level 3: Mark as Done",
            "messageBody": "",
            "tags": [
              "Level-3"
            ],
            "insertions": 39,
            "deletions": 12
          }
        ]
      },
      {
        "insertions": 180,
        "deletions": 48,
        "date": "2020-01-23",
        "commitResults": [
          {
            "hash": "a319bf15a7da2fb54840e8682930ece83d35b339",
            "messageTitle": "Level 4. ToDos, Events, Deadlines",
            "messageBody": "",
            "tags": [
              "Level-4"
            ],
            "insertions": 43,
            "deletions": 10
          },
          {
            "hash": "6b21b1d36a742180caa1c9d12e185acf7bf4d68e",
            "messageTitle": "Level 4. ToDos, Events, Deadlines with text-ui-test done",
            "messageBody": "",
            "insertions": 62,
            "deletions": 2
          },
          {
            "hash": "fbfdec4f50c5dcd9f52af9623d5627ffb91e6d66",
            "messageTitle": "Level 5. Handle Errors",
            "messageBody": "",
            "tags": [
              "Level-5"
            ],
            "insertions": 63,
            "deletions": 30
          },
          {
            "hash": "e19155f44b736a9cddba95e80d8fc1e4c711cd70",
            "messageTitle": "Add support for deleting tasks from the list.",
            "messageBody": "",
            "tags": [
              "Level-6"
            ],
            "insertions": 12,
            "deletions": 6
          }
        ]
      },
      {
        "insertions": 81,
        "deletions": 57,
        "date": "2020-01-26",
        "commitResults": [
          {
            "hash": "e11dc6a001ca0dacce82a41fcc741b35e463591e",
            "messageTitle": "Added the try-catch block for exception handling and included the switch statements.",
            "messageBody": "",
            "tags": [
              "Level-7"
            ],
            "insertions": 64,
            "deletions": 42
          },
          {
            "hash": "b7dadc7ac887e99cea9f7b4bbe275077afe2267e",
            "messageTitle": "updated the ui-testing",
            "messageBody": "",
            "tags": [
              "Level-8"
            ],
            "insertions": 17,
            "deletions": 15
          }
        ]
      },
      {
        "insertions": 148,
        "deletions": 12,
        "date": "2020-01-28",
        "commitResults": [
          {
            "hash": "437a06ed716f14726072792e544282f99ae32c77",
            "messageTitle": "Added in the save feature. Included Driver and Archive classes.",
            "messageBody": "",
            "insertions": 122,
            "deletions": 4
          },
          {
            "hash": "89f95977ff73d5342abee50483499a950cba4aef",
            "messageTitle": "Dates and Times",
            "messageBody": "",
            "insertions": 26,
            "deletions": 8
          }
        ]
      },
      {
        "insertions": 587,
        "deletions": 103,
        "date": "2020-01-29",
        "commitResults": [
          {
            "hash": "d61148699e787112dc12242ae10fd103900d50ba",
            "messageTitle": "Incomplete A-OOP",
            "messageBody": "",
            "tags": [
              "A-MoreOOP"
            ],
            "insertions": 103,
            "deletions": 59
          },
          {
            "hash": "aba028f51565676dc8c43ffd4121432ec82ca6ad",
            "messageTitle": "Final version of A-MoreOOP",
            "messageBody": "",
            "insertions": 20,
            "deletions": 15
          },
          {
            "hash": "b3da4f0601a18baf2477984cf07fb6fecb7f67eb",
            "messageTitle": "Add Junit Test without gradle",
            "messageBody": "",
            "tags": [
              "v0.1",
              "a-Jar",
              "V1.0",
              "A-JUnit"
            ],
            "insertions": 53,
            "deletions": 7
          },
          {
            "hash": "b3baf2efd146211ee154293a29fd82b06a4fd4ad",
            "messageTitle": "Updated",
            "messageBody": "",
            "insertions": 6,
            "deletions": 2
          },
          {
            "hash": "89d7094e9a2c56166c685bbbf59c27d5024d96c3",
            "messageTitle": "Included java docs for all classes.",
            "messageBody": "",
            "tags": [
              "A-JavaDoc"
            ],
            "insertions": 271,
            "deletions": 11
          },
          {
            "hash": "bef34715a5853193b4b63e1eae8443d7f5077fe6",
            "messageTitle": "Included the find method.",
            "messageBody": "",
            "tags": [
              "Level-9"
            ],
            "insertions": 22,
            "deletions": 3
          },
          {
            "hash": "fb9f58ce57d1cc6bd7293b9900844a11b79bba1a",
            "messageTitle": "Tweak the code code to comply with coding standard",
            "messageBody": "",
            "insertions": 5,
            "deletions": 1
          },
          {
            "hash": "3f4f8b44da64c1db1d584d8a465f35df44871024",
            "messageTitle": "Merged",
            "messageBody": "",
            "insertions": 81,
            "deletions": 3
          },
          {
            "hash": "32031f50655a3ff4b9fc486c298082d4d700e9de",
            "messageTitle": "Merged",
            "messageBody": "",
            "insertions": 22,
            "deletions": 2
          },
          {
            "hash": "0f7c1b2b7dc89e4b50a9d8366fd9d8cb3f7146d9",
            "messageTitle": "Added miscellaneous files",
            "messageBody": "",
            "insertions": 4,
            "deletions": 0
          }
        ]
      },
      {
        "insertions": 2548,
        "deletions": 15,
        "date": "2020-02-03",
        "commitResults": [
          {
            "hash": "5cb4ab24fd569b8b635e7f5b51864afd4a19ffc9",
            "messageTitle": "Level-10. Rebuild the Scene using FXML",
            "messageBody": "",
            "insertions": 2548,
            "deletions": 15
          }
        ]
      },
      {
        "insertions": 64,
        "deletions": 32,
        "date": "2020-02-04",
        "commitResults": [
          {
            "hash": "c9ab9784ea1bee717602c7383774c97f9c4de4e7",
            "messageTitle": "Updated the Junit Test",
            "messageBody": "",
            "tags": [
              "A-Gradle"
            ],
            "insertions": 42,
            "deletions": 17
          },
          {
            "hash": "cd6d26ed88037faaf434a3c68ef134f6f42d2f4e",
            "messageTitle": "merged",
            "messageBody": "",
            "insertions": 21,
            "deletions": 13
          },
          {
            "hash": "f9882eea8d8978fe631a8a0f08ad520cca79251d",
            "messageTitle": "Merged and updated the chatbot",
            "messageBody": "",
            "tags": [
              "Level-10"
            ],
            "insertions": 1,
            "deletions": 2
          }
        ]
      },
      {
        "insertions": 416,
        "deletions": 442,
        "date": "2020-02-08",
        "commitResults": [
          {
            "hash": "85166b7e4cb7a0f06d480f4ca072c3ec0bb94ded",
            "messageTitle": "in the midst of editing",
            "messageBody": "",
            "insertions": 24,
            "deletions": 24
          },
          {
            "hash": "4a3b862cf36143a57dc1c97a177b3de79b08f596",
            "messageTitle": "Sync with Duke",
            "messageBody": "",
            "insertions": 79,
            "deletions": 126
          },
          {
            "hash": "80bca7a33f4f981fb55524f07e6caa6903ae1589",
            "messageTitle": "Included Assertions to test the user inputs and path used to saved the given list of task.",
            "messageBody": "",
            "tags": [
              "A-Assertions"
            ],
            "insertions": 4,
            "deletions": 1
          },
          {
            "hash": "a4fb15c85bfbca95b5bcd662e1c4ba70304157d8",
            "messageTitle": "Included Assertions to test the user inputs and path used to saved the given list of task.",
            "messageBody": "",
            "insertions": 309,
            "deletions": 291
          }
        ]
      },
      {
        "insertions": 45,
        "deletions": 4,
        "date": "2020-02-09",
        "commitResults": [
          {
            "hash": "079bab9a407d897c1820a03132396e570f6ecfc8",
            "messageTitle": "Included travis",
            "messageBody": "",
            "tags": [
              "V1.3"
            ],
            "insertions": 0,
            "deletions": 1
          },
          {
            "hash": "51bc4502c4e3d3c11e9e54a34cbc0d405e03ad6e",
            "messageTitle": "Included the sort function which sorts the task based on their urgency",
            "messageBody": "",
            "tags": [
              "A-extension"
            ],
            "insertions": 45,
            "deletions": 3
          }
        ]
      },
      {
        "insertions": 16,
        "deletions": 0,
        "date": "2020-02-10",
        "commitResults": [
          {
            "hash": "6a920259777e672520a1beac7c417eaf75683676",
            "messageTitle": "Included the sort function which sorts the task based on their urgency",
            "messageBody": "",
            "insertions": 16,
            "deletions": 0
          }
        ]
      },
      {
        "insertions": 6,
        "deletions": 5,
        "date": "2020-02-11",
        "commitResults": [
          {
            "hash": "7c52689b1ec993dbcca332f33b21cbf8a772d06d",
            "messageTitle": "testing",
            "messageBody": "",
            "insertions": 6,
            "deletions": 5
          }
        ]
      },
      {
        "insertions": 91,
        "deletions": 2224,
        "date": "2020-02-18",
        "commitResults": [
          {
            "hash": "67f7c9c396c6ef43141c6ae2c5c41b117756828e",
            "messageTitle": "Correction of the error in the jarfile",
            "messageBody": "",
            "tags": [
              "A-Release"
            ],
            "insertions": 21,
            "deletions": 2214
          },
          {
            "hash": "2b2060d8c2b1c3bf53c911b57a13b445e57132d1",
            "messageTitle": "Update the README.md file",
            "messageBody": "",
            "tags": [
              "A-UserGuide"
            ],
            "insertions": 70,
            "deletions": 10
          }
        ]
      },
      {
        "insertions": 143,
        "deletions": 65,
        "date": "2020-02-22",
        "commitResults": [
          {
            "hash": "e576759c90aa2a48e77f6b6ffa25ccaf6c018493",
            "messageTitle": "Create a package for Exception and update the ExceptionGenerator class.",
            "messageBody": "",
            "insertions": 143,
            "deletions": 65
          }
        ]
      }
    ]
  },
  "authorFinalContributionMap": {
    "weiichengg": 1300
  },
  "authorFileTypeContributionMap": {
    "weiichengg": {
      "java": 1082,
      "md": 69,
      "fxml": 42,
      "sh": 34,
      "bat": 0,
      "gradle": 43,
      "txt": 30
    }
  },
  "authorContributionVariance": {
    "weiichengg": 291545.06
  },
  "authorDisplayNameMap": {
    "weiichengg": "CS2103-W15- 2 ONG ..HENG"
  }
}
