{
  "authorDailyContributionsMap": {
    "nidorinas": [
      {
        "insertions": 417,
        "deletions": 100,
        "date": "2020-01-26",
        "commitResults": [
          {
            "hash": "a18bd5f85be880d9e42846ed44e23dfa5bc2480c",
            "messageTitle": "Level-1",
            "messageBody": "",
            "tags": [
              "Level-1"
            ],
            "insertions": 20,
            "deletions": 2
          },
          {
            "hash": "c2c53a0e22688d8638ae3bb6896d2c04fb766ffc",
            "messageTitle": "Level-2",
            "messageBody": "",
            "tags": [
              "Level-2"
            ],
            "insertions": 26,
            "deletions": 1
          },
          {
            "hash": "486f25fda079bdc4f8cdcf668349632edfd10765",
            "messageTitle": "Level-3",
            "messageBody": "",
            "tags": [
              "Level-3"
            ],
            "insertions": 52,
            "deletions": 9
          },
          {
            "hash": "d0426d90ec06419c3ed4cbc4da668d252259f237",
            "messageTitle": "Level-4",
            "messageBody": "",
            "tags": [
              "Level-4"
            ],
            "insertions": 127,
            "deletions": 58
          },
          {
            "hash": "4c06c90df694ee2898c2dbea9b0df0448c45dbab",
            "messageTitle": "Level-5",
            "messageBody": "",
            "tags": [
              "Level-5"
            ],
            "insertions": 79,
            "deletions": 30
          },
          {
            "hash": "db5d6a7504ae373bc62bf5762914dbc01bfd5bad",
            "messageTitle": "Level-6",
            "messageBody": "",
            "tags": [
              "Level-6"
            ],
            "insertions": 26,
            "deletions": 0
          },
          {
            "hash": "5b5fbb8d3e21d87e88c685ec6bef131171390936",
            "messageTitle": "A-TextUITesting",
            "messageBody": "",
            "tags": [
              "A-TextUITesting"
            ],
            "insertions": 87,
            "deletions": 0
          }
        ]
      },
      {
        "insertions": 393,
        "deletions": 153,
        "date": "2020-01-28",
        "commitResults": [
          {
            "hash": "64e6da1d8e1d54baa78547f1bdd73f65883298a7",
            "messageTitle": "Level-7 (parallel branch)",
            "messageBody": "",
            "insertions": 145,
            "deletions": 31
          },
          {
            "hash": "66f906ee26e95c1dadb194134e061ce8e9176827",
            "messageTitle": "Level-7",
            "messageBody": "",
            "insertions": 1,
            "deletions": 0
          },
          {
            "hash": "62df4cd8747940d08bfe61ccef163985d83941a2",
            "messageTitle": "Level-7",
            "messageBody": "",
            "insertions": 1,
            "deletions": 0
          },
          {
            "hash": "a23064bf8204ced5212e6e63e02b1f27798d93d2",
            "messageTitle": "Level-7",
            "messageBody": "",
            "insertions": 0,
            "deletions": 1
          },
          {
            "hash": "8a35dfd4fd892bc43a2309e125b7aa2d5cd350a8",
            "messageTitle": "Level-7",
            "messageBody": "",
            "insertions": 1,
            "deletions": 1
          },
          {
            "hash": "1042e13dd10f8f3d57419e720cced5840e12d79f",
            "messageTitle": "Level-7",
            "messageBody": "",
            "insertions": 3,
            "deletions": 1
          },
          {
            "hash": "67c0941764b207a994afaa2044f15318f1c20434",
            "messageTitle": "Level-7",
            "messageBody": "",
            "insertions": 1,
            "deletions": 0
          },
          {
            "hash": "b362559af879e042fa9a36c50e8bd65ed822a80c",
            "messageTitle": "Level-7",
            "messageBody": "",
            "insertions": 0,
            "deletions": 4
          },
          {
            "hash": "b010dc734c5cff30e841252d59dc7f978ab8921f",
            "messageTitle": "Level-8",
            "messageBody": "",
            "insertions": 185,
            "deletions": 115
          },
          {
            "hash": "d16d79d776f27f7203c0196ab2445108c36003ee",
            "messageTitle": "Level-8",
            "messageBody": "",
            "tags": [
              "Level-8"
            ],
            "insertions": 34,
            "deletions": 0
          },
          {
            "hash": "8e20e265b5295ef85047619b162023a6e5d866ef",
            "messageTitle": "Level-9",
            "messageBody": "",
            "insertions": 19,
            "deletions": 0
          },
          {
            "hash": "2c95a070e29d72fb3f3d8a77e9424b39ef11f56b",
            "messageTitle": "Level-9",
            "messageBody": "",
            "insertions": 2,
            "deletions": 0
          },
          {
            "hash": "6d020320dfda962f999eb57c9b2db5abec920ba0",
            "messageTitle": "Level-9",
            "messageBody": "",
            "insertions": 1,
            "deletions": 0
          }
        ]
      },
      {
        "insertions": 742,
        "deletions": 377,
        "date": "2020-02-08",
        "commitResults": [
          {
            "hash": "9100e39d9abfe827153f957d5b1362ecb02f1e7b",
            "messageTitle": "A-MoreOOP",
            "messageBody": "",
            "tags": [
              "A-MoreOOP"
            ],
            "insertions": 648,
            "deletions": 367
          },
          {
            "hash": "8de2425123124ccc986c37893f6098bbf06f39e6",
            "messageTitle": "A-JUnit",
            "messageBody": "",
            "tags": [
              "A-JUnit"
            ],
            "insertions": 59,
            "deletions": 0
          },
          {
            "hash": "ad93901d16570df4ea89131e9ea8c5658f4469f8",
            "messageTitle": "A-Gradle",
            "messageBody": "",
            "tags": [
              "A-Jar"
            ],
            "insertions": 23,
            "deletions": 4
          },
          {
            "hash": "7f9672547e0cd4478575c791e2e964fab83636f6",
            "messageTitle": "A-JavaDoc",
            "messageBody": "",
            "tags": [
              "A-JavaDoc"
            ],
            "insertions": 4,
            "deletions": 0
          },
          {
            "hash": "ae7021c934a6250288bce897c4a7558cdbae0b1d",
            "messageTitle": "A-CodingStandard",
            "messageBody": "",
            "insertions": 8,
            "deletions": 6
          }
        ]
      },
      {
        "insertions": 414,
        "deletions": 217,
        "date": "2020-02-09",
        "commitResults": [
          {
            "hash": "7750fcee2cb4b9ad742b3bb0d8bd441d5c347458",
            "messageTitle": "Level-10 GUI",
            "messageBody": "",
            "tags": [
              "Level-10",
              "A-JarVersion2"
            ],
            "insertions": 385,
            "deletions": 63
          },
          {
            "hash": "4e4f48462052d43292f9baa6cd9aeff207580779",
            "messageTitle": "A-Assertions",
            "messageBody": "",
            "tags": [
              "A-Assertions"
            ],
            "insertions": 27,
            "deletions": 12
          },
          {
            "hash": "214f96e7995dd748026c08f96aaf90bc53fdd3c2",
            "messageTitle": "A-CodeQuality",
            "messageBody": "",
            "tags": [
              "A-CodeQuality"
            ],
            "insertions": 2,
            "deletions": 142
          }
        ]
      }
    ]
  },
  "authorFinalContributionMap": {
    "nidorinas": 1127
  },
  "authorFileTypeContributionMap": {
    "nidorinas": {
      "java": 965,
      "md": 0,
      "fxml": 35,
      "sh": 34,
      "bat": 0,
      "gradle": 28,
      "txt": 65
    }
  },
  "authorContributionVariance": {
    "nidorinas": 69040.02
  },
  "authorDisplayNameMap": {
    "nidorinas": "CS2103-W14- 3 CHUA..ARAH"
  }
}
