{
  "authorDailyContributionsMap": {
    "phaebaez": [
      {
        "insertions": 322,
        "deletions": 83,
        "date": "2020-01-23",
        "commitResults": [
          {
            "hash": "cd580b3d56c39986bf1c98fa815817f2581af853",
            "messageTitle": "completed level-1",
            "messageBody": "",
            "tags": [
              "Level-1"
            ],
            "insertions": 67,
            "deletions": 9
          },
          {
            "hash": "8e8ac7d3759444ddba59e46db1c5f412fa3217b1",
            "messageTitle": "completed level-2",
            "messageBody": "",
            "tags": [
              "Level-2"
            ],
            "insertions": 12,
            "deletions": 2
          },
          {
            "hash": "75f2428c3f39df0131a8784c3f3592109f59b637",
            "messageTitle": "completed level-3",
            "messageBody": "",
            "tags": [
              "Level-3"
            ],
            "insertions": 26,
            "deletions": 4
          },
          {
            "hash": "923c7a377320190f5def7c78736b60869e1e2182",
            "messageTitle": "completed level-4 todo",
            "messageBody": "",
            "tags": [
              "Level-4"
            ],
            "insertions": 26,
            "deletions": 2
          },
          {
            "hash": "86e3d643925b6e8ab66290e1b5eccd680af98f83",
            "messageTitle": "completed level-4 deadline",
            "messageBody": "",
            "insertions": 24,
            "deletions": 1
          },
          {
            "hash": "72bd09786a0ff895dfa00e3c2b5f7fe18b02c301",
            "messageTitle": "completed level-4 event",
            "messageBody": "",
            "insertions": 24,
            "deletions": 1
          },
          {
            "hash": "6f5d35166ddc06d8157102d4595033ee479fa5cc",
            "messageTitle": "semi-completed A-TextUiTesting",
            "messageBody": "",
            "insertions": 53,
            "deletions": 0
          },
          {
            "hash": "8d44fd6dc859901e9cfd687b216c5b77489a7808",
            "messageTitle": "tentatively completed level-5",
            "messageBody": "",
            "tags": [
              "Level-5"
            ],
            "insertions": 56,
            "deletions": 28
          },
          {
            "hash": "e05f7765b7126a666f1b959e045c284edc721618",
            "messageTitle": "completed level-6",
            "messageBody": "",
            "tags": [
              "Level-6"
            ],
            "insertions": 20,
            "deletions": 4
          },
          {
            "hash": "f902b401a5bf8e268c60364df220e8b9d4a79bd0",
            "messageTitle": "completed A-TextUiTesting",
            "messageBody": "",
            "insertions": 14,
            "deletions": 32
          },
          {
            "hash": "be6a324afb926a73b46f3de77ece462760d5643c",
            "messageTitle": "added onto A-TextUiTesting",
            "messageBody": "",
            "tags": [
              "create_branches",
              "Level-7",
              "A-TextUiTesting"
            ],
            "insertions": 0,
            "deletions": 0
          }
        ]
      },
      {
        "insertions": 4,
        "deletions": 4,
        "date": "2020-01-28",
        "commitResults": [
          {
            "hash": "2213789c005edbd48b2a9b6d0987b39f7981767c",
            "messageTitle": "add exceptions",
            "messageBody": "",
            "insertions": 4,
            "deletions": 0
          },
          {
            "hash": "fd50bdc0724cdea10ae46a7d67ef5d6f64d3ff14",
            "messageTitle": "Revert \"add exceptions\"",
            "messageBody": "This reverts commit 2213789c005edbd48b2a9b6d0987b39f7981767c.\n",
            "insertions": 0,
            "deletions": 4
          }
        ]
      },
      {
        "insertions": 91,
        "deletions": 19,
        "date": "2020-01-29",
        "commitResults": [
          {
            "hash": "db2cd88c7567689b6fb40ee9f544610150e507f3",
            "messageTitle": "add load data functionality",
            "messageBody": "",
            "insertions": 91,
            "deletions": 19
          }
        ]
      },
      {
        "insertions": 61,
        "deletions": 56,
        "date": "2020-01-30",
        "commitResults": [
          {
            "hash": "1cd020d4118e8ad3f9159b082e5ee562bff2ced6",
            "messageTitle": "half done level-7",
            "messageBody": "",
            "insertions": 10,
            "deletions": 9
          },
          {
            "hash": "a91cff4f9513faab216463ff989e7d1bf622960f",
            "messageTitle": "complete level-7",
            "messageBody": "",
            "insertions": 24,
            "deletions": 24
          },
          {
            "hash": "71d9a7a48fc9a6677edda7435ebf9184b31eefbb",
            "messageTitle": "complete level-7",
            "messageBody": "",
            "insertions": 27,
            "deletions": 23
          }
        ]
      },
      {
        "insertions": 54,
        "deletions": 25,
        "date": "2020-02-01",
        "commitResults": [
          {
            "hash": "2cc7e5d41a85d7403afcf8419cab6e1a0321decb",
            "messageTitle": "complete minimal level-8",
            "messageBody": "",
            "tags": [
              "Level-8"
            ],
            "insertions": 54,
            "deletions": 25
          }
        ]
      },
      {
        "insertions": 435,
        "deletions": 240,
        "date": "2020-02-02",
        "commitResults": [
          {
            "hash": "2e257bd6914bd2c63042f405d5f3505ef9bdfa09",
            "messageTitle": "added new classes to make code more OOP",
            "messageBody": "",
            "tags": [
              "A-MoreOOP"
            ],
            "insertions": 306,
            "deletions": 178
          },
          {
            "hash": "d3e44b4f1a28d89dcc0ba46fcac3fc9ac40d0a94",
            "messageTitle": "complete A-MoreOOP",
            "messageBody": "",
            "insertions": 46,
            "deletions": 38
          },
          {
            "hash": "b881e77b9db40929b18b35e5bfb01a961aecb6aa",
            "messageTitle": "packaged java files",
            "messageBody": "",
            "tags": [
              "A-Packages"
            ],
            "insertions": 25,
            "deletions": 1
          },
          {
            "hash": "f300de3755433b3c1761ab23a7a23d1a39245bf2",
            "messageTitle": "add JUnit tests",
            "messageBody": "",
            "tags": [
              "v0.1",
              "A-JUnit"
            ],
            "insertions": 58,
            "deletions": 23
          }
        ]
      },
      {
        "insertions": 246,
        "deletions": 69,
        "date": "2020-02-03",
        "commitResults": [
          {
            "hash": "6bf8e9afc6456095024da8e9a6c766f19c355a12",
            "messageTitle": "add javadoc to at least half the files",
            "messageBody": "",
            "tags": [
              "A-JavaDoc"
            ],
            "insertions": 80,
            "deletions": 5
          },
          {
            "hash": "7678c86d3c6af5d6d0ace3306324289e19f76788",
            "messageTitle": "complete level-9",
            "messageBody": "",
            "tags": [
              "Level-9"
            ],
            "insertions": 41,
            "deletions": 23
          },
          {
            "hash": "373a086c2fececcff254cf101addc0aa79fb5bbb",
            "messageTitle": "fixed accessing private variable bug",
            "messageBody": "",
            "insertions": 10,
            "deletions": 3
          },
          {
            "hash": "20d4d22c88b9368bfec2b3c9dde3657ee59bbec3",
            "messageTitle": "fix accessing private variable bug",
            "messageBody": "",
            "insertions": 9,
            "deletions": 2
          },
          {
            "hash": "48fd956eee9162ba38d83b48fedbf5d2a5ee8b81",
            "messageTitle": "fixed main file path in gradle",
            "messageBody": "",
            "insertions": 1,
            "deletions": 1
          },
          {
            "hash": "d4cd63d6aedf66edf18a16691e8fa68803b5b855",
            "messageTitle": "fixed all styling errors",
            "messageBody": "",
            "tags": [
              "A-gradle"
            ],
            "insertions": 105,
            "deletions": 35
          }
        ]
      }
    ]
  },
  "authorFinalContributionMap": {
    "phaebaez": 728
  },
  "authorFileTypeContributionMap": {
    "phaebaez": {
      "gradle": 38,
      "java": 663,
      "txt": 6,
      "bat": 21
    }
  },
  "authorContributionVariance": {
    "phaebaez": 21185.598
  },
  "authorDisplayNameMap": {
    "phaebaez": "CS2103T-T10- 2 PHAE.. JOO"
  }
}
