[
  {
    "path": "src/main/java/Duke.java",
    "fileType": "java",
    "lines": [
      {
        "lineNumber": 1,
        "author": {
          "gitId": "lm5lm5"
        },
        "content": "import e0148811.duke.Deadline;"
      },
      {
        "lineNumber": 2,
        "author": {
          "gitId": "lm5lm5"
        },
        "content": "import e0148811.duke.DukeException;"
      },
      {
        "lineNumber": 3,
        "author": {
          "gitId": "lm5lm5"
        },
        "content": "import e0148811.duke.Event;"
      },
      {
        "lineNumber": 4,
        "author": {
          "gitId": "lm5lm5"
        },
        "content": "import e0148811.duke.Task;"
      },
      {
        "lineNumber": 5,
        "author": {
          "gitId": "lm5lm5"
        },
        "content": "import e0148811.duke.Todo;"
      },
      {
        "lineNumber": 6,
        "author": {
          "gitId": "lm5lm5"
        },
        "content": ""
      },
      {
        "lineNumber": 7,
        "author": {
          "gitId": "lm5lm5"
        },
        "content": "import java.io.BufferedReader;"
      },
      {
        "lineNumber": 8,
        "author": {
          "gitId": "lm5lm5"
        },
        "content": "import java.io.FileReader;"
      },
      {
        "lineNumber": 9,
        "author": {
          "gitId": "lm5lm5"
        },
        "content": "import java.io.FileNotFoundException;"
      },
      {
        "lineNumber": 10,
        "author": {
          "gitId": "lm5lm5"
        },
        "content": "import java.io.FileWriter;"
      },
      {
        "lineNumber": 11,
        "author": {
          "gitId": "lm5lm5"
        },
        "content": "import java.io.IOException;"
      },
      {
        "lineNumber": 12,
        "author": {
          "gitId": "lm5lm5"
        },
        "content": "import java.time.DateTimeException;"
      },
      {
        "lineNumber": 13,
        "author": {
          "gitId": "lm5lm5"
        },
        "content": "import java.time.LocalDate;"
      },
      {
        "lineNumber": 14,
        "author": {
          "gitId": "lm5lm5"
        },
        "content": "import java.time.format.DateTimeParseException;"
      },
      {
        "lineNumber": 15,
        "author": {
          "gitId": "lm5lm5"
        },
        "content": "import java.util.ArrayList;"
      },
      {
        "lineNumber": 16,
        "author": {
          "gitId": "lm5lm5"
        },
        "content": "import java.util.Arrays;"
      },
      {
        "lineNumber": 17,
        "author": {
          "gitId": "lm5lm5"
        },
        "content": "import java.util.HashMap;"
      },
      {
        "lineNumber": 18,
        "author": {
          "gitId": "lm5lm5"
        },
        "content": "import java.util.List;"
      },
      {
        "lineNumber": 19,
        "author": {
          "gitId": "lm5lm5"
        },
        "content": "import java.util.Scanner;"
      },
      {
        "lineNumber": 20,
        "author": {
          "gitId": "lm5lm5"
        },
        "content": ""
      },
      {
        "lineNumber": 21,
        "author": {
          "gitId": "lm5lm5"
        },
        "content": "class Duke {"
      },
      {
        "lineNumber": 22,
        "author": {
          "gitId": "lm5lm5"
        },
        "content": "    // a common error (invalid format) handling message prefix"
      },
      {
        "lineNumber": 23,
        "author": {
          "gitId": "lm5lm5"
        },
        "content": "    static final String FORMAT_CORRECTION \u003d \"Invalid format for the instruction you gave.\\n\""
      },
      {
        "lineNumber": 24,
        "author": {
          "gitId": "lm5lm5"
        },
        "content": "            + \"The correct format should be \";"
      },
      {
        "lineNumber": 25,
        "author": {
          "gitId": "lm5lm5"
        },
        "content": ""
      },
      {
        "lineNumber": 26,
        "author": {
          "gitId": "lm5lm5"
        },
        "content": "    public static void main(String[] args) throws IOException {"
      },
      {
        "lineNumber": 27,
        "author": {
          "gitId": "-"
        },
        "content": "        String logo \u003d \" ____        _        \\n\""
      },
      {
        "lineNumber": 28,
        "author": {
          "gitId": "-"
        },
        "content": "                + \"|  _ \\\\ _   _| | _____ \\n\""
      },
      {
        "lineNumber": 29,
        "author": {
          "gitId": "-"
        },
        "content": "                + \"| | | | | | | |/ / _ \\\\\\n\""
      },
      {
        "lineNumber": 30,
        "author": {
          "gitId": "-"
        },
        "content": "                + \"| |_| | |_| |   \u003c  __/\\n\""
      },
      {
        "lineNumber": 31,
        "author": {
          "gitId": "-"
        },
        "content": "                + \"|____/ \\\\__,_|_|\\\\_\\\\___|\\n\";"
      },
      {
        "lineNumber": 32,
        "author": {
          "gitId": "lm5lm5"
        },
        "content": "        System.out.println(logo);"
      },
      {
        "lineNumber": 33,
        "author": {
          "gitId": "lm5lm5"
        },
        "content": "        Scanner sc \u003d new Scanner(System.in);"
      },
      {
        "lineNumber": 34,
        "author": {
          "gitId": "lm5lm5"
        },
        "content": "        List\u003cTask\u003e list \u003d new ArrayList\u003c\u003e();"
      },
      {
        "lineNumber": 35,
        "author": {
          "gitId": "lm5lm5"
        },
        "content": "        String instruction;"
      },
      {
        "lineNumber": 36,
        "author": {
          "gitId": "lm5lm5"
        },
        "content": ""
      },
      {
        "lineNumber": 37,
        "author": {
          "gitId": "lm5lm5"
        },
        "content": "        try {"
      },
      {
        "lineNumber": 38,
        "author": {
          "gitId": "lm5lm5"
        },
        "content": "            BufferedReader br \u003d new BufferedReader(new FileReader(\"data/duke.txt\"));"
      },
      {
        "lineNumber": 39,
        "author": {
          "gitId": "lm5lm5"
        },
        "content": "            boolean isEmptyFile \u003d true;"
      },
      {
        "lineNumber": 40,
        "author": {
          "gitId": "lm5lm5"
        },
        "content": "            String line;"
      },
      {
        "lineNumber": 41,
        "author": {
          "gitId": "lm5lm5"
        },
        "content": "            while ((line \u003d br.readLine()) !\u003d null) {"
      },
      {
        "lineNumber": 42,
        "author": {
          "gitId": "lm5lm5"
        },
        "content": "                isEmptyFile \u003d false;"
      },
      {
        "lineNumber": 43,
        "author": {
          "gitId": "lm5lm5"
        },
        "content": "                addEventToList(list, line);"
      },
      {
        "lineNumber": 44,
        "author": {
          "gitId": "lm5lm5"
        },
        "content": "            }"
      },
      {
        "lineNumber": 45,
        "author": {
          "gitId": "lm5lm5"
        },
        "content": "            if (isEmptyFile) {"
      },
      {
        "lineNumber": 46,
        "author": {
          "gitId": "lm5lm5"
        },
        "content": "                System.out.println(\"File found but empty. Start with an empty task list.\");"
      },
      {
        "lineNumber": 47,
        "author": {
          "gitId": "lm5lm5"
        },
        "content": "            } else {"
      },
      {
        "lineNumber": 48,
        "author": {
          "gitId": "lm5lm5"
        },
        "content": "                System.out.println(\"File found. Load saved task list.\");"
      },
      {
        "lineNumber": 49,
        "author": {
          "gitId": "lm5lm5"
        },
        "content": "            }"
      },
      {
        "lineNumber": 50,
        "author": {
          "gitId": "lm5lm5"
        },
        "content": "        } catch (FileNotFoundException e) {"
      },
      {
        "lineNumber": 51,
        "author": {
          "gitId": "lm5lm5"
        },
        "content": "            System.out.println(\"File not found. Start with an empty task list.\");"
      },
      {
        "lineNumber": 52,
        "author": {
          "gitId": "lm5lm5"
        },
        "content": "        }"
      },
      {
        "lineNumber": 53,
        "author": {
          "gitId": "lm5lm5"
        },
        "content": ""
      },
      {
        "lineNumber": 54,
        "author": {
          "gitId": "lm5lm5"
        },
        "content": "        System.out.println(\"Hello, this is Duke. \""
      },
      {
        "lineNumber": 55,
        "author": {
          "gitId": "lm5lm5"
        },
        "content": "                + \"Please give me an instruction followed by relevant description.\");"
      },
      {
        "lineNumber": 56,
        "author": {
          "gitId": "lm5lm5"
        },
        "content": ""
      },
      {
        "lineNumber": 57,
        "author": {
          "gitId": "lm5lm5"
        },
        "content": "        while (!(instruction \u003d sc.nextLine()).equals(\"bye\")) {"
      },
      {
        "lineNumber": 58,
        "author": {
          "gitId": "lm5lm5"
        },
        "content": "            try {"
      },
      {
        "lineNumber": 59,
        "author": {
          "gitId": "lm5lm5"
        },
        "content": "                String[] instructionByWord \u003d instruction.split(\" \");"
      },
      {
        "lineNumber": 60,
        "author": {
          "gitId": "lm5lm5"
        },
        "content": "                int lengthOfArray \u003d instructionByWord.length;"
      },
      {
        "lineNumber": 61,
        "author": {
          "gitId": "lm5lm5"
        },
        "content": "                String actionWord \u003d instructionByWord[0];"
      },
      {
        "lineNumber": 62,
        "author": {
          "gitId": "lm5lm5"
        },
        "content": "                switch (actionWord) {"
      },
      {
        "lineNumber": 63,
        "author": {
          "gitId": "lm5lm5"
        },
        "content": "                case \"list\":"
      },
      {
        "lineNumber": 64,
        "author": {
          "gitId": "lm5lm5"
        },
        "content": "                    if (instructionByWord.length !\u003d 1) {"
      },
      {
        "lineNumber": 65,
        "author": {
          "gitId": "lm5lm5"
        },
        "content": "                        throw new DukeException(FORMAT_CORRECTION + \"\\\"list\\\"\");"
      },
      {
        "lineNumber": 66,
        "author": {
          "gitId": "lm5lm5"
        },
        "content": "                    }"
      },
      {
        "lineNumber": 67,
        "author": {
          "gitId": "lm5lm5"
        },
        "content": "                    printList(list);"
      },
      {
        "lineNumber": 68,
        "author": {
          "gitId": "lm5lm5"
        },
        "content": "                    break;"
      },
      {
        "lineNumber": 69,
        "author": {
          "gitId": "lm5lm5"
        },
        "content": "                case \"todo\":"
      },
      {
        "lineNumber": 70,
        "author": {
          "gitId": "lm5lm5"
        },
        "content": "                    if (instructionByWord.length \u003d\u003d 1) {"
      },
      {
        "lineNumber": 71,
        "author": {
          "gitId": "lm5lm5"
        },
        "content": "                        throw new DukeException(FORMAT_CORRECTION"
      },
      {
        "lineNumber": 72,
        "author": {
          "gitId": "lm5lm5"
        },
        "content": "                                + \"\\\"todo a_string_describing_the_task\\\"\");"
      },
      {
        "lineNumber": 73,
        "author": {
          "gitId": "lm5lm5"
        },
        "content": "                    }"
      },
      {
        "lineNumber": 74,
        "author": {
          "gitId": "lm5lm5"
        },
        "content": "                    Task t \u003d createATodoTask(instructionByWord, lengthOfArray);"
      },
      {
        "lineNumber": 75,
        "author": {
          "gitId": "lm5lm5"
        },
        "content": "                    addTaskToList(list, t);"
      },
      {
        "lineNumber": 76,
        "author": {
          "gitId": "lm5lm5"
        },
        "content": "                    writeToHardDisk(list);"
      },
      {
        "lineNumber": 77,
        "author": {
          "gitId": "lm5lm5"
        },
        "content": "                    break;"
      },
      {
        "lineNumber": 78,
        "author": {
          "gitId": "lm5lm5"
        },
        "content": "                case \"deadline\":"
      },
      {
        "lineNumber": 79,
        "author": {
          "gitId": "lm5lm5"
        },
        "content": "                    t \u003d createADeadlineTask(instructionByWord, lengthOfArray);"
      },
      {
        "lineNumber": 80,
        "author": {
          "gitId": "lm5lm5"
        },
        "content": "                    addTaskToList(list, t);"
      },
      {
        "lineNumber": 81,
        "author": {
          "gitId": "lm5lm5"
        },
        "content": "                    writeToHardDisk(list);"
      },
      {
        "lineNumber": 82,
        "author": {
          "gitId": "lm5lm5"
        },
        "content": "                    break;"
      },
      {
        "lineNumber": 83,
        "author": {
          "gitId": "lm5lm5"
        },
        "content": "                case \"event\":"
      },
      {
        "lineNumber": 84,
        "author": {
          "gitId": "lm5lm5"
        },
        "content": "                    t \u003d createAnEventTask(instructionByWord, lengthOfArray);"
      },
      {
        "lineNumber": 85,
        "author": {
          "gitId": "lm5lm5"
        },
        "content": "                    addTaskToList(list, t);"
      },
      {
        "lineNumber": 86,
        "author": {
          "gitId": "lm5lm5"
        },
        "content": "                    writeToHardDisk(list);"
      },
      {
        "lineNumber": 87,
        "author": {
          "gitId": "lm5lm5"
        },
        "content": "                    break;"
      },
      {
        "lineNumber": 88,
        "author": {
          "gitId": "lm5lm5"
        },
        "content": "                case \"done\":"
      },
      {
        "lineNumber": 89,
        "author": {
          "gitId": "lm5lm5"
        },
        "content": "                    if (instructionByWord.length !\u003d 2) {"
      },
      {
        "lineNumber": 90,
        "author": {
          "gitId": "lm5lm5"
        },
        "content": "                        throw new DukeException(FORMAT_CORRECTION"
      },
      {
        "lineNumber": 91,
        "author": {
          "gitId": "lm5lm5"
        },
        "content": "                                + \"\\\"done a_positive_integer_indicating_the_index_of_the_task_done\\\"\");"
      },
      {
        "lineNumber": 92,
        "author": {
          "gitId": "lm5lm5"
        },
        "content": "                    }"
      },
      {
        "lineNumber": 93,
        "author": {
          "gitId": "lm5lm5"
        },
        "content": "                    try {"
      },
      {
        "lineNumber": 94,
        "author": {
          "gitId": "lm5lm5"
        },
        "content": "                        int index \u003d Integer.parseInt(instructionByWord[1]) - 1;"
      },
      {
        "lineNumber": 95,
        "author": {
          "gitId": "lm5lm5"
        },
        "content": "                        if (index \u003e\u003d list.size() || index \u003c 0) {"
      },
      {
        "lineNumber": 96,
        "author": {
          "gitId": "lm5lm5"
        },
        "content": "                            throw new DukeException(\"Invalid index.\\n\" + getNumOfTasks(list)"
      },
      {
        "lineNumber": 97,
        "author": {
          "gitId": "lm5lm5"
        },
        "content": "                                    + \" Please note that the index is one-based (begins with 1 instead of 0).\");"
      },
      {
        "lineNumber": 98,
        "author": {
          "gitId": "lm5lm5"
        },
        "content": "                        } else {"
      },
      {
        "lineNumber": 99,
        "author": {
          "gitId": "lm5lm5"
        },
        "content": "                            markATaskDone(list.get(index));"
      },
      {
        "lineNumber": 100,
        "author": {
          "gitId": "lm5lm5"
        },
        "content": "                        }"
      },
      {
        "lineNumber": 101,
        "author": {
          "gitId": "lm5lm5"
        },
        "content": "                        writeToHardDisk(list);"
      },
      {
        "lineNumber": 102,
        "author": {
          "gitId": "lm5lm5"
        },
        "content": "                        break;"
      },
      {
        "lineNumber": 103,
        "author": {
          "gitId": "lm5lm5"
        },
        "content": "                    } catch (NumberFormatException e) {"
      },
      {
        "lineNumber": 104,
        "author": {
          "gitId": "lm5lm5"
        },
        "content": "                        throw new DukeException(FORMAT_CORRECTION + \"\\\"done a_positive_integer\\\"\");"
      },
      {
        "lineNumber": 105,
        "author": {
          "gitId": "lm5lm5"
        },
        "content": "                    }"
      },
      {
        "lineNumber": 106,
        "author": {
          "gitId": "lm5lm5"
        },
        "content": "                case \"delete\":"
      },
      {
        "lineNumber": 107,
        "author": {
          "gitId": "lm5lm5"
        },
        "content": "                    if (instructionByWord.length !\u003d 2) {"
      },
      {
        "lineNumber": 108,
        "author": {
          "gitId": "lm5lm5"
        },
        "content": "                        throw new DukeException(FORMAT_CORRECTION"
      },
      {
        "lineNumber": 109,
        "author": {
          "gitId": "lm5lm5"
        },
        "content": "                                + \"\\\"delete a_positive_integer_indicating_the_index_of_the_task_to_be_removed\\\"\");"
      },
      {
        "lineNumber": 110,
        "author": {
          "gitId": "lm5lm5"
        },
        "content": "                    }"
      },
      {
        "lineNumber": 111,
        "author": {
          "gitId": "lm5lm5"
        },
        "content": "                    try {"
      },
      {
        "lineNumber": 112,
        "author": {
          "gitId": "lm5lm5"
        },
        "content": "                        int index \u003d Integer.parseInt(instructionByWord[1]) - 1;"
      },
      {
        "lineNumber": 113,
        "author": {
          "gitId": "lm5lm5"
        },
        "content": "                        if (index \u003e\u003d list.size() || index \u003c 0) {"
      },
      {
        "lineNumber": 114,
        "author": {
          "gitId": "lm5lm5"
        },
        "content": "                            throw new DukeException(\"Invalid index.\\n\" + getNumOfTasks(list)"
      },
      {
        "lineNumber": 115,
        "author": {
          "gitId": "lm5lm5"
        },
        "content": "                                    + \" Please note that the index is one-based (begins with 1 instead of 0).\");"
      },
      {
        "lineNumber": 116,
        "author": {
          "gitId": "lm5lm5"
        },
        "content": "                        } else {"
      },
      {
        "lineNumber": 117,
        "author": {
          "gitId": "lm5lm5"
        },
        "content": "                            deleteATask(list, index);"
      },
      {
        "lineNumber": 118,
        "author": {
          "gitId": "lm5lm5"
        },
        "content": "                        }"
      },
      {
        "lineNumber": 119,
        "author": {
          "gitId": "lm5lm5"
        },
        "content": "                        writeToHardDisk(list);"
      },
      {
        "lineNumber": 120,
        "author": {
          "gitId": "lm5lm5"
        },
        "content": "                        break;"
      },
      {
        "lineNumber": 121,
        "author": {
          "gitId": "lm5lm5"
        },
        "content": "                    } catch (NumberFormatException e) {"
      },
      {
        "lineNumber": 122,
        "author": {
          "gitId": "lm5lm5"
        },
        "content": "                        throw new DukeException(FORMAT_CORRECTION + \"\\\"done a_positive_integer\\\"\");"
      },
      {
        "lineNumber": 123,
        "author": {
          "gitId": "lm5lm5"
        },
        "content": "                    }"
      },
      {
        "lineNumber": 124,
        "author": {
          "gitId": "lm5lm5"
        },
        "content": "                case \"find\":"
      },
      {
        "lineNumber": 125,
        "author": {
          "gitId": "lm5lm5"
        },
        "content": "                    if (instructionByWord.length !\u003d 2) {"
      },
      {
        "lineNumber": 126,
        "author": {
          "gitId": "lm5lm5"
        },
        "content": "                        throw new DukeException(FORMAT_CORRECTION"
      },
      {
        "lineNumber": 127,
        "author": {
          "gitId": "lm5lm5"
        },
        "content": "                                + \"\\\"find a_single_word_without_empty_space\\\"\");"
      },
      {
        "lineNumber": 128,
        "author": {
          "gitId": "lm5lm5"
        },
        "content": "                    }"
      },
      {
        "lineNumber": 129,
        "author": {
          "gitId": "lm5lm5"
        },
        "content": "                    String keyword \u003d instructionByWord[1];"
      },
      {
        "lineNumber": 130,
        "author": {
          "gitId": "lm5lm5"
        },
        "content": "                    HashMap\u003cInteger, Task\u003e selectedList \u003d new HashMap\u003c\u003e();"
      },
      {
        "lineNumber": 131,
        "author": {
          "gitId": "lm5lm5"
        },
        "content": "                    int count \u003d 0;"
      },
      {
        "lineNumber": 132,
        "author": {
          "gitId": "lm5lm5"
        },
        "content": "                    for (int j \u003d 0; j \u003c list.size(); j++) {"
      },
      {
        "lineNumber": 133,
        "author": {
          "gitId": "lm5lm5"
        },
        "content": "                        Task task \u003d list.get(j);"
      },
      {
        "lineNumber": 134,
        "author": {
          "gitId": "lm5lm5"
        },
        "content": "                        String taskDescription \u003d task.getTask();"
      },
      {
        "lineNumber": 135,
        "author": {
          "gitId": "lm5lm5"
        },
        "content": "                        String[] descriptionByWord \u003d taskDescription.split(\" \");"
      },
      {
        "lineNumber": 136,
        "author": {
          "gitId": "lm5lm5"
        },
        "content": "                        for (String s : descriptionByWord) {"
      },
      {
        "lineNumber": 137,
        "author": {
          "gitId": "lm5lm5"
        },
        "content": "                            if (s.equals(keyword)) {"
      },
      {
        "lineNumber": 138,
        "author": {
          "gitId": "lm5lm5"
        },
        "content": "                                selectedList.put(j + 1, task);"
      },
      {
        "lineNumber": 139,
        "author": {
          "gitId": "lm5lm5"
        },
        "content": "                                count++;"
      },
      {
        "lineNumber": 140,
        "author": {
          "gitId": "lm5lm5"
        },
        "content": "                                break;"
      },
      {
        "lineNumber": 141,
        "author": {
          "gitId": "lm5lm5"
        },
        "content": "                            }"
      },
      {
        "lineNumber": 142,
        "author": {
          "gitId": "lm5lm5"
        },
        "content": "                        }"
      },
      {
        "lineNumber": 143,
        "author": {
          "gitId": "lm5lm5"
        },
        "content": "                    }"
      },
      {
        "lineNumber": 144,
        "author": {
          "gitId": "lm5lm5"
        },
        "content": "                    System.out.println(count + \" task(s) were found containing keyword \" + keyword + \" :\");"
      },
      {
        "lineNumber": 145,
        "author": {
          "gitId": "lm5lm5"
        },
        "content": "                    for (Integer index : selectedList.keySet()) {"
      },
      {
        "lineNumber": 146,
        "author": {
          "gitId": "lm5lm5"
        },
        "content": "                        System.out.println(index + \". \" + selectedList.get(index));"
      },
      {
        "lineNumber": 147,
        "author": {
          "gitId": "lm5lm5"
        },
        "content": "                    }"
      },
      {
        "lineNumber": 148,
        "author": {
          "gitId": "lm5lm5"
        },
        "content": "                    break;"
      },
      {
        "lineNumber": 149,
        "author": {
          "gitId": "lm5lm5"
        },
        "content": "                case \"clear\":"
      },
      {
        "lineNumber": 150,
        "author": {
          "gitId": "lm5lm5"
        },
        "content": "                    if (instructionByWord.length !\u003d 2"
      },
      {
        "lineNumber": 151,
        "author": {
          "gitId": "lm5lm5"
        },
        "content": "                            || !((instructionByWord[1].equals(\"all\")) || (instructionByWord[1].equals(\"done\")))) {"
      },
      {
        "lineNumber": 152,
        "author": {
          "gitId": "lm5lm5"
        },
        "content": "                        throw new DukeException(FORMAT_CORRECTION + \"\\\"clear all/done\\\"\");"
      },
      {
        "lineNumber": 153,
        "author": {
          "gitId": "lm5lm5"
        },
        "content": "                    } else {"
      },
      {
        "lineNumber": 154,
        "author": {
          "gitId": "lm5lm5"
        },
        "content": "                        clearTheList(instructionByWord[1], list, sc);"
      },
      {
        "lineNumber": 155,
        "author": {
          "gitId": "lm5lm5"
        },
        "content": "                    }"
      },
      {
        "lineNumber": 156,
        "author": {
          "gitId": "lm5lm5"
        },
        "content": "                    break;"
      },
      {
        "lineNumber": 157,
        "author": {
          "gitId": "lm5lm5"
        },
        "content": "                case \"\":"
      },
      {
        "lineNumber": 158,
        "author": {
          "gitId": "lm5lm5"
        },
        "content": "                    throw new DukeException(\"Empty line input. \""
      },
      {
        "lineNumber": 159,
        "author": {
          "gitId": "lm5lm5"
        },
        "content": "                            + \"Please specify an instruction followed by relevant description.\\n\""
      },
      {
        "lineNumber": 160,
        "author": {
          "gitId": "lm5lm5"
        },
        "content": "                            + \"The valid instructions include: todo, deadline, event, list, done, bye.\");"
      },
      {
        "lineNumber": 161,
        "author": {
          "gitId": "lm5lm5"
        },
        "content": "                default:"
      },
      {
        "lineNumber": 162,
        "author": {
          "gitId": "lm5lm5"
        },
        "content": "                    throw new DukeException(\"I don\u0027t understand this instruction.\\n\""
      },
      {
        "lineNumber": 163,
        "author": {
          "gitId": "lm5lm5"
        },
        "content": "                            + \"The valid instructions include: todo, deadline, event, list, done, bye.\");"
      },
      {
        "lineNumber": 164,
        "author": {
          "gitId": "lm5lm5"
        },
        "content": "                }"
      },
      {
        "lineNumber": 165,
        "author": {
          "gitId": "lm5lm5"
        },
        "content": "            } catch (DukeException | IOException e) {"
      },
      {
        "lineNumber": 166,
        "author": {
          "gitId": "lm5lm5"
        },
        "content": "                System.err.println(e.getMessage());"
      },
      {
        "lineNumber": 167,
        "author": {
          "gitId": "lm5lm5"
        },
        "content": "            }"
      },
      {
        "lineNumber": 168,
        "author": {
          "gitId": "lm5lm5"
        },
        "content": "        }"
      },
      {
        "lineNumber": 169,
        "author": {
          "gitId": "lm5lm5"
        },
        "content": ""
      },
      {
        "lineNumber": 170,
        "author": {
          "gitId": "lm5lm5"
        },
        "content": "        System.out.println(\"Goodbye. See you next time!\");"
      },
      {
        "lineNumber": 171,
        "author": {
          "gitId": "lm5lm5"
        },
        "content": "    }"
      },
      {
        "lineNumber": 172,
        "author": {
          "gitId": "lm5lm5"
        },
        "content": ""
      },
      {
        "lineNumber": 173,
        "author": {
          "gitId": "lm5lm5"
        },
        "content": "    private static void clearTheList(String word, List\u003cTask\u003e list, Scanner sc) throws IOException {"
      },
      {
        "lineNumber": 174,
        "author": {
          "gitId": "lm5lm5"
        },
        "content": "        if (word.equals(\"all\")) {"
      },
      {
        "lineNumber": 175,
        "author": {
          "gitId": "lm5lm5"
        },
        "content": "            System.out.println(\"Are sure you want to clear all the tasks in the list?\");"
      },
      {
        "lineNumber": 176,
        "author": {
          "gitId": "lm5lm5"
        },
        "content": "        } else {"
      },
      {
        "lineNumber": 177,
        "author": {
          "gitId": "lm5lm5"
        },
        "content": "            System.out.println(\"Are sure you want to clear all completed tasks in the list?\");"
      },
      {
        "lineNumber": 178,
        "author": {
          "gitId": "lm5lm5"
        },
        "content": "        }"
      },
      {
        "lineNumber": 179,
        "author": {
          "gitId": "lm5lm5"
        },
        "content": "        System.out.println(\"Type \\\"yes\\\" or \\\"y\\\" to proceed. Type any other input to cancel.\");"
      },
      {
        "lineNumber": 180,
        "author": {
          "gitId": "lm5lm5"
        },
        "content": "        String input \u003d sc.nextLine();"
      },
      {
        "lineNumber": 181,
        "author": {
          "gitId": "lm5lm5"
        },
        "content": "        if (input.equals(\"yes\") || input.equals(\"y\")) {"
      },
      {
        "lineNumber": 182,
        "author": {
          "gitId": "lm5lm5"
        },
        "content": "            if (word.equals(\"all\")) {"
      },
      {
        "lineNumber": 183,
        "author": {
          "gitId": "lm5lm5"
        },
        "content": "                list.clear();"
      },
      {
        "lineNumber": 184,
        "author": {
          "gitId": "lm5lm5"
        },
        "content": "                System.out.println(\"List is now empty.\");"
      },
      {
        "lineNumber": 185,
        "author": {
          "gitId": "lm5lm5"
        },
        "content": "            } else {"
      },
      {
        "lineNumber": 186,
        "author": {
          "gitId": "lm5lm5"
        },
        "content": "                List\u003cTask\u003e newList \u003d new ArrayList\u003c\u003e();"
      },
      {
        "lineNumber": 187,
        "author": {
          "gitId": "lm5lm5"
        },
        "content": "                for (Task t : list) {"
      },
      {
        "lineNumber": 188,
        "author": {
          "gitId": "lm5lm5"
        },
        "content": "                    if (!t.isDone()) {"
      },
      {
        "lineNumber": 189,
        "author": {
          "gitId": "lm5lm5"
        },
        "content": "                        newList.add(t);"
      },
      {
        "lineNumber": 190,
        "author": {
          "gitId": "lm5lm5"
        },
        "content": "                    }"
      },
      {
        "lineNumber": 191,
        "author": {
          "gitId": "lm5lm5"
        },
        "content": "                }"
      },
      {
        "lineNumber": 192,
        "author": {
          "gitId": "lm5lm5"
        },
        "content": "                list \u003d newList;"
      },
      {
        "lineNumber": 193,
        "author": {
          "gitId": "lm5lm5"
        },
        "content": "                System.out.println(\"List cleared.\");"
      },
      {
        "lineNumber": 194,
        "author": {
          "gitId": "lm5lm5"
        },
        "content": "                printList(list);"
      },
      {
        "lineNumber": 195,
        "author": {
          "gitId": "lm5lm5"
        },
        "content": "            }"
      },
      {
        "lineNumber": 196,
        "author": {
          "gitId": "lm5lm5"
        },
        "content": "            FileWriter writer \u003d new FileWriter(\"data/duke.txt\");"
      },
      {
        "lineNumber": 197,
        "author": {
          "gitId": "lm5lm5"
        },
        "content": "            for (Task t : list) {"
      },
      {
        "lineNumber": 198,
        "author": {
          "gitId": "lm5lm5"
        },
        "content": "                writer.write(t.toSimplerString() + \"\\n\");"
      },
      {
        "lineNumber": 199,
        "author": {
          "gitId": "lm5lm5"
        },
        "content": "            }"
      },
      {
        "lineNumber": 200,
        "author": {
          "gitId": "lm5lm5"
        },
        "content": "            writer.close();"
      },
      {
        "lineNumber": 201,
        "author": {
          "gitId": "lm5lm5"
        },
        "content": "        } else {"
      },
      {
        "lineNumber": 202,
        "author": {
          "gitId": "lm5lm5"
        },
        "content": "            System.out.println(\"Canceled.\");"
      },
      {
        "lineNumber": 203,
        "author": {
          "gitId": "lm5lm5"
        },
        "content": "        }"
      },
      {
        "lineNumber": 204,
        "author": {
          "gitId": "lm5lm5"
        },
        "content": "    }"
      },
      {
        "lineNumber": 205,
        "author": {
          "gitId": "lm5lm5"
        },
        "content": ""
      },
      {
        "lineNumber": 206,
        "author": {
          "gitId": "lm5lm5"
        },
        "content": "    private static void addEventToList(List\u003cTask\u003e list, String line) {"
      },
      {
        "lineNumber": 207,
        "author": {
          "gitId": "lm5lm5"
        },
        "content": "        String[] lineByWord \u003d line.split(\"//\");"
      },
      {
        "lineNumber": 208,
        "author": {
          "gitId": "lm5lm5"
        },
        "content": "        boolean isDone;"
      },
      {
        "lineNumber": 209,
        "author": {
          "gitId": "lm5lm5"
        },
        "content": "        isDone \u003d lineByWord[1].equals(\"T\");"
      },
      {
        "lineNumber": 210,
        "author": {
          "gitId": "lm5lm5"
        },
        "content": "        switch (lineByWord[0]) {"
      },
      {
        "lineNumber": 211,
        "author": {
          "gitId": "lm5lm5"
        },
        "content": "        case \"T\":"
      },
      {
        "lineNumber": 212,
        "author": {
          "gitId": "lm5lm5"
        },
        "content": "            list.add(new Todo(isDone, lineByWord[2]));"
      },
      {
        "lineNumber": 213,
        "author": {
          "gitId": "lm5lm5"
        },
        "content": "            break;"
      },
      {
        "lineNumber": 214,
        "author": {
          "gitId": "lm5lm5"
        },
        "content": "        case \"D\":"
      },
      {
        "lineNumber": 215,
        "author": {
          "gitId": "lm5lm5"
        },
        "content": "            list.add(new Deadline(isDone, lineByWord[2], LocalDate.parse(lineByWord[3])));"
      },
      {
        "lineNumber": 216,
        "author": {
          "gitId": "lm5lm5"
        },
        "content": "            break;"
      },
      {
        "lineNumber": 217,
        "author": {
          "gitId": "lm5lm5"
        },
        "content": "        case \"E\":"
      },
      {
        "lineNumber": 218,
        "author": {
          "gitId": "lm5lm5"
        },
        "content": "            list.add(new Event(isDone, lineByWord[2], LocalDate.parse(lineByWord[3])));"
      },
      {
        "lineNumber": 219,
        "author": {
          "gitId": "lm5lm5"
        },
        "content": "            break;"
      },
      {
        "lineNumber": 220,
        "author": {
          "gitId": "lm5lm5"
        },
        "content": "        }"
      },
      {
        "lineNumber": 221,
        "author": {
          "gitId": "lm5lm5"
        },
        "content": "    }"
      },
      {
        "lineNumber": 222,
        "author": {
          "gitId": "lm5lm5"
        },
        "content": ""
      },
      {
        "lineNumber": 223,
        "author": {
          "gitId": "lm5lm5"
        },
        "content": "    private static void writeToHardDisk(List\u003cTask\u003e list) throws IOException {"
      },
      {
        "lineNumber": 224,
        "author": {
          "gitId": "lm5lm5"
        },
        "content": "        FileWriter writer \u003d new FileWriter(\"data/duke.txt\");"
      },
      {
        "lineNumber": 225,
        "author": {
          "gitId": "lm5lm5"
        },
        "content": "        for (Task t : list) {"
      },
      {
        "lineNumber": 226,
        "author": {
          "gitId": "lm5lm5"
        },
        "content": "            writer.write(t.toSimplerString() + \"\\n\");"
      },
      {
        "lineNumber": 227,
        "author": {
          "gitId": "lm5lm5"
        },
        "content": "        }"
      },
      {
        "lineNumber": 228,
        "author": {
          "gitId": "lm5lm5"
        },
        "content": "        writer.close();"
      },
      {
        "lineNumber": 229,
        "author": {
          "gitId": "lm5lm5"
        },
        "content": "    }"
      },
      {
        "lineNumber": 230,
        "author": {
          "gitId": "lm5lm5"
        },
        "content": ""
      },
      {
        "lineNumber": 231,
        "author": {
          "gitId": "lm5lm5"
        },
        "content": "    static Task createAnEventTask(String[] instructionByWord, int lengthOfArray) throws DukeException {"
      },
      {
        "lineNumber": 232,
        "author": {
          "gitId": "lm5lm5"
        },
        "content": "        try {"
      },
      {
        "lineNumber": 233,
        "author": {
          "gitId": "lm5lm5"
        },
        "content": "            int indexOfAt \u003d -1;"
      },
      {
        "lineNumber": 234,
        "author": {
          "gitId": "lm5lm5"
        },
        "content": "            for (int i \u003d 1; i \u003c lengthOfArray; i++) {"
      },
      {
        "lineNumber": 235,
        "author": {
          "gitId": "lm5lm5"
        },
        "content": "                if (instructionByWord[i].equals(\"/at\")) {"
      },
      {
        "lineNumber": 236,
        "author": {
          "gitId": "lm5lm5"
        },
        "content": "                    indexOfAt \u003d i;"
      },
      {
        "lineNumber": 237,
        "author": {
          "gitId": "lm5lm5"
        },
        "content": "                }"
      },
      {
        "lineNumber": 238,
        "author": {
          "gitId": "lm5lm5"
        },
        "content": "            }"
      },
      {
        "lineNumber": 239,
        "author": {
          "gitId": "lm5lm5"
        },
        "content": "            if (indexOfAt \u003d\u003d -1 || indexOfAt \u003d\u003d 1 || indexOfAt \u003d\u003d lengthOfArray) {"
      },
      {
        "lineNumber": 240,
        "author": {
          "gitId": "lm5lm5"
        },
        "content": "                throw new DukeException(FORMAT_CORRECTION"
      },
      {
        "lineNumber": 241,
        "author": {
          "gitId": "lm5lm5"
        },
        "content": "                        + \"\\\"event a_string_describing_the_task /at YYYY-MM-DD\\\"\");"
      },
      {
        "lineNumber": 242,
        "author": {
          "gitId": "lm5lm5"
        },
        "content": "            }"
      },
      {
        "lineNumber": 243,
        "author": {
          "gitId": "lm5lm5"
        },
        "content": "            String description \u003d String.join(\" \","
      },
      {
        "lineNumber": 244,
        "author": {
          "gitId": "lm5lm5"
        },
        "content": "                    Arrays.copyOfRange(instructionByWord, 1, indexOfAt));"
      },
      {
        "lineNumber": 245,
        "author": {
          "gitId": "lm5lm5"
        },
        "content": "            String time \u003d String.join(\" \","
      },
      {
        "lineNumber": 246,
        "author": {
          "gitId": "lm5lm5"
        },
        "content": "                    Arrays.copyOfRange(instructionByWord, indexOfAt + 1, lengthOfArray));"
      },
      {
        "lineNumber": 247,
        "author": {
          "gitId": "lm5lm5"
        },
        "content": "            return new Event(description, LocalDate.parse(time));"
      },
      {
        "lineNumber": 248,
        "author": {
          "gitId": "lm5lm5"
        },
        "content": "        } catch (DateTimeParseException e) {"
      },
      {
        "lineNumber": 249,
        "author": {
          "gitId": "lm5lm5"
        },
        "content": "            throw new DukeException(\"Incorrect format of date.\\n\""
      },
      {
        "lineNumber": 250,
        "author": {
          "gitId": "lm5lm5"
        },
        "content": "                    + \"The correct format should be YYYY-MM-DD.\");"
      },
      {
        "lineNumber": 251,
        "author": {
          "gitId": "lm5lm5"
        },
        "content": "        } catch (DateTimeException e) {"
      },
      {
        "lineNumber": 252,
        "author": {
          "gitId": "lm5lm5"
        },
        "content": "            throw new DukeException(\"Invalid value for year/month/date\");"
      },
      {
        "lineNumber": 253,
        "author": {
          "gitId": "lm5lm5"
        },
        "content": "        }"
      },
      {
        "lineNumber": 254,
        "author": {
          "gitId": "lm5lm5"
        },
        "content": "    }"
      },
      {
        "lineNumber": 255,
        "author": {
          "gitId": "lm5lm5"
        },
        "content": ""
      },
      {
        "lineNumber": 256,
        "author": {
          "gitId": "lm5lm5"
        },
        "content": "    static Task createADeadlineTask(String[] instructionByWord, int lengthOfArray) throws DukeException {"
      },
      {
        "lineNumber": 257,
        "author": {
          "gitId": "lm5lm5"
        },
        "content": "        try {"
      },
      {
        "lineNumber": 258,
        "author": {
          "gitId": "lm5lm5"
        },
        "content": "            int indexOfBy \u003d -1;"
      },
      {
        "lineNumber": 259,
        "author": {
          "gitId": "lm5lm5"
        },
        "content": "            for (int i \u003d 1; i \u003c lengthOfArray; i++) {"
      },
      {
        "lineNumber": 260,
        "author": {
          "gitId": "lm5lm5"
        },
        "content": "                if (instructionByWord[i].equals(\"/by\")) {"
      },
      {
        "lineNumber": 261,
        "author": {
          "gitId": "lm5lm5"
        },
        "content": "                    indexOfBy \u003d i;"
      },
      {
        "lineNumber": 262,
        "author": {
          "gitId": "lm5lm5"
        },
        "content": "                    break;"
      },
      {
        "lineNumber": 263,
        "author": {
          "gitId": "lm5lm5"
        },
        "content": "                }"
      },
      {
        "lineNumber": 264,
        "author": {
          "gitId": "lm5lm5"
        },
        "content": "            }"
      },
      {
        "lineNumber": 265,
        "author": {
          "gitId": "lm5lm5"
        },
        "content": "            if (indexOfBy \u003d\u003d -1 || indexOfBy \u003d\u003d 1 || indexOfBy \u003d\u003d (lengthOfArray - 1)) {"
      },
      {
        "lineNumber": 266,
        "author": {
          "gitId": "lm5lm5"
        },
        "content": "                throw new DukeException(FORMAT_CORRECTION"
      },
      {
        "lineNumber": 267,
        "author": {
          "gitId": "lm5lm5"
        },
        "content": "                        + \"\\\"deadline a_string_describing_the_task /by YYYY-MM-DD\\\"\");"
      },
      {
        "lineNumber": 268,
        "author": {
          "gitId": "lm5lm5"
        },
        "content": "            }"
      },
      {
        "lineNumber": 269,
        "author": {
          "gitId": "lm5lm5"
        },
        "content": "            String description \u003d String.join(\" \","
      },
      {
        "lineNumber": 270,
        "author": {
          "gitId": "lm5lm5"
        },
        "content": "                    Arrays.copyOfRange(instructionByWord, 1, indexOfBy));"
      },
      {
        "lineNumber": 271,
        "author": {
          "gitId": "lm5lm5"
        },
        "content": "            String deadline \u003d String.join(\" \","
      },
      {
        "lineNumber": 272,
        "author": {
          "gitId": "lm5lm5"
        },
        "content": "                    Arrays.copyOfRange(instructionByWord, indexOfBy + 1, lengthOfArray));"
      },
      {
        "lineNumber": 273,
        "author": {
          "gitId": "lm5lm5"
        },
        "content": "            return new Deadline(description, LocalDate.parse(deadline));"
      },
      {
        "lineNumber": 274,
        "author": {
          "gitId": "lm5lm5"
        },
        "content": "        } catch (DateTimeParseException e) {"
      },
      {
        "lineNumber": 275,
        "author": {
          "gitId": "lm5lm5"
        },
        "content": "            throw new DukeException(\"Incorrect format of date.\\n\""
      },
      {
        "lineNumber": 276,
        "author": {
          "gitId": "lm5lm5"
        },
        "content": "                    + \"The correct format should be YYYY-MM-DD.\");"
      },
      {
        "lineNumber": 277,
        "author": {
          "gitId": "lm5lm5"
        },
        "content": "        } catch (DateTimeException e) {"
      },
      {
        "lineNumber": 278,
        "author": {
          "gitId": "lm5lm5"
        },
        "content": "            throw new DukeException(\"Invalid value for year/month/date\");"
      },
      {
        "lineNumber": 279,
        "author": {
          "gitId": "lm5lm5"
        },
        "content": "        }"
      },
      {
        "lineNumber": 280,
        "author": {
          "gitId": "lm5lm5"
        },
        "content": "    }"
      },
      {
        "lineNumber": 281,
        "author": {
          "gitId": "lm5lm5"
        },
        "content": ""
      },
      {
        "lineNumber": 282,
        "author": {
          "gitId": "lm5lm5"
        },
        "content": "    static Task createATodoTask(String[] instructionByWord, int lengthOfArray) {"
      },
      {
        "lineNumber": 283,
        "author": {
          "gitId": "lm5lm5"
        },
        "content": "        String description \u003d String.join(\" \","
      },
      {
        "lineNumber": 284,
        "author": {
          "gitId": "lm5lm5"
        },
        "content": "                Arrays.copyOfRange(instructionByWord, 1, lengthOfArray));"
      },
      {
        "lineNumber": 285,
        "author": {
          "gitId": "lm5lm5"
        },
        "content": "        return new Todo(description);"
      },
      {
        "lineNumber": 286,
        "author": {
          "gitId": "lm5lm5"
        },
        "content": "    }"
      },
      {
        "lineNumber": 287,
        "author": {
          "gitId": "lm5lm5"
        },
        "content": ""
      },
      {
        "lineNumber": 288,
        "author": {
          "gitId": "lm5lm5"
        },
        "content": "    static void addTaskToList(List\u003cTask\u003e list, Task task) {"
      },
      {
        "lineNumber": 289,
        "author": {
          "gitId": "lm5lm5"
        },
        "content": "        list.add(task);"
      },
      {
        "lineNumber": 290,
        "author": {
          "gitId": "lm5lm5"
        },
        "content": "        System.out.println(\"Noted, the following task is stored:\");"
      },
      {
        "lineNumber": 291,
        "author": {
          "gitId": "lm5lm5"
        },
        "content": "        System.out.println(task);"
      },
      {
        "lineNumber": 292,
        "author": {
          "gitId": "lm5lm5"
        },
        "content": "        System.out.println(getNumOfTasks(list));"
      },
      {
        "lineNumber": 293,
        "author": {
          "gitId": "lm5lm5"
        },
        "content": "    }"
      },
      {
        "lineNumber": 294,
        "author": {
          "gitId": "lm5lm5"
        },
        "content": ""
      },
      {
        "lineNumber": 295,
        "author": {
          "gitId": "lm5lm5"
        },
        "content": "    static void markATaskDone(Task taskToBeCompleted) {"
      },
      {
        "lineNumber": 296,
        "author": {
          "gitId": "lm5lm5"
        },
        "content": "        taskToBeCompleted.setDone();"
      },
      {
        "lineNumber": 297,
        "author": {
          "gitId": "lm5lm5"
        },
        "content": "        System.out.println(\"Noted, the following task is marked done:\");"
      },
      {
        "lineNumber": 298,
        "author": {
          "gitId": "lm5lm5"
        },
        "content": "        System.out.println(taskToBeCompleted);"
      },
      {
        "lineNumber": 299,
        "author": {
          "gitId": "lm5lm5"
        },
        "content": "    }"
      },
      {
        "lineNumber": 300,
        "author": {
          "gitId": "lm5lm5"
        },
        "content": ""
      },
      {
        "lineNumber": 301,
        "author": {
          "gitId": "lm5lm5"
        },
        "content": "    private static void deleteATask(List\u003cTask\u003e list, int index) {"
      },
      {
        "lineNumber": 302,
        "author": {
          "gitId": "lm5lm5"
        },
        "content": "        Task t \u003d list.remove(index);"
      },
      {
        "lineNumber": 303,
        "author": {
          "gitId": "lm5lm5"
        },
        "content": "        System.out.println(\"Noted, the following task is removed from the list:\");"
      },
      {
        "lineNumber": 304,
        "author": {
          "gitId": "lm5lm5"
        },
        "content": "        System.out.println(t);"
      },
      {
        "lineNumber": 305,
        "author": {
          "gitId": "lm5lm5"
        },
        "content": "        System.out.println(getNumOfTasks(list));"
      },
      {
        "lineNumber": 306,
        "author": {
          "gitId": "lm5lm5"
        },
        "content": "    }"
      },
      {
        "lineNumber": 307,
        "author": {
          "gitId": "lm5lm5"
        },
        "content": ""
      },
      {
        "lineNumber": 308,
        "author": {
          "gitId": "lm5lm5"
        },
        "content": "    private static void printList(List\u003cTask\u003e list) {"
      },
      {
        "lineNumber": 309,
        "author": {
          "gitId": "lm5lm5"
        },
        "content": "        System.out.println(\"Here is the task list:\");"
      },
      {
        "lineNumber": 310,
        "author": {
          "gitId": "lm5lm5"
        },
        "content": "        for (int i \u003d 1; i \u003c\u003d list.size(); i++) {"
      },
      {
        "lineNumber": 311,
        "author": {
          "gitId": "lm5lm5"
        },
        "content": "            System.out.println(i + \". \" + list.get(i - 1));"
      },
      {
        "lineNumber": 312,
        "author": {
          "gitId": "lm5lm5"
        },
        "content": "        }"
      },
      {
        "lineNumber": 313,
        "author": {
          "gitId": "lm5lm5"
        },
        "content": "        System.out.println(getNumOfTasks(list));"
      },
      {
        "lineNumber": 314,
        "author": {
          "gitId": "lm5lm5"
        },
        "content": "    }"
      },
      {
        "lineNumber": 315,
        "author": {
          "gitId": "lm5lm5"
        },
        "content": ""
      },
      {
        "lineNumber": 316,
        "author": {
          "gitId": "lm5lm5"
        },
        "content": "    private static String getNumOfTasks(List\u003cTask\u003e list) {"
      },
      {
        "lineNumber": 317,
        "author": {
          "gitId": "lm5lm5"
        },
        "content": "        return \"Currently there is/are \" + list.size() + \" task(s) in the list.\";"
      },
      {
        "lineNumber": 318,
        "author": {
          "gitId": "-"
        },
        "content": "    }"
      },
      {
        "lineNumber": 319,
        "author": {
          "gitId": "-"
        },
        "content": "}"
      }
    ],
    "authorContributionMap": {
      "lm5lm5": 312,
      "-": 7
    }
  },
  {
    "path": "src/main/java/e0148811/duke/Deadline.java",
    "fileType": "java",
    "lines": [
      {
        "lineNumber": 1,
        "author": {
          "gitId": "lm5lm5"
        },
        "content": "package e0148811.duke;"
      },
      {
        "lineNumber": 2,
        "author": {
          "gitId": "lm5lm5"
        },
        "content": ""
      },
      {
        "lineNumber": 3,
        "author": {
          "gitId": "lm5lm5"
        },
        "content": "import java.time.LocalDate;"
      },
      {
        "lineNumber": 4,
        "author": {
          "gitId": "lm5lm5"
        },
        "content": ""
      },
      {
        "lineNumber": 5,
        "author": {
          "gitId": "lm5lm5"
        },
        "content": "public class Deadline extends Task {"
      },
      {
        "lineNumber": 6,
        "author": {
          "gitId": "lm5lm5"
        },
        "content": "    private LocalDate deadline;"
      },
      {
        "lineNumber": 7,
        "author": {
          "gitId": "lm5lm5"
        },
        "content": ""
      },
      {
        "lineNumber": 8,
        "author": {
          "gitId": "lm5lm5"
        },
        "content": "    public Deadline(String description, LocalDate deadline) {"
      },
      {
        "lineNumber": 9,
        "author": {
          "gitId": "lm5lm5"
        },
        "content": "        super(description);"
      },
      {
        "lineNumber": 10,
        "author": {
          "gitId": "lm5lm5"
        },
        "content": "        this.deadline \u003d deadline;"
      },
      {
        "lineNumber": 11,
        "author": {
          "gitId": "lm5lm5"
        },
        "content": "    }"
      },
      {
        "lineNumber": 12,
        "author": {
          "gitId": "lm5lm5"
        },
        "content": ""
      },
      {
        "lineNumber": 13,
        "author": {
          "gitId": "lm5lm5"
        },
        "content": "    public Deadline(boolean isDone, String description, LocalDate deadline) {"
      },
      {
        "lineNumber": 14,
        "author": {
          "gitId": "lm5lm5"
        },
        "content": "        super(isDone, description);"
      },
      {
        "lineNumber": 15,
        "author": {
          "gitId": "lm5lm5"
        },
        "content": "        this.deadline \u003d deadline;"
      },
      {
        "lineNumber": 16,
        "author": {
          "gitId": "lm5lm5"
        },
        "content": "    }"
      },
      {
        "lineNumber": 17,
        "author": {
          "gitId": "lm5lm5"
        },
        "content": ""
      },
      {
        "lineNumber": 18,
        "author": {
          "gitId": "lm5lm5"
        },
        "content": "    @Override"
      },
      {
        "lineNumber": 19,
        "author": {
          "gitId": "lm5lm5"
        },
        "content": "    public String toString() {"
      },
      {
        "lineNumber": 20,
        "author": {
          "gitId": "lm5lm5"
        },
        "content": "        return \"[D]\" + super.toString() + \" (by: \" + deadline + \", \" + deadline.getDayOfWeek() + \")\";"
      },
      {
        "lineNumber": 21,
        "author": {
          "gitId": "lm5lm5"
        },
        "content": "    }"
      },
      {
        "lineNumber": 22,
        "author": {
          "gitId": "lm5lm5"
        },
        "content": ""
      },
      {
        "lineNumber": 23,
        "author": {
          "gitId": "lm5lm5"
        },
        "content": "    @Override"
      },
      {
        "lineNumber": 24,
        "author": {
          "gitId": "lm5lm5"
        },
        "content": "    public String toSimplerString() {"
      },
      {
        "lineNumber": 25,
        "author": {
          "gitId": "lm5lm5"
        },
        "content": "        return \"D//\" + super.toSimplerString() + \"//\" + deadline;"
      },
      {
        "lineNumber": 26,
        "author": {
          "gitId": "lm5lm5"
        },
        "content": "    }"
      },
      {
        "lineNumber": 27,
        "author": {
          "gitId": "lm5lm5"
        },
        "content": "}"
      }
    ],
    "authorContributionMap": {
      "lm5lm5": 27
    }
  },
  {
    "path": "src/main/java/e0148811/duke/DukeException.java",
    "fileType": "java",
    "lines": [
      {
        "lineNumber": 1,
        "author": {
          "gitId": "lm5lm5"
        },
        "content": "package e0148811.duke;"
      },
      {
        "lineNumber": 2,
        "author": {
          "gitId": "lm5lm5"
        },
        "content": ""
      },
      {
        "lineNumber": 3,
        "author": {
          "gitId": "lm5lm5"
        },
        "content": "public class DukeException extends Exception {"
      },
      {
        "lineNumber": 4,
        "author": {
          "gitId": "lm5lm5"
        },
        "content": "    public DukeException(String message) {"
      },
      {
        "lineNumber": 5,
        "author": {
          "gitId": "lm5lm5"
        },
        "content": "        super(\"ERROR. Please refer to the following message and try again:\\n\" + message);"
      },
      {
        "lineNumber": 6,
        "author": {
          "gitId": "lm5lm5"
        },
        "content": "    }"
      },
      {
        "lineNumber": 7,
        "author": {
          "gitId": "lm5lm5"
        },
        "content": "}"
      }
    ],
    "authorContributionMap": {
      "lm5lm5": 7
    }
  },
  {
    "path": "src/main/java/e0148811/duke/Event.java",
    "fileType": "java",
    "lines": [
      {
        "lineNumber": 1,
        "author": {
          "gitId": "lm5lm5"
        },
        "content": "package e0148811.duke;"
      },
      {
        "lineNumber": 2,
        "author": {
          "gitId": "lm5lm5"
        },
        "content": ""
      },
      {
        "lineNumber": 3,
        "author": {
          "gitId": "lm5lm5"
        },
        "content": "import java.time.LocalDate;"
      },
      {
        "lineNumber": 4,
        "author": {
          "gitId": "lm5lm5"
        },
        "content": ""
      },
      {
        "lineNumber": 5,
        "author": {
          "gitId": "lm5lm5"
        },
        "content": "public class Event extends Task {"
      },
      {
        "lineNumber": 6,
        "author": {
          "gitId": "lm5lm5"
        },
        "content": "    private LocalDate time;"
      },
      {
        "lineNumber": 7,
        "author": {
          "gitId": "lm5lm5"
        },
        "content": ""
      },
      {
        "lineNumber": 8,
        "author": {
          "gitId": "lm5lm5"
        },
        "content": "    public Event(String description, LocalDate time) {"
      },
      {
        "lineNumber": 9,
        "author": {
          "gitId": "lm5lm5"
        },
        "content": "        super(description);"
      },
      {
        "lineNumber": 10,
        "author": {
          "gitId": "lm5lm5"
        },
        "content": "        this.time \u003d time;"
      },
      {
        "lineNumber": 11,
        "author": {
          "gitId": "lm5lm5"
        },
        "content": "    }"
      },
      {
        "lineNumber": 12,
        "author": {
          "gitId": "lm5lm5"
        },
        "content": ""
      },
      {
        "lineNumber": 13,
        "author": {
          "gitId": "lm5lm5"
        },
        "content": "    public Event(boolean isDone, String description, LocalDate time) {"
      },
      {
        "lineNumber": 14,
        "author": {
          "gitId": "lm5lm5"
        },
        "content": "        super(isDone, description);"
      },
      {
        "lineNumber": 15,
        "author": {
          "gitId": "lm5lm5"
        },
        "content": "        this.time \u003d time;"
      },
      {
        "lineNumber": 16,
        "author": {
          "gitId": "lm5lm5"
        },
        "content": "    }"
      },
      {
        "lineNumber": 17,
        "author": {
          "gitId": "lm5lm5"
        },
        "content": ""
      },
      {
        "lineNumber": 18,
        "author": {
          "gitId": "lm5lm5"
        },
        "content": "    @Override"
      },
      {
        "lineNumber": 19,
        "author": {
          "gitId": "lm5lm5"
        },
        "content": "    public String toString() {"
      },
      {
        "lineNumber": 20,
        "author": {
          "gitId": "lm5lm5"
        },
        "content": "        return \"[E]\" + super.toString() + \" (at: \" + time + \", \" + time.getDayOfWeek() + \")\";"
      },
      {
        "lineNumber": 21,
        "author": {
          "gitId": "lm5lm5"
        },
        "content": "    }"
      },
      {
        "lineNumber": 22,
        "author": {
          "gitId": "lm5lm5"
        },
        "content": ""
      },
      {
        "lineNumber": 23,
        "author": {
          "gitId": "lm5lm5"
        },
        "content": "    @Override"
      },
      {
        "lineNumber": 24,
        "author": {
          "gitId": "lm5lm5"
        },
        "content": "    public String toSimplerString() {"
      },
      {
        "lineNumber": 25,
        "author": {
          "gitId": "lm5lm5"
        },
        "content": "        return \"E//\" + super.toSimplerString() + \"//\" + time;"
      },
      {
        "lineNumber": 26,
        "author": {
          "gitId": "lm5lm5"
        },
        "content": "    }"
      },
      {
        "lineNumber": 27,
        "author": {
          "gitId": "lm5lm5"
        },
        "content": "}"
      }
    ],
    "authorContributionMap": {
      "lm5lm5": 27
    }
  },
  {
    "path": "src/main/java/e0148811/duke/Task.java",
    "fileType": "java",
    "lines": [
      {
        "lineNumber": 1,
        "author": {
          "gitId": "lm5lm5"
        },
        "content": "package e0148811.duke;"
      },
      {
        "lineNumber": 2,
        "author": {
          "gitId": "lm5lm5"
        },
        "content": ""
      },
      {
        "lineNumber": 3,
        "author": {
          "gitId": "lm5lm5"
        },
        "content": "public class Task {"
      },
      {
        "lineNumber": 4,
        "author": {
          "gitId": "lm5lm5"
        },
        "content": "    static String TICK \u003d \"\\u2714\";"
      },
      {
        "lineNumber": 5,
        "author": {
          "gitId": "lm5lm5"
        },
        "content": "    static String CROSS \u003d \"\\u2718\";"
      },
      {
        "lineNumber": 6,
        "author": {
          "gitId": "lm5lm5"
        },
        "content": "    private boolean isDone;"
      },
      {
        "lineNumber": 7,
        "author": {
          "gitId": "lm5lm5"
        },
        "content": "    private String task;"
      },
      {
        "lineNumber": 8,
        "author": {
          "gitId": "lm5lm5"
        },
        "content": ""
      },
      {
        "lineNumber": 9,
        "author": {
          "gitId": "lm5lm5"
        },
        "content": "    public Task(String description) {"
      },
      {
        "lineNumber": 10,
        "author": {
          "gitId": "lm5lm5"
        },
        "content": "        isDone \u003d false;"
      },
      {
        "lineNumber": 11,
        "author": {
          "gitId": "lm5lm5"
        },
        "content": "        task \u003d description;"
      },
      {
        "lineNumber": 12,
        "author": {
          "gitId": "lm5lm5"
        },
        "content": "    }"
      },
      {
        "lineNumber": 13,
        "author": {
          "gitId": "lm5lm5"
        },
        "content": ""
      },
      {
        "lineNumber": 14,
        "author": {
          "gitId": "lm5lm5"
        },
        "content": "    public Task(boolean isDone, String description) {"
      },
      {
        "lineNumber": 15,
        "author": {
          "gitId": "lm5lm5"
        },
        "content": "        this.isDone \u003d isDone;"
      },
      {
        "lineNumber": 16,
        "author": {
          "gitId": "lm5lm5"
        },
        "content": "        task \u003d description;"
      },
      {
        "lineNumber": 17,
        "author": {
          "gitId": "lm5lm5"
        },
        "content": "    }"
      },
      {
        "lineNumber": 18,
        "author": {
          "gitId": "lm5lm5"
        },
        "content": ""
      },
      {
        "lineNumber": 19,
        "author": {
          "gitId": "lm5lm5"
        },
        "content": "    public String getTask() {"
      },
      {
        "lineNumber": 20,
        "author": {
          "gitId": "lm5lm5"
        },
        "content": "        return task;"
      },
      {
        "lineNumber": 21,
        "author": {
          "gitId": "lm5lm5"
        },
        "content": "    }"
      },
      {
        "lineNumber": 22,
        "author": {
          "gitId": "lm5lm5"
        },
        "content": ""
      },
      {
        "lineNumber": 23,
        "author": {
          "gitId": "lm5lm5"
        },
        "content": "    public boolean isDone() {"
      },
      {
        "lineNumber": 24,
        "author": {
          "gitId": "lm5lm5"
        },
        "content": "        return isDone;"
      },
      {
        "lineNumber": 25,
        "author": {
          "gitId": "lm5lm5"
        },
        "content": "    }"
      },
      {
        "lineNumber": 26,
        "author": {
          "gitId": "lm5lm5"
        },
        "content": ""
      },
      {
        "lineNumber": 27,
        "author": {
          "gitId": "lm5lm5"
        },
        "content": "    public void setDone() {"
      },
      {
        "lineNumber": 28,
        "author": {
          "gitId": "lm5lm5"
        },
        "content": "        isDone \u003d true;"
      },
      {
        "lineNumber": 29,
        "author": {
          "gitId": "lm5lm5"
        },
        "content": "    }"
      },
      {
        "lineNumber": 30,
        "author": {
          "gitId": "lm5lm5"
        },
        "content": ""
      },
      {
        "lineNumber": 31,
        "author": {
          "gitId": "lm5lm5"
        },
        "content": "    @Override"
      },
      {
        "lineNumber": 32,
        "author": {
          "gitId": "lm5lm5"
        },
        "content": "    public String toString() {"
      },
      {
        "lineNumber": 33,
        "author": {
          "gitId": "lm5lm5"
        },
        "content": "        if (isDone) {"
      },
      {
        "lineNumber": 34,
        "author": {
          "gitId": "lm5lm5"
        },
        "content": "            return \"[\" + Task.TICK + \"] \" + task;"
      },
      {
        "lineNumber": 35,
        "author": {
          "gitId": "lm5lm5"
        },
        "content": "        } else {"
      },
      {
        "lineNumber": 36,
        "author": {
          "gitId": "lm5lm5"
        },
        "content": "            return \"[\" + Task.CROSS + \"] \" + task;"
      },
      {
        "lineNumber": 37,
        "author": {
          "gitId": "lm5lm5"
        },
        "content": "        }"
      },
      {
        "lineNumber": 38,
        "author": {
          "gitId": "lm5lm5"
        },
        "content": "    }"
      },
      {
        "lineNumber": 39,
        "author": {
          "gitId": "lm5lm5"
        },
        "content": ""
      },
      {
        "lineNumber": 40,
        "author": {
          "gitId": "lm5lm5"
        },
        "content": "    public String toSimplerString() {"
      },
      {
        "lineNumber": 41,
        "author": {
          "gitId": "lm5lm5"
        },
        "content": "        String isDone;"
      },
      {
        "lineNumber": 42,
        "author": {
          "gitId": "lm5lm5"
        },
        "content": "        if (this.isDone) {"
      },
      {
        "lineNumber": 43,
        "author": {
          "gitId": "lm5lm5"
        },
        "content": "            isDone \u003d \"T\";"
      },
      {
        "lineNumber": 44,
        "author": {
          "gitId": "lm5lm5"
        },
        "content": "        } else {"
      },
      {
        "lineNumber": 45,
        "author": {
          "gitId": "lm5lm5"
        },
        "content": "            isDone \u003d \"F\";"
      },
      {
        "lineNumber": 46,
        "author": {
          "gitId": "lm5lm5"
        },
        "content": "        }"
      },
      {
        "lineNumber": 47,
        "author": {
          "gitId": "lm5lm5"
        },
        "content": "        return isDone + \"//\" + getTask();"
      },
      {
        "lineNumber": 48,
        "author": {
          "gitId": "lm5lm5"
        },
        "content": "    }"
      },
      {
        "lineNumber": 49,
        "author": {
          "gitId": "lm5lm5"
        },
        "content": "}"
      }
    ],
    "authorContributionMap": {
      "lm5lm5": 49
    }
  },
  {
    "path": "src/main/java/e0148811/duke/Todo.java",
    "fileType": "java",
    "lines": [
      {
        "lineNumber": 1,
        "author": {
          "gitId": "lm5lm5"
        },
        "content": "package e0148811.duke;"
      },
      {
        "lineNumber": 2,
        "author": {
          "gitId": "lm5lm5"
        },
        "content": ""
      },
      {
        "lineNumber": 3,
        "author": {
          "gitId": "lm5lm5"
        },
        "content": "public class Todo extends Task {"
      },
      {
        "lineNumber": 4,
        "author": {
          "gitId": "lm5lm5"
        },
        "content": "    public Todo(String description) {"
      },
      {
        "lineNumber": 5,
        "author": {
          "gitId": "lm5lm5"
        },
        "content": "        super(description);"
      },
      {
        "lineNumber": 6,
        "author": {
          "gitId": "lm5lm5"
        },
        "content": "    }"
      },
      {
        "lineNumber": 7,
        "author": {
          "gitId": "lm5lm5"
        },
        "content": ""
      },
      {
        "lineNumber": 8,
        "author": {
          "gitId": "lm5lm5"
        },
        "content": "    public Todo(boolean isDone, String description) {"
      },
      {
        "lineNumber": 9,
        "author": {
          "gitId": "lm5lm5"
        },
        "content": "        super(isDone, description);"
      },
      {
        "lineNumber": 10,
        "author": {
          "gitId": "lm5lm5"
        },
        "content": "    }"
      },
      {
        "lineNumber": 11,
        "author": {
          "gitId": "lm5lm5"
        },
        "content": ""
      },
      {
        "lineNumber": 12,
        "author": {
          "gitId": "lm5lm5"
        },
        "content": "    @Override"
      },
      {
        "lineNumber": 13,
        "author": {
          "gitId": "lm5lm5"
        },
        "content": "    public String toString() {"
      },
      {
        "lineNumber": 14,
        "author": {
          "gitId": "lm5lm5"
        },
        "content": "        return \"[T]\" + super.toString();"
      },
      {
        "lineNumber": 15,
        "author": {
          "gitId": "lm5lm5"
        },
        "content": "    }"
      },
      {
        "lineNumber": 16,
        "author": {
          "gitId": "lm5lm5"
        },
        "content": ""
      },
      {
        "lineNumber": 17,
        "author": {
          "gitId": "lm5lm5"
        },
        "content": "    @Override"
      },
      {
        "lineNumber": 18,
        "author": {
          "gitId": "lm5lm5"
        },
        "content": "    public String toSimplerString() {"
      },
      {
        "lineNumber": 19,
        "author": {
          "gitId": "lm5lm5"
        },
        "content": "        return \"T//\" + super.toSimplerString();"
      },
      {
        "lineNumber": 20,
        "author": {
          "gitId": "lm5lm5"
        },
        "content": "    }"
      },
      {
        "lineNumber": 21,
        "author": {
          "gitId": "lm5lm5"
        },
        "content": "}"
      }
    ],
    "authorContributionMap": {
      "lm5lm5": 21
    }
  }
]
