{
  "authorDailyContributionsMap": {
    "lm5lm5": [
      {
        "insertions": 24,
        "deletions": 3,
        "date": "2020-01-21",
        "commitResults": [
          {
            "hash": "fa6037214833c55b0638c3a2b351e05d3b7718ef",
            "messageTitle": "Complete level one",
            "messageBody": "",
            "tags": [
              "Level-1"
            ],
            "insertions": 12,
            "deletions": 1
          },
          {
            "hash": "dcb0a8afca3bc5ab3505037a425cc6e5522fc846",
            "messageTitle": "Complete level two",
            "messageBody": "",
            "tags": [
              "Level-2"
            ],
            "insertions": 12,
            "deletions": 2
          }
        ]
      },
      {
        "insertions": 309,
        "deletions": 82,
        "date": "2020-01-22",
        "commitResults": [
          {
            "hash": "64aa2fcc94ca28d5840c8b42d13c0f5df5f3011b",
            "messageTitle": "Create Task class",
            "messageBody": "",
            "insertions": 19,
            "deletions": 0
          },
          {
            "hash": "6b0904b2d9f103ed574884fe9afcdaa74d140f65",
            "messageTitle": "Complete level three",
            "messageBody": "",
            "tags": [
              "Level-3"
            ],
            "insertions": 33,
            "deletions": 10
          },
          {
            "hash": "21a22f3bfdf86c5016336ec99d76ae6970c34a28",
            "messageTitle": "Extract methods",
            "messageBody": "",
            "insertions": 23,
            "deletions": 12
          },
          {
            "hash": "e7d482896222019d83b356405132540ffa050317",
            "messageTitle": "Create three sub classes of Task class",
            "messageBody": "",
            "insertions": 57,
            "deletions": 7
          },
          {
            "hash": "4474a6677a79a7f8f5cc06013e02b02b36cb7397",
            "messageTitle": "Complete Level four",
            "messageBody": "",
            "tags": [
              "Level-4"
            ],
            "insertions": 66,
            "deletions": 20
          },
          {
            "hash": "6127f8370f9edcea58d0c771169854ac4871e6ad",
            "messageTitle": "Complete level five. Errors considered include: invalid format of instruction, invalid index, invalid instruction.",
            "messageBody": "",
            "tags": [
              "Level-5"
            ],
            "insertions": 82,
            "deletions": 30
          },
          {
            "hash": "709974ef478533b7814bb662e34077689843161b",
            "messageTitle": "Complete level six",
            "messageBody": "",
            "tags": [
              "Level-6"
            ],
            "insertions": 29,
            "deletions": 3
          }
        ]
      },
      {
        "insertions": 1,
        "deletions": 1,
        "date": "2020-01-23",
        "commitResults": [
          {
            "hash": "b258b340a16ff93aa21ad074aa8190875fc2df74",
            "messageTitle": "Refine exception message",
            "messageBody": "",
            "insertions": 1,
            "deletions": 1
          }
        ]
      },
      {
        "insertions": 7,
        "deletions": 2,
        "date": "2020-01-25",
        "commitResults": [
          {
            "hash": "aff2a08797eed8ef23da743e6e6f5632afa35260",
            "messageTitle": "make minor changes in error handling",
            "messageBody": "",
            "insertions": 7,
            "deletions": 2
          }
        ]
      },
      {
        "insertions": 196,
        "deletions": 48,
        "date": "2020-01-29",
        "commitResults": [
          {
            "hash": "2987247f4d3da63021e1949c0f69e134231ccf69",
            "messageTitle": "add \"final\" modifier",
            "messageBody": "",
            "insertions": 1,
            "deletions": 1
          },
          {
            "hash": "fcc7f17e31c55a36e3810657bc068cc9ebaeea92",
            "messageTitle": "Complete level-7",
            "messageBody": "",
            "tags": [
              "Level-7"
            ],
            "insertions": 110,
            "deletions": 7
          },
          {
            "hash": "086b797f29bb8e414c60b17dffc86c27491b7a09",
            "messageTitle": "Complete level-8",
            "messageBody": "",
            "tags": [
              "Level-8"
            ],
            "insertions": 55,
            "deletions": 34
          },
          {
            "hash": "09549182ee3515f1239416aa3b7c016612f500b8",
            "messageTitle": "Create \"find\" conmmand (incomplete)",
            "messageBody": "",
            "insertions": 9,
            "deletions": 3
          },
          {
            "hash": "ad02292a34c56ef0573cba0bfab7f5d3e1718079",
            "messageTitle": "Complete level-9",
            "messageBody": "",
            "tags": [
              "Level-9"
            ],
            "insertions": 21,
            "deletions": 3
          }
        ]
      },
      {
        "insertions": 55,
        "deletions": 12,
        "date": "2020-01-30",
        "commitResults": [
          {
            "hash": "3060f2fc5baeeea5b9529dd3887d337c38dbceae",
            "messageTitle": "Add \"clear\" command and enhance \"find\" command.",
            "messageBody": "",
            "insertions": 55,
            "deletions": 12
          }
        ]
      },
      {
        "insertions": 681,
        "deletions": 232,
        "date": "2020-02-05",
        "commitResults": [
          {
            "hash": "c8f1dcb691bdb9523c582080a1076f21ae180583",
            "messageTitle": "Complete A-MoreOOP",
            "messageBody": "",
            "tags": [
              "A-MoreOOP"
            ],
            "insertions": 678,
            "deletions": 228
          },
          {
            "hash": "6a95753c36dcfefd6131e1f2e23edc52c03222d9",
            "messageTitle": "Complete A-JUnit",
            "messageBody": "",
            "tags": [
              "A-JUnit"
            ],
            "insertions": 3,
            "deletions": 4
          }
        ]
      },
      {
        "insertions": 10,
        "deletions": 17,
        "date": "2020-02-11",
        "commitResults": [
          {
            "hash": "79f7bad519bede33bb4e61317f52d0a7c92a9d71",
            "messageTitle": "make minor changes based on PR review comments",
            "messageBody": "",
            "insertions": 10,
            "deletions": 17
          }
        ]
      },
      {
        "insertions": 507,
        "deletions": 236,
        "date": "2020-02-12",
        "commitResults": [
          {
            "hash": "b78d30eeffbb04c8d1713d31496ecd0a4d414cea",
            "messageTitle": "Configure build.gradle file, and add CheckStyle and Shadow plugins",
            "messageBody": "",
            "tags": [
              "A-Gradle",
              "A-CheckStyle"
            ],
            "insertions": 37,
            "deletions": 8
          },
          {
            "hash": "711e6c11be833ce626bfad3100be9cf8b7f315f6",
            "messageTitle": "add Junit dependency",
            "messageBody": "",
            "insertions": 8,
            "deletions": 0
          },
          {
            "hash": "510b750a2ff5d1aece5e826627f84c61025b66c1",
            "messageTitle": "complete JavaFX level 1",
            "messageBody": "",
            "insertions": 48,
            "deletions": 2
          },
          {
            "hash": "e38af2f3a9bf2fdbc174378cb6186682203a4791",
            "messageTitle": "complete JavaFX part 2",
            "messageBody": "",
            "insertions": 62,
            "deletions": 9
          },
          {
            "hash": "4683adeeba539c08864c5375744bf30a6a057e0b",
            "messageTitle": "complete JavaFX part 3",
            "messageBody": "",
            "insertions": 101,
            "deletions": 0
          },
          {
            "hash": "7e866c4fda49d2958a9fade9c3531cbf6989414d",
            "messageTitle": "Complete JavaFX part 4",
            "messageBody": "",
            "insertions": 174,
            "deletions": 52
          },
          {
            "hash": "32f3836c71938bcdb8d0aa53bfa1d88d953bac45",
            "messageTitle": "Fix method signature error for JavaFX part 4",
            "messageBody": "",
            "insertions": 4,
            "deletions": 4
          },
          {
            "hash": "e42e1f9a990fd45cf03a2cf587227500640d82d0",
            "messageTitle": "(Actually) complete JavaFX part 4 (the previous one didn\u0027t clear up some mess)",
            "messageBody": "",
            "insertions": 10,
            "deletions": 113
          },
          {
            "hash": "bf2fc72456e9550db77dfa772d93d7b33396ff25",
            "messageTitle": "Generate a new jar file, change the version number",
            "messageBody": "",
            "insertions": 1,
            "deletions": 8
          },
          {
            "hash": "1759339346bb5ab1a7b4455dafb095cf5c05f2e7",
            "messageTitle": "Complete A-Assertions",
            "messageBody": "",
            "tags": [
              "A-Assertions"
            ],
            "insertions": 16,
            "deletions": 5
          },
          {
            "hash": "20273c9b022da0d9577a839b018745cbc234da5a",
            "messageTitle": "Complete A-CodeQuality",
            "messageBody": "",
            "tags": [
              "A-CodeQuality"
            ],
            "insertions": 46,
            "deletions": 35
          }
        ]
      },
      {
        "insertions": 163,
        "deletions": 58,
        "date": "2020-02-13",
        "commitResults": [
          {
            "hash": "bf77e670f57c9934e39b648edb7beef4776506bb",
            "messageTitle": "Complete C-Priority",
            "messageBody": "",
            "insertions": 163,
            "deletions": 58
          }
        ]
      },
      {
        "insertions": 206,
        "deletions": 94,
        "date": "2020-02-19",
        "commitResults": [
          {
            "hash": "78b964c7634acab6c0e3ede9fe9dfd2d932f6ae7",
            "messageTitle": "refractor C-priority function",
            "messageBody": "",
            "insertions": 11,
            "deletions": 1
          },
          {
            "hash": "ba3e2ae20730b2ba60689fc963b5912824ee5e36",
            "messageTitle": "Add one more level of priority (low)",
            "messageBody": "",
            "tags": [
              "C-priority"
            ],
            "insertions": 28,
            "deletions": 3
          },
          {
            "hash": "23346fb6e83d371a76f86f045178382f9178664f",
            "messageTitle": "refractor some methods (clear, find, list)",
            "messageBody": "",
            "insertions": 167,
            "deletions": 90
          }
        ]
      },
      {
        "insertions": 544,
        "deletions": 527,
        "date": "2020-02-20",
        "commitResults": [
          {
            "hash": "9c6b5bcb805ce9423c8752900f71cd2323cd404d",
            "messageTitle": "change all void methods to return String in order to enable javaFX to get response",
            "messageBody": "",
            "insertions": 389,
            "deletions": 372
          },
          {
            "hash": "a2fe67d50326f6f57e6786e0e1ddb0b908b91361",
            "messageTitle": "formally complete Level-10 (GUI)",
            "messageBody": "",
            "tags": [
              "Level-10"
            ],
            "insertions": 104,
            "deletions": 60
          },
          {
            "hash": "8460a170b6fcd619f257b0b53d52cae2b4ef26ac",
            "messageTitle": "Remove unnecessary methods and fields",
            "messageBody": "",
            "insertions": 11,
            "deletions": 30
          },
          {
            "hash": "e80117205c56b672fd18c9115396a9f30885ac26",
            "messageTitle": "Add screenshot of the product",
            "messageBody": "",
            "tags": [
              "0.2"
            ],
            "insertions": 28,
            "deletions": 53
          },
          {
            "hash": "41d55949265c5ad0ef30b884c18d2bcee70643a7",
            "messageTitle": "Refractory to improve the app",
            "messageBody": "",
            "insertions": 12,
            "deletions": 12
          }
        ]
      },
      {
        "insertions": 320,
        "deletions": 71,
        "date": "2020-02-21",
        "commitResults": [
          {
            "hash": "74206ed7146d604bad34615b4acdc064b9267353",
            "messageTitle": "Improve Ui message based on GUI presentation",
            "messageBody": "",
            "insertions": 33,
            "deletions": 30
          },
          {
            "hash": "6a15eb97251b764f809c38dee93408aa4f58ba5f",
            "messageTitle": "Change product screenshot and write UG",
            "messageBody": "",
            "insertions": 279,
            "deletions": 38
          },
          {
            "hash": "cdaccd48b161c9088bdac41ada5f9f269eaec339",
            "messageTitle": "Refractor method to follow SLAP",
            "messageBody": "",
            "insertions": 8,
            "deletions": 3
          }
        ]
      },
      {
        "insertions": 26,
        "deletions": 22,
        "date": "2020-02-22",
        "commitResults": [
          {
            "hash": "d89548ebbd152205b5aa2e650753b86dfb9bed67",
            "messageTitle": "Edit User Guide to make it more instructive",
            "messageBody": "",
            "insertions": 26,
            "deletions": 22
          }
        ]
      }
    ]
  },
  "authorFinalContributionMap": {
    "lm5lm5": 1643
  },
  "authorFileTypeContributionMap": {
    "lm5lm5": {
      "java": 1307,
      "md": 236,
      "fxml": 44,
      "sh": 0,
      "bat": 0,
      "gradle": 56,
      "txt": 0
    }
  },
  "authorContributionVariance": {
    "lm5lm5": 62470.184
  },
  "authorDisplayNameMap": {
    "lm5lm5": "CS2103-T09- 4 LIAO..MENG"
  }
}
