{
  "authorDailyContributionsMap": {
    "lm5lm5": [
      {
        "insertions": 24,
        "deletions": 3,
        "date": "2020-01-21",
        "commitResults": [
          {
            "hash": "fa6037214833c55b0638c3a2b351e05d3b7718ef",
            "messageTitle": "Complete level one",
            "messageBody": "",
            "tags": [
              "Level-1"
            ],
            "insertions": 12,
            "deletions": 1
          },
          {
            "hash": "dcb0a8afca3bc5ab3505037a425cc6e5522fc846",
            "messageTitle": "Complete level two",
            "messageBody": "",
            "tags": [
              "Level-2"
            ],
            "insertions": 12,
            "deletions": 2
          }
        ]
      },
      {
        "insertions": 309,
        "deletions": 82,
        "date": "2020-01-22",
        "commitResults": [
          {
            "hash": "64aa2fcc94ca28d5840c8b42d13c0f5df5f3011b",
            "messageTitle": "Create Task class",
            "messageBody": "",
            "insertions": 19,
            "deletions": 0
          },
          {
            "hash": "6b0904b2d9f103ed574884fe9afcdaa74d140f65",
            "messageTitle": "Complete level three",
            "messageBody": "",
            "tags": [
              "Level-3"
            ],
            "insertions": 33,
            "deletions": 10
          },
          {
            "hash": "21a22f3bfdf86c5016336ec99d76ae6970c34a28",
            "messageTitle": "Extract methods",
            "messageBody": "",
            "insertions": 23,
            "deletions": 12
          },
          {
            "hash": "e7d482896222019d83b356405132540ffa050317",
            "messageTitle": "Create three sub classes of Task class",
            "messageBody": "",
            "insertions": 57,
            "deletions": 7
          },
          {
            "hash": "4474a6677a79a7f8f5cc06013e02b02b36cb7397",
            "messageTitle": "Complete Level four",
            "messageBody": "",
            "tags": [
              "Level-4"
            ],
            "insertions": 66,
            "deletions": 20
          },
          {
            "hash": "6127f8370f9edcea58d0c771169854ac4871e6ad",
            "messageTitle": "Complete level five. Errors considered include: invalid format of instruction, invalid index, invalid instruction.",
            "messageBody": "",
            "tags": [
              "Level-6",
              "Level-5"
            ],
            "insertions": 82,
            "deletions": 30
          },
          {
            "hash": "709974ef478533b7814bb662e34077689843161b",
            "messageTitle": "Complete level six",
            "messageBody": "",
            "insertions": 29,
            "deletions": 3
          }
        ]
      },
      {
        "insertions": 1,
        "deletions": 1,
        "date": "2020-01-23",
        "commitResults": [
          {
            "hash": "b258b340a16ff93aa21ad074aa8190875fc2df74",
            "messageTitle": "Refine exception message",
            "messageBody": "",
            "insertions": 1,
            "deletions": 1
          }
        ]
      },
      {
        "insertions": 7,
        "deletions": 2,
        "date": "2020-01-25",
        "commitResults": [
          {
            "hash": "aff2a08797eed8ef23da743e6e6f5632afa35260",
            "messageTitle": "make minor changes in error handling",
            "messageBody": "",
            "insertions": 7,
            "deletions": 2
          }
        ]
      },
      {
        "insertions": 196,
        "deletions": 48,
        "date": "2020-01-29",
        "commitResults": [
          {
            "hash": "2987247f4d3da63021e1949c0f69e134231ccf69",
            "messageTitle": "add \"final\" modifier",
            "messageBody": "",
            "insertions": 1,
            "deletions": 1
          },
          {
            "hash": "fcc7f17e31c55a36e3810657bc068cc9ebaeea92",
            "messageTitle": "Complete level-7",
            "messageBody": "",
            "tags": [
              "Level-7"
            ],
            "insertions": 110,
            "deletions": 7
          },
          {
            "hash": "086b797f29bb8e414c60b17dffc86c27491b7a09",
            "messageTitle": "Complete level-8",
            "messageBody": "",
            "tags": [
              "Level-8"
            ],
            "insertions": 55,
            "deletions": 34
          },
          {
            "hash": "09549182ee3515f1239416aa3b7c016612f500b8",
            "messageTitle": "Create \"find\" conmmand (incomplete)",
            "messageBody": "",
            "insertions": 9,
            "deletions": 3
          },
          {
            "hash": "ad02292a34c56ef0573cba0bfab7f5d3e1718079",
            "messageTitle": "Complete level-9",
            "messageBody": "",
            "tags": [
              "Level-9"
            ],
            "insertions": 21,
            "deletions": 3
          }
        ]
      },
      {
        "insertions": 55,
        "deletions": 12,
        "date": "2020-01-30",
        "commitResults": [
          {
            "hash": "3060f2fc5baeeea5b9529dd3887d337c38dbceae",
            "messageTitle": "Add \"clear\" command and enhance \"find\" command.",
            "messageBody": "",
            "insertions": 55,
            "deletions": 12
          }
        ]
      }
    ]
  },
  "authorFinalContributionMap": {
    "lm5lm5": 443
  },
  "authorFileTypeContributionMap": {
    "lm5lm5": {
      "java": 443,
      "md": 0,
      "fxml": 0,
      "sh": 0,
      "bat": 0,
      "gradle": 0,
      "txt": 0
    }
  },
  "authorContributionVariance": {
    "lm5lm5": 10405.433
  },
  "authorDisplayNameMap": {
    "lm5lm5": "CS2103-T09- 4 LIAO..MENG"
  }
}
