{
  "authorDailyContributionsMap": {
    "AaronCQL": [
      {
        "insertions": 397,
        "deletions": 70,
        "date": "2020-01-23",
        "commitResults": [
          {
            "hash": "2aaeffa16eee2006384d738722bc5385a2facd74",
            "messageTitle": "Add level 1",
            "messageBody": "",
            "tags": [
              "Level-1"
            ],
            "insertions": 46,
            "deletions": 6
          },
          {
            "hash": "f278abd7ea0aa5a09e9d432674c43ab3058809bd",
            "messageTitle": "Add level 2",
            "messageBody": "",
            "insertions": 36,
            "deletions": 2
          },
          {
            "hash": "1b5e591b74e83507ef8d4016f0d3efa9ec42df07",
            "messageTitle": "Refactor to use description as Task attribute",
            "messageBody": "",
            "tags": [
              "Level-2"
            ],
            "insertions": 9,
            "deletions": 8
          },
          {
            "hash": "00464bd337408f9c88b536855a29747ab26c2df0",
            "messageTitle": "Add level 3",
            "messageBody": "",
            "tags": [
              "A-Enums"
            ],
            "insertions": 44,
            "deletions": 10
          },
          {
            "hash": "8dbdcfa0e7350af75088c244c873751a2f1298e0",
            "messageTitle": "Add missing square brackets around mark as done",
            "messageBody": "",
            "tags": [
              "Level-3"
            ],
            "insertions": 1,
            "deletions": 1
          },
          {
            "hash": "a771d7f681c6c7faa21ac08403bc88a4171a89c2",
            "messageTitle": "Finalise level 4",
            "messageBody": "",
            "tags": [
              "Level-4"
            ],
            "insertions": 117,
            "deletions": 17
          },
          {
            "hash": "8953bdf5ea4103a74cd4891b7e847eb8bfa57ab0",
            "messageTitle": "Add level 5 error handling",
            "messageBody": "",
            "tags": [
              "Level-5"
            ],
            "insertions": 70,
            "deletions": 26
          },
          {
            "hash": "4fbdaa46f8e79d07e5aac26802e4262bed165e08",
            "messageTitle": "Add level 6 delete task function",
            "messageBody": "",
            "tags": [
              "Level-6"
            ],
            "insertions": 18,
            "deletions": 0
          },
          {
            "hash": "8df9504569d738f0fb70bd56bc0600a011db56c4",
            "messageTitle": "Add automated text UI testing",
            "messageBody": "",
            "tags": [
              "A-TextUiTesting"
            ],
            "insertions": 56,
            "deletions": 0
          }
        ]
      },
      {
        "insertions": 275,
        "deletions": 74,
        "date": "2020-01-28",
        "commitResults": [
          {
            "hash": "9fc9cfdd037f2d880efe72ec333d038115b02e18",
            "messageTitle": "Refactor to use common variables as class member",
            "messageBody": "",
            "insertions": 17,
            "deletions": 17
          },
          {
            "hash": "5145f46f6fa2b5e4321767c2023659e3237e0c03",
            "messageTitle": "Create file when no data file detected",
            "messageBody": "",
            "insertions": 58,
            "deletions": 0
          },
          {
            "hash": "47757463257a861ee1eb0141034a8939b8cdd7bb",
            "messageTitle": "Adding a Task now saves data to disk",
            "messageBody": "",
            "insertions": 7,
            "deletions": 2
          },
          {
            "hash": "831e121fd7a0efe0ae68a836f4f149076a3b548a",
            "messageTitle": "Add parsing of disk data",
            "messageBody": "",
            "insertions": 47,
            "deletions": 9
          },
          {
            "hash": "a0b77a96007b79cfb668e1733537601dd8675ffe",
            "messageTitle": "Add saving mark as done to disk",
            "messageBody": "",
            "insertions": 43,
            "deletions": 14
          },
          {
            "hash": "5bee2fac31202af7ad65610c6fd2ea649a135401",
            "messageTitle": "Add deleting tasks from disk",
            "messageBody": "",
            "insertions": 20,
            "deletions": 0
          },
          {
            "hash": "0bf638363aaa800cab1fa8d95bd60200a63f865a",
            "messageTitle": "Add parsing of date and error handling",
            "messageBody": "",
            "insertions": 46,
            "deletions": 12
          },
          {
            "hash": "5da64d6a002c19d135e0efe9595a41f4eb681e65",
            "messageTitle": "Abstract UI code to a UI class",
            "messageBody": "",
            "tags": [
              "A-MoreOOP"
            ],
            "insertions": 37,
            "deletions": 20
          }
        ]
      },
      {
        "insertions": 226,
        "deletions": 19,
        "date": "2020-01-29",
        "commitResults": [
          {
            "hash": "62f14b216268b69a417dbd2be68a754b025dc570",
            "messageTitle": "Refine parser to handle more errors",
            "messageBody": "",
            "insertions": 1,
            "deletions": 1
          },
          {
            "hash": "ad8c01795ee14e37686e22d6f69a3bb7fe233dca",
            "messageTitle": "Add getters for formattedDate string",
            "messageBody": "",
            "insertions": 8,
            "deletions": 0
          },
          {
            "hash": "e98259611fb977b3de43263d83fab78749efd6b4",
            "messageTitle": "Add unit tests for Event and Parser classes",
            "messageBody": "",
            "tags": [
              "A-JUnit",
              "A-Gradle"
            ],
            "insertions": 61,
            "deletions": 1
          },
          {
            "hash": "fc56d3f823afeda7da9e4c1e393ea00b11977272",
            "messageTitle": "Change storage file location",
            "messageBody": "",
            "insertions": 1,
            "deletions": 1
          },
          {
            "hash": "3bfa40b913f528f04e2b1c879fa803661a44e687",
            "messageTitle": "Add shadowJar config to build.gradle",
            "messageBody": "",
            "tags": [
              "A-Jar"
            ],
            "insertions": 8,
            "deletions": 0
          },
          {
            "hash": "ac74bc5ae63281ea7779dc485d26c6b080893757",
            "messageTitle": "Add javadoc comments",
            "messageBody": "",
            "insertions": 108,
            "deletions": 8
          },
          {
            "hash": "309c77f5f98ff83ac3739d8f507620d6bbdbffd6",
            "messageTitle": "Lint and format all code",
            "messageBody": "",
            "insertions": 10,
            "deletions": 8
          },
          {
            "hash": "ed5a429a16f2ecd5adaf5f5730c32a1fd7d11f05",
            "messageTitle": "Add Level-9 find feature",
            "messageBody": "",
            "insertions": 29,
            "deletions": 0
          }
        ]
      },
      {
        "insertions": 48,
        "deletions": 4,
        "date": "2020-02-01",
        "commitResults": [
          {
            "hash": "294b23273233fd58c3d4bd694bf728c16d3bb24d",
            "messageTitle": "Add checkstyle to gradle",
            "messageBody": "",
            "insertions": 7,
            "deletions": 2
          },
          {
            "hash": "727711130d18cb76a728e73b2a6eff011658cff5",
            "messageTitle": "Init javafx",
            "messageBody": "",
            "insertions": 41,
            "deletions": 2
          }
        ]
      },
      {
        "insertions": 394,
        "deletions": 256,
        "date": "2020-02-02",
        "commitResults": [
          {
            "hash": "f63e4f6bddf90b6cad34d949cbcd01fbd4ba6fb2",
            "messageTitle": "Add javafx tutorial 2 code",
            "messageBody": "",
            "insertions": 46,
            "deletions": 3
          },
          {
            "hash": "b40d3ac877568a5246d647233d8637b653eb98d4",
            "messageTitle": "Add javafx tutorial 3 code",
            "messageBody": "",
            "insertions": 98,
            "deletions": 11
          },
          {
            "hash": "878d433189fa3f2a03466bd8f6f1ed108369e1fe",
            "messageTitle": "Refactor to use fxml",
            "messageBody": "",
            "insertions": 149,
            "deletions": 121
          },
          {
            "hash": "24c2167df0155c3e0fdefde5e6ec9aea9b6f9c04",
            "messageTitle": "Link main Duke logic to gui",
            "messageBody": "",
            "insertions": 91,
            "deletions": 105
          },
          {
            "hash": "536ead92e7c0596f63a3a1729a13aeaf5bed91e0",
            "messageTitle": "Make duke greet and exit as before",
            "messageBody": "",
            "insertions": 10,
            "deletions": 16
          }
        ]
      },
      {
        "insertions": 31,
        "deletions": 4,
        "date": "2020-02-03",
        "commitResults": [
          {
            "hash": "fa23d58968d9a514df7b331d5f31f8dd9df9c09b",
            "messageTitle": "Add exception handling for \u0027done\u0027 and \u0027delete\u0027 commands",
            "messageBody": "",
            "insertions": 10,
            "deletions": 2
          },
          {
            "hash": "75f6b296af60e83f64b259691aa166129dbb54c0",
            "messageTitle": "Add javadoc comments",
            "messageBody": "",
            "insertions": 20,
            "deletions": 0
          },
          {
            "hash": "36e46f1adb73d0eb0dfde0bf650c70082d6ae1d8",
            "messageTitle": "Remove unnecessary reuse of formal parameter",
            "messageBody": "",
            "insertions": 1,
            "deletions": 2
          }
        ]
      },
      {
        "insertions": 144,
        "deletions": 60,
        "date": "2020-02-10",
        "commitResults": [
          {
            "hash": "2d490b1951b5b5d35fed16f6d7db2d504254eea0",
            "messageTitle": "Add assertions to code",
            "messageBody": "",
            "insertions": 4,
            "deletions": 0
          },
          {
            "hash": "c298c773f390c66546fbe9365a74fd794463fbf5",
            "messageTitle": "Refactor parsing method into smaller methods targetting each command",
            "messageBody": "",
            "insertions": 89,
            "deletions": 60
          },
          {
            "hash": "f59fcca70281d4983b3de5754feb3f9535465278",
            "messageTitle": "Add javadoc comments",
            "messageBody": "",
            "insertions": 51,
            "deletions": 0
          }
        ]
      },
      {
        "insertions": 32,
        "deletions": 3,
        "date": "2020-02-11",
        "commitResults": [
          {
            "hash": "ad1d53b84f4c827d413098e70d3c3e4694a96afe",
            "messageTitle": "Prevent user from adding duplicate tasks",
            "messageBody": "",
            "insertions": 32,
            "deletions": 3
          }
        ]
      }
    ]
  },
  "authorFinalContributionMap": {
    "AaronCQL": 982
  },
  "authorFileTypeContributionMap": {
    "AaronCQL": {
      "java": 864,
      "md": 0,
      "fxml": 26,
      "sh": 34,
      "bat": 0,
      "gradle": 36,
      "txt": 22
    }
  },
  "authorContributionVariance": {
    "AaronCQL": 24362.43
  },
  "authorDisplayNameMap": {
    "AaronCQL": "CS2103T-F11- 2 CHOO..ARON"
  }
}
