{
  "authorDailyContributionsMap": {
    "terencemah": [
      {
        "insertions": 624,
        "deletions": 371,
        "date": "2020-01-26",
        "commitResults": [
          {
            "hash": "46156d70e2e760c626275b94c5ede74e7e5f3785",
            "messageTitle": "iP Level-1",
            "messageBody": "",
            "insertions": 20,
            "deletions": 7
          },
          {
            "hash": "248a339f2a0634c209fa92b1ce62e2b669d402cd",
            "messageTitle": "iP Level-2",
            "messageBody": "",
            "insertions": 15,
            "deletions": 2
          },
          {
            "hash": "ad3b5ee30762dc5640a888e450bab0ee4e0c7a78",
            "messageTitle": "iP Level-3",
            "messageBody": "",
            "insertions": 39,
            "deletions": 6
          },
          {
            "hash": "41f145220205f19e621bc03ed6d43a5ae649b7a6",
            "messageTitle": "iP Level-4",
            "messageBody": "",
            "insertions": 72,
            "deletions": 14
          },
          {
            "hash": "8b49441dc15a92cc20520e7466024c790ff03d21",
            "messageTitle": "iP A-TextUiTesting",
            "messageBody": "",
            "insertions": 73,
            "deletions": 0
          },
          {
            "hash": "016b83d6aab41bf9a47f1b27a1be25375dca6d6f",
            "messageTitle": "iP Level-5",
            "messageBody": "",
            "insertions": 56,
            "deletions": 27
          },
          {
            "hash": "76f2c730d7c63da30fe9eaa0939e5f3e68cd20d0",
            "messageTitle": "iP Level-6",
            "messageBody": "",
            "insertions": 17,
            "deletions": 0
          },
          {
            "hash": "498b81bcd28ee7a60e4cfde990da6c89dfeb393f",
            "messageTitle": "iP Level-6",
            "messageBody": "",
            "insertions": 6,
            "deletions": 6
          },
          {
            "hash": "7ab2398dedb69aca35b37cd3b45e58c866d31144",
            "messageTitle": "iP A-TextUiTesting",
            "messageBody": "",
            "insertions": 29,
            "deletions": 12
          },
          {
            "hash": "8315f7f941a0d81f7259e29a5ac1499cbc717828",
            "messageTitle": "iP Level-1",
            "messageBody": "",
            "tags": [
              "Level-1"
            ],
            "insertions": 2,
            "deletions": 245
          },
          {
            "hash": "4ca0c88f70ff93707dc9eaee2887f423e28f62e9",
            "messageTitle": "iP Level-2",
            "messageBody": "",
            "tags": [
              "Level-2"
            ],
            "insertions": 15,
            "deletions": 1
          },
          {
            "hash": "f8fc9ad7189a25315742b1e2a2b282fc8205055e",
            "messageTitle": "iP Level-3",
            "messageBody": "",
            "tags": [
              "Level-3"
            ],
            "insertions": 36,
            "deletions": 5
          },
          {
            "hash": "0736c099ff040110f408fa2b9803426552719865",
            "messageTitle": "iP Level-4",
            "messageBody": "",
            "tags": [
              "Level-4"
            ],
            "insertions": 65,
            "deletions": 13
          },
          {
            "hash": "ca4b906290e8d28ac2860864dcaee071f159f590",
            "messageTitle": "iP A-TextUiTesting",
            "messageBody": "",
            "tags": [
              "A-TextUiTesting"
            ],
            "insertions": 100,
            "deletions": 0
          },
          {
            "hash": "bbf091e4c1eb4ede487e3ce6b5384cc7f4c945c4",
            "messageTitle": "iP Level-5",
            "messageBody": "",
            "tags": [
              "Level-5"
            ],
            "insertions": 56,
            "deletions": 27
          },
          {
            "hash": "a5c35c88296f9a4059bf0969cf4d58bd19043359",
            "messageTitle": "iP Level-6",
            "messageBody": "",
            "tags": [
              "Level-6"
            ],
            "insertions": 23,
            "deletions": 6
          }
        ]
      },
      {
        "insertions": 552,
        "deletions": 216,
        "date": "2020-01-28",
        "commitResults": [
          {
            "hash": "a41ab2855340a7f9c974763aa062b3b4f519951b",
            "messageTitle": "iP Level-7",
            "messageBody": "",
            "insertions": 61,
            "deletions": 31
          },
          {
            "hash": "f65c56b616e7b7e5f5a19da87639f0c598b8c9e3",
            "messageTitle": "iP Level-7",
            "messageBody": "",
            "tags": [
              "Level-7"
            ],
            "insertions": 5,
            "deletions": 5
          },
          {
            "hash": "6271c66ef759dba1e77266e52f8d8c10d1e37381",
            "messageTitle": "iP Level-8",
            "messageBody": "",
            "insertions": 89,
            "deletions": 2
          },
          {
            "hash": "716c3d2937639ef42dc7d2097cf2e04e0c7df23e",
            "messageTitle": "no message",
            "messageBody": "",
            "insertions": 0,
            "deletions": 20
          },
          {
            "hash": "e96cd7dd881fd4700c76a5fd1f57d4b10a2d4866",
            "messageTitle": "iP Level-8",
            "messageBody": "",
            "insertions": 3,
            "deletions": 48
          },
          {
            "hash": "6d10c06757c42aef6f1f8ab234ec78652ae9f30b",
            "messageTitle": "iP Level-8",
            "messageBody": "",
            "insertions": 0,
            "deletions": 1
          },
          {
            "hash": "9ca8112c04d7cae6175644e3e69b2e156fe2e294",
            "messageTitle": "iP A-MoreOOP",
            "messageBody": "",
            "tags": [
              "A-MoreOOP"
            ],
            "insertions": 204,
            "deletions": 104
          },
          {
            "hash": "77a9ea59ece67af238effc0a0a26108f7e3df64d",
            "messageTitle": "iP A-JUnit",
            "messageBody": "",
            "insertions": 28,
            "deletions": 0
          },
          {
            "hash": "08d254dfc38e1a3d312b395539bdf732d707e2d5",
            "messageTitle": "iP A-JUnit",
            "messageBody": "",
            "tags": [
              "A-Jar",
              "A-JUnit",
              "A-CodingStandard"
            ],
            "insertions": 6,
            "deletions": 4
          },
          {
            "hash": "2cd70c814dc1af09837f2b4343215d082d14811a",
            "messageTitle": "iP A-JavaDoc",
            "messageBody": "",
            "tags": [
              "A-JavaDoc"
            ],
            "insertions": 138,
            "deletions": 0
          },
          {
            "hash": "98b66c829df2c890e7ec39906250a1705c8be213",
            "messageTitle": "iP Level-9",
            "messageBody": "",
            "tags": [
              "Level-9"
            ],
            "insertions": 18,
            "deletions": 1
          }
        ]
      },
      {
        "insertions": 2,
        "deletions": 3,
        "date": "2020-02-04",
        "commitResults": [
          {
            "hash": "44ba59454ec2feb006364ac51c132fa7396bf092",
            "messageTitle": "no message",
            "messageBody": "",
            "insertions": 1,
            "deletions": 2
          },
          {
            "hash": "441134a5872542203427f4f7aafa0f6f638387b0",
            "messageTitle": "Change mainClassName",
            "messageBody": "",
            "tags": [
              "A-Gradle"
            ],
            "insertions": 1,
            "deletions": 1
          }
        ]
      }
    ]
  },
  "authorFinalContributionMap": {
    "terencemah": 603
  },
  "authorFileTypeContributionMap": {
    "terencemah": {
      "gradle": 1,
      "txt": 42,
      "MF": 6,
      "java": 520,
      "sh": 34
    }
  },
  "authorContributionVariance": {
    "terencemah": 46318.484
  },
  "authorDisplayNameMap": {
    "terencemah": "CS2103-W14- 4 MAH ..ENCE"
  }
}
