{
  "authorDailyContributionsMap": {
    "YingxuH": [
      {
        "insertions": 60,
        "deletions": 4,
        "date": "2020-01-23",
        "commitResults": [
          {
            "hash": "a9a365abeaf58c8f8434f72c8d410c080da621ae",
            "messageTitle": "add greeting, echo and exit",
            "messageBody": "",
            "insertions": 36,
            "deletions": 1
          },
          {
            "hash": "edc354455069e7718d141058607df06f2a10a42a",
            "messageTitle": "create list",
            "messageBody": "",
            "insertions": 20,
            "deletions": 2
          },
          {
            "hash": "577629b1093349ebea78e3ea47b48e6de0371dc7",
            "messageTitle": "ignore null in list",
            "messageBody": "",
            "insertions": 3,
            "deletions": 0
          },
          {
            "hash": "cae47587312df33948567d8749b1d5f69e573412",
            "messageTitle": "achieve viewing list function",
            "messageBody": "",
            "insertions": 1,
            "deletions": 1
          }
        ]
      },
      {
        "insertions": 270,
        "deletions": 59,
        "date": "2020-01-26",
        "commitResults": [
          {
            "hash": "7ecd9714ac0cb7c4e39286f53a42c82863dea7d6",
            "messageTitle": "achieve the mark as done function",
            "messageBody": "",
            "insertions": 50,
            "deletions": 3
          },
          {
            "hash": "3a16e3cab545ade4d8b9c0b6870dd623aab1d0f4",
            "messageTitle": "add three types of task classes",
            "messageBody": "",
            "insertions": 92,
            "deletions": 9
          },
          {
            "hash": "840172ea501b92580c15fd6aa8ccc2748da3e1d3",
            "messageTitle": "edit the additional words",
            "messageBody": "",
            "insertions": 56,
            "deletions": 35
          },
          {
            "hash": "6516c194a328d01a42cb079e78819a0240d8eabe",
            "messageTitle": "handling error by if-else",
            "messageBody": "",
            "insertions": 15,
            "deletions": 6
          },
          {
            "hash": "ca7cf254e0d2bd6de1f89d371eee2e82860f490b",
            "messageTitle": "add delete function",
            "messageBody": "",
            "insertions": 21,
            "deletions": 4
          },
          {
            "hash": "c47bb7fe72df4071ffc5e113ca74b6075b561de5",
            "messageTitle": "add text ui test",
            "messageBody": "",
            "insertions": 36,
            "deletions": 2
          }
        ]
      },
      {
        "insertions": 16,
        "deletions": 23,
        "date": "2020-01-30",
        "commitResults": [
          {
            "hash": "c4d55db00e17d1c1e0d09e22c107ff05eb1ee302",
            "messageTitle": "replace array with arraylist",
            "messageBody": "",
            "insertions": 16,
            "deletions": 23
          }
        ]
      },
      {
        "insertions": 145,
        "deletions": 87,
        "date": "2020-01-31",
        "commitResults": [
          {
            "hash": "1baefcf42227c3f4e2710e914f29a5eb68de9c8e",
            "messageTitle": "refactor duke.js by defining functions",
            "messageBody": "",
            "insertions": 145,
            "deletions": 87
          }
        ]
      },
      {
        "insertions": 627,
        "deletions": 242,
        "date": "2020-02-03",
        "commitResults": [
          {
            "hash": "853629ddd170a49b4634be2051ffb3b32fdddfd2",
            "messageTitle": "init exception object",
            "messageBody": "",
            "insertions": 37,
            "deletions": 17
          },
          {
            "hash": "cf43201adf09a55f7ea8ef931d20479167717c3d",
            "messageTitle": "complete text ui test",
            "messageBody": "",
            "insertions": 134,
            "deletions": 4
          },
          {
            "hash": "04f0a6f8172d8715ddfb7ab295ca6bc700931b81",
            "messageTitle": "move tasks to diff direct",
            "messageBody": "",
            "insertions": 7,
            "deletions": 7
          },
          {
            "hash": "c1454dbf66f658869a072606f948d82ea05e1b20",
            "messageTitle": "OOP tasklist",
            "messageBody": "",
            "insertions": 82,
            "deletions": 42
          },
          {
            "hash": "22fcd22e0203665e1aa3f6e1ba8a12eeb90b71e4",
            "messageTitle": "seperate task into model folder",
            "messageBody": "",
            "insertions": 55,
            "deletions": 17
          },
          {
            "hash": "4e24965f3399e510e37513f1420fb0e7dd5fa3a0",
            "messageTitle": "add logic module",
            "messageBody": "",
            "insertions": 218,
            "deletions": 0
          },
          {
            "hash": "9f41718cbc70ed998fe227ab70ed018965b798d5",
            "messageTitle": "add new exceptions",
            "messageBody": "",
            "insertions": 14,
            "deletions": 0
          },
          {
            "hash": "3d101b8070ce5c7892760dd4e5f65cc09b7334d4",
            "messageTitle": "add ui component",
            "messageBody": "",
            "insertions": 53,
            "deletions": 0
          },
          {
            "hash": "ef1f2fac0bf55827a942d3874df107c8d18174a9",
            "messageTitle": "achieve more oop",
            "messageBody": "",
            "insertions": 27,
            "deletions": 155
          }
        ]
      }
    ]
  },
  "authorFinalContributionMap": {
    "YingxuH": 707
  },
  "authorFileTypeContributionMap": {
    "YingxuH": {
      "java": 59,
      "java": 53,
      "java": 7,
      "java": 7,
      "java": 7,
      "java": 34,
      "java": 29,
      "java": 51,
      "java": 63,
      "java": 21,
      "java": 21,
      "java": 18,
      "java": 18,
      "java": 19,
      "java": 15,
      "java": 115,
      "java": 12,
      "TXT": 63,
      "txt": 63,
      "txt": 11,
      "bat": 21
    }
  },
  "authorContributionVariance": {
    "YingxuH": 27323.67
  },
  "authorDisplayNameMap": {
    "YingxuH": "CS2103-T09- 2 HE Y..NGXU"
  }
}
