{
  "authorDailyContributionsMap": {
    "joel-lim": [
      {
        "insertions": 107,
        "deletions": 28,
        "date": "2020-01-17",
        "commitResults": [
          {
            "hash": "4ab41cac55a1b350e93acf73020f9a4b6681c57e",
            "messageTitle": "[Refact] - Create new method for greeting",
            "messageBody": "",
            "insertions": 12,
            "deletions": 1
          },
          {
            "hash": "ce0ef311391c46800c9cc64a8aaef96c05d2a98e",
            "messageTitle": "[Feat] - Add feature to echo user\u0027s commands",
            "messageBody": "",
            "insertions": 20,
            "deletions": 4
          },
          {
            "hash": "4e7ec050e50dad337397a2a920fe2758d2bec298",
            "messageTitle": "[Style] - Change indentation and line break style",
            "messageBody": "",
            "tags": [
              "Level-1"
            ],
            "insertions": 17,
            "deletions": 10
          },
          {
            "hash": "e4cfe14172a429ac20f98a7d882513e60e094428",
            "messageTitle": "[Feat] - Add ability to store texts entered by user and display when requested",
            "messageBody": "",
            "tags": [
              "Level-2"
            ],
            "insertions": 23,
            "deletions": 6
          },
          {
            "hash": "ef8f44b080b4fd9f3b7989d06883fb39dd9746d8",
            "messageTitle": "[Refact] - Use objects to represent tasks",
            "messageBody": "",
            "insertions": 28,
            "deletions": 6
          },
          {
            "hash": "11e7974259f3bd9cdaf88eb928832ab4695204e5",
            "messageTitle": "[Feat] - Add ability to mark tasks as done",
            "messageBody": "",
            "tags": [
              "Level-3"
            ],
            "insertions": 7,
            "deletions": 1
          }
        ]
      },
      {
        "insertions": 578,
        "deletions": 218,
        "date": "2020-01-18",
        "commitResults": [
          {
            "hash": "b3692455c37e3658359eb2a546dbbc2c5e69e858",
            "messageTitle": "[Refact] - Use abstract class instead of interface for Task",
            "messageBody": "",
            "insertions": 22,
            "deletions": 14
          },
          {
            "hash": "a3e2e1f7e43945bb5e016583a4b7212ce4871614",
            "messageTitle": "[Refact] - Use CommandHandler and Command objects to manage commands",
            "messageBody": "",
            "insertions": 128,
            "deletions": 33
          },
          {
            "hash": "64567327cb48f3febe4b766c1a908669dac7a9e7",
            "messageTitle": "[Feat] - Allow creation of Deadline Tasks",
            "messageBody": "",
            "insertions": 18,
            "deletions": 9
          },
          {
            "hash": "fb8a0f45bec5bb8d9842c52484103ae516b4a13b",
            "messageTitle": "[Feat] - Allow creation of Event Tasks",
            "messageBody": "",
            "insertions": 27,
            "deletions": 1
          },
          {
            "hash": "35d5218dcf3e723dc7b4af7a1d8d5111f1f196dd",
            "messageTitle": "[Refact] - Create a TaskCreation interface to abstract out reply format",
            "messageBody": "",
            "tags": [
              "Level-4"
            ],
            "insertions": 18,
            "deletions": 9
          },
          {
            "hash": "d4c1c1aeed44849c7cefc22cfd76642a3b3487d2",
            "messageTitle": "[Refact] - Organise classes in packages",
            "messageBody": "",
            "insertions": 222,
            "deletions": 110
          },
          {
            "hash": "fcacc9586c909d1b0c720897ea90be08a3c522bc",
            "messageTitle": "[Feat] - Add automated text ui testing",
            "messageBody": "",
            "tags": [
              "A-TextUiTesting"
            ],
            "insertions": 8,
            "deletions": 8
          },
          {
            "hash": "4225f2082aa568d2d010e8bc028703f8ea43d8b5",
            "messageTitle": "[Feat] - Add exception handling",
            "messageBody": "",
            "insertions": 79,
            "deletions": 31
          },
          {
            "hash": "d543ba97d767e7cba9224d13ec918d167e68dbeb",
            "messageTitle": "[Test] - Update text-ui-test",
            "messageBody": "",
            "tags": [
              "Level-5"
            ],
            "insertions": 16,
            "deletions": 1
          },
          {
            "hash": "75350789f15a177ae4cf2cbee43511b4acc3b28a",
            "messageTitle": "[Feat] - Allow deletion of tasks",
            "messageBody": "",
            "insertions": 23,
            "deletions": 0
          },
          {
            "hash": "bad640a92346497a114150d02c3e8a9c04ed7d00",
            "messageTitle": "[Fix] - Give correct output for task deletion",
            "messageBody": "",
            "insertions": 4,
            "deletions": 2
          },
          {
            "hash": "ea9046d5a52dd7791a81d727e1889147ee1e9027",
            "messageTitle": "[Test] - Update text-ui-test for delete operations",
            "messageBody": "",
            "tags": [
              "Level-6"
            ],
            "insertions": 13,
            "deletions": 0
          }
        ]
      },
      {
        "insertions": 209,
        "deletions": 60,
        "date": "2020-01-24",
        "commitResults": [
          {
            "hash": "838973bab7ce921edfd6209f5f9afb2e0bdbd749",
            "messageTitle": "[Feat] - Add method to save tasks",
            "messageBody": "",
            "insertions": 38,
            "deletions": 3
          },
          {
            "hash": "8806cfe0ab1fb62d598f245c2b1e7f3adc605fec",
            "messageTitle": "[Feat] - Add method to load data from save file",
            "messageBody": "",
            "insertions": 63,
            "deletions": 11
          },
          {
            "hash": "a018b0750636310082b032f2b7b8a05212a42128",
            "messageTitle": "[Refact] - Change Task datetime from string to localdatetime",
            "messageBody": "",
            "insertions": 65,
            "deletions": 8
          },
          {
            "hash": "2a25fb6b120f0f7ba95976488d822ad6a47acf2a",
            "messageTitle": "[Refact] - Change Event datetime from string to LocalDateTimes",
            "messageBody": "",
            "insertions": 19,
            "deletions": 34
          },
          {
            "hash": "3e3ca5ed312e7eb6f830c838f181c833df5177b4",
            "messageTitle": "[Refact] - Change printed datetimes for events and deadlines",
            "messageBody": "",
            "insertions": 24,
            "deletions": 4
          }
        ]
      },
      {
        "insertions": 283,
        "deletions": 187,
        "date": "2020-01-25",
        "commitResults": [
          {
            "hash": "c311d778967cde31eb30455f19bf86b831816409",
            "messageTitle": "[Fix] - Resolve problems during merging of Level-7 and Level-8 and fix save file loading",
            "messageBody": "",
            "tags": [
              "Level-8"
            ],
            "insertions": 14,
            "deletions": 12
          },
          {
            "hash": "2d992db01bc18241a5786e6b938843a549ce738c",
            "messageTitle": "[Refact] - Abstract Ui to improve OOP",
            "messageBody": "",
            "insertions": 85,
            "deletions": 73
          },
          {
            "hash": "0229aa23d66211e4854c67ee5891025ba3f683ff",
            "messageTitle": "[Refact] - Abstract out Storage for better OOP",
            "messageBody": "",
            "insertions": 112,
            "deletions": 62
          },
          {
            "hash": "4d44661828785c2dfbdf677817d4bd03bc666eca",
            "messageTitle": "[Refact] - Improve performance of TextUi",
            "messageBody": "",
            "insertions": 2,
            "deletions": 2
          },
          {
            "hash": "7fb05c282acf82466f96e0a23ce1d513ca6efd39",
            "messageTitle": "[Refact] - Abstract TaskList for better OOP",
            "messageBody": "",
            "insertions": 68,
            "deletions": 37
          },
          {
            "hash": "14e8d6351929be3ee8b564d244ce8e4ed22b60ab",
            "messageTitle": "[Refact] - Clean up CommandHandler / parser code",
            "messageBody": "",
            "tags": [
              "A-Packages",
              "A-MoreOOP"
            ],
            "insertions": 2,
            "deletions": 1
          }
        ]
      },
      {
        "insertions": 347,
        "deletions": 26,
        "date": "2020-01-26",
        "commitResults": [
          {
            "hash": "0f03eea65dc41ebd784deee438b768c9c8c437ef",
            "messageTitle": "[Test] - Add tests for Task, Todo and DateTimeParser",
            "messageBody": "",
            "tags": [
              "A-JUnit"
            ],
            "insertions": 71,
            "deletions": 0
          },
          {
            "hash": "a510d9cd69b43af4a197a64f869b0244cb504158",
            "messageTitle": "[Extension] - Add Gradle",
            "messageBody": "",
            "tags": [
              "A-Jar",
              "A-Gradle"
            ],
            "insertions": 23,
            "deletions": 3
          },
          {
            "hash": "b90b57c013d987c15743f2dacfb64208dee0942c",
            "messageTitle": "[Doc] - Add JavaDoc comments",
            "messageBody": "",
            "insertions": 162,
            "deletions": 10
          },
          {
            "hash": "5b0fd414ef8bc34f53c268a2ac3c960ed45e374c",
            "messageTitle": "[Style] - Follow coding standard (Logical units should be separated by one blank line)",
            "messageBody": "",
            "insertions": 50,
            "deletions": 13
          },
          {
            "hash": "64168d0c2c5eaeabc04b761e38be79aa460b3246",
            "messageTitle": "[Feat] - Add functionality to find Tasks matching a keyword",
            "messageBody": "",
            "insertions": 41,
            "deletions": 0
          }
        ]
      },
      {
        "insertions": 0,
        "deletions": 6,
        "date": "2020-01-29",
        "commitResults": [
          {
            "hash": "6341ea9f570e8c5d19bce001bc2e2ff20fde612c",
            "messageTitle": "[Fix] - Fix merge conflict",
            "messageBody": "",
            "insertions": 0,
            "deletions": 6
          }
        ]
      },
      {
        "insertions": 608,
        "deletions": 289,
        "date": "2020-01-31",
        "commitResults": [
          {
            "hash": "6953bc147905ec99cbfbd8b77706878e15b7ab10",
            "messageTitle": "[Feat] - Add GUI based on JavaFX Tutorial",
            "messageBody": "",
            "insertions": 360,
            "deletions": 2
          },
          {
            "hash": "a19a6aa1ff43694869b402b861c09103dcaa0362",
            "messageTitle": "[Refact] - Change input handling to be done through Ui interface instead of Main",
            "messageBody": "",
            "insertions": 133,
            "deletions": 103
          },
          {
            "hash": "be573667f3b6869fdcd70cf8bb5802ce4e304a96",
            "messageTitle": "[Feat] - Get Duke to work with Gui",
            "messageBody": "",
            "insertions": 58,
            "deletions": 164
          },
          {
            "hash": "8ab4a0246ad7f6cf4127fd0e86e390b0168737eb",
            "messageTitle": "[Style] - Improve padding on GUI",
            "messageBody": "",
            "insertions": 6,
            "deletions": 3
          },
          {
            "hash": "98c1825bbfb4a1371308b3b4fa05287e773abfe9",
            "messageTitle": "[Fix] - Fix bug in FindTasks command",
            "messageBody": "",
            "insertions": 1,
            "deletions": 1
          },
          {
            "hash": "73c55e90a8ffd9096d49e66ba9f5301c2b6dda7b",
            "messageTitle": "[Doc] - Add javadoc for Gui-related files and clean up some methods",
            "messageBody": "",
            "insertions": 29,
            "deletions": 16
          },
          {
            "hash": "b7fa012e13bf3235fd02551c44e04abcbcbfa18c",
            "messageTitle": "[Feat] - Add shutdown method to Ui to perform cleanup operations and close Gui",
            "messageBody": "",
            "insertions": 21,
            "deletions": 0
          }
        ]
      },
      {
        "insertions": 17,
        "deletions": 4,
        "date": "2020-02-01",
        "commitResults": [
          {
            "hash": "e3532ad60efb0ba2049ea31bb753318ab25d9d71",
            "messageTitle": "[Fix] - Allow duke to exit gracefully and save when close button is pressed",
            "messageBody": "",
            "insertions": 15,
            "deletions": 3
          },
          {
            "hash": "73d2262f37afe9fe0fceb3aaa8854d548620e312",
            "messageTitle": "[Fix] - Prevent changing window size",
            "messageBody": "",
            "insertions": 2,
            "deletions": 1
          }
        ]
      },
      {
        "insertions": 7,
        "deletions": 9,
        "date": "2020-02-05",
        "commitResults": [
          {
            "hash": "9bab5dfd77d0da8970b316aceae9d3e1d4765558",
            "messageTitle": "[Fix] - Clean up minor errors in code review",
            "messageBody": "",
            "insertions": 2,
            "deletions": 8
          },
          {
            "hash": "ca08cf51cca761e7bc30370e235a9e05dc235b01",
            "messageTitle": "[Fix] - Prevent truncation of list",
            "messageBody": "",
            "insertions": 5,
            "deletions": 1
          }
        ]
      },
      {
        "insertions": 248,
        "deletions": 119,
        "date": "2020-02-08",
        "commitResults": [
          {
            "hash": "9f59819d334be2777ccd41e8f83445d0e4d63424",
            "messageTitle": "[Fix] - Make Duke save task list to disk after every command and make directories if file path is non-existent",
            "messageBody": "",
            "insertions": 21,
            "deletions": 6
          },
          {
            "hash": "ca9f705232eae61976fb468b35c86c6338c5f29f",
            "messageTitle": "[Refact] - Make Duke save only when task list is actually modified.",
            "messageBody": "",
            "insertions": 73,
            "deletions": 20
          },
          {
            "hash": "3825be4520ad9a02c2d0b0ac2dd3e8fcb316e702",
            "messageTitle": "[Refact] - Get rid of TaskCreation interface",
            "messageBody": "",
            "insertions": 10,
            "deletions": 23
          },
          {
            "hash": "532635bc3044cd3ddb6d8eb3f5e67a602a2cc8d9",
            "messageTitle": "[Refact] - Use one instantiated DateTimeParser for all commands instead of generating a new one for each command",
            "messageBody": "",
            "insertions": 48,
            "deletions": 8
          },
          {
            "hash": "eb2dca069c7ac65da382401ba0ef4cf12aad5611",
            "messageTitle": "[Doc] - Improve consistency and appearance of Javadocs",
            "messageBody": "",
            "insertions": 35,
            "deletions": 33
          },
          {
            "hash": "89658e1569d1da237fffc5c13f791adbccaf56f8",
            "messageTitle": "[Style] - Improve code layout and spacing into logical blocks",
            "messageBody": "",
            "insertions": 18,
            "deletions": 1
          },
          {
            "hash": "45750e71dcf56b795740ba9e20f5f67df49647b1",
            "messageTitle": "[Refact] - Break up long CommandHandler method and increase readability",
            "messageBody": "",
            "insertions": 31,
            "deletions": 22
          },
          {
            "hash": "6c94e9021156e79107402f4470375a70c09e1c5f",
            "messageTitle": "[Doc] - Update Command javadoc to better reflect function of execute method",
            "messageBody": "",
            "insertions": 1,
            "deletions": 1
          },
          {
            "hash": "f8b161ff503a66184aa7153219fe5ca3e2f71a61",
            "messageTitle": "[Chore] - Add assertions to ensure proper program flow",
            "messageBody": "",
            "insertions": 11,
            "deletions": 5
          }
        ]
      },
      {
        "insertions": 93,
        "deletions": 0,
        "date": "2020-02-09",
        "commitResults": [
          {
            "hash": "39356fe31f31b62f60ea453d3a627813be4fcf1a",
            "messageTitle": "[Feat] - Add command for rescheduling tasks",
            "messageBody": "",
            "insertions": 93,
            "deletions": 0
          }
        ]
      }
    ]
  },
  "authorFinalContributionMap": {
    "joel-lim": 1569
  },
  "authorFileTypeContributionMap": {
    "joel-lim": {
      "java": 1376,
      "md": 0,
      "fxml": 39,
      "sh": 0,
      "bat": 21,
      "gradle": 44,
      "txt": 89
    }
  },
  "authorContributionVariance": {
    "joel-lim": 57483.746
  },
  "authorDisplayNameMap": {
    "joel-lim": "CS2103T-W12- 3 LIM ..JOEL"
  }
}
