{
  "authorDailyContributionsMap": {
    "bscrow": [
      {
        "insertions": 81,
        "deletions": 25,
        "date": "2020-01-21",
        "commitResults": [
          {
            "hash": "acabea42fbe3f38ef40cf90ddae64014a2b6e70e",
            "messageTitle": "Setting up Gradle",
            "messageBody": "",
            "tags": [
              "A-Gradle"
            ],
            "insertions": 20,
            "deletions": 11
          },
          {
            "hash": "c9c953a90a143bc3c248f518c12e00aeb31fda1b",
            "messageTitle": "Level-1",
            "messageBody": "",
            "tags": [
              "Level-1"
            ],
            "insertions": 33,
            "deletions": 12
          },
          {
            "hash": "e71f0cdeff9e4a5084fa9d97b2f0589366ca3ffb",
            "messageTitle": "Added cathulhu exit logo",
            "messageBody": "",
            "insertions": 19,
            "deletions": 1
          },
          {
            "hash": "836da2ceb2ef8826dcf3a4bbad4ffe5213c53ed0",
            "messageTitle": "Level-2",
            "messageBody": "",
            "tags": [
              "Level-2"
            ],
            "insertions": 9,
            "deletions": 1
          }
        ]
      },
      {
        "insertions": 39,
        "deletions": 8,
        "date": "2020-01-25",
        "commitResults": [
          {
            "hash": "ed942c3ab04444a591912657afcd27b6ea707bd3",
            "messageTitle": "Level-3 and A-Classes",
            "messageBody": "",
            "tags": [
              "Level-3"
            ],
            "insertions": 39,
            "deletions": 8
          }
        ]
      },
      {
        "insertions": 429,
        "deletions": 112,
        "date": "2020-01-26",
        "commitResults": [
          {
            "hash": "e8d84071e1db4bb4f4a213e6efbd3d51310f3c34",
            "messageTitle": "Post Level-3: Updated program to comply to coding style requirements",
            "messageBody": "",
            "insertions": 68,
            "deletions": 37
          },
          {
            "hash": "677336988e47a912d15340c26c844f2233e5a7cf",
            "messageTitle": "Level-4",
            "messageBody": "",
            "insertions": 12,
            "deletions": 0
          },
          {
            "hash": "188fadf24e6375da97bc14f3d23a115314e0ac9f",
            "messageTitle": "Level-4",
            "messageBody": "",
            "tags": [
              "Level-4"
            ],
            "insertions": 118,
            "deletions": 20
          },
          {
            "hash": "f9c5f9087a3a1f11ec89ab5cb1767b2a27ac24d2",
            "messageTitle": "A-TextUiTesting",
            "messageBody": "",
            "tags": [
              "A-TextUiTesting"
            ],
            "insertions": 122,
            "deletions": 0
          },
          {
            "hash": "ae032946dc7284ff16855854196af4eb7ef43ef6",
            "messageTitle": "Completed Level-5 and A-Exceptions",
            "messageBody": "",
            "tags": [
              "Level-5"
            ],
            "insertions": 89,
            "deletions": 49
          },
          {
            "hash": "d17fec7eebc4fab71e28939014c7297abb607d4e",
            "messageTitle": "Completed Level-6. Minor edits to Strings printed by CathulhuExceptions",
            "messageBody": "",
            "tags": [
              "Level-6"
            ],
            "insertions": 20,
            "deletions": 6
          }
        ]
      },
      {
        "insertions": 659,
        "deletions": 254,
        "date": "2020-01-28",
        "commitResults": [
          {
            "hash": "1843b4dd21ab563240a08917a002fcd8c2a4ec3a",
            "messageTitle": "Completed Level-7",
            "messageBody": "",
            "tags": [
              "Level-7"
            ],
            "insertions": 117,
            "deletions": 2
          },
          {
            "hash": "04c1e88d03c66d4c7041d5bd0bccefa3c0c2eea0",
            "messageTitle": "Minor edit to save file format",
            "messageBody": "",
            "insertions": 4,
            "deletions": 2
          },
          {
            "hash": "e5efc19b6a4a3f68ecd48f68f220041269960217",
            "messageTitle": "Level-8 complete",
            "messageBody": "",
            "tags": [
              "Level-8"
            ],
            "insertions": 19,
            "deletions": 4
          },
          {
            "hash": "7449a75aa7353d6bbfdedaf9a20ed058fb797bdd",
            "messageTitle": "Deconflicting commits made in Level-7 and Level-8",
            "messageBody": "",
            "insertions": 15,
            "deletions": 8
          },
          {
            "hash": "8f092248064c55b7a993604a9d212bb98ef8b885",
            "messageTitle": "Completed A-MoreOOP",
            "messageBody": "",
            "tags": [
              "A-MoreOOP"
            ],
            "insertions": 318,
            "deletions": 218
          },
          {
            "hash": "22a574c02fd7a27f9828abe54e5a6eefa83c7e6a",
            "messageTitle": "Completed A-Package",
            "messageBody": "",
            "tags": [
              "A-Packages"
            ],
            "insertions": 30,
            "deletions": 2
          },
          {
            "hash": "d1b76c3f9ff20dd0b6338c9140714fe397ee8c4e",
            "messageTitle": "Completed A-JUnit",
            "messageBody": "",
            "tags": [
              "v0.1",
              "A-Jar",
              "A-JUnit",
              "A-CodingStandard"
            ],
            "insertions": 91,
            "deletions": 0
          },
          {
            "hash": "c9ed68026cd9b754308f5662f70b1214245ac926",
            "messageTitle": "Completed Level-9",
            "messageBody": "",
            "tags": [
              "Level-9"
            ],
            "insertions": 43,
            "deletions": 18
          },
          {
            "hash": "64bf552a9b78428270721bb4e4092736359f5d6e",
            "messageTitle": "Completed branch-A-JavaDoc",
            "messageBody": "",
            "tags": [
              "A-JavaDoc"
            ],
            "insertions": 22,
            "deletions": 0
          }
        ]
      },
      {
        "insertions": 4,
        "deletions": 5,
        "date": "2020-01-29",
        "commitResults": [
          {
            "hash": "62db9f4ecd174b936ead743ffdf708d87297b671",
            "messageTitle": "[refact] Corrected several JavaDocs",
            "messageBody": "",
            "insertions": 3,
            "deletions": 3
          },
          {
            "hash": "9153325f1f6ec931b92f6f924689ec522c52719f",
            "messageTitle": "corrected directory creation",
            "messageBody": "",
            "insertions": 1,
            "deletions": 2
          }
        ]
      },
      {
        "insertions": 1,
        "deletions": 1,
        "date": "2020-01-31",
        "commitResults": [
          {
            "hash": "fd38c3de348cf88a869ac89870ca5abc9be9e6df",
            "messageTitle": "Rename Main class and package from Cathulhu/cathulhu to Duke/duke",
            "messageBody": "",
            "insertions": 1,
            "deletions": 1
          }
        ]
      },
      {
        "insertions": 98,
        "deletions": 96,
        "date": "2020-02-02",
        "commitResults": [
          {
            "hash": "069c3aab58c3ff0b172f51b1280d6f5f8bb6dbf9",
            "messageTitle": "Refactor to shift /dukeData/taskData.txt creation to Storage.java",
            "messageBody": "",
            "insertions": 98,
            "deletions": 96
          }
        ]
      },
      {
        "insertions": 184,
        "deletions": 1,
        "date": "2020-02-04",
        "commitResults": [
          {
            "hash": "50c84d8a0bd5249868e6879af7929fe5b4d469b6",
            "messageTitle": "Add basic chatbot gui",
            "messageBody": "",
            "tags": [
              "Level-10"
            ],
            "insertions": 184,
            "deletions": 1
          }
        ]
      },
      {
        "insertions": 141,
        "deletions": 30,
        "date": "2020-02-11",
        "commitResults": [
          {
            "hash": "b07f85bc74917d0002251435649a11d1694a5fba",
            "messageTitle": "Add assertions",
            "messageBody": "",
            "tags": [
              "A-Assertions"
            ],
            "insertions": 11,
            "deletions": 0
          },
          {
            "hash": "d9eeaba0ba80dca00961fcf064e15d5711735d01",
            "messageTitle": "Update CodeQuality",
            "messageBody": "",
            "tags": [
              "A-CodeQuality"
            ],
            "insertions": 49,
            "deletions": 25
          },
          {
            "hash": "bb6937e476f35aff6c9325ded177f580b6afbbd2",
            "messageTitle": "C-Update",
            "messageBody": "",
            "tags": [
              "C-Update"
            ],
            "insertions": 81,
            "deletions": 5
          }
        ]
      },
      {
        "insertions": 57,
        "deletions": 2,
        "date": "2020-02-12",
        "commitResults": [
          {
            "hash": "9c5ae9021ae148e23835b1666387c53dfce998a2",
            "messageTitle": "Add Javadocs to update method",
            "messageBody": "",
            "insertions": 21,
            "deletions": 2
          },
          {
            "hash": "5aa51c79fdffc9147c7429b49446b03b21861ad3",
            "messageTitle": "Refactor GUI",
            "messageBody": "",
            "insertions": 36,
            "deletions": 0
          }
        ]
      },
      {
        "insertions": 764,
        "deletions": 466,
        "date": "2020-02-17",
        "commitResults": [
          {
            "hash": "d34e8ab4224ac50dc49cbdafb76116192dee8abc",
            "messageTitle": "Refactor GUI and update JavaDoc",
            "messageBody": "",
            "insertions": 477,
            "deletions": 263
          },
          {
            "hash": "091af81f093071cb6a7361e2a8d12b6c6b8e0335",
            "messageTitle": "Extract DukeCommands from Parser \u0026 debugged Parser",
            "messageBody": "",
            "tags": [
              "V0.2.0"
            ],
            "insertions": 259,
            "deletions": 173
          },
          {
            "hash": "7ace41d165a5fefb57bda67f9602d9816d32161d",
            "messageTitle": "Setup ShadowJar and Edited JavaDoc",
            "messageBody": "",
            "tags": [
              "A-Release"
            ],
            "insertions": 28,
            "deletions": 30
          }
        ]
      },
      {
        "insertions": 91,
        "deletions": 27,
        "date": "2020-02-18",
        "commitResults": [
          {
            "hash": "ddc6de68ed5a1ba38200188606743c46a21f15a3",
            "messageTitle": "A-UserGuide complete",
            "messageBody": "",
            "tags": [
              "A-UserGuide"
            ],
            "insertions": 72,
            "deletions": 10
          },
          {
            "hash": "7a8fac4226340eb37bd5c12c75a2e836f853cea4",
            "messageTitle": "Debugged update task feature",
            "messageBody": "",
            "insertions": 4,
            "deletions": 4
          },
          {
            "hash": "0732947ef8e310ff8d7f853e326fc6380245a763",
            "messageTitle": "Corrected User Guide",
            "messageBody": "",
            "insertions": 3,
            "deletions": 3
          },
          {
            "hash": "d7baf6b2ff80fea214de1dd0fafc553ebbc1cabd",
            "messageTitle": "Corrected User Guide",
            "messageBody": "",
            "insertions": 7,
            "deletions": 7
          },
          {
            "hash": "1e2c546c67e803e2d8c8198f30994d4312cabd4d",
            "messageTitle": "Corrected User Guide",
            "messageBody": "",
            "insertions": 1,
            "deletions": 1
          },
          {
            "hash": "1605dd89a0515ed3a5b57a585571400f5b8e3d41",
            "messageTitle": "Update build.gradle for os compatibility",
            "messageBody": "",
            "insertions": 4,
            "deletions": 2
          }
        ]
      }
    ]
  },
  "authorFinalContributionMap": {
    "bscrow": 1535
  },
  "authorFileTypeContributionMap": {
    "bscrow": {
      "java": 1242,
      "md": 71,
      "fxml": 49,
      "sh": 0,
      "bat": 21,
      "gradle": 42,
      "txt": 110
    }
  },
  "authorContributionVariance": {
    "bscrow": 65561.22
  },
  "authorDisplayNameMap": {
    "bscrow": "CS2103-W15- 2 YAN ..SHEN"
  }
}
