{
  "authorDailyContributionsMap": {
    "watsheldon": [
      {
        "insertions": 279,
        "deletions": 71,
        "date": "2020-01-26",
        "commitResults": [
          {
            "hash": "70c490371930ba3e58ebc8bd868d9e2ce5e4e472",
            "messageTitle": "level1",
            "messageBody": "",
            "tags": [
              "Level-1"
            ],
            "insertions": 41,
            "deletions": 8
          },
          {
            "hash": "38b820215b5f7ac4ba76a2cfa99478ee0b1b1c7b",
            "messageTitle": "complete level2",
            "messageBody": "",
            "tags": [
              "Level-2"
            ],
            "insertions": 25,
            "deletions": 6
          },
          {
            "hash": "8fa89b59d7311b137ababc31b4ca6d6fe4446bb9",
            "messageTitle": "complete level3",
            "messageBody": "",
            "tags": [
              "Level-3"
            ],
            "insertions": 39,
            "deletions": 6
          },
          {
            "hash": "153f5a0e1b5b498b5ed23f02dd8e6a7cd5745ba7",
            "messageTitle": "complete level 4",
            "messageBody": "",
            "tags": [
              "Level-4"
            ],
            "insertions": 65,
            "deletions": 1
          },
          {
            "hash": "010e91caad42a4aa2b0f69b064d61dc5092cb3e7",
            "messageTitle": "Test using the I/O redirection",
            "messageBody": "",
            "tags": [
              "A-TextUiTesting"
            ],
            "insertions": 48,
            "deletions": 0
          },
          {
            "hash": "f0b509bcb0b534eceef6d957db7456b43cd2e200",
            "messageTitle": "complete level 5",
            "messageBody": "",
            "tags": [
              "Level-5"
            ],
            "insertions": 55,
            "deletions": 49
          },
          {
            "hash": "0f64db24d823efe66e0ad57c241d751ec3d7e01a",
            "messageTitle": "complete level 6",
            "messageBody": "",
            "tags": [
              "Level-6"
            ],
            "insertions": 6,
            "deletions": 1
          }
        ]
      },
      {
        "insertions": 275,
        "deletions": 119,
        "date": "2020-02-04",
        "commitResults": [
          {
            "hash": "0b72a099696c525c5c6708b49f59940d616d6c0d",
            "messageTitle": "add Enums",
            "messageBody": "",
            "tags": [
              "A-Enums"
            ],
            "insertions": 177,
            "deletions": 119
          },
          {
            "hash": "792a675b1dcf7b2d884254b94f459b921792111a",
            "messageTitle": "complete level-7",
            "messageBody": "",
            "insertions": 94,
            "deletions": 0
          },
          {
            "hash": "5f603ca57447ebe68f87a2b927c69817236f21b6",
            "messageTitle": "add data",
            "messageBody": "",
            "insertions": 4,
            "deletions": 0
          }
        ]
      },
      {
        "insertions": 17,
        "deletions": 11,
        "date": "2020-02-05",
        "commitResults": [
          {
            "hash": "4a0dcdc39116297f1b7be502e08bb5194757759c",
            "messageTitle": "complete level 8",
            "messageBody": "",
            "insertions": 12,
            "deletions": 6
          },
          {
            "hash": "6f2bbdc385d827d41d3cbfda10fa8b8dc9ea105b",
            "messageTitle": "change data format",
            "messageBody": "",
            "insertions": 5,
            "deletions": 5
          }
        ]
      },
      {
        "insertions": 529,
        "deletions": 173,
        "date": "2020-02-11",
        "commitResults": [
          {
            "hash": "72c88c5d92c77054cd229450f151604422e0fe11",
            "messageTitle": "restructure the code using more OOP",
            "messageBody": "",
            "tags": [
              "A-MoreOOP"
            ],
            "insertions": 403,
            "deletions": 172
          },
          {
            "hash": "8bcad53c8ae6cbe4d5c9f45449a6ee4c1c4757f1",
            "messageTitle": "create packages",
            "messageBody": "",
            "tags": [
              "A-Packages"
            ],
            "insertions": 82,
            "deletions": 0
          },
          {
            "hash": "877acf11a0674642f56609d9e2931f6645edc720",
            "messageTitle": "use gradle",
            "messageBody": "",
            "tags": [
              "A-Gradle"
            ],
            "insertions": 1,
            "deletions": 0
          },
          {
            "hash": "bc56d02edb9cfda79ebf2c1782fbbf030f6b098c",
            "messageTitle": "add junit tests for Event and Parser",
            "messageBody": "",
            "tags": [
              "A-JUnit"
            ],
            "insertions": 43,
            "deletions": 1
          }
        ]
      },
      {
        "insertions": 349,
        "deletions": 9,
        "date": "2020-02-12",
        "commitResults": [
          {
            "hash": "f5037b58ac245ce9c69ea4202c04b2aef316b8e9",
            "messageTitle": "create jar file",
            "messageBody": "",
            "tags": [
              "v0.1",
              "A-Jar"
            ],
            "insertions": 1,
            "deletions": 0
          },
          {
            "hash": "86d266bd20fc68c61ab75c84eb1f9924750a76a0",
            "messageTitle": "add javadoc",
            "messageBody": "",
            "insertions": 253,
            "deletions": 1
          },
          {
            "hash": "2d824c7d0253bf0a94e357a0a860f765eb7046e2",
            "messageTitle": "fix coding standard",
            "messageBody": "",
            "insertions": 1,
            "deletions": 1
          },
          {
            "hash": "1422d6772b562a061a47622a75eccb5af26dc69e",
            "messageTitle": "complete level 9",
            "messageBody": "",
            "insertions": 62,
            "deletions": 6
          },
          {
            "hash": "ddf14ec6cb3abd9bb8abcb64b6045be54d0d1a4d",
            "messageTitle": "add javafx dependencies",
            "messageBody": "",
            "insertions": 32,
            "deletions": 1
          }
        ]
      },
      {
        "insertions": 29,
        "deletions": 17,
        "date": "2020-02-18",
        "commitResults": [
          {
            "hash": "7cffd1e475a931438e7ff629a1158f66551dcecc",
            "messageTitle": "add checkstyle",
            "messageBody": "",
            "insertions": 29,
            "deletions": 17
          }
        ]
      },
      {
        "insertions": 361,
        "deletions": 67,
        "date": "2020-02-19",
        "commitResults": [
          {
            "hash": "688c3490787e9010377ff6224b0b0d4f2f950ccd",
            "messageTitle": "add gui",
            "messageBody": "",
            "insertions": 287,
            "deletions": 12
          },
          {
            "hash": "766da5a2f15d5763e6b760b8f6cd04614e5e55ac",
            "messageTitle": "update getResponse",
            "messageBody": "",
            "insertions": 47,
            "deletions": 11
          },
          {
            "hash": "01c24a1c66f9411bd6f746630d88cf61af2b47ee",
            "messageTitle": "update getResponse v2",
            "messageBody": "",
            "insertions": 3,
            "deletions": 0
          },
          {
            "hash": "543b1d981d941c975c8f3bdf476183c1476bcc51",
            "messageTitle": "update getResponse v3",
            "messageBody": "",
            "insertions": 18,
            "deletions": 44
          },
          {
            "hash": "fc8e7ace8f19406c2840433cb4771c958de28844",
            "messageTitle": "closes gui window when bye",
            "messageBody": "",
            "tags": [
              "A-JavaFx"
            ],
            "insertions": 6,
            "deletions": 0
          }
        ]
      }
    ]
  },
  "authorFinalContributionMap": {
    "watsheldon": 1290
  },
  "authorFileTypeContributionMap": {
    "watsheldon": {
      "java": 1128,
      "md": 0,
      "fxml": 35,
      "sh": 34,
      "bat": 21,
      "gradle": 40,
      "txt": 32
    }
  },
  "authorContributionVariance": {
    "watsheldon": 24864.477
  },
  "authorDisplayNameMap": {
    "watsheldon": "CS2103T-W16- 4 CHEN..GWEI"
  }
}
