{
  "authorDailyContributionsMap": {
    "raniceyue": [
      {
        "insertions": 398,
        "deletions": 80,
        "date": "2020-01-24",
        "commitResults": [
          {
            "hash": "94ddb51bb7b6e25149ff799eb38bb276e5bf8492",
            "messageTitle": "Add Greet, Echo, Exit",
            "messageBody": "",
            "tags": [
              "Level-1"
            ],
            "insertions": 18,
            "deletions": 2
          },
          {
            "hash": "c6e13810580822cdd7037ee9827bcf8e848cff5a",
            "messageTitle": "Add Add, List",
            "messageBody": "",
            "tags": [
              "Level-2"
            ],
            "insertions": 15,
            "deletions": 1
          },
          {
            "hash": "fdf81ad87640097f390197173831dec2a79352e9",
            "messageTitle": "Add Mark as Done",
            "messageBody": "",
            "tags": [
              "Level-3"
            ],
            "insertions": 39,
            "deletions": 4
          },
          {
            "hash": "bbe120941f41737510c2157fa173c33d17b5eccb",
            "messageTitle": "Add ToDo, Event, Deadline",
            "messageBody": "",
            "tags": [
              "Level-4"
            ],
            "insertions": 72,
            "deletions": 5
          },
          {
            "hash": "b097f6533f7b3e2fb7d1ef3ef1a4acc0e76bc5bb",
            "messageTitle": "Add Automated Text UI Testing",
            "messageBody": "",
            "tags": [
              "A-TextUiTesting"
            ],
            "insertions": 122,
            "deletions": 10
          },
          {
            "hash": "dc735e979f541d7427ebc1623fea35e373437d26",
            "messageTitle": "Add Handle Errors",
            "messageBody": "",
            "tags": [
              "Level-5"
            ],
            "insertions": 64,
            "deletions": 23
          },
          {
            "hash": "dda3e601960560611849b89f6f64d8e50c61b7b6",
            "messageTitle": "Add Delete",
            "messageBody": "",
            "tags": [
              "Level-6"
            ],
            "insertions": 68,
            "deletions": 35
          }
        ]
      },
      {
        "insertions": 312,
        "deletions": 148,
        "date": "2020-01-29",
        "commitResults": [
          {
            "hash": "ff7b0fd6af95ad3142bdfadc213a1c4f08ba5b21",
            "messageTitle": "Add data files",
            "messageBody": "",
            "insertions": 7,
            "deletions": 0
          },
          {
            "hash": "338ddf3e791dc92f54bbf2f832ebf49ea17c395e",
            "messageTitle": "Add Level-7",
            "messageBody": "",
            "tags": [
              "Level-7"
            ],
            "insertions": 180,
            "deletions": 71
          },
          {
            "hash": "122c5f7b88e689085177aa97cb492778ad42115c",
            "messageTitle": "Add Dates and Times",
            "messageBody": "",
            "tags": [
              "Level-8"
            ],
            "insertions": 125,
            "deletions": 77
          }
        ]
      },
      {
        "insertions": 466,
        "deletions": 194,
        "date": "2020-01-30",
        "commitResults": [
          {
            "hash": "1605bb3a5fa622e84c4e46d7edab822bc234fd67",
            "messageTitle": "Fixed bugs resulting from Level-7 and Level-8 merge",
            "messageBody": "",
            "insertions": 24,
            "deletions": 10
          },
          {
            "hash": "d72b017890d219daf94fbfd5fb8b04bd0a6d7786",
            "messageTitle": "Add Use More OOP",
            "messageBody": "",
            "tags": [
              "A-MoreOOP"
            ],
            "insertions": 442,
            "deletions": 184
          }
        ]
      },
      {
        "insertions": 235,
        "deletions": 112,
        "date": "2020-01-31",
        "commitResults": [
          {
            "hash": "ac7bd372691ffe6262126791fe2bc33f65eb8432",
            "messageTitle": "Add gradle support, fixed bugs from adding gradle support",
            "messageBody": "",
            "tags": [
              "A-Gradle"
            ],
            "insertions": 5,
            "deletions": 6
          },
          {
            "hash": "d6379b6bb32be29ed6fa917259ac3acf067e62e9",
            "messageTitle": "Organised files into packages",
            "messageBody": "",
            "tags": [
              "A-Packages"
            ],
            "insertions": 104,
            "deletions": 7
          },
          {
            "hash": "efed2174c82f1b4962a650a3e297c8fda5dd1a64",
            "messageTitle": "Add additional exceptions, fixed bugs for edge cases",
            "messageBody": "",
            "insertions": 99,
            "deletions": 94
          },
          {
            "hash": "8ec6337f002a11479092c6f6034732391f98db91",
            "messageTitle": "Bug fixes",
            "messageBody": "",
            "insertions": 27,
            "deletions": 3
          },
          {
            "hash": "90f6513bda03e434894c746a6bac8b79599f3284",
            "messageTitle": "Add changes to .gitignore",
            "messageBody": "",
            "insertions": 0,
            "deletions": 2
          }
        ]
      },
      {
        "insertions": 645,
        "deletions": 37,
        "date": "2020-02-02",
        "commitResults": [
          {
            "hash": "e52f00ae44627568f6ac10e21455a9747ea2521e",
            "messageTitle": "Add JUnit Test Cases",
            "messageBody": "",
            "tags": [
              "A-JUnit"
            ],
            "insertions": 308,
            "deletions": 14
          },
          {
            "hash": "09c2e3a346e3d326b2d7e4d11aef7535dabed9b5",
            "messageTitle": "Modify .gitignore",
            "messageBody": "",
            "insertions": 11,
            "deletions": 0
          },
          {
            "hash": "a07db50059e74ea09c14aa25512135e7df93d192",
            "messageTitle": "Update build.gradle",
            "messageBody": "",
            "insertions": 8,
            "deletions": 0
          },
          {
            "hash": "19e36148fecda0735d854d01272eb258907eb406",
            "messageTitle": "Update build.gradle",
            "messageBody": "",
            "insertions": 0,
            "deletions": 4
          },
          {
            "hash": "fbf228ee9c09a03e01e084bffec09d3e5bc27589",
            "messageTitle": "Update build.gradle, Add data file",
            "messageBody": "",
            "tags": [
              "A-Jar"
            ],
            "insertions": 1,
            "deletions": 7
          },
          {
            "hash": "404c73e2faec2ea57a349c863ffabf75a9b3a40a",
            "messageTitle": "Add JavaDoc comments to some classes",
            "messageBody": "",
            "tags": [
              "A-JavaDoc"
            ],
            "insertions": 317,
            "deletions": 12
          }
        ]
      },
      {
        "insertions": 553,
        "deletions": 319,
        "date": "2020-02-03",
        "commitResults": [
          {
            "hash": "07a941ed7d823be760f97db5eafb57a79c4a71e0",
            "messageTitle": "Modify code to suit coding standards",
            "messageBody": "",
            "insertions": 34,
            "deletions": 27
          },
          {
            "hash": "070045be509716f3c3bb8fc01a2595457d28e0a1",
            "messageTitle": "Modify code to suit coding standards",
            "messageBody": "",
            "tags": [
              "A-CodingStandard"
            ],
            "insertions": 171,
            "deletions": 168
          },
          {
            "hash": "49c5352391599a801abc72e11c44dd88b7155d32",
            "messageTitle": "Add checkstyle plugin to gradle",
            "messageBody": "",
            "tags": [
              "A-CheckStyle"
            ],
            "insertions": 5,
            "deletions": 0
          },
          {
            "hash": "84c66cc353cd4ce0382c59b7dd4c953131555524",
            "messageTitle": "Add Find command",
            "messageBody": "",
            "insertions": 8,
            "deletions": 0
          },
          {
            "hash": "c484072b572db502705debec26c0fe06fc03d45c",
            "messageTitle": "Add Find command",
            "messageBody": "",
            "tags": [
              "Level-9"
            ],
            "insertions": 59,
            "deletions": 3
          },
          {
            "hash": "d9f292e62f66f671337e12b5d9f5f4fd463186d7",
            "messageTitle": "Fix bugs arising from merge conflict",
            "messageBody": "",
            "insertions": 11,
            "deletions": 11
          },
          {
            "hash": "4b9334095f39c6d987125b7d670d48aa936a0b54",
            "messageTitle": "Add javaFxTutorial1 dependencies, classes and methods",
            "messageBody": "",
            "insertions": 265,
            "deletions": 110
          }
        ]
      },
      {
        "insertions": 270,
        "deletions": 113,
        "date": "2020-02-05",
        "commitResults": [
          {
            "hash": "ac7c5a9ddc8f701521939bbb121e7ccb79cd895f",
            "messageTitle": "Add javaFxTutorial2 code",
            "messageBody": "",
            "insertions": 46,
            "deletions": 1
          },
          {
            "hash": "0873d28b74cbe186e62327aae55c33479975448a",
            "messageTitle": "Add javaFxTutorial3 code",
            "messageBody": "",
            "insertions": 224,
            "deletions": 112
          }
        ]
      },
      {
        "insertions": 280,
        "deletions": 223,
        "date": "2020-02-06",
        "commitResults": [
          {
            "hash": "2f7b3f43da1a01d09b261dee4f61297345d6e695",
            "messageTitle": "Add javaFxTutorial4 code",
            "messageBody": "",
            "insertions": 280,
            "deletions": 223
          }
        ]
      },
      {
        "insertions": 51,
        "deletions": 23,
        "date": "2020-02-10",
        "commitResults": [
          {
            "hash": "5458904af90cd3243cb87e1c60590f2d6348bddd",
            "messageTitle": "Add assertions",
            "messageBody": "Added assertions for incorrect time input, case where task name is blank, case where path to file does not exist.",
            "tags": [
              "A-Assertions"
            ],
            "insertions": 51,
            "deletions": 23
          }
        ]
      },
      {
        "insertions": 1,
        "deletions": 1,
        "date": "2020-02-13",
        "commitResults": [
          {
            "hash": "7a7f3ab93c139b25bdb202c49e12da3458d6a09b",
            "messageTitle": "Update code quality",
            "messageBody": "",
            "insertions": 1,
            "deletions": 1
          }
        ]
      },
      {
        "insertions": 156,
        "deletions": 127,
        "date": "2020-02-14",
        "commitResults": [
          {
            "hash": "23fbb27c1013613cd726576ea411312a1201d36e",
            "messageTitle": "Add C-DetectDuplicates Functionality",
            "messageBody": "",
            "tags": [
              "C-DetectDuplicates"
            ],
            "insertions": 75,
            "deletions": 26
          },
          {
            "hash": "b261d54c779820a9ab8d8b62295877c1e9a07b1e",
            "messageTitle": "Update code quality",
            "messageBody": "",
            "insertions": 1,
            "deletions": 1
          },
          {
            "hash": "ffde196578373d0254e29add67a7dbc00254182b",
            "messageTitle": "Fix Javadoc mistakes",
            "messageBody": "",
            "insertions": 80,
            "deletions": 100
          }
        ]
      },
      {
        "insertions": 341,
        "deletions": 229,
        "date": "2020-02-15",
        "commitResults": [
          {
            "hash": "9391b402dd147351873d7663d350009c0f6d7063",
            "messageTitle": "Fix check style errors",
            "messageBody": "Check style errors caused travis build to fail.",
            "insertions": 33,
            "deletions": 11
          },
          {
            "hash": "a3db86b6120b2eb0791b59fd2649e82684932358",
            "messageTitle": "Fix bugs",
            "messageBody": "Fixed text getting cut off in GUI and other bugs.",
            "insertions": 38,
            "deletions": 40
          },
          {
            "hash": "7fc472c542f743b7d8c12aef465e32a45a5087a2",
            "messageTitle": "Add screenshot",
            "messageBody": "",
            "insertions": 38,
            "deletions": 43
          },
          {
            "hash": "2333d1ebc9e6630d180394701a7af4ede3722dce",
            "messageTitle": "Update README.md",
            "messageBody": "",
            "insertions": 105,
            "deletions": 3
          },
          {
            "hash": "3bcd735d71e57f74ba193c2b97a79b3bc21d1d12",
            "messageTitle": "Update README.md",
            "messageBody": "",
            "insertions": 47,
            "deletions": 45
          },
          {
            "hash": "dad674ac1d1565a2d6e5a17833c3dde2c6a706e3",
            "messageTitle": "Update README.md",
            "messageBody": "",
            "insertions": 23,
            "deletions": 49
          },
          {
            "hash": "cf7a928969c713eaf407c511dfba62554265cbd8",
            "messageTitle": "Add images for user guide",
            "messageBody": "",
            "insertions": 9,
            "deletions": 11
          },
          {
            "hash": "d92f275f382dcad9b8d00e77f2f79ab1eade698e",
            "messageTitle": "Update README.md",
            "messageBody": "",
            "insertions": 48,
            "deletions": 27
          }
        ]
      },
      {
        "insertions": 221,
        "deletions": 123,
        "date": "2020-02-16",
        "commitResults": [
          {
            "hash": "61390dae099e526a7ebe768348feb24a4ad9b74e",
            "messageTitle": "Relocate image files",
            "messageBody": "Update Ui.png\n\n\nUpdate README.md\nUpdate README.md\nUpdate README.md",
            "insertions": 85,
            "deletions": 21
          },
          {
            "hash": "67de221f7f7d810e586276ff3f102c6c4f58ff11",
            "messageTitle": "Update Storage.java",
            "messageBody": "Updated Storage.java such that it creates a new file outside of the .jar executable.\nFix bugs\n\n",
            "insertions": 21,
            "deletions": 8
          },
          {
            "hash": "927a4a0b693735199ec5a9803cb6b9389726d9a3",
            "messageTitle": "Update README.md Update README.md Update README.md Update README.md Update README.md Update README.md",
            "messageBody": "",
            "insertions": 55,
            "deletions": 48
          },
          {
            "hash": "ccd14f464d01f03bc7403e599a3970f4ba85ecb7",
            "messageTitle": "Fix bugs",
            "messageBody": "",
            "insertions": 35,
            "deletions": 30
          },
          {
            "hash": "f2019b8d538c988f31b1d568b10cd36635a2b9fb",
            "messageTitle": "Update README.md Set theme jekyll-theme-minimal Add files via upload Update _config.yml Update _config.yml Update README.md Create style.css Update style.css Update style.css Update style.css Update and rename style.css to style.scss Update style.scss Update style.scss",
            "messageBody": "",
            "tags": [
              "A-UserGuide",
              "A-Release"
            ],
            "insertions": 25,
            "deletions": 16
          }
        ]
      },
      {
        "insertions": 13,
        "deletions": 45,
        "date": "2020-02-21",
        "commitResults": [
          {
            "hash": "c667002fd3f7c737d0cec611c80f0c2f02d67169",
            "messageTitle": "Update README.md Update README.md Update README.md Update README.md",
            "messageBody": "",
            "insertions": 13,
            "deletions": 45
          }
        ]
      }
    ]
  },
  "authorFinalContributionMap": {
    "raniceyue": 2027
  },
  "authorFileTypeContributionMap": {
    "raniceyue": {
      "java": 1585,
      "md": 190,
      "fxml": 105,
      "sh": 0,
      "bat": 21,
      "gradle": 43,
      "txt": 83
    }
  },
  "authorContributionVariance": {
    "raniceyue": 58416.293
  },
  "authorDisplayNameMap": {
    "raniceyue": "CS2103T-F09- 4 RANI..XUAN"
  }
}
