{
  "authorDailyContributionsMap": {
    "aliciatxl": [
      {
        "insertions": 133,
        "deletions": 25,
        "date": "2020-01-19",
        "commitResults": [
          {
            "hash": "eb09d118263271062cc29b18bdf253c477fefe93",
            "messageTitle": "Implemented Greet, Echo, Exit in level 1",
            "messageBody": "",
            "tags": [
              "Level-1"
            ],
            "insertions": 37,
            "deletions": 0
          },
          {
            "hash": "68cfb48c2ce6bb714d74a783492dfa4b15eb4bd6",
            "messageTitle": "Implemented Add, List in level 2,  which is to store user input and display them back to user when requested.",
            "messageBody": "",
            "tags": [
              "Level-2"
            ],
            "insertions": 37,
            "deletions": 14
          },
          {
            "hash": "a7850e736ecb9c740027ea093dde0c120af1e2d9",
            "messageTitle": "Implemented Mark as Done in level 3,  which is to add the ability to mark tasks as done. Added Task class to represent tasks.",
            "messageBody": "",
            "tags": [
              "Level-3"
            ],
            "insertions": 59,
            "deletions": 11
          }
        ]
      },
      {
        "insertions": 323,
        "deletions": 77,
        "date": "2020-01-20",
        "commitResults": [
          {
            "hash": "e3414a5bb9e25d5982e4558cf40985db6d5a1f41",
            "messageTitle": "Implemented ToDos, Events, Deadlines in level 4,  which is to add support for 3 types of tasks",
            "messageBody": "",
            "tags": [
              "Level-4"
            ],
            "insertions": 78,
            "deletions": 0
          },
          {
            "hash": "70fb651053da1016944f611ba553054b7c2bda78",
            "messageTitle": "Implemented Automated Text UI Testing,  which is to use the input/output redirection technique to semi-automate the testing of Duke.",
            "messageBody": "",
            "tags": [
              "A-TextUiTesting"
            ],
            "insertions": 90,
            "deletions": 4
          },
          {
            "hash": "af829a9810f9392966ba9b6bae72fca78f02025c",
            "messageTitle": "Implemented Error Handling,  which is to teach Duke to deal with errors such as incorrect inputs entered by the user.",
            "messageBody": "",
            "tags": [
              "Level-5"
            ],
            "insertions": 116,
            "deletions": 70
          },
          {
            "hash": "26e1ad4277dcabd390366ee90af9ffcad6157603",
            "messageTitle": "Implemented Delete Tasks in Level 6,  which is add support for deleting tasks from the list.",
            "messageBody": "",
            "tags": [
              "Level-6"
            ],
            "insertions": 39,
            "deletions": 3
          }
        ]
      },
      {
        "insertions": 1098,
        "deletions": 512,
        "date": "2020-01-25",
        "commitResults": [
          {
            "hash": "31b917a315bfa366b826fbab2730b82f92c6b4f5",
            "messageTitle": "Implemented Save in Level,  which is to save the tasks in the hard disk automatically whenever the task list changes.",
            "messageBody": "",
            "tags": [
              "Level-7"
            ],
            "insertions": 110,
            "deletions": 5
          },
          {
            "hash": "aa002414b9ee238944f206e44882c53c876dfbe4",
            "messageTitle": "Implemented Dates and Times in Level 8, which is to store deadline dates in task objects and add list task at specific date command",
            "messageBody": "",
            "insertions": 145,
            "deletions": 52
          },
          {
            "hash": "0be11b6125239130b06fd5c13b3a0ea28ed9c3ca",
            "messageTitle": "Merge branch level 7 and level 8 to master, add comments and fix merge conflicts",
            "messageBody": "",
            "insertions": 266,
            "deletions": 30
          },
          {
            "hash": "ea3d6710351054f6ab51e2be17dd4fc13277993f",
            "messageTitle": "Implement Use More OOP in A-MoreOOP, which is to refactor the code to extract out closely related code as classes.",
            "messageBody": "",
            "tags": [
              "A-MoreOOP"
            ],
            "insertions": 577,
            "deletions": 425
          }
        ]
      },
      {
        "insertions": 218,
        "deletions": 32,
        "date": "2020-01-26",
        "commitResults": [
          {
            "hash": "536bb13be8cdc81e0dd4aa80a38fd3d6fbcc399e",
            "messageTitle": "Implement Organize into Packages in A-Packages, which is to divide classes into packages.",
            "messageBody": "",
            "tags": [
              "A-Packages"
            ],
            "insertions": 129,
            "deletions": 32
          },
          {
            "hash": "a2fc8b94030d3315e2625dfc441dd964c2ad57ea",
            "messageTitle": "Implement Add JUnit tests in A-JUnit, which is to add JUnit tests to test the behavior of the code.",
            "messageBody": "",
            "tags": [
              "A-JUnit"
            ],
            "insertions": 89,
            "deletions": 0
          }
        ]
      },
      {
        "insertions": 209,
        "deletions": 46,
        "date": "2020-01-27",
        "commitResults": [
          {
            "hash": "235c909162900d62b8cfb157ada10d61f316ba2b",
            "messageTitle": "Implement Add JavaDoc comments in A-JavaDoc, which is to add JavaDoc comments to the code.",
            "messageBody": "",
            "tags": [
              "A-JavaDoc"
            ],
            "insertions": 129,
            "deletions": 10
          },
          {
            "hash": "f510cda9fbc197376fa03954df2f61f4edf55b61",
            "messageTitle": "Add javadoc comments to showGoodBye",
            "messageBody": "",
            "insertions": 3,
            "deletions": 0
          },
          {
            "hash": "60e3afa98bd4166501367245a04e16d1733905b4",
            "messageTitle": "Follow coding standard in A-CodingStandard, where the code was tweaked to comply with a chosen coding standard",
            "messageBody": "",
            "insertions": 35,
            "deletions": 35
          },
          {
            "hash": "0cec47887a669fbb33b58fac5f95ca75ce8db6e9",
            "messageTitle": "Implement Find in Level-9, which is to give users a way to find a task by searching for a keyword.",
            "messageBody": "",
            "insertions": 42,
            "deletions": 1
          }
        ]
      },
      {
        "insertions": 8,
        "deletions": 0,
        "date": "2020-01-30",
        "commitResults": [
          {
            "hash": "3d2006ef471e5ae5cbde59497d24f30c6b2b2a06",
            "messageTitle": "Package the app as a JAR file in A-JAR",
            "messageBody": "",
            "tags": [
              "A-Jar"
            ],
            "insertions": 8,
            "deletions": 0
          }
        ]
      },
      {
        "insertions": 228,
        "deletions": 129,
        "date": "2020-01-31",
        "commitResults": [
          {
            "hash": "f120568c2e3aae2733e86d99cc32919c9ec3bddc",
            "messageTitle": "Use checkStyle to detect coding style violations.",
            "messageBody": "",
            "tags": [
              "A-CheckStyle"
            ],
            "insertions": 228,
            "deletions": 129
          }
        ]
      },
      {
        "insertions": 76,
        "deletions": 29,
        "date": "2020-02-01",
        "commitResults": [
          {
            "hash": "0eb43390fca0deb7bea33a4b6f2a1f58622bf151",
            "messageTitle": "Add a GUI to Duke.",
            "messageBody": "",
            "tags": [
              "Level-10",
              "A-JavaFx"
            ],
            "insertions": 49,
            "deletions": 2
          },
          {
            "hash": "04d722047c852c6791c5fcfb121b991761a3acb6",
            "messageTitle": "Fix merge conflicts",
            "messageBody": "",
            "insertions": 27,
            "deletions": 27
          }
        ]
      },
      {
        "insertions": 329,
        "deletions": 52,
        "date": "2020-02-06",
        "commitResults": [
          {
            "hash": "3e50913730ad68ed701fceb26810da484cd3f25e",
            "messageTitle": "Implement Javafx tutorials, add layout for GUI",
            "messageBody": "",
            "insertions": 282,
            "deletions": 6
          },
          {
            "hash": "25c69eee6730405b14af82cb17d109112d4f3b57",
            "messageTitle": "Format javadocs to remove extra white spaces",
            "messageBody": "",
            "insertions": 47,
            "deletions": 46
          }
        ]
      },
      {
        "insertions": 110,
        "deletions": 81,
        "date": "2020-02-07",
        "commitResults": [
          {
            "hash": "eb71b3ba44290cd9b6781e173e7d0ddbfcbcd5a4",
            "messageTitle": "Modify GUI styling to center vertical alignment and add imageview multiply effect.",
            "messageBody": "",
            "insertions": 80,
            "deletions": 60
          },
          {
            "hash": "3daf161b2a1c71f89432126b83c6478a9a676658",
            "messageTitle": "Generate new jar file.",
            "messageBody": "",
            "insertions": 1,
            "deletions": 1
          },
          {
            "hash": "a7721b0eb1ec160f0b356934c1faea5a5e229b15",
            "messageTitle": "Add assertions in Command classes",
            "messageBody": "",
            "insertions": 5,
            "deletions": 0
          },
          {
            "hash": "f8dedbf292ac214f57c214f7464f4433effcdf30",
            "messageTitle": "Refactor code to improve code quality, modify java docs",
            "messageBody": "",
            "insertions": 24,
            "deletions": 20
          }
        ]
      }
    ]
  },
  "authorFinalContributionMap": {
    "aliciatxl": 1592
  },
  "authorFileTypeContributionMap": {
    "aliciatxl": {
      "java": 1430,
      "md": 0,
      "fxml": 36,
      "sh": 34,
      "bat": 0,
      "gradle": 35,
      "txt": 57
    }
  },
  "authorContributionVariance": {
    "aliciatxl": 103613.555
  },
  "authorDisplayNameMap": {
    "aliciatxl": "CS2103-T09- 2 TAN .. YEE"
  }
}
