{
  "authorDailyContributionsMap": {
    "DANamic": [
      {
        "insertions": 765,
        "deletions": 272,
        "date": "2020-01-26",
        "commitResults": [
          {
            "hash": "9f98502ec235e027b1e68cda23b9f43bc7b47e4d",
            "messageTitle": "Level 1. Greet, Echo, Exit",
            "messageBody": "",
            "tags": [
              "Level-1"
            ],
            "insertions": 25,
            "deletions": 6
          },
          {
            "hash": "2a536baa8f0e7afeee2a3aa3f0b965534cab7a87",
            "messageTitle": "Level 2. Add, List",
            "messageBody": "",
            "tags": [
              "Level-2"
            ],
            "insertions": 22,
            "deletions": 2
          },
          {
            "hash": "3a88c0da978959bedf9c4e38699afcf9a1663f0d",
            "messageTitle": "Level 3. Mark as Done",
            "messageBody": "",
            "tags": [
              "Level-3",
              "A-Classes"
            ],
            "insertions": 61,
            "deletions": 14
          },
          {
            "hash": "5b645c90c6a21b7828eb820707a74d798f9c455f",
            "messageTitle": "Level 4. ToDos, Events, Deadlines",
            "messageBody": "",
            "tags": [
              "Level-4",
              "A-Inheritance"
            ],
            "insertions": 80,
            "deletions": 9
          },
          {
            "hash": "d7263b0f39e6b148a7052341efa058cf0347702b",
            "messageTitle": "A-TextUiTesting: Automated Text UI Testing",
            "messageBody": "",
            "tags": [
              "A-TextUiTesting"
            ],
            "insertions": 92,
            "deletions": 0
          },
          {
            "hash": "bdb8df9271c599ac73462635ff9890801e8894d9",
            "messageTitle": "Level 5. Handle Errors",
            "messageBody": "",
            "tags": [
              "Level-5",
              "A-Exceptions"
            ],
            "insertions": 94,
            "deletions": 26
          },
          {
            "hash": "19a4903f58bf5efad8982a61cc9763171d33477d",
            "messageTitle": "Level 6. Delete",
            "messageBody": "",
            "tags": [
              "A-Collections"
            ],
            "insertions": 17,
            "deletions": 0
          },
          {
            "hash": "77b0130876ab386cc36201ff5072e482eae594c3",
            "messageTitle": "A-Enums: Use Enums",
            "messageBody": "",
            "tags": [
              "A-Enums"
            ],
            "insertions": 21,
            "deletions": 9
          },
          {
            "hash": "eede1c14da2bebdeb1564108f987b996e7bc425a",
            "messageTitle": "Overhaul for better OOP, added some additional error testing, and exception-handling made proper",
            "messageBody": "",
            "tags": [
              "Level-6"
            ],
            "insertions": 288,
            "deletions": 203
          },
          {
            "hash": "34b7e617912d7fba4582787e6207b9037538846a",
            "messageTitle": "Level 7. Save",
            "messageBody": "",
            "tags": [
              "Level-7"
            ],
            "insertions": 65,
            "deletions": 3
          }
        ]
      },
      {
        "insertions": 90,
        "deletions": 10,
        "date": "2020-01-27",
        "commitResults": [
          {
            "hash": "a6ec487cf5ce4c9ed8483099e5c1ab3a6e1954c7",
            "messageTitle": "Level 8. Dates and Times",
            "messageBody": "",
            "insertions": 34,
            "deletions": 2
          },
          {
            "hash": "3fdce0a9cca459240d5293af7149671f6ce85119",
            "messageTitle": "Added the stretch goal of using dates and times in more meaningful ways, by implementing a CALENDAR command",
            "messageBody": "",
            "insertions": 47,
            "deletions": 3
          },
          {
            "hash": "f940bf212df03338ef30dfbfdccd4199890ec3a2",
            "messageTitle": "Fixed a bug where CALENDAR command may not display any deadlines, even if they exist, if taskList contains non-LocalDateTime byDeadlines.",
            "messageBody": "",
            "tags": [
              "Level-8"
            ],
            "insertions": 9,
            "deletions": 5
          }
        ]
      },
      {
        "insertions": 472,
        "deletions": 283,
        "date": "2020-01-29",
        "commitResults": [
          {
            "hash": "3d6c9493349630e6611601b206603c726aa724d8",
            "messageTitle": "A-MoreOOP",
            "messageBody": "",
            "tags": [
              "A-MoreOOP"
            ],
            "insertions": 306,
            "deletions": 244
          },
          {
            "hash": "33e33bf5810a08088935b3077fb49eb126019808",
            "messageTitle": "A-Packages: Organize into Packages",
            "messageBody": "",
            "tags": [
              "A-Packages"
            ],
            "insertions": 105,
            "deletions": 35
          },
          {
            "hash": "282b1f37a3db54830bf1e26e1536fb7aae4c6614",
            "messageTitle": "A-JUnit: Add JUnit Tests",
            "messageBody": "",
            "tags": [
              "v0.1.0",
              "A-Jar",
              "A-JUnit",
              "A-Gradle"
            ],
            "insertions": 61,
            "deletions": 4
          }
        ]
      },
      {
        "insertions": 483,
        "deletions": 307,
        "date": "2020-01-31",
        "commitResults": [
          {
            "hash": "ba199fc4eacea22dc27fe679764dd673d3027e38",
            "messageTitle": "More OOP and some proper code cleanup",
            "messageBody": "",
            "insertions": 159,
            "deletions": 105
          },
          {
            "hash": "4733ec1712f5aab1d1b654a4c5731b3741532fff",
            "messageTitle": "A-JavaDoc: Add JavaDoc comments",
            "messageBody": "",
            "insertions": 121,
            "deletions": 40
          },
          {
            "hash": "9c88cc504e9afc757aa5d292ae1d690f05fa94d0",
            "messageTitle": "Revert \"A-JavaDoc: Add JavaDoc comments\"",
            "messageBody": "This reverts commit 4733ec1712f5aab1d1b654a4c5731b3741532fff.\n",
            "insertions": 40,
            "deletions": 121
          },
          {
            "hash": "a732afaa1d3d0b09726cc273e75be0192b0b3b90",
            "messageTitle": "Level 9. Find",
            "messageBody": "",
            "insertions": 36,
            "deletions": 1
          },
          {
            "hash": "7355700a0c33e7df75a8ef75aa9153c6e4d71481",
            "messageTitle": "Changes to checkstyle format",
            "messageBody": "",
            "insertions": 121,
            "deletions": 40
          },
          {
            "hash": "08deb8a38f7dbf955d351ec23948d5bcc395f876",
            "messageTitle": "Added JavaDoc for findCommand",
            "messageBody": "",
            "tags": [
              "A-CheckStyle"
            ],
            "insertions": 6,
            "deletions": 0
          }
        ]
      },
      {
        "insertions": 402,
        "deletions": 87,
        "date": "2020-02-01",
        "commitResults": [
          {
            "hash": "6110fc39a2430279de066abddc67c210aadbb14d",
            "messageTitle": "JavaFX Tutorial Part 1 – Introduction",
            "messageBody": "",
            "insertions": 45,
            "deletions": 7
          },
          {
            "hash": "d014e835fbd83e0792745f05413563d885617db1",
            "messageTitle": "JavaFX Tutorial Part 2 - Creating a GUI for Duke",
            "messageBody": "",
            "insertions": 59,
            "deletions": 5
          },
          {
            "hash": "618f39203451280bd07fd3fcbe4322d3e269ac2f",
            "messageTitle": "JavaFX Tutorial 3 – Interacting with the user",
            "messageBody": "",
            "insertions": 87,
            "deletions": 1
          },
          {
            "hash": "c1d854313f91ce155ce6998f0de06ce6bf33a536",
            "messageTitle": "JavaFX Tutorial 4 – FXML",
            "messageBody": "",
            "insertions": 211,
            "deletions": 74
          }
        ]
      },
      {
        "insertions": 139,
        "deletions": 129,
        "date": "2020-02-02",
        "commitResults": [
          {
            "hash": "e53bcd32bc13028e1e5c0dc70843bffb16770f28",
            "messageTitle": "Tied Duke\u0027s actual functions to the GUI; GUI is now fully functional (may clean up and format some other time)",
            "messageBody": "",
            "insertions": 123,
            "deletions": 116
          },
          {
            "hash": "9d0a006d0d012b83f34b30fb8ddcf9a3d97e598c",
            "messageTitle": "Updated Duke version from v0.1.0 to v0.2.0",
            "messageBody": "",
            "insertions": 3,
            "deletions": 4
          },
          {
            "hash": "b37dcf18b0034b07a4733bda295f83c25645e69d",
            "messageTitle": "A-Varargs: Use Varargs - Implemented proper varargs for the findCommand feature",
            "messageBody": "",
            "tags": [
              "A-Varargs"
            ],
            "insertions": 8,
            "deletions": 6
          },
          {
            "hash": "99a78130daf6d9559a9b3329b0a987224260daad",
            "messageTitle": "Implemented some small changes, thanks to Code Review from @CheyanneSim",
            "messageBody": "",
            "insertions": 5,
            "deletions": 3
          }
        ]
      },
      {
        "insertions": 291,
        "deletions": 229,
        "date": "2020-02-03",
        "commitResults": [
          {
            "hash": "57bdd1b7e21345667e8e1ac599d578a8fe23c026",
            "messageTitle": "Changed Command.java class into an interface and abstracted all the various commands into their own for more OOP, as per suggested by @CheyanneSim",
            "messageBody": "",
            "tags": [
              "v0.2.0"
            ],
            "insertions": 291,
            "deletions": 229
          }
        ]
      },
      {
        "insertions": 1,
        "deletions": 35,
        "date": "2020-02-05",
        "commitResults": [
          {
            "hash": "e10a7b154c40a23738b255c3a17560a73a4831e3",
            "messageTitle": "Redundant code cleanup from Duke.java class via suggestion from @ziyingli",
            "messageBody": "",
            "insertions": 1,
            "deletions": 35
          }
        ]
      },
      {
        "insertions": 21,
        "deletions": 5,
        "date": "2020-02-10",
        "commitResults": [
          {
            "hash": "12386e9e2ca6bcc0d2c11c1377f7b8dcb2c5383e",
            "messageTitle": "Implemented small code changes pointed out by @emer7",
            "messageBody": "",
            "tags": [
              "A-CodeQuality"
            ],
            "insertions": 11,
            "deletions": 5
          },
          {
            "hash": "c0d2eb96f375fb19145e8fd4dcbe17ed1f7d08d2",
            "messageTitle": "A-Assertions: Use Assertions",
            "messageBody": "",
            "tags": [
              "A-Assertions"
            ],
            "insertions": 7,
            "deletions": 0
          },
          {
            "hash": "95117b693a2c8b27f67b3f16c5386477a7c9d21a",
            "messageTitle": "A-Lambdas: Use Lambdas (commenting out where lambdas have already been naturally implemented)",
            "messageBody": "",
            "tags": [
              "A-Lambdas"
            ],
            "insertions": 3,
            "deletions": 0
          }
        ]
      }
    ]
  },
  "authorFinalContributionMap": {
    "DANamic": 1318
  },
  "authorFileTypeContributionMap": {
    "DANamic": {
      "java": 1051,
      "md": 0,
      "fxml": 44,
      "sh": 34,
      "bat": 0,
      "gradle": 38,
      "txt": 151
    }
  },
  "authorContributionVariance": {
    "DANamic": 79492.37
  },
  "authorDisplayNameMap": {
    "DANamic": "CS2103T-W13- 4 MUHA..MRAN"
  }
}
